Source,Location ID,City,State,Country,Latitude,Longitude,Time Zone,Elevation,Local Time Zone,Clearsky DHI Units,Clearsky DNI Units,Clearsky GHI Units,Dew Point Units,DHI Units,DNI Units,GHI Units,Solar Zenith Angle Units,Temperature Units,Pressure Units,Relative Humidity Units,Precipitable Water Units,Wind Direction Units,Wind Speed Units,Cloud Type -15,Cloud Type 0,Cloud Type 1,Cloud Type 2,Cloud Type 3,Cloud Type 4,Cloud Type 5,Cloud Type 6,Cloud Type 7,Cloud Type 8,Cloud Type 9,Cloud Type 10,Cloud Type 11,Cloud Type 12,Fill Flag 0,Fill Flag 1,Fill Flag 2,Fill Flag 3,Fill Flag 4,Fill Flag 5,Surface Albedo Units,Version
NSRDB,1291390,-,-,-,41.89,-72.54,-5,69,-5,w/m2,w/m2,w/m2,c,w/m2,w/m2,w/m2,Degree,c,mbar,%,cm,Degrees,m/s,N/A,Clear,Probably Clear,Fog,Water,Super-Cooled Water,Mixed,Opaque Ice,Cirrus,Overlapping,Overshooting,Unknown,Dust,Smoke,N/A,Missing Image,Low Irradiance,Exceeds Clearsky,Missing CLoud Properties,Rayleigh Violation,N/A,4.0.1
Year,Month,Day,Hour,Minute,Temperature,DNI,DHI,GHI,Surface Albedo,Wind Direction,Wind Speed
2020,1,1,0,30,-1.2000000000000002,0,0,0,0.7000000000000001,265,0.2
2020,1,1,1,30,-1.9000000000000001,0,0,0,0.7000000000000001,263,0.2
2020,1,1,2,30,-2.6,0,0,0,0.7000000000000001,261,0.2
2020,1,1,3,30,-3.5,0,0,0,0.7000000000000001,256,0.2
2020,1,1,4,30,-4.4,0,0,0,0.7000000000000001,249,0.2
2020,1,1,5,30,-4.7,0,0,0,0.7000000000000001,246,0.2
2020,1,1,6,30,-4.7,0,0,0,0.7000000000000001,247,0.2
2020,1,1,7,30,-4,148,14,18,0.7000000000000001,249,0.2
2020,1,1,8,30,-2.1,274,77,124,0.7000000000000001,250,0.2
2020,1,1,9,30,-0.30000000000000004,1,102,102,0.7000000000000001,252,0.2
2020,1,1,10,30,0.7000000000000001,238,218,308,0.7000000000000001,260,0.2
2020,1,1,11,30,1,649,140,413,0.7000000000000001,266,0.2
2020,1,1,12,30,1.1,14,156,162,0.7000000000000001,269,0.30000000000000004
2020,1,1,13,30,1,28,175,185,0.7000000000000001,271,0.2
2020,1,1,14,30,0.8,165,109,154,0.7000000000000001,272,0.2
2020,1,1,15,30,0,375,49,103,0.7000000000000001,272,0.2
2020,1,1,16,30,-1,0,2,2,0.7000000000000001,273,0.2
2020,1,1,17,30,-1.7000000000000002,0,0,0,0.7000000000000001,274,0.2
2020,1,1,18,30,-2.3000000000000003,0,0,0,0.7000000000000001,275,0.2
2020,1,1,19,30,-3.2,0,0,0,0.75,272,0.2
2020,1,1,20,30,-4.2,0,0,0,0.75,267,0.2
2020,1,1,21,30,-5,0,0,0,0.75,264,0.2
2020,1,1,22,30,-5.6000000000000005,0,0,0,0.75,260,0.2
2020,1,1,23,30,-6.5,0,0,0,0.75,256,0.2
2020,1,2,0,30,-7.4,0,0,0,0.75,255,0.2
2020,1,2,1,30,-7.9,0,0,0,0.75,253,0.2
2020,1,2,2,30,-7.800000000000001,0,0,0,0.75,250,0.30000000000000004
2020,1,2,3,30,-7.300000000000001,0,0,0,0.75,245,0.30000000000000004
2020,1,2,4,30,-6.5,0,0,0,0.75,239,0.2
2020,1,2,5,30,-5.9,0,0,0,0.75,235,0.2
2020,1,2,6,30,-5.7,0,0,0,0.75,232,0.2
2020,1,2,7,30,-4.800000000000001,0,10,10,0.75,227,0.2
2020,1,2,8,30,-2.3000000000000003,28,86,91,0.75,221,0.2
2020,1,2,9,30,0.2,231,174,242,0.75,218,0.2
2020,1,2,10,30,1.6,136,254,306,0.75,221,0.2
2020,1,2,11,30,2.3000000000000003,241,263,365,0.75,222,0.2
2020,1,2,12,30,2.8000000000000003,833,84,432,0.75,220,0.2
2020,1,2,13,30,3,845,64,375,0.75,216,0.2
2020,1,2,14,30,2.6,586,87,248,0.75,212,0.2
2020,1,2,15,30,2,9,73,74,0.75,209,0.2
2020,1,2,16,30,1.5,0,3,3,0.75,203,0.2
2020,1,2,17,30,1.4000000000000001,0,0,0,0.75,200,0.2
2020,1,2,18,30,1.4000000000000001,0,0,0,0.75,201,0.2
2020,1,2,19,30,1.4000000000000001,0,0,0,0.11,204,0.2
2020,1,2,20,30,1.5,0,0,0,0.11,210,0.2
2020,1,2,21,30,1.4000000000000001,0,0,0,0.11,217,0.2
2020,1,2,22,30,1.3,0,0,0,0.11,224,0.2
2020,1,2,23,30,1.3,0,0,0,0.11,228,0.2
2020,1,3,0,30,1.2000000000000002,0,0,0,0.11,229,0.1
2020,1,3,1,30,1.2000000000000002,0,0,0,0.11,229,0.1
2020,1,3,2,30,1.5,0,0,0,0.11,236,0.1
2020,1,3,3,30,1.6,0,0,0,0.11,242,0.1
2020,1,3,4,30,1.2000000000000002,0,0,0,0.11,237,0.1
2020,1,3,5,30,0.9,0,0,0,0.11,231,0.1
2020,1,3,6,30,1.1,0,0,0,0.11,232,0.1
2020,1,3,7,30,1.8,0,2,2,0.11,228,0.1
2020,1,3,8,30,2.7,166,41,70,0.11,223,0.2
2020,1,3,9,30,3.9000000000000004,38,132,143,0.11,220,0.30000000000000004
2020,1,3,10,30,5.300000000000001,74,191,219,0.11,222,0.4
2020,1,3,11,30,6.1000000000000005,60,178,203,0.11,232,0.4
2020,1,3,12,30,6.2,103,177,220,0.11,233,0.4
2020,1,3,13,30,6,56,151,172,0.11,231,0.4
2020,1,3,14,30,5,22,75,81,0.11,241,0.4
2020,1,3,15,30,3.7,0,14,14,0.11,249,0.5
2020,1,3,16,30,2.8000000000000003,0,1,1,0.11,255,0.4
2020,1,3,17,30,2.6,0,0,0,0.11,267,0.2
2020,1,3,18,30,2.6,0,0,0,0.11,277,0.1
2020,1,3,19,30,2.5,0,0,0,0.11,277,0.1
2020,1,3,20,30,2.5,0,0,0,0.11,277,0.1
2020,1,3,21,30,2.6,0,0,0,0.11,283,0.2
2020,1,3,22,30,2.8000000000000003,0,0,0,0.11,297,0.4
2020,1,3,23,30,2.9000000000000004,0,0,0,0.11,316,0.5
2020,1,4,0,30,2.6,0,0,0,0.11,332,0.5
2020,1,4,1,30,2.7,0,0,0,0.11,336,0.5
2020,1,4,2,30,3.1,0,0,0,0.11,344,0.8
2020,1,4,3,30,3.4000000000000004,0,0,0,0.11,185,0.8
2020,1,4,4,30,3.4000000000000004,0,0,0,0.11,32,0.7000000000000001
2020,1,4,5,30,2.9000000000000004,0,0,0,0.11,50,0.5
2020,1,4,6,30,2.5,0,0,0,0.11,64,0.30000000000000004
2020,1,4,7,30,2.9000000000000004,0,2,2,0.11,83,0.1
2020,1,4,8,30,3.6,0,18,18,0.11,101,0.1
2020,1,4,9,30,3.8000000000000003,13,99,103,0.11,119,0.2
2020,1,4,10,30,4,9,120,123,0.11,135,0.2
2020,1,4,11,30,4.2,27,166,177,0.11,147,0.2
2020,1,4,12,30,4.3,8,60,63,0.11,156,0.2
2020,1,4,13,30,4.3,2,94,95,0.11,159,0.30000000000000004
2020,1,4,14,30,4.4,5,53,54,0.11,144,0.30000000000000004
2020,1,4,15,30,4.2,0,19,19,0.11,82,0.30000000000000004
2020,1,4,16,30,3.4000000000000004,0,1,1,0.11,20,0.30000000000000004
2020,1,4,17,30,2.8000000000000003,0,0,0,0.11,172,0.2
2020,1,4,18,30,2.6,0,0,0,0.11,336,0.2
2020,1,4,19,30,2.4000000000000004,0,0,0,0.11,334,0.2
2020,1,4,20,30,2,0,0,0,0.11,330,0.2
2020,1,4,21,30,1.6,0,0,0,0.11,323,0.2
2020,1,4,22,30,1.2000000000000002,0,0,0,0.11,323,0.30000000000000004
2020,1,4,23,30,0.9,0,0,0,0.11,323,0.30000000000000004
2020,1,5,0,30,0.7000000000000001,0,0,0,0.11,320,0.30000000000000004
2020,1,5,1,30,0.5,0,0,0,0.11,318,0.30000000000000004
2020,1,5,2,30,0.1,0,0,0,0.11,318,0.4
2020,1,5,3,30,-0.30000000000000004,0,0,0,0.11,316,0.4
2020,1,5,4,30,-0.9,0,0,0,0.11,314,0.30000000000000004
2020,1,5,5,30,-1.5,0,0,0,0.11,312,0.30000000000000004
2020,1,5,6,30,-2,0,0,0,0.11,310,0.30000000000000004
2020,1,5,7,30,-1.7000000000000002,0,7,7,0.11,308,0.30000000000000004
2020,1,5,8,30,-0.7000000000000001,1,64,64,0.11,310,0.4
2020,1,5,9,30,0.2,14,120,124,0.11,314,0.5
2020,1,5,10,30,0.7000000000000001,5,121,123,0.11,314,0.5
2020,1,5,11,30,1,127,250,304,0.11,313,0.5
2020,1,5,12,30,1.1,174,200,274,0.11,312,0.5
2020,1,5,13,30,0.9,559,122,331,0.11,311,0.5
2020,1,5,14,30,0.2,648,70,252,0.11,311,0.4
2020,1,5,15,30,-0.8,646,33,132,0.11,310,0.4
2020,1,5,16,30,-1.7000000000000002,93,7,7,0.11,306,0.30000000000000004
2020,1,5,17,30,-2.4000000000000004,0,0,0,0.11,303,0.30000000000000004
2020,1,5,18,30,-3.1,0,0,0,0.11,302,0.30000000000000004
2020,1,5,19,30,-3.7,0,0,0,0.7000000000000001,301,0.30000000000000004
2020,1,5,20,30,-4.3,0,0,0,0.7000000000000001,297,0.30000000000000004
2020,1,5,21,30,-4.6000000000000005,0,0,0,0.7000000000000001,289,0.30000000000000004
2020,1,5,22,30,-4.3,0,0,0,0.7000000000000001,281,0.30000000000000004
2020,1,5,23,30,-3.5,0,0,0,0.7000000000000001,272,0.30000000000000004
2020,1,6,0,30,-2.8000000000000003,0,0,0,0.7000000000000001,259,0.30000000000000004
2020,1,6,1,30,-2.4000000000000004,0,0,0,0.7000000000000001,241,0.2
2020,1,6,2,30,-2.1,0,0,0,0.7000000000000001,221,0.2
2020,1,6,3,30,-2.1,0,0,0,0.7000000000000001,204,0.2
2020,1,6,4,30,-2.2,0,0,0,0.7000000000000001,191,0.2
2020,1,6,5,30,-2.3000000000000003,0,0,0,0.7000000000000001,180,0.30000000000000004
2020,1,6,6,30,-2.3000000000000003,0,0,0,0.7000000000000001,171,0.30000000000000004
2020,1,6,7,30,-1.6,0,5,5,0.7000000000000001,173,0.2
2020,1,6,8,30,-0.2,0,39,39,0.7000000000000001,189,0.2
2020,1,6,9,30,0.9,0,52,52,0.7000000000000001,207,0.2
2020,1,6,10,30,1.5,0,71,71,0.7000000000000001,221,0.30000000000000004
2020,1,6,11,30,2,0,88,88,0.7000000000000001,235,0.30000000000000004
2020,1,6,12,30,2.5,148,203,266,0.7000000000000001,246,0.2
2020,1,6,13,30,2.8000000000000003,744,98,378,0.7000000000000001,249,0.2
2020,1,6,14,30,2.3000000000000003,242,151,220,0.7000000000000001,249,0.2
2020,1,6,15,30,0.9,6,87,88,0.7000000000000001,253,0.2
2020,1,6,16,30,-0.1,0,4,4,0.7000000000000001,259,0.2
2020,1,6,17,30,-0.6000000000000001,0,0,0,0.7000000000000001,262,0.2
2020,1,6,18,30,-1.5,0,0,0,0.7000000000000001,259,0.2
2020,1,6,19,30,-2.1,0,0,0,0.67,254,0.2
2020,1,6,20,30,-2.2,0,0,0,0.67,250,0.2
2020,1,6,21,30,-1.9000000000000001,0,0,0,0.67,248,0.2
2020,1,6,22,30,-1.4000000000000001,0,0,0,0.67,250,0.30000000000000004
2020,1,6,23,30,-0.9,0,0,0,0.67,252,0.30000000000000004
2020,1,7,0,30,-0.7000000000000001,0,0,0,0.67,255,0.30000000000000004
2020,1,7,1,30,-0.6000000000000001,0,0,0,0.67,259,0.30000000000000004
2020,1,7,2,30,-0.8,0,0,0,0.67,264,0.30000000000000004
2020,1,7,3,30,-1.1,0,0,0,0.67,272,0.30000000000000004
2020,1,7,4,30,-1.6,0,0,0,0.67,279,0.30000000000000004
2020,1,7,5,30,-2.4000000000000004,0,0,0,0.67,284,0.2
2020,1,7,6,30,-2.9000000000000004,0,0,0,0.67,282,0.2
2020,1,7,7,30,-1.8,1,12,12,0.67,270,0.2
2020,1,7,8,30,0.5,17,95,98,0.67,261,0.2
2020,1,7,9,30,2.1,86,194,220,0.67,264,0.2
2020,1,7,10,30,2.8000000000000003,878,69,408,0.67,266,0.2
2020,1,7,11,30,3.3000000000000003,900,76,463,0.67,255,0.2
2020,1,7,12,30,3.5,518,202,423,0.67,240,0.1
2020,1,7,13,30,3.2,217,223,305,0.67,205,0.2
2020,1,7,14,30,2.4000000000000004,36,156,166,0.67,150,0.4
2020,1,7,15,30,0.9,3,65,65,0.67,115,0.6000000000000001
2020,1,7,16,30,-0.4,0,4,4,0.67,109,0.4
2020,1,7,17,30,-0.8,0,0,0,0.67,110,0.2
2020,1,7,18,30,-0.8,0,0,0,0.67,106,0.1
2020,1,7,19,30,-0.7000000000000001,0,0,0,0.12,94,0.1
2020,1,7,20,30,-0.7000000000000001,0,0,0,0.12,81,0.1
2020,1,7,21,30,-0.8,0,0,0,0.12,66,0.1
2020,1,7,22,30,-0.9,0,0,0,0.12,41,0.2
2020,1,7,23,30,-1,0,0,0,0.12,187,0.2
2020,1,8,0,30,-1.3,0,0,0,0.12,334,0.2
2020,1,8,1,30,-1.7000000000000002,0,0,0,0.12,308,0.2
2020,1,8,2,30,-2.1,0,0,0,0.12,293,0.2
2020,1,8,3,30,-2.1,0,0,0,0.12,278,0.2
2020,1,8,4,30,-2,0,0,0,0.12,260,0.2
2020,1,8,5,30,-2,0,0,0,0.12,242,0.30000000000000004
2020,1,8,6,30,-2.1,0,0,0,0.12,233,0.30000000000000004
2020,1,8,7,30,-1.5,1,10,10,0.12,235,0.30000000000000004
2020,1,8,8,30,-0.2,446,59,137,0.12,240,0.30000000000000004
2020,1,8,9,30,0.9,639,77,269,0.12,244,0.30000000000000004
2020,1,8,10,30,1.8,819,72,390,0.12,247,0.30000000000000004
2020,1,8,11,30,2.3000000000000003,830,80,439,0.12,251,0.30000000000000004
2020,1,8,12,30,2.2,108,217,263,0.12,258,0.30000000000000004
2020,1,8,13,30,1.6,0,45,45,0.12,272,0.4
2020,1,8,14,30,0.9,336,106,203,0.12,285,0.5
2020,1,8,15,30,-0.2,336,57,111,0.12,290,0.5
2020,1,8,16,30,-1.2000000000000002,16,5,5,0.12,290,0.6000000000000001
2020,1,8,17,30,-1.9000000000000001,0,0,0,0.12,290,0.6000000000000001
2020,1,8,18,30,-2.5,0,0,0,0.12,292,0.6000000000000001
2020,1,8,19,30,-3.1,0,0,0,0.12,293,0.6000000000000001
2020,1,8,20,30,-3.7,0,0,0,0.12,294,0.6000000000000001
2020,1,8,21,30,-4.2,0,0,0,0.12,295,0.5
2020,1,8,22,30,-4.800000000000001,0,0,0,0.12,297,0.5
2020,1,8,23,30,-5.4,0,0,0,0.12,300,0.6000000000000001
2020,1,9,0,30,-5.9,0,0,0,0.12,305,0.6000000000000001
2020,1,9,1,30,-6.4,0,0,0,0.12,308,0.6000000000000001
2020,1,9,2,30,-7.1000000000000005,0,0,0,0.12,311,0.5
2020,1,9,3,30,-7.9,0,0,0,0.12,311,0.5
2020,1,9,4,30,-8.6,0,0,0,0.12,311,0.4
2020,1,9,5,30,-9.4,0,0,0,0.12,310,0.4
2020,1,9,6,30,-10,0,0,0,0.12,310,0.4
2020,1,9,7,30,-9.5,238,15,21,0.12,311,0.4
2020,1,9,8,30,-8.200000000000001,714,36,162,0.12,312,0.30000000000000004
2020,1,9,9,30,-6.6000000000000005,856,48,306,0.12,315,0.30000000000000004
2020,1,9,10,30,-5,912,57,412,0.12,317,0.30000000000000004
2020,1,9,11,30,-3.6,927,59,462,0.12,318,0.30000000000000004
2020,1,9,12,30,-2.6,916,62,458,0.12,319,0.30000000000000004
2020,1,9,13,30,-2.1,880,58,396,0.12,322,0.2
2020,1,9,14,30,-2.4000000000000004,808,51,287,0.12,322,0.2
2020,1,9,15,30,-3.4000000000000004,634,39,143,0.12,320,0.4
2020,1,9,16,30,-3.9000000000000004,122,10,12,0.12,318,0.5
2020,1,9,17,30,-3.6,0,0,0,0.12,231,0.30000000000000004
2020,1,9,18,30,-3.9000000000000004,0,0,0,0.12,143,0.30000000000000004
2020,1,9,19,30,-4.5,0,0,0,0.12,147,0.2
2020,1,9,20,30,-4.7,0,0,0,0.12,157,0.2
2020,1,9,21,30,-4.6000000000000005,0,0,0,0.12,162,0.2
2020,1,9,22,30,-4.3,0,0,0,0.12,169,0.2
2020,1,9,23,30,-4.1000000000000005,0,0,0,0.12,174,0.2
2020,1,10,0,30,-3.8000000000000003,0,0,0,0.12,179,0.2
2020,1,10,1,30,-3.4000000000000004,0,0,0,0.12,184,0.30000000000000004
2020,1,10,2,30,-2.9000000000000004,0,0,0,0.12,188,0.30000000000000004
2020,1,10,3,30,-2.5,0,0,0,0.12,191,0.30000000000000004
2020,1,10,4,30,-2,0,0,0,0.12,193,0.30000000000000004
2020,1,10,5,30,-1.5,0,0,0,0.12,196,0.30000000000000004
2020,1,10,6,30,-1,0,0,0,0.12,201,0.30000000000000004
2020,1,10,7,30,-0.1,0,9,9,0.12,208,0.30000000000000004
2020,1,10,8,30,1.6,585,44,148,0.12,217,0.4
2020,1,10,9,30,3.4000000000000004,1,63,63,0.12,223,0.5
2020,1,10,10,30,4.4,0,76,76,0.12,223,0.5
2020,1,10,11,30,5,1,68,68,0.12,224,0.5
2020,1,10,12,30,5.300000000000001,0,84,84,0.12,223,0.5
2020,1,10,13,30,5.4,0,19,19,0.12,223,0.4
2020,1,10,14,30,5.1000000000000005,0,13,13,0.12,222,0.4
2020,1,10,15,30,4.6000000000000005,150,40,65,0.12,222,0.30000000000000004
2020,1,10,16,30,4.1000000000000005,7,3,3,0.12,220,0.30000000000000004
2020,1,10,17,30,3.8000000000000003,0,0,0,0.12,216,0.30000000000000004
2020,1,10,18,30,3.8000000000000003,0,0,0,0.12,214,0.30000000000000004
2020,1,10,19,30,4,0,0,0,0.12,214,0.30000000000000004
2020,1,10,20,30,4.1000000000000005,0,0,0,0.12,214,0.2
2020,1,10,21,30,4.2,0,0,0,0.12,212,0.2
2020,1,10,22,30,4.3,0,0,0,0.12,207,0.2
2020,1,10,23,30,4.4,0,0,0,0.12,205,0.2
2020,1,11,0,30,4.2,0,0,0,0.12,204,0.2
2020,1,11,1,30,4,0,0,0,0.12,202,0.2
2020,1,11,2,30,4.1000000000000005,0,0,0,0.12,199,0.30000000000000004
2020,1,11,3,30,4,0,0,0,0.12,198,0.30000000000000004
2020,1,11,4,30,4.3,0,0,0,0.12,198,0.30000000000000004
2020,1,11,5,30,4.800000000000001,0,0,0,0.12,196,0.30000000000000004
2020,1,11,6,30,5.9,0,0,0,0.12,199,0.4
2020,1,11,7,30,7.300000000000001,0,4,4,0.12,203,0.4
2020,1,11,8,30,8.9,0,31,31,0.12,204,0.5
2020,1,11,9,30,11,31,95,104,0.12,206,0.6000000000000001
2020,1,11,10,30,12.8,199,173,251,0.12,207,0.7000000000000001
2020,1,11,11,30,14,15,141,148,0.12,208,0.7000000000000001
2020,1,11,12,30,14.700000000000001,685,102,401,0.12,209,0.7000000000000001
2020,1,11,13,30,14.8,496,127,320,0.12,210,0.7000000000000001
2020,1,11,14,30,14.4,139,137,178,0.12,208,0.7000000000000001
2020,1,11,15,30,13.600000000000001,4,42,43,0.12,206,0.6000000000000001
2020,1,11,16,30,12.9,0,3,3,0.12,204,0.6000000000000001
2020,1,11,17,30,12.3,0,0,0,0.12,202,0.6000000000000001
2020,1,11,18,30,12.100000000000001,0,0,0,0.12,203,0.6000000000000001
2020,1,11,19,30,12.3,0,0,0,0.12,206,0.6000000000000001
2020,1,11,20,30,12.600000000000001,0,0,0,0.12,206,0.6000000000000001
2020,1,11,21,30,12.8,0,0,0,0.12,206,0.6000000000000001
2020,1,11,22,30,12.9,0,0,0,0.12,203,0.6000000000000001
2020,1,11,23,30,13.100000000000001,0,0,0,0.12,200,0.6000000000000001
2020,1,12,0,30,13.4,0,0,0,0.12,199,0.6000000000000001
2020,1,12,1,30,13.8,0,0,0,0.12,200,0.7000000000000001
2020,1,12,2,30,14,0,0,0,0.12,198,0.8
2020,1,12,3,30,14.3,0,0,0,0.12,196,0.8
2020,1,12,4,30,14.5,0,0,0,0.12,194,0.8
2020,1,12,5,30,15,0,0,0,0.12,199,0.9
2020,1,12,6,30,15.4,0,0,0,0.12,216,0.9
2020,1,12,7,30,15.700000000000001,0,9,9,0.12,234,0.8
2020,1,12,8,30,15.9,15,61,64,0.12,244,0.7000000000000001
2020,1,12,9,30,16,281,134,220,0.12,248,0.7000000000000001
2020,1,12,10,30,16,502,130,328,0.12,252,0.7000000000000001
2020,1,12,11,30,16,875,62,448,0.12,259,0.8
2020,1,12,12,30,15.5,875,63,448,0.12,270,0.7000000000000001
2020,1,12,13,30,14.200000000000001,847,61,393,0.12,284,0.7000000000000001
2020,1,12,14,30,12,773,55,288,0.12,297,0.6000000000000001
2020,1,12,15,30,9.1,610,42,148,0.12,307,0.5
2020,1,12,16,30,6.2,154,13,16,0.12,312,0.5
2020,1,12,17,30,3.9000000000000004,0,0,0,0.12,315,0.5
2020,1,12,18,30,2.2,0,0,0,0.12,318,0.5
2020,1,12,19,30,0.8,0,0,0,0.12,324,0.4
2020,1,12,20,30,-0.4,0,0,0,0.12,333,0.30000000000000004
2020,1,12,21,30,-1.5,0,0,0,0.12,345,0.2
2020,1,12,22,30,-2.2,0,0,0,0.12,352,0.2
2020,1,12,23,30,-2.5,0,0,0,0.12,177,0.2
2020,1,13,0,30,-2.4000000000000004,0,0,0,0.12,7,0.2
2020,1,13,1,30,-2.2,0,0,0,0.12,21,0.2
2020,1,13,2,30,-2.1,0,0,0,0.12,36,0.2
2020,1,13,3,30,-2,0,0,0,0.12,51,0.2
2020,1,13,4,30,-1.9000000000000001,0,0,0,0.12,63,0.2
2020,1,13,5,30,-1.9000000000000001,0,0,0,0.12,72,0.2
2020,1,13,6,30,-1.8,0,0,0,0.12,78,0.2
2020,1,13,7,30,-1.1,0,8,8,0.12,82,0.2
2020,1,13,8,30,0.5,0,27,27,0.12,96,0.30000000000000004
2020,1,13,9,30,2.1,1,51,51,0.12,114,0.30000000000000004
2020,1,13,10,30,3.2,5,99,101,0.12,132,0.30000000000000004
2020,1,13,11,30,3.8000000000000003,1,85,85,0.12,144,0.2
2020,1,13,12,30,3.9000000000000004,0,46,46,0.12,141,0.2
2020,1,13,13,30,3.6,0,27,27,0.12,128,0.2
2020,1,13,14,30,3.1,0,17,17,0.12,130,0.2
2020,1,13,15,30,2.8000000000000003,2,49,49,0.12,154,0.2
2020,1,13,16,30,2.7,0,6,6,0.12,192,0.30000000000000004
2020,1,13,17,30,2.6,0,0,0,0.12,248,0.2
2020,1,13,18,30,2.3000000000000003,0,0,0,0.12,302,0.2
2020,1,13,19,30,1.9000000000000001,0,0,0,0.13,326,0.30000000000000004
2020,1,13,20,30,1.8,0,0,0,0.13,325,0.2
2020,1,13,21,30,1.7000000000000002,0,0,0,0.13,316,0.1
2020,1,13,22,30,1.7000000000000002,0,0,0,0.13,307,0.1
2020,1,13,23,30,1.5,0,0,0,0.13,304,0.1
2020,1,14,0,30,1.3,0,0,0,0.13,306,0.1
2020,1,14,1,30,1.2000000000000002,0,0,0,0.13,306,0.2
2020,1,14,2,30,1,0,0,0,0.13,308,0.2
2020,1,14,3,30,0.8,0,0,0,0.13,318,0.2
2020,1,14,4,30,0.5,0,0,0,0.13,331,0.2
2020,1,14,5,30,0.2,0,0,0,0.13,341,0.1
2020,1,14,6,30,0,0,0,0,0.13,351,0.1
2020,1,14,7,30,0.5,0,6,6,0.13,185,0.1
2020,1,14,8,30,2.1,5,54,55,0.13,39,0.1
2020,1,14,9,30,4.2,96,157,187,0.13,84,0.2
2020,1,14,10,30,6,57,179,202,0.13,125,0.2
2020,1,14,11,30,6.9,94,222,264,0.13,157,0.2
2020,1,14,12,30,7.300000000000001,94,220,262,0.13,174,0.2
2020,1,14,13,30,7.2,68,182,209,0.13,177,0.2
2020,1,14,14,30,6.300000000000001,7,92,94,0.13,174,0.2
2020,1,14,15,30,4.5,4,65,66,0.13,162,0.2
2020,1,14,16,30,3.3000000000000003,0,5,5,0.13,153,0.2
2020,1,14,17,30,3,0,0,0,0.13,158,0.2
2020,1,14,18,30,2.8000000000000003,0,0,0,0.13,162,0.2
2020,1,14,19,30,2.7,0,0,0,0.13,164,0.2
2020,1,14,20,30,2.6,0,0,0,0.13,169,0.2
2020,1,14,21,30,2.6,0,0,0,0.13,179,0.2
2020,1,14,22,30,2.8000000000000003,0,0,0,0.13,192,0.2
2020,1,14,23,30,2.9000000000000004,0,0,0,0.13,205,0.30000000000000004
2020,1,15,0,30,3,0,0,0,0.13,216,0.30000000000000004
2020,1,15,1,30,3.1,0,0,0,0.13,225,0.30000000000000004
2020,1,15,2,30,3.2,0,0,0,0.13,239,0.30000000000000004
2020,1,15,3,30,3.4000000000000004,0,0,0,0.13,257,0.30000000000000004
2020,1,15,4,30,3.6,0,0,0,0.13,273,0.30000000000000004
2020,1,15,5,30,3.4000000000000004,0,0,0,0.13,283,0.30000000000000004
2020,1,15,6,30,2.8000000000000003,0,0,0,0.13,286,0.30000000000000004
2020,1,15,7,30,2.8000000000000003,87,13,16,0.13,287,0.30000000000000004
2020,1,15,8,30,4,604,45,157,0.13,292,0.30000000000000004
2020,1,15,9,30,5.4,627,83,279,0.13,301,0.4
2020,1,15,10,30,6.6000000000000005,394,136,294,0.13,307,0.4
2020,1,15,11,30,7.300000000000001,181,214,295,0.13,306,0.4
2020,1,15,12,30,7.6000000000000005,882,69,464,0.13,301,0.4
2020,1,15,13,30,7.4,847,65,405,0.13,293,0.30000000000000004
2020,1,15,14,30,6.5,765,58,296,0.13,288,0.30000000000000004
2020,1,15,15,30,4.1000000000000005,598,45,154,0.13,293,0.2
2020,1,15,16,30,1.7000000000000002,154,14,19,0.13,307,0.2
2020,1,15,17,30,0.9,0,0,0,0.13,326,0.30000000000000004
2020,1,15,18,30,0.7000000000000001,0,0,0,0.13,341,0.6000000000000001
2020,1,15,19,30,1.3,0,0,0,0.13,344,0.7000000000000001
2020,1,15,20,30,1.9000000000000001,0,0,0,0.13,283,0.5
2020,1,15,21,30,1.4000000000000001,0,0,0,0.13,198,0.5
2020,1,15,22,30,0.4,0,0,0,0.13,172,0.8
2020,1,15,23,30,-0.2,0,0,0,0.13,170,0.6000000000000001
2020,1,16,0,30,0,0,0,0,0.13,161,0.30000000000000004
2020,1,16,1,30,0.8,0,0,0,0.13,151,0.30000000000000004
2020,1,16,2,30,1,0,0,0,0.13,146,0.2
2020,1,16,3,30,1.2000000000000002,0,0,0,0.13,135,0.2
2020,1,16,4,30,2.1,0,0,0,0.13,149,0.2
2020,1,16,5,30,3,0,0,0,0.13,188,0.30000000000000004
2020,1,16,6,30,3.8000000000000003,0,0,0,0.13,226,0.30000000000000004
2020,1,16,7,30,4.5,6,5,5,0.13,255,0.4
2020,1,16,8,30,5.1000000000000005,504,57,151,0.13,271,0.6000000000000001
2020,1,16,9,30,5.4,574,82,262,0.13,281,0.7000000000000001
2020,1,16,10,30,5.4,206,178,261,0.13,290,0.9
2020,1,16,11,30,5.4,225,162,264,0.13,299,0.9
2020,1,16,12,30,5.1000000000000005,602,146,418,0.13,305,0.9
2020,1,16,13,30,4.3,299,179,300,0.13,307,0.9
2020,1,16,14,30,3.2,144,124,169,0.13,307,0.8
2020,1,16,15,30,2,297,76,131,0.13,308,0.8
2020,1,16,16,30,0.9,22,11,12,0.13,310,0.7000000000000001
2020,1,16,17,30,0.2,0,0,0,0.13,312,0.7000000000000001
2020,1,16,18,30,-0.5,0,0,0,0.13,314,0.7000000000000001
2020,1,16,19,30,-1.2000000000000002,0,0,0,0.13,317,0.7000000000000001
2020,1,16,20,30,-2,0,0,0,0.13,318,0.7000000000000001
2020,1,16,21,30,-2.7,0,0,0,0.13,320,0.7000000000000001
2020,1,16,22,30,-3.5,0,0,0,0.13,322,0.8
2020,1,16,23,30,-4.2,0,0,0,0.13,323,0.8
2020,1,17,0,30,-5,0,0,0,0.13,324,0.8
2020,1,17,1,30,-5.800000000000001,0,0,0,0.13,326,0.9
2020,1,17,2,30,-6.6000000000000005,0,0,0,0.13,327,0.8
2020,1,17,3,30,-7.300000000000001,0,0,0,0.13,328,0.8
2020,1,17,4,30,-7.9,0,0,0,0.13,329,0.8
2020,1,17,5,30,-8.4,0,0,0,0.13,329,0.8
2020,1,17,6,30,-8.9,0,0,0,0.13,329,0.8
2020,1,17,7,30,-8.9,311,16,27,0.13,329,0.8
2020,1,17,8,30,-8.5,754,34,176,0.13,330,0.8
2020,1,17,9,30,-7.7,887,46,326,0.13,330,0.8
2020,1,17,10,30,-6.9,946,53,438,0.13,328,0.8
2020,1,17,11,30,-6.2,976,54,497,0.13,326,0.8
2020,1,17,12,30,-5.7,975,54,497,0.13,325,0.7000000000000001
2020,1,17,13,30,-5.6000000000000005,947,53,439,0.13,325,0.7000000000000001
2020,1,17,14,30,-6.1000000000000005,887,45,327,0.13,326,0.6000000000000001
2020,1,17,15,30,-7.2,752,35,178,0.13,326,0.5
2020,1,17,16,30,-8.3,311,17,28,0.13,325,0.5
2020,1,17,17,30,-9,0,0,0,0.13,325,0.4
2020,1,17,18,30,-9.600000000000001,0,0,0,0.13,325,0.4
2020,1,17,19,30,-10.100000000000001,0,0,0,0.13,326,0.4
2020,1,17,20,30,-10.600000000000001,0,0,0,0.13,328,0.4
2020,1,17,21,30,-11.100000000000001,0,0,0,0.13,327,0.4
2020,1,17,22,30,-11.5,0,0,0,0.13,326,0.4
2020,1,17,23,30,-11.700000000000001,0,0,0,0.13,327,0.4
2020,1,18,0,30,-11.700000000000001,0,0,0,0.13,329,0.4
2020,1,18,1,30,-11.600000000000001,0,0,0,0.13,328,0.30000000000000004
2020,1,18,2,30,-11.4,0,0,0,0.13,326,0.30000000000000004
2020,1,18,3,30,-11.100000000000001,0,0,0,0.13,330,0.2
2020,1,18,4,30,-10.8,0,0,0,0.13,343,0.2
2020,1,18,5,30,-10.5,0,0,0,0.13,346,0.2
2020,1,18,6,30,-10.200000000000001,0,0,0,0.13,341,0.2
2020,1,18,7,30,-9.700000000000001,0,11,11,0.13,175,0.1
2020,1,18,8,30,-8.700000000000001,8,68,70,0.13,49,0.1
2020,1,18,9,30,-7.5,163,157,209,0.13,113,0.1
2020,1,18,10,30,-6.300000000000001,171,234,304,0.13,156,0.2
2020,1,18,11,30,-5.6000000000000005,183,235,319,0.13,181,0.2
2020,1,18,12,30,-5.5,48,207,229,0.13,185,0.30000000000000004
2020,1,18,13,30,-5.6000000000000005,27,168,179,0.13,176,0.30000000000000004
2020,1,18,14,30,-5.9,9,100,103,0.13,166,0.4
2020,1,18,15,30,-6.1000000000000005,0,24,24,0.13,160,0.4
2020,1,18,16,30,-6.300000000000001,0,5,5,0.13,151,0.4
2020,1,18,17,30,-6.2,0,0,0,0.13,139,0.4
2020,1,18,18,30,-5.9,0,0,0,0.13,133,0.4
2020,1,18,19,30,-5.2,0,0,0,0.68,138,0.30000000000000004
2020,1,18,20,30,-3.8000000000000003,0,0,0,0.68,167,0.4
2020,1,18,21,30,-2.1,0,0,0,0.68,197,0.4
2020,1,18,22,30,-1,0,0,0,0.68,208,0.4
2020,1,18,23,30,-0.5,0,0,0,0.68,212,0.4
2020,1,19,0,30,-0.4,0,0,0,0.68,216,0.30000000000000004
2020,1,19,1,30,-0.6000000000000001,0,0,0,0.68,224,0.30000000000000004
2020,1,19,2,30,-0.6000000000000001,0,0,0,0.68,238,0.30000000000000004
2020,1,19,3,30,-1.1,0,0,0,0.68,249,0.30000000000000004
2020,1,19,4,30,-1.6,0,0,0,0.68,258,0.30000000000000004
2020,1,19,5,30,-2.2,0,0,0,0.68,265,0.30000000000000004
2020,1,19,6,30,-2.6,0,0,0,0.68,267,0.30000000000000004
2020,1,19,7,30,-1.8,69,16,19,0.68,270,0.30000000000000004
2020,1,19,8,30,0.1,526,63,164,0.68,274,0.30000000000000004
2020,1,19,9,30,1.7000000000000002,290,182,275,0.68,280,0.4
2020,1,19,10,30,2.7,790,98,424,0.68,289,0.5
2020,1,19,11,30,3,24,249,260,0.68,293,0.5
2020,1,19,12,30,2.8000000000000003,258,231,350,0.68,293,0.5
2020,1,19,13,30,2.4000000000000004,323,190,324,0.68,291,0.5
2020,1,19,14,30,1.7000000000000002,7,154,156,0.68,290,0.5
2020,1,19,15,30,0.6000000000000001,3,70,71,0.68,292,0.5
2020,1,19,16,30,-0.7000000000000001,157,19,26,0.68,296,0.5
2020,1,19,17,30,-1.6,0,0,0,0.68,301,0.6000000000000001
2020,1,19,18,30,-2.6,0,0,0,0.68,304,0.6000000000000001
2020,1,19,19,30,-3.5,0,0,0,0.8,305,0.6000000000000001
2020,1,19,20,30,-4.3,0,0,0,0.8,307,0.6000000000000001
2020,1,19,21,30,-5,0,0,0,0.8,311,0.6000000000000001
2020,1,19,22,30,-5.800000000000001,0,0,0,0.8,316,0.6000000000000001
2020,1,19,23,30,-6.7,0,0,0,0.8,321,0.6000000000000001
2020,1,20,0,30,-7.6000000000000005,0,0,0,0.8,325,0.6000000000000001
2020,1,20,1,30,-8.3,0,0,0,0.8,328,0.6000000000000001
2020,1,20,2,30,-8.9,0,0,0,0.8,330,0.6000000000000001
2020,1,20,3,30,-9.4,0,0,0,0.8,330,0.6000000000000001
2020,1,20,4,30,-9.9,0,0,0,0.8,331,0.5
2020,1,20,5,30,-10.200000000000001,0,0,0,0.8,331,0.5
2020,1,20,6,30,-10.3,0,0,0,0.8,330,0.5
2020,1,20,7,30,-9.8,0,16,16,0.8,330,0.6000000000000001
2020,1,20,8,30,-8.6,546,66,172,0.8,333,0.6000000000000001
2020,1,20,9,30,-7.2,873,57,339,0.8,334,0.6000000000000001
2020,1,20,10,30,-5.800000000000001,498,171,378,0.8,334,0.6000000000000001
2020,1,20,11,30,-4.800000000000001,962,69,515,0.8,333,0.6000000000000001
2020,1,20,12,30,-4.2,961,71,517,0.8,331,0.6000000000000001
2020,1,20,13,30,-4.1000000000000005,934,67,458,0.8,330,0.6000000000000001
2020,1,20,14,30,-4.6000000000000005,869,58,343,0.8,327,0.5
2020,1,20,15,30,-6,738,43,191,0.8,322,0.5
2020,1,20,16,30,-7.7,0,21,21,0.8,318,0.4
2020,1,20,17,30,-8.8,0,0,0,0.8,316,0.4
2020,1,20,18,30,-9.5,0,0,0,0.8,315,0.5
2020,1,20,19,30,-10.100000000000001,0,0,0,0.8,314,0.5
2020,1,20,20,30,-10.5,0,0,0,0.8,315,0.5
2020,1,20,21,30,-10.9,0,0,0,0.8,314,0.5
2020,1,20,22,30,-11.3,0,0,0,0.8,315,0.5
2020,1,20,23,30,-11.5,0,0,0,0.8,317,0.5
2020,1,21,0,30,-11.600000000000001,0,0,0,0.8,320,0.5
2020,1,21,1,30,-11.700000000000001,0,0,0,0.8,322,0.6000000000000001
2020,1,21,2,30,-11.8,0,0,0,0.8,323,0.6000000000000001
2020,1,21,3,30,-11.9,0,0,0,0.8,324,0.5
2020,1,21,4,30,-12,0,0,0,0.8,324,0.5
2020,1,21,5,30,-12.100000000000001,0,0,0,0.8,323,0.5
2020,1,21,6,30,-11.9,0,0,0,0.8,320,0.5
2020,1,21,7,30,-10.4,309,18,31,0.8,324,0.4
2020,1,21,8,30,-8,598,59,176,0.8,335,0.4
2020,1,21,9,30,-5.800000000000001,879,55,341,0.8,340,0.4
2020,1,21,10,30,-4.1000000000000005,747,116,428,0.8,337,0.4
2020,1,21,11,30,-2.9000000000000004,965,70,520,0.8,331,0.4
2020,1,21,12,30,-2.3000000000000003,964,71,522,0.8,326,0.4
2020,1,21,13,30,-2.2,221,237,330,0.8,324,0.4
2020,1,21,14,30,-2.9000000000000004,862,59,345,0.8,323,0.4
2020,1,21,15,30,-4.6000000000000005,399,87,168,0.8,322,0.4
2020,1,21,16,30,-6.7,354,20,38,0.8,320,0.4
2020,1,21,17,30,-7.9,0,0,0,0.8,318,0.5
2020,1,21,18,30,-8.5,0,0,0,0.8,315,0.5
2020,1,21,19,30,-9,0,0,0,0.8,312,0.5
2020,1,21,20,30,-9.3,0,0,0,0.8,310,0.5
2020,1,21,21,30,-9.600000000000001,0,0,0,0.8,309,0.4
2020,1,21,22,30,-9.8,0,0,0,0.8,309,0.4
2020,1,21,23,30,-10,0,0,0,0.8,310,0.4
2020,1,22,0,30,-10.100000000000001,0,0,0,0.8,310,0.4
2020,1,22,1,30,-10.100000000000001,0,0,0,0.8,308,0.5
2020,1,22,2,30,-10.100000000000001,0,0,0,0.8,305,0.4
2020,1,22,3,30,-10,0,0,0,0.8,303,0.4
2020,1,22,4,30,-10,0,0,0,0.8,301,0.4
2020,1,22,5,30,-10,0,0,0,0.8,303,0.4
2020,1,22,6,30,-9.600000000000001,0,0,0,0.8,304,0.4
2020,1,22,7,30,-7.800000000000001,122,19,24,0.8,301,0.30000000000000004
2020,1,22,8,30,-4.7,630,53,178,0.8,303,0.2
2020,1,22,9,30,-2,814,64,332,0.8,307,0.2
2020,1,22,10,30,-0.30000000000000004,882,75,446,0.8,301,0.2
2020,1,22,11,30,1,910,80,508,0.8,291,0.2
2020,1,22,12,30,1.8,911,80,509,0.8,285,0.2
2020,1,22,13,30,2,565,164,404,0.8,281,0.2
2020,1,22,14,30,1.5,819,65,340,0.8,274,0.2
2020,1,22,15,30,-0.1,683,49,191,0.8,263,0.5
2020,1,22,16,30,-1.9000000000000001,313,21,38,0.8,253,0.8
2020,1,22,17,30,-3.1,0,0,0,0.8,249,0.9
2020,1,22,18,30,-4,0,0,0,0.8,246,0.8
2020,1,22,19,30,-4.800000000000001,0,0,0,0.75,243,0.7000000000000001
2020,1,22,20,30,-5.5,0,0,0,0.75,244,0.6000000000000001
2020,1,22,21,30,-6,0,0,0,0.75,248,0.5
2020,1,22,22,30,-6.300000000000001,0,0,0,0.75,253,0.5
2020,1,22,23,30,-6.300000000000001,0,0,0,0.75,258,0.4
2020,1,23,0,30,-6.300000000000001,0,0,0,0.75,258,0.4
2020,1,23,1,30,-6.300000000000001,0,0,0,0.75,257,0.4
2020,1,23,2,30,-6.5,0,0,0,0.75,255,0.30000000000000004
2020,1,23,3,30,-6.9,0,0,0,0.75,254,0.30000000000000004
2020,1,23,4,30,-7.4,0,0,0,0.75,252,0.4
2020,1,23,5,30,-7.800000000000001,0,0,0,0.75,252,0.4
2020,1,23,6,30,-7.6000000000000005,0,0,0,0.75,254,0.4
2020,1,23,7,30,-5.4,76,20,23,0.75,258,0.30000000000000004
2020,1,23,8,30,-2.3000000000000003,700,49,190,0.75,253,0.2
2020,1,23,9,30,0.30000000000000004,612,123,326,0.75,242,0.2
2020,1,23,10,30,2.4000000000000004,389,230,395,0.75,241,0.2
2020,1,23,11,30,3.7,579,193,467,0.75,246,0.30000000000000004
2020,1,23,12,30,4.3,419,245,444,0.75,246,0.30000000000000004
2020,1,23,13,30,4.2,213,272,363,0.75,242,0.30000000000000004
2020,1,23,14,30,3,156,217,270,0.75,235,0.30000000000000004
2020,1,23,15,30,1.2000000000000002,31,126,133,0.75,233,0.5
2020,1,23,16,30,0.1,1,24,24,0.75,233,0.6000000000000001
2020,1,23,17,30,-0.30000000000000004,0,0,0,0.75,234,0.4
2020,1,23,18,30,-0.5,0,0,0,0.75,237,0.4
2020,1,23,19,30,-0.5,0,0,0,0.65,245,0.4
2020,1,23,20,30,-0.4,0,0,0,0.65,257,0.5
2020,1,23,21,30,-0.2,0,0,0,0.65,268,0.6000000000000001
2020,1,23,22,30,0.1,0,0,0,0.65,278,0.7000000000000001
2020,1,23,23,30,0.5,0,0,0,0.65,291,0.8
2020,1,24,0,30,0.9,0,0,0,0.65,310,0.7000000000000001
2020,1,24,1,30,0.9,0,0,0,0.65,328,0.6000000000000001
2020,1,24,2,30,0.5,0,0,0,0.65,339,0.6000000000000001
2020,1,24,3,30,-0.1,0,0,0,0.65,348,0.6000000000000001
2020,1,24,4,30,-1.2000000000000002,0,0,0,0.65,179,0.6000000000000001
2020,1,24,5,30,-2.6,0,0,0,0.65,12,0.5
2020,1,24,6,30,-3.3000000000000003,0,0,0,0.65,28,0.30000000000000004
2020,1,24,7,30,-2,305,20,34,0.65,40,0.30000000000000004
2020,1,24,8,30,0.4,693,44,185,0.65,40,0.30000000000000004
2020,1,24,9,30,2.6,823,60,335,0.65,41,0.2
2020,1,24,10,30,4.6000000000000005,472,187,389,0.65,54,0.30000000000000004
2020,1,24,11,30,5.800000000000001,499,205,443,0.65,66,0.30000000000000004
2020,1,24,12,30,6.1000000000000005,906,75,509,0.65,73,0.30000000000000004
2020,1,24,13,30,5.7,860,76,449,0.65,76,0.30000000000000004
2020,1,24,14,30,4.2,815,62,342,0.65,75,0.2
2020,1,24,15,30,1.6,682,47,194,0.65,75,0.2
2020,1,24,16,30,-0.30000000000000004,346,22,43,0.65,76,0.2
2020,1,24,17,30,-0.4,0,0,0,0.65,76,0.30000000000000004
2020,1,24,18,30,-0.4,0,0,0,0.65,75,0.30000000000000004
2020,1,24,19,30,-0.2,0,0,0,0.65,73,0.30000000000000004
2020,1,24,20,30,0,0,0,0,0.65,71,0.30000000000000004
2020,1,24,21,30,0.2,0,0,0,0.65,69,0.30000000000000004
2020,1,24,22,30,0.2,0,0,0,0.65,68,0.30000000000000004
2020,1,24,23,30,0.1,0,0,0,0.65,67,0.30000000000000004
2020,1,25,0,30,0,0,0,0,0.65,66,0.30000000000000004
2020,1,25,1,30,0.1,0,0,0,0.65,65,0.30000000000000004
2020,1,25,2,30,0.2,0,0,0,0.65,66,0.30000000000000004
2020,1,25,3,30,0.30000000000000004,0,0,0,0.65,67,0.4
2020,1,25,4,30,0.5,0,0,0,0.65,67,0.4
2020,1,25,5,30,0.7000000000000001,0,0,0,0.65,66,0.4
2020,1,25,6,30,1.1,0,0,0,0.65,68,0.4
2020,1,25,7,30,1.6,0,15,15,0.65,72,0.5
2020,1,25,8,30,2.3000000000000003,5,81,82,0.65,75,0.5
2020,1,25,9,30,3,3,87,88,0.65,78,0.6000000000000001
2020,1,25,10,30,3.6,4,119,121,0.65,79,0.6000000000000001
2020,1,25,11,30,4.3,25,218,230,0.65,82,0.6000000000000001
2020,1,25,12,30,4.800000000000001,2,138,139,0.65,87,0.6000000000000001
2020,1,25,13,30,5.1000000000000005,23,207,217,0.65,90,0.6000000000000001
2020,1,25,14,30,4.9,10,146,149,0.65,89,0.6000000000000001
2020,1,25,15,30,4.7,1,58,58,0.65,87,0.6000000000000001
2020,1,25,16,30,4.7,0,15,15,0.65,89,0.7000000000000001
2020,1,25,17,30,4.800000000000001,0,0,0,0.65,96,0.7000000000000001
2020,1,25,18,30,4.9,0,0,0,0.65,106,0.6000000000000001
2020,1,25,19,30,4.7,0,0,0,0.13,121,0.4
2020,1,25,20,30,4.6000000000000005,0,0,0,0.13,147,0.30000000000000004
2020,1,25,21,30,4.6000000000000005,0,0,0,0.13,194,0.2
2020,1,25,22,30,4.3,0,0,0,0.13,241,0.30000000000000004
2020,1,25,23,30,3.5,0,0,0,0.13,265,0.30000000000000004
2020,1,26,0,30,2.7,0,0,0,0.13,276,0.30000000000000004
2020,1,26,1,30,2,0,0,0,0.13,282,0.4
2020,1,26,2,30,1.3,0,0,0,0.13,284,0.4
2020,1,26,3,30,0.8,0,0,0,0.13,282,0.30000000000000004
2020,1,26,4,30,0.4,0,0,0,0.13,276,0.30000000000000004
2020,1,26,5,30,0.1,0,0,0,0.13,268,0.30000000000000004
2020,1,26,6,30,0,0,0,0,0.13,261,0.30000000000000004
2020,1,26,7,30,0.8,253,21,34,0.13,258,0.30000000000000004
2020,1,26,8,30,2.6,632,49,181,0.13,257,0.4
2020,1,26,9,30,4.4,776,64,328,0.13,259,0.4
2020,1,26,10,30,5.6000000000000005,704,112,418,0.13,263,0.5
2020,1,26,11,30,6.2,39,181,200,0.13,265,0.5
2020,1,26,12,30,6.1000000000000005,396,174,367,0.13,267,0.5
2020,1,26,13,30,5.5,12,135,140,0.13,269,0.5
2020,1,26,14,30,4.6000000000000005,10,129,133,0.13,269,0.4
2020,1,26,15,30,2.9000000000000004,57,89,102,0.13,266,0.30000000000000004
2020,1,26,16,30,1.1,0,12,12,0.13,263,0.30000000000000004
2020,1,26,17,30,0,0,0,0,0.13,258,0.30000000000000004
2020,1,26,18,30,-0.7000000000000001,0,0,0,0.13,251,0.30000000000000004
2020,1,26,19,30,-1.2000000000000002,0,0,0,0.13,245,0.30000000000000004
2020,1,26,20,30,-1.4000000000000001,0,0,0,0.13,243,0.30000000000000004
2020,1,26,21,30,-1.4000000000000001,0,0,0,0.13,243,0.30000000000000004
2020,1,26,22,30,-1.1,0,0,0,0.13,243,0.30000000000000004
2020,1,26,23,30,-1,0,0,0,0.13,243,0.30000000000000004
2020,1,27,0,30,-1,0,0,0,0.13,243,0.30000000000000004
2020,1,27,1,30,-1,0,0,0,0.13,242,0.30000000000000004
2020,1,27,2,30,-1.1,0,0,0,0.13,241,0.30000000000000004
2020,1,27,3,30,-1.3,0,0,0,0.13,239,0.30000000000000004
2020,1,27,4,30,-1.3,0,0,0,0.13,236,0.30000000000000004
2020,1,27,5,30,-1.1,0,0,0,0.13,233,0.30000000000000004
2020,1,27,6,30,-0.8,0,0,0,0.13,232,0.30000000000000004
2020,1,27,7,30,0.30000000000000004,0,12,12,0.13,239,0.4
2020,1,27,8,30,2.1,0,43,43,0.13,252,0.4
2020,1,27,9,30,3.6,0,44,44,0.13,265,0.5
2020,1,27,10,30,4.6000000000000005,10,169,173,0.13,274,0.5
2020,1,27,11,30,5,24,204,216,0.13,277,0.5
2020,1,27,12,30,5.1000000000000005,47,205,228,0.13,280,0.5
2020,1,27,13,30,4.800000000000001,98,128,172,0.13,281,0.5
2020,1,27,14,30,4.2,0,64,64,0.13,281,0.4
2020,1,27,15,30,2.5,0,29,29,0.13,281,0.30000000000000004
2020,1,27,16,30,0.6000000000000001,0,7,7,0.13,286,0.30000000000000004
2020,1,27,17,30,0.2,0,0,0,0.13,290,0.30000000000000004
2020,1,27,18,30,0.2,0,0,0,0.13,293,0.4
2020,1,27,19,30,-0.1,0,0,0,0.13,294,0.4
2020,1,27,20,30,-0.9,0,0,0,0.13,291,0.30000000000000004
2020,1,27,21,30,-1.5,0,0,0,0.13,289,0.30000000000000004
2020,1,27,22,30,-1.8,0,0,0,0.13,288,0.30000000000000004
2020,1,27,23,30,-2,0,0,0,0.13,290,0.30000000000000004
2020,1,28,0,30,-2,0,0,0,0.13,292,0.30000000000000004
2020,1,28,1,30,-2.1,0,0,0,0.13,293,0.30000000000000004
2020,1,28,2,30,-2.2,0,0,0,0.13,293,0.30000000000000004
2020,1,28,3,30,-2.3000000000000003,0,0,0,0.13,292,0.30000000000000004
2020,1,28,4,30,-2.4000000000000004,0,0,0,0.13,293,0.30000000000000004
2020,1,28,5,30,-2.3000000000000003,0,0,0,0.13,294,0.30000000000000004
2020,1,28,6,30,-1.7000000000000002,0,0,0,0.13,298,0.30000000000000004
2020,1,28,7,30,-0.1,0,20,20,0.13,305,0.4
2020,1,28,8,30,1.6,696,44,194,0.13,318,0.5
2020,1,28,9,30,2.8000000000000003,0,87,87,0.13,328,0.6000000000000001
2020,1,28,10,30,3.3000000000000003,0,104,104,0.13,328,0.6000000000000001
2020,1,28,11,30,3.2,1,129,129,0.13,323,0.6000000000000001
2020,1,28,12,30,2.9000000000000004,1,159,159,0.13,318,0.5
2020,1,28,13,30,2.5,1,111,111,0.13,316,0.5
2020,1,28,14,30,1.9000000000000001,4,119,120,0.13,315,0.5
2020,1,28,15,30,0.7000000000000001,48,37,48,0.13,315,0.4
2020,1,28,16,30,-0.7000000000000001,0,8,8,0.13,315,0.30000000000000004
2020,1,28,17,30,-1.5,0,0,0,0.13,316,0.4
2020,1,28,18,30,-1.8,0,0,0,0.13,318,0.30000000000000004
2020,1,28,19,30,-2.2,0,0,0,0.13,318,0.30000000000000004
2020,1,28,20,30,-2.5,0,0,0,0.13,319,0.30000000000000004
2020,1,28,21,30,-2.8000000000000003,0,0,0,0.13,320,0.30000000000000004
2020,1,28,22,30,-3,0,0,0,0.13,323,0.30000000000000004
2020,1,28,23,30,-3.1,0,0,0,0.13,327,0.30000000000000004
2020,1,29,0,30,-3.2,0,0,0,0.13,329,0.30000000000000004
2020,1,29,1,30,-3.4000000000000004,0,0,0,0.13,328,0.30000000000000004
2020,1,29,2,30,-3.5,0,0,0,0.13,325,0.30000000000000004
2020,1,29,3,30,-3.5,0,0,0,0.13,324,0.4
2020,1,29,4,30,-3.5,0,0,0,0.13,326,0.4
2020,1,29,5,30,-3.7,0,0,0,0.13,327,0.4
2020,1,29,6,30,-3.7,0,0,0,0.13,327,0.4
2020,1,29,7,30,-2.9000000000000004,0,19,19,0.13,333,0.5
2020,1,29,8,30,-1.5,749,41,205,0.13,341,0.6000000000000001
2020,1,29,9,30,0,880,51,359,0.13,346,0.6000000000000001
2020,1,29,10,30,1.3,940,56,474,0.13,346,0.6000000000000001
2020,1,29,11,30,2.2,967,58,537,0.13,342,0.6000000000000001
2020,1,29,12,30,2.6,968,58,540,0.13,338,0.6000000000000001
2020,1,29,13,30,2.5,958,55,489,0.13,335,0.6000000000000001
2020,1,29,14,30,1.7000000000000002,904,49,378,0.13,331,0.5
2020,1,29,15,30,-0.1,790,40,226,0.13,330,0.4
2020,1,29,16,30,-1.8,504,23,63,0.13,331,0.4
2020,1,29,17,30,-2.7,0,0,0,0.13,334,0.4
2020,1,29,18,30,-3.3000000000000003,0,0,0,0.13,339,0.4
2020,1,29,19,30,-3.7,0,0,0,0.14,344,0.4
2020,1,29,20,30,-4.1000000000000005,0,0,0,0.14,348,0.4
2020,1,29,21,30,-4.4,0,0,0,0.14,352,0.4
2020,1,29,22,30,-4.9,0,0,0,0.14,355,0.4
2020,1,29,23,30,-5.6000000000000005,0,0,0,0.14,357,0.4
2020,1,30,0,30,-6.300000000000001,0,0,0,0.14,357,0.4
2020,1,30,1,30,-7,0,0,0,0.14,355,0.4
2020,1,30,2,30,-7.7,0,0,0,0.14,354,0.4
2020,1,30,3,30,-8.3,0,0,0,0.14,355,0.30000000000000004
2020,1,30,4,30,-8.8,0,0,0,0.14,356,0.30000000000000004
2020,1,30,5,30,-9.3,0,0,0,0.14,358,0.30000000000000004
2020,1,30,6,30,-9.3,0,0,0,0.14,358,0.30000000000000004
2020,1,30,7,30,-7.9,446,21,49,0.14,188,0.30000000000000004
2020,1,30,8,30,-5.6000000000000005,771,39,210,0.14,25,0.30000000000000004
2020,1,30,9,30,-3.2,894,51,367,0.14,37,0.30000000000000004
2020,1,30,10,30,-1.2000000000000002,951,57,484,0.14,45,0.2
2020,1,30,11,30,0.4,976,59,547,0.14,56,0.1
2020,1,30,12,30,1.5,978,59,551,0.14,140,0.1
2020,1,30,13,30,1.9000000000000001,945,57,489,0.14,232,0.1
2020,1,30,14,30,1.4000000000000001,885,53,379,0.14,254,0.1
2020,1,30,15,30,0.4,95,128,151,0.14,256,0.30000000000000004
2020,1,30,16,30,-0.5,1,34,34,0.14,237,0.5
2020,1,30,17,30,-1.3,0,0,0,0.14,214,0.6000000000000001
2020,1,30,18,30,-2.4000000000000004,0,0,0,0.14,204,0.7000000000000001
2020,1,30,19,30,-3.6,0,0,0,0.14,203,0.6000000000000001
2020,1,30,20,30,-4.3,0,0,0,0.14,208,0.4
2020,1,30,21,30,-4.6000000000000005,0,0,0,0.14,217,0.2
2020,1,30,22,30,-4.7,0,0,0,0.14,226,0.2
2020,1,30,23,30,-4.9,0,0,0,0.14,234,0.2
2020,1,31,0,30,-5.300000000000001,0,0,0,0.14,239,0.2
2020,1,31,1,30,-5.7,0,0,0,0.14,241,0.2
2020,1,31,2,30,-6.1000000000000005,0,0,0,0.14,241,0.30000000000000004
2020,1,31,3,30,-6.5,0,0,0,0.14,240,0.4
2020,1,31,4,30,-6.7,0,0,0,0.14,238,0.6000000000000001
2020,1,31,5,30,-6.9,0,0,0,0.14,234,0.7000000000000001
2020,1,31,6,30,-6.6000000000000005,0,0,0,0.14,229,0.6000000000000001
2020,1,31,7,30,-4.4,333,24,46,0.14,224,0.30000000000000004
2020,1,31,8,30,-1.1,654,51,198,0.14,221,0.30000000000000004
2020,1,31,9,30,1.5,699,86,336,0.14,224,0.30000000000000004
2020,1,31,10,30,3.2,252,203,317,0.14,231,0.4
2020,1,31,11,30,4,4,195,197,0.14,231,0.4
2020,1,31,12,30,4.3,9,190,195,0.14,230,0.4
2020,1,31,13,30,4.2,2,117,118,0.14,229,0.30000000000000004
2020,1,31,14,30,3.3000000000000003,1,83,83,0.14,218,0.2
2020,1,31,15,30,1.7000000000000002,17,90,94,0.14,201,0.30000000000000004
2020,1,31,16,30,0.4,1,26,26,0.14,195,0.5
2020,1,31,17,30,-0.1,0,0,0,0.14,195,0.4
2020,1,31,18,30,-0.2,0,0,0,0.14,191,0.2
2020,1,31,19,30,-12.5,0,0,0,0.8,257,0.5
2020,1,31,20,30,-13.100000000000001,0,0,0,0.8,258,0.5
2020,1,31,21,30,-14.200000000000001,0,0,0,0.8,258,0.5
2020,1,31,22,30,-15,0,0,0,0.8,259,0.5
2020,1,31,23,30,-15.5,0,0,0,0.8,262,0.4
2019,2,1,0,30,-16.1,0,0,0,0.8,262,0.5
2019,2,1,1,30,-16.6,0,0,0,0.8,260,0.6000000000000001
2019,2,1,2,30,-17,0,0,0,0.8,256,0.6000000000000001
2019,2,1,3,30,-17.2,0,0,0,0.8,253,0.6000000000000001
2019,2,1,4,30,-17.400000000000002,0,0,0,0.8,253,0.6000000000000001
2019,2,1,5,30,-17.400000000000002,0,0,0,0.8,256,0.6000000000000001
2019,2,1,6,30,-16.8,0,0,0,0.8,258,0.6000000000000001
2019,2,1,7,30,-14.9,2,34,34,0.8,265,0.5
2019,2,1,8,30,-12.4,594,79,215,0.8,277,0.4
2019,2,1,9,30,-10.5,286,183,287,0.8,284,0.4
2019,2,1,10,30,-9.200000000000001,606,190,467,0.8,283,0.4
2019,2,1,11,30,-8.3,456,289,521,0.8,279,0.4
2019,2,1,12,30,-7.7,292,352,502,0.8,277,0.4
2019,2,1,13,30,-7.4,516,224,465,0.8,278,0.4
2019,2,1,14,30,-7.7,218,247,329,0.8,284,0.4
2019,2,1,15,30,-9.1,761,57,246,0.8,293,0.4
2019,2,1,16,30,-11.4,1,46,46,0.8,301,0.4
2019,2,1,17,30,-13,0,0,0,0.8,306,0.5
2019,2,1,18,30,-13.600000000000001,0,0,0,0.8,309,0.5
2019,2,1,19,30,-14.200000000000001,0,0,0,0.8,308,0.5
2019,2,1,20,30,-14.600000000000001,0,0,0,0.8,305,0.5
2019,2,1,21,30,-15,0,0,0,0.8,301,0.6000000000000001
2019,2,1,22,30,-15.4,0,0,0,0.8,300,0.6000000000000001
2019,2,1,23,30,-15.600000000000001,0,0,0,0.8,300,0.6000000000000001
2019,2,2,0,30,-15.8,0,0,0,0.8,299,0.6000000000000001
2019,2,2,1,30,-15.9,0,0,0,0.8,296,0.6000000000000001
2019,2,2,2,30,-15.9,0,0,0,0.8,294,0.6000000000000001
2019,2,2,3,30,-15.4,0,0,0,0.8,290,0.5
2019,2,2,4,30,-14.700000000000001,0,0,0,0.8,282,0.5
2019,2,2,5,30,-14.700000000000001,0,0,0,0.8,271,0.5
2019,2,2,6,30,-14.5,0,0,0,0.8,259,0.5
2019,2,2,7,30,-12.700000000000001,1,31,31,0.8,244,0.4
2019,2,2,8,30,-9.700000000000001,118,139,166,0.8,236,0.30000000000000004
2019,2,2,9,30,-7.1000000000000005,802,78,372,0.8,231,0.4
2019,2,2,10,30,-5.2,500,218,449,0.8,227,0.5
2019,2,2,11,30,-3.7,537,214,490,0.8,227,0.6000000000000001
2019,2,2,12,30,-2.6,526,219,491,0.8,227,0.7000000000000001
2019,2,2,13,30,-2.1,480,209,435,0.8,226,0.7000000000000001
2019,2,2,14,30,-2.1,87,250,283,0.8,225,0.7000000000000001
2019,2,2,15,30,-2.7,556,80,221,0.8,227,0.6000000000000001
2019,2,2,16,30,-3.5,357,35,69,0.8,229,0.6000000000000001
2019,2,2,17,30,-3.9000000000000004,0,0,0,0.8,232,0.5
2019,2,2,18,30,-4,0,0,0,0.8,237,0.5
2019,2,2,19,30,-3.9000000000000004,0,0,0,0.71,243,0.5
2019,2,2,20,30,-4,0,0,0,0.71,247,0.4
2019,2,2,21,30,-4.5,0,0,0,0.71,250,0.4
2019,2,2,22,30,-5.1000000000000005,0,0,0,0.71,253,0.30000000000000004
2019,2,2,23,30,-5.6000000000000005,0,0,0,0.71,255,0.30000000000000004
2019,2,3,0,30,-5.9,0,0,0,0.71,256,0.30000000000000004
2019,2,3,1,30,-6,0,0,0,0.71,258,0.4
2019,2,3,2,30,-5.800000000000001,0,0,0,0.71,264,0.5
2019,2,3,3,30,-5.7,0,0,0,0.71,275,0.6000000000000001
2019,2,3,4,30,-5.6000000000000005,0,0,0,0.71,288,0.6000000000000001
2019,2,3,5,30,-5.2,0,0,0,0.71,299,0.7000000000000001
2019,2,3,6,30,-4.3,0,0,0,0.71,303,0.6000000000000001
2019,2,3,7,30,-2.5,228,32,49,0.71,292,0.30000000000000004
2019,2,3,8,30,-0.1,360,68,153,0.71,247,0.1
2019,2,3,9,30,2.2,0,142,142,0.71,209,0.2
2019,2,3,10,30,4,2,229,230,0.71,207,0.30000000000000004
2019,2,3,11,30,5.1000000000000005,2,251,252,0.71,206,0.4
2019,2,3,12,30,5.7,92,364,412,0.71,201,0.4
2019,2,3,13,30,5.7,58,297,325,0.71,193,0.4
2019,2,3,14,30,4.9,684,114,378,0.71,182,0.30000000000000004
2019,2,3,15,30,2.7,591,78,230,0.71,177,0.30000000000000004
2019,2,3,16,30,1,309,39,70,0.71,181,0.30000000000000004
2019,2,3,17,30,0.7000000000000001,0,0,0,0.71,188,0.4
2019,2,3,18,30,0.7000000000000001,0,0,0,0.71,195,0.4
2019,2,3,19,30,0.6000000000000001,0,0,0,0.65,201,0.4
2019,2,3,20,30,0.5,0,0,0,0.65,207,0.4
2019,2,3,21,30,0.4,0,0,0,0.65,211,0.4
2019,2,3,22,30,0.30000000000000004,0,0,0,0.65,214,0.4
2019,2,3,23,30,0.30000000000000004,0,0,0,0.65,216,0.4
2019,2,4,0,30,0.30000000000000004,0,0,0,0.65,218,0.4
2019,2,4,1,30,0.30000000000000004,0,0,0,0.65,218,0.4
2019,2,4,2,30,0.30000000000000004,0,0,0,0.65,218,0.4
2019,2,4,3,30,0.2,0,0,0,0.65,220,0.30000000000000004
2019,2,4,4,30,0.2,0,0,0,0.65,224,0.30000000000000004
2019,2,4,5,30,0.1,0,0,0,0.65,227,0.30000000000000004
2019,2,4,6,30,0.30000000000000004,0,0,0,0.65,229,0.30000000000000004
2019,2,4,7,30,1.3,297,31,54,0.65,231,0.30000000000000004
2019,2,4,8,30,3.2,631,62,213,0.65,230,0.30000000000000004
2019,2,4,9,30,5.6000000000000005,642,109,349,0.65,225,0.30000000000000004
2019,2,4,10,30,8,744,124,474,0.65,219,0.4
2019,2,4,11,30,9.600000000000001,883,89,550,0.65,210,0.4
2019,2,4,12,30,10.4,887,88,554,0.65,200,0.4
2019,2,4,13,30,10.3,866,83,499,0.65,194,0.4
2019,2,4,14,30,8.700000000000001,811,74,390,0.65,191,0.30000000000000004
2019,2,4,15,30,5.4,703,57,241,0.65,193,0.30000000000000004
2019,2,4,16,30,2.5,438,33,78,0.65,197,0.30000000000000004
2019,2,4,17,30,1.8,0,0,0,0.65,198,0.30000000000000004
2019,2,4,18,30,1.9000000000000001,0,0,0,0.65,198,0.30000000000000004
2019,2,4,19,30,1.7000000000000002,0,0,0,0.14,198,0.30000000000000004
2019,2,4,20,30,1.4000000000000001,0,0,0,0.14,199,0.30000000000000004
2019,2,4,21,30,1.1,0,0,0,0.14,201,0.30000000000000004
2019,2,4,22,30,0.8,0,0,0,0.14,203,0.30000000000000004
2019,2,4,23,30,0.6000000000000001,0,0,0,0.14,202,0.30000000000000004
2019,2,5,0,30,0.6000000000000001,0,0,0,0.14,201,0.30000000000000004
2019,2,5,1,30,1,0,0,0,0.14,203,0.30000000000000004
2019,2,5,2,30,1.4000000000000001,0,0,0,0.14,210,0.30000000000000004
2019,2,5,3,30,1.5,0,0,0,0.14,216,0.30000000000000004
2019,2,5,4,30,1.5,0,0,0,0.14,221,0.30000000000000004
2019,2,5,5,30,1.4000000000000001,0,0,0,0.14,222,0.30000000000000004
2019,2,5,6,30,1.5,0,0,0,0.14,221,0.30000000000000004
2019,2,5,7,30,2.2,0,5,5,0.14,224,0.30000000000000004
2019,2,5,8,30,3.8000000000000003,2,50,50,0.14,230,0.30000000000000004
2019,2,5,9,30,6.2,16,170,176,0.14,236,0.4
2019,2,5,10,30,8.9,97,254,300,0.14,240,0.4
2019,2,5,11,30,11.3,387,228,432,0.14,244,0.4
2019,2,5,12,30,13.100000000000001,870,80,541,0.14,250,0.4
2019,2,5,13,30,13.8,850,79,491,0.14,261,0.4
2019,2,5,14,30,13.100000000000001,785,74,384,0.14,278,0.30000000000000004
2019,2,5,15,30,11,661,62,237,0.14,296,0.30000000000000004
2019,2,5,16,30,8.9,397,36,78,0.14,313,0.5
2019,2,5,17,30,7.1000000000000005,0,0,0,0.14,322,0.5
2019,2,5,18,30,5,0,0,0,0.14,320,0.5
2019,2,5,19,30,3.2,0,0,0,0.14,315,0.5
2019,2,5,20,30,1.8,0,0,0,0.14,315,0.5
2019,2,5,21,30,0.6000000000000001,0,0,0,0.14,317,0.4
2019,2,5,22,30,-0.4,0,0,0,0.14,320,0.4
2019,2,5,23,30,-0.9,0,0,0,0.14,327,0.30000000000000004
2019,2,6,0,30,-1.2000000000000002,0,0,0,0.14,336,0.30000000000000004
2019,2,6,1,30,-1.8,0,0,0,0.14,346,0.30000000000000004
2019,2,6,2,30,-2.5,0,0,0,0.14,176,0.30000000000000004
2019,2,6,3,30,-2.9000000000000004,0,0,0,0.14,6,0.30000000000000004
2019,2,6,4,30,-3.1,0,0,0,0.14,13,0.30000000000000004
2019,2,6,5,30,-3.2,0,0,0,0.14,15,0.30000000000000004
2019,2,6,6,30,-2.5,0,0,0,0.14,15,0.30000000000000004
2019,2,6,7,30,-1,262,33,55,0.14,24,0.4
2019,2,6,8,30,0.9,742,47,231,0.14,46,0.4
2019,2,6,9,30,2.8000000000000003,861,58,387,0.14,72,0.4
2019,2,6,10,30,4.2,917,65,504,0.14,101,0.4
2019,2,6,11,30,5.2,936,67,564,0.14,127,0.4
2019,2,6,12,30,5.7,384,220,425,0.14,145,0.4
2019,2,6,13,30,5.6000000000000005,204,237,337,0.14,150,0.4
2019,2,6,14,30,4.7,212,191,276,0.14,145,0.30000000000000004
2019,2,6,15,30,3,88,133,157,0.14,142,0.30000000000000004
2019,2,6,16,30,1.8,0,19,19,0.14,142,0.30000000000000004
2019,2,6,17,30,1.7000000000000002,0,0,0,0.14,140,0.4
2019,2,6,18,30,1.6,0,0,0,0.14,135,0.5
2019,2,6,19,30,1.3,0,0,0,0.14,130,0.5
2019,2,6,20,30,1.1,0,0,0,0.14,131,0.4
2019,2,6,21,30,1,0,0,0,0.14,129,0.30000000000000004
2019,2,6,22,30,0.9,0,0,0,0.14,114,0.2
2019,2,6,23,30,0.9,0,0,0,0.14,96,0.30000000000000004
2019,2,7,0,30,0.9,0,0,0,0.14,84,0.30000000000000004
2019,2,7,1,30,0.9,0,0,0,0.14,77,0.30000000000000004
2019,2,7,2,30,0.9,0,0,0,0.14,72,0.30000000000000004
2019,2,7,3,30,0.9,0,0,0,0.14,64,0.30000000000000004
2019,2,7,4,30,0.9,0,0,0,0.14,55,0.4
2019,2,7,5,30,0.8,0,0,0,0.14,46,0.4
2019,2,7,6,30,0.8,0,0,0,0.14,39,0.4
2019,2,7,7,30,1,52,23,28,0.14,40,0.4
2019,2,7,8,30,1.6,312,51,129,0.14,48,0.4
2019,2,7,9,30,2.4000000000000004,52,116,136,0.14,54,0.5
2019,2,7,10,30,3.1,0,117,117,0.14,58,0.5
2019,2,7,11,30,3.5,3,137,139,0.14,61,0.5
2019,2,7,12,30,3.8000000000000003,5,151,154,0.14,63,0.5
2019,2,7,13,30,3.8000000000000003,0,85,85,0.14,64,0.4
2019,2,7,14,30,3.5,0,72,72,0.14,62,0.4
2019,2,7,15,30,3,261,32,104,0.14,56,0.30000000000000004
2019,2,7,16,30,2.4000000000000004,0,19,19,0.14,50,0.30000000000000004
2019,2,7,17,30,2.1,0,0,0,0.14,51,0.30000000000000004
2019,2,7,18,30,1.9000000000000001,0,0,0,0.14,54,0.30000000000000004
2019,2,7,19,30,1.7000000000000002,0,0,0,0.14,58,0.30000000000000004
2019,2,7,20,30,1.5,0,0,0,0.14,62,0.2
2019,2,7,21,30,1.3,0,0,0,0.14,68,0.2
2019,2,7,22,30,1.3,0,0,0,0.14,82,0.2
2019,2,7,23,30,1.3,0,0,0,0.14,99,0.2
2019,2,8,0,30,1.3,0,0,0,0.14,115,0.2
2019,2,8,1,30,1.3,0,0,0,0.14,146,0.2
2019,2,8,2,30,1.4000000000000001,0,0,0,0.14,178,0.30000000000000004
2019,2,8,3,30,1.5,0,0,0,0.14,185,0.30000000000000004
2019,2,8,4,30,1.7000000000000002,0,0,0,0.14,183,0.4
2019,2,8,5,30,1.7000000000000002,0,0,0,0.14,189,0.4
2019,2,8,6,30,2,0,0,0,0.14,209,0.4
2019,2,8,7,30,2.7,0,6,6,0.14,228,0.4
2019,2,8,8,30,3.7,0,9,9,0.14,233,0.5
2019,2,8,9,30,5.1000000000000005,0,56,56,0.14,231,0.6000000000000001
2019,2,8,10,30,6.9,0,22,22,0.14,232,0.7000000000000001
2019,2,8,11,30,8.5,13,65,72,0.14,243,0.8
2019,2,8,12,30,9.3,490,197,463,0.14,266,1
2019,2,8,13,30,8.4,921,68,527,0.14,281,1.1
2019,2,8,14,30,6.5,760,85,395,0.14,287,1.1
2019,2,8,15,30,4.2,705,65,261,0.14,291,1
2019,2,8,16,30,1.8,466,37,92,0.14,295,0.9
2019,2,8,17,30,-0.2,0,0,0,0.14,296,0.9
2019,2,8,18,30,-1.6,0,0,0,0.14,295,0.9
2019,2,8,19,30,-2.5,0,0,0,0.14,292,0.9
2019,2,8,20,30,-3.1,0,0,0,0.14,289,0.9
2019,2,8,21,30,-3.5,0,0,0,0.14,287,0.9
2019,2,8,22,30,-3.9000000000000004,0,0,0,0.14,285,0.9
2019,2,8,23,30,-4,0,0,0,0.14,284,0.9
2019,2,9,0,30,-4,0,0,0,0.14,287,1
2019,2,9,1,30,-4.3,0,0,0,0.14,292,1.1
2019,2,9,2,30,-4.9,0,0,0,0.14,295,1.1
2019,2,9,3,30,-5.4,0,0,0,0.14,296,1.1
2019,2,9,4,30,-5.7,0,0,0,0.14,296,1.1
2019,2,9,5,30,-5.800000000000001,0,0,0,0.14,297,1.1
2019,2,9,6,30,-5.800000000000001,0,0,0,0.14,300,1.2000000000000002
2019,2,9,7,30,-5.5,458,33,77,0.14,302,1.2000000000000002
2019,2,9,8,30,-4.800000000000001,490,92,219,0.14,303,1.2000000000000002
2019,2,9,9,30,-3.9000000000000004,586,136,367,0.14,304,1.2000000000000002
2019,2,9,10,30,-3.1,901,84,527,0.14,305,1.2000000000000002
2019,2,9,11,30,-2.3000000000000003,984,68,604,0.14,306,1.2000000000000002
2019,2,9,12,30,-1.7000000000000002,989,67,609,0.14,307,1.1
2019,2,9,13,30,-1.5,974,62,552,0.14,309,1
2019,2,9,14,30,-1.8,931,54,438,0.14,310,0.9
2019,2,9,15,30,-2.7,834,45,281,0.14,310,0.8
2019,2,9,16,30,-3.8000000000000003,603,31,105,0.14,308,0.6000000000000001
2019,2,9,17,30,-4.800000000000001,0,0,0,0.14,304,0.5
2019,2,9,18,30,-5.5,0,0,0,0.14,299,0.5
2019,2,9,19,30,-6.2,0,0,0,0.14,293,0.5
2019,2,9,20,30,-6.9,0,0,0,0.14,289,0.5
2019,2,9,21,30,-7.4,0,0,0,0.14,288,0.5
2019,2,9,22,30,-7.800000000000001,0,0,0,0.14,289,0.5
2019,2,9,23,30,-8.200000000000001,0,0,0,0.14,290,0.5
2019,2,10,0,30,-8.5,0,0,0,0.14,293,0.4
2019,2,10,1,30,-8.8,0,0,0,0.14,294,0.4
2019,2,10,2,30,-9.1,0,0,0,0.14,292,0.30000000000000004
2019,2,10,3,30,-9.200000000000001,0,0,0,0.14,290,0.30000000000000004
2019,2,10,4,30,-9.3,0,0,0,0.14,287,0.30000000000000004
2019,2,10,5,30,-9.3,0,0,0,0.14,283,0.30000000000000004
2019,2,10,6,30,-8.6,0,0,0,0.14,280,0.4
2019,2,10,7,30,-6.6000000000000005,298,37,67,0.14,291,0.5
2019,2,10,8,30,-4.6000000000000005,319,120,204,0.14,301,0.5
2019,2,10,9,30,-3.1,563,130,355,0.14,298,0.6000000000000001
2019,2,10,10,30,-1.8,926,70,530,0.14,292,0.6000000000000001
2019,2,10,11,30,-0.9,950,72,594,0.14,286,0.6000000000000001
2019,2,10,12,30,-0.4,394,235,453,0.14,285,0.6000000000000001
2019,2,10,13,30,-0.4,268,249,385,0.14,286,0.6000000000000001
2019,2,10,14,30,-0.8,596,126,375,0.14,291,0.6000000000000001
2019,2,10,15,30,-1.7000000000000002,38,132,143,0.14,296,0.4
2019,2,10,16,30,-3.2,5,59,60,0.14,298,0.30000000000000004
2019,2,10,17,30,-4.1000000000000005,0,0,0,0.14,298,0.30000000000000004
2019,2,10,18,30,-4,0,0,0,0.14,295,0.2
2019,2,10,19,30,-4,0,0,0,0.14,289,0.2
2019,2,10,20,30,-4,0,0,0,0.14,281,0.2
2019,2,10,21,30,-4,0,0,0,0.14,281,0.2
2019,2,10,22,30,-4.2,0,0,0,0.14,291,0.2
2019,2,10,23,30,-4.4,0,0,0,0.14,303,0.2
2019,2,11,0,30,-4.7,0,0,0,0.14,316,0.2
2019,2,11,1,30,-4.800000000000001,0,0,0,0.14,330,0.2
2019,2,11,2,30,-5,0,0,0,0.14,344,0.2
2019,2,11,3,30,-5.1000000000000005,0,0,0,0.14,355,0.2
2019,2,11,4,30,-5.2,0,0,0,0.14,182,0.2
2019,2,11,5,30,-5.4,0,0,0,0.14,10,0.2
2019,2,11,6,30,-5.2,0,0,0,0.14,16,0.30000000000000004
2019,2,11,7,30,-4.2,0,18,18,0.14,21,0.30000000000000004
2019,2,11,8,30,-3.1,2,58,59,0.14,23,0.4
2019,2,11,9,30,-2.2,6,128,130,0.14,18,0.4
2019,2,11,10,30,-1.3,2,144,145,0.14,12,0.4
2019,2,11,11,30,-0.30000000000000004,32,273,291,0.14,5,0.4
2019,2,11,12,30,0.5,32,277,295,0.14,176,0.4
2019,2,11,13,30,0.8,228,257,374,0.14,351,0.4
2019,2,11,14,30,0.7000000000000001,287,205,326,0.14,352,0.30000000000000004
2019,2,11,15,30,-0.2,595,84,257,0.14,354,0.2
2019,2,11,16,30,-1.9000000000000001,384,48,98,0.14,178,0.2
2019,2,11,17,30,-3.2,0,0,0,0.14,4,0.30000000000000004
2019,2,11,18,30,-3.9000000000000004,0,0,0,0.14,9,0.30000000000000004
2019,2,11,19,30,-4.4,0,0,0,0.8,12,0.4
2019,2,11,20,30,-4.800000000000001,0,0,0,0.8,16,0.4
2019,2,11,21,30,-5.300000000000001,0,0,0,0.8,18,0.4
2019,2,11,22,30,-5.7,0,0,0,0.8,19,0.4
2019,2,11,23,30,-6.300000000000001,0,0,0,0.8,22,0.4
2019,2,12,0,30,-7.2,0,0,0,0.8,22,0.4
2019,2,12,1,30,-7.9,0,0,0,0.8,18,0.4
2019,2,12,2,30,-8.200000000000001,0,0,0,0.8,20,0.5
2019,2,12,3,30,-8.700000000000001,0,0,0,0.8,28,0.5
2019,2,12,4,30,-9.3,0,0,0,0.8,33,0.5
2019,2,12,5,30,-9.600000000000001,0,0,0,0.8,39,0.5
2019,2,12,6,30,-9.5,0,0,0,0.8,51,0.5
2019,2,12,7,30,-8.9,4,49,49,0.8,64,0.5
2019,2,12,8,30,-8.1,5,85,86,0.8,81,0.5
2019,2,12,9,30,-7.2,17,150,157,0.8,90,0.5
2019,2,12,10,30,-6.4,0,95,95,0.8,88,0.6000000000000001
2019,2,12,11,30,-5.7,0,51,51,0.8,86,0.6000000000000001
2019,2,12,12,30,-5.2,0,49,49,0.8,86,0.6000000000000001
2019,2,12,13,30,-4.800000000000001,0,24,24,0.8,84,0.6000000000000001
2019,2,12,14,30,-4.4,0,22,22,0.8,84,0.5
2019,2,12,15,30,-4.2,0,46,46,0.8,87,0.6000000000000001
2019,2,12,16,30,-3.9000000000000004,0,30,30,0.8,93,0.7000000000000001
2019,2,12,17,30,-3.5,0,0,0,0.8,98,0.7000000000000001
2019,2,12,18,30,-3,0,0,0,0.8,100,0.8
2019,2,12,19,30,-2.5,0,0,0,0.66,101,0.8
2019,2,12,20,30,-2,0,0,0,0.66,100,0.7000000000000001
2019,2,12,21,30,-1.6,0,0,0,0.66,100,0.7000000000000001
2019,2,12,22,30,-1,0,0,0,0.66,102,0.7000000000000001
2019,2,12,23,30,-0.5,0,0,0,0.66,105,0.6000000000000001
2019,2,13,0,30,-0.1,0,0,0,0.66,97,0.5
2019,2,13,1,30,0.30000000000000004,0,0,0,0.66,56,0.30000000000000004
2019,2,13,2,30,0.4,0,0,0,0.66,13,0.2
2019,2,13,3,30,0.30000000000000004,0,0,0,0.66,174,0.30000000000000004
2019,2,13,4,30,0.1,0,0,0,0.66,335,0.2
2019,2,13,5,30,-0.4,0,0,0,0.66,307,0.30000000000000004
2019,2,13,6,30,-0.5,0,0,0,0.66,280,0.30000000000000004
2019,2,13,7,30,0.1,0,34,34,0.66,265,0.4
2019,2,13,8,30,0.8,48,57,70,0.66,260,0.6000000000000001
2019,2,13,9,30,1.2000000000000002,10,127,131,0.66,263,0.7000000000000001
2019,2,13,10,30,1.7000000000000002,867,111,554,0.66,268,0.7000000000000001
2019,2,13,11,30,2,906,109,619,0.66,268,0.7000000000000001
2019,2,13,12,30,2.1,163,288,380,0.66,263,0.7000000000000001
2019,2,13,13,30,1.9000000000000001,57,240,270,0.66,257,0.7000000000000001
2019,2,13,14,30,1.6,6,147,150,0.66,251,0.7000000000000001
2019,2,13,15,30,1,0,81,81,0.66,246,0.6000000000000001
2019,2,13,16,30,0.30000000000000004,1,52,52,0.66,247,0.6000000000000001
2019,2,13,17,30,-0.30000000000000004,0,0,0,0.66,251,0.7000000000000001
2019,2,13,18,30,-0.8,0,0,0,0.66,258,0.7000000000000001
2019,2,13,19,30,-1.5,0,0,0,0.72,262,0.7000000000000001
2019,2,13,20,30,-2.1,0,0,0,0.72,263,0.7000000000000001
2019,2,13,21,30,-2.7,0,0,0,0.72,260,0.7000000000000001
2019,2,13,22,30,-3.1,0,0,0,0.72,256,0.7000000000000001
2019,2,13,23,30,-3.4000000000000004,0,0,0,0.72,254,0.7000000000000001
2019,2,14,0,30,-3.6,0,0,0,0.72,254,0.7000000000000001
2019,2,14,1,30,-3.8000000000000003,0,0,0,0.72,255,0.7000000000000001
2019,2,14,2,30,-3.9000000000000004,0,0,0,0.72,257,0.7000000000000001
2019,2,14,3,30,-3.9000000000000004,0,0,0,0.72,260,0.7000000000000001
2019,2,14,4,30,-3.8000000000000003,0,0,0,0.72,263,0.7000000000000001
2019,2,14,5,30,-3.9000000000000004,0,0,0,0.72,266,0.7000000000000001
2019,2,14,6,30,-3.7,0,0,0,0.72,269,0.7000000000000001
2019,2,14,7,30,-3,345,47,87,0.72,274,0.7000000000000001
2019,2,14,8,30,-2,253,159,230,0.72,282,0.8
2019,2,14,9,30,-1.1,750,117,430,0.72,288,0.8
2019,2,14,10,30,-0.2,918,93,566,0.72,290,0.8
2019,2,14,11,30,0.5,940,99,633,0.72,290,0.8
2019,2,14,12,30,1.1,938,99,635,0.72,287,0.7000000000000001
2019,2,14,13,30,1.4000000000000001,915,91,573,0.72,284,0.6000000000000001
2019,2,14,14,30,1.4000000000000001,857,83,456,0.72,283,0.5
2019,2,14,15,30,0.5,743,68,294,0.72,277,0.4
2019,2,14,16,30,-0.9,495,44,115,0.72,263,0.6000000000000001
2019,2,14,17,30,-1.5,0,0,0,0.72,235,0.9
2019,2,14,18,30,-2.3000000000000003,0,0,0,0.72,202,0.9
2019,2,14,19,30,-3.3000000000000003,0,0,0,0.65,184,0.8
2019,2,14,20,30,-3.9000000000000004,0,0,0,0.65,178,0.6000000000000001
2019,2,14,21,30,-3.6,0,0,0,0.65,178,0.4
2019,2,14,22,30,-2.7,0,0,0,0.65,179,0.30000000000000004
2019,2,14,23,30,-1.7000000000000002,0,0,0,0.65,176,0.30000000000000004
2019,2,15,0,30,-1,0,0,0,0.65,169,0.4
2019,2,15,1,30,-0.5,0,0,0,0.65,161,0.4
2019,2,15,2,30,-0.1,0,0,0,0.65,149,0.5
2019,2,15,3,30,0.30000000000000004,0,0,0,0.65,135,0.5
2019,2,15,4,30,0.4,0,0,0,0.65,125,0.6000000000000001
2019,2,15,5,30,0.5,0,0,0,0.65,119,0.6000000000000001
2019,2,15,6,30,0.7000000000000001,0,0,0,0.65,119,0.5
2019,2,15,7,30,1.2000000000000002,0,32,32,0.65,127,0.5
2019,2,15,8,30,1.9000000000000001,25,154,161,0.65,138,0.5
2019,2,15,9,30,2.9000000000000004,120,266,317,0.65,148,0.5
2019,2,15,10,30,4.2,23,280,292,0.65,159,0.5
2019,2,15,11,30,5.6000000000000005,11,275,281,0.65,169,0.5
2019,2,15,12,30,6.800000000000001,0,187,187,0.65,176,0.6000000000000001
2019,2,15,13,30,7.300000000000001,0,145,145,0.65,179,0.7000000000000001
2019,2,15,14,30,7.1000000000000005,8,161,165,0.65,181,0.7000000000000001
2019,2,15,15,30,6.300000000000001,18,139,145,0.65,183,0.7000000000000001
2019,2,15,16,30,5.4,49,63,70,0.65,187,0.6000000000000001
2019,2,15,17,30,4.9,0,0,0,0.65,194,0.6000000000000001
2019,2,15,18,30,4.800000000000001,0,0,0,0.65,208,0.6000000000000001
2019,2,15,19,30,4.7,0,0,0,0.66,237,0.5
2019,2,15,20,30,4.2,0,0,0,0.66,275,0.4
2019,2,15,21,30,3.2,0,0,0,0.66,302,0.4
2019,2,15,22,30,2.2,0,0,0,0.66,316,0.4
2019,2,15,23,30,1.2000000000000002,0,0,0,0.66,321,0.4
2019,2,16,0,30,0.2,0,0,0,0.66,321,0.4
2019,2,16,1,30,-0.8,0,0,0,0.66,318,0.30000000000000004
2019,2,16,2,30,-1.8,0,0,0,0.66,314,0.30000000000000004
2019,2,16,3,30,-2.8000000000000003,0,0,0,0.66,310,0.4
2019,2,16,4,30,-3.6,0,0,0,0.66,306,0.4
2019,2,16,5,30,-3.8000000000000003,0,0,0,0.66,304,0.4
2019,2,16,6,30,-3.1,0,0,0,0.66,303,0.5
2019,2,16,7,30,-1.7000000000000002,167,57,78,0.66,308,0.6000000000000001
2019,2,16,8,30,-0.4,746,68,285,0.66,314,0.7000000000000001
2019,2,16,9,30,0.8,849,89,452,0.66,314,0.8
2019,2,16,10,30,1.6,790,144,559,0.66,310,0.8
2019,2,16,11,30,2.1,810,159,627,0.66,305,0.8
2019,2,16,12,30,2.1,622,226,588,0.66,305,0.8
2019,2,16,13,30,2,909,99,586,0.66,308,0.8
2019,2,16,14,30,1.5,858,89,470,0.66,312,0.8
2019,2,16,15,30,0.30000000000000004,770,71,312,0.66,316,0.7000000000000001
2019,2,16,16,30,-1.2000000000000002,565,44,130,0.66,317,0.7000000000000001
2019,2,16,17,30,-2.4000000000000004,27,3,2,0.66,319,0.6000000000000001
2019,2,16,18,30,-3.2,0,0,0,0.66,323,0.6000000000000001
2019,2,16,19,30,-3.8000000000000003,0,0,0,0.77,328,0.6000000000000001
2019,2,16,20,30,-4.3,0,0,0,0.77,329,0.6000000000000001
2019,2,16,21,30,-4.7,0,0,0,0.77,329,0.6000000000000001
2019,2,16,22,30,-4.9,0,0,0,0.77,331,0.6000000000000001
2019,2,16,23,30,-5.300000000000001,0,0,0,0.77,335,0.6000000000000001
2019,2,17,0,30,-5.7,0,0,0,0.77,335,0.6000000000000001
2019,2,17,1,30,-6.1000000000000005,0,0,0,0.77,335,0.6000000000000001
2019,2,17,2,30,-6.6000000000000005,0,0,0,0.77,340,0.6000000000000001
2019,2,17,3,30,-7.1000000000000005,0,0,0,0.77,345,0.6000000000000001
2019,2,17,4,30,-7.6000000000000005,0,0,0,0.77,343,0.5
2019,2,17,5,30,-8.1,0,0,0,0.77,342,0.5
2019,2,17,6,30,-7.800000000000001,0,0,0,0.77,347,0.5
2019,2,17,7,30,-6.2,594,37,114,0.77,175,0.5
2019,2,17,8,30,-4,828,59,303,0.77,1,0.5
2019,2,17,9,30,-2.1,924,74,473,0.77,3,0.4
2019,2,17,10,30,-0.2,968,86,599,0.77,176,0.30000000000000004
2019,2,17,11,30,1.2000000000000002,988,92,668,0.77,319,0.2
2019,2,17,12,30,1.6,965,98,664,0.77,279,0.2
2019,2,17,13,30,1.5,820,141,585,0.77,258,0.2
2019,2,17,14,30,1.5,882,88,484,0.77,248,0.2
2019,2,17,15,30,0.7000000000000001,603,108,300,0.77,235,0.2
2019,2,17,16,30,-0.7000000000000001,555,45,131,0.77,221,0.4
2019,2,17,17,30,-1.9000000000000001,12,2,2,0.77,209,0.6000000000000001
2019,2,17,18,30,-2.4000000000000004,0,0,0,0.77,186,0.6000000000000001
2019,2,17,19,30,-2.6,0,0,0,0.72,164,0.5
2019,2,17,20,30,-2.9000000000000004,0,0,0,0.72,162,0.30000000000000004
2019,2,17,21,30,-2.8000000000000003,0,0,0,0.72,184,0.30000000000000004
2019,2,17,22,30,-2.6,0,0,0,0.72,175,0.30000000000000004
2019,2,17,23,30,-2.8000000000000003,0,0,0,0.72,154,0.2
2019,2,18,0,30,-3,0,0,0,0.72,142,0.2
2019,2,18,1,30,-3.1,0,0,0,0.72,121,0.2
2019,2,18,2,30,-3,0,0,0,0.72,110,0.2
2019,2,18,3,30,-2.9000000000000004,0,0,0,0.72,110,0.30000000000000004
2019,2,18,4,30,-2.7,0,0,0,0.72,108,0.30000000000000004
2019,2,18,5,30,-2.7,0,0,0,0.72,99,0.30000000000000004
2019,2,18,6,30,-2.5,0,0,0,0.72,87,0.30000000000000004
2019,2,18,7,30,-2,0,37,37,0.72,79,0.30000000000000004
2019,2,18,8,30,-1.2000000000000002,1,74,74,0.72,79,0.30000000000000004
2019,2,18,9,30,-0.30000000000000004,14,200,206,0.72,85,0.30000000000000004
2019,2,18,10,30,0.6000000000000001,1,229,230,0.72,107,0.2
2019,2,18,11,30,1.2000000000000002,2,300,301,0.72,196,0.1
2019,2,18,12,30,1.4000000000000001,3,227,229,0.72,278,0.30000000000000004
2019,2,18,13,30,1.2000000000000002,0,205,205,0.72,296,0.4
2019,2,18,14,30,0.7000000000000001,40,283,301,0.72,312,0.5
2019,2,18,15,30,-0.2,0,74,74,0.72,319,0.6000000000000001
2019,2,18,16,30,-1.6,158,62,87,0.72,320,0.7000000000000001
2019,2,18,17,30,-2.9000000000000004,9,2,2,0.72,318,0.7000000000000001
2019,2,18,18,30,-4.1000000000000005,0,0,0,0.72,318,0.8
2019,2,18,19,30,-5.2,0,0,0,0.8,319,0.8
2019,2,18,20,30,-6.2,0,0,0,0.8,319,0.7000000000000001
2019,2,18,21,30,-7.1000000000000005,0,0,0,0.8,317,0.7000000000000001
2019,2,18,22,30,-8.1,0,0,0,0.8,314,0.6000000000000001
2019,2,18,23,30,-9,0,0,0,0.8,311,0.6000000000000001
2019,2,19,0,30,-9.8,0,0,0,0.8,311,0.6000000000000001
2019,2,19,1,30,-10.5,0,0,0,0.8,312,0.5
2019,2,19,2,30,-11.200000000000001,0,0,0,0.8,312,0.6000000000000001
2019,2,19,3,30,-11.9,0,0,0,0.8,313,0.6000000000000001
2019,2,19,4,30,-12.4,0,0,0,0.8,315,0.6000000000000001
2019,2,19,5,30,-12.700000000000001,0,0,0,0.8,318,0.6000000000000001
2019,2,19,6,30,-11.9,0,0,0,0.8,320,0.6000000000000001
2019,2,19,7,30,-9.5,112,72,88,0.8,320,0.6000000000000001
2019,2,19,8,30,-7.1000000000000005,194,185,244,0.8,319,0.6000000000000001
2019,2,19,9,30,-5.5,865,93,475,0.8,315,0.7000000000000001
2019,2,19,10,30,-4.1000000000000005,982,81,611,0.8,311,0.7000000000000001
2019,2,19,11,30,-3.3000000000000003,1003,85,680,0.8,309,0.7000000000000001
2019,2,19,12,30,-2.8000000000000003,1005,86,685,0.8,307,0.8
2019,2,19,13,30,-2.8000000000000003,988,81,625,0.8,307,0.8
2019,2,19,14,30,-3.3000000000000003,877,81,483,0.8,308,0.7000000000000001
2019,2,19,15,30,-4.3,683,100,323,0.8,309,0.6000000000000001
2019,2,19,16,30,-6.300000000000001,207,82,116,0.8,310,0.5
2019,2,19,17,30,-8.3,0,2,2,0.8,310,0.5
2019,2,19,18,30,-9.3,0,0,0,0.8,307,0.5
2019,2,19,19,30,-10,0,0,0,0.8,300,0.6000000000000001
2019,2,19,20,30,-10.4,0,0,0,0.8,296,0.6000000000000001
2019,2,19,21,30,-10.600000000000001,0,0,0,0.8,298,0.6000000000000001
2019,2,19,22,30,-10.8,0,0,0,0.8,303,0.6000000000000001
2019,2,19,23,30,-11.200000000000001,0,0,0,0.8,307,0.6000000000000001
2019,2,20,0,30,-11.700000000000001,0,0,0,0.8,306,0.6000000000000001
2019,2,20,1,30,-11.5,0,0,0,0.8,302,0.6000000000000001
2019,2,20,2,30,-10.700000000000001,0,0,0,0.8,295,0.5
2019,2,20,3,30,-10.3,0,0,0,0.8,285,0.5
2019,2,20,4,30,-10.200000000000001,0,0,0,0.8,284,0.5
2019,2,20,5,30,-9.9,0,0,0,0.8,293,0.4
2019,2,20,6,30,-9.200000000000001,0,0,0,0.8,300,0.4
2019,2,20,7,30,-7.7,3,63,63,0.8,305,0.2
2019,2,20,8,30,-5.9,8,135,137,0.8,207,0.1
2019,2,20,9,30,-4.4,30,256,269,0.8,121,0.1
2019,2,20,10,30,-3.7,114,365,427,0.8,161,0.2
2019,2,20,11,30,-3.5,58,374,409,0.8,185,0.2
2019,2,20,12,30,-3.3000000000000003,33,340,360,0.8,188,0.30000000000000004
2019,2,20,13,30,-2.9000000000000004,18,250,260,0.8,197,0.4
2019,2,20,14,30,-2.7,17,202,210,0.8,205,0.30000000000000004
2019,2,20,15,30,-3.2,2,98,99,0.8,196,0.2
2019,2,20,16,30,-4.3,0,42,42,0.8,172,0.2
2019,2,20,17,30,-5.1000000000000005,0,2,2,0.8,157,0.30000000000000004
2019,2,20,18,30,-5.300000000000001,0,0,0,0.8,156,0.30000000000000004
2019,2,20,19,30,-5.300000000000001,0,0,0,0.68,152,0.30000000000000004
2019,2,20,20,30,-5.300000000000001,0,0,0,0.68,151,0.30000000000000004
2019,2,20,21,30,-5.1000000000000005,0,0,0,0.68,144,0.30000000000000004
2019,2,20,22,30,-4.3,0,0,0,0.68,136,0.5
2019,2,20,23,30,-3.4000000000000004,0,0,0,0.68,133,0.5
2019,2,21,0,30,-2.6,0,0,0,0.68,129,0.5
2019,2,21,1,30,-1.8,0,0,0,0.68,135,0.6000000000000001
2019,2,21,2,30,-1,0,0,0,0.68,148,0.5
2019,2,21,3,30,-0.6000000000000001,0,0,0,0.68,167,0.30000000000000004
2019,2,21,4,30,-0.5,0,0,0,0.68,198,0.2
2019,2,21,5,30,-0.8,0,0,0,0.68,247,0.2
2019,2,21,6,30,-0.8,0,0,0,0.68,278,0.30000000000000004
2019,2,21,7,30,0,31,64,69,0.68,275,0.4
2019,2,21,8,30,0.8,13,171,175,0.68,271,0.4
2019,2,21,9,30,1.3,25,251,262,0.68,273,0.4
2019,2,21,10,30,2.2,359,322,520,0.68,279,0.5
2019,2,21,11,30,3.3000000000000003,121,435,508,0.68,284,0.6000000000000001
2019,2,21,12,30,4.1000000000000005,570,268,614,0.68,289,0.7000000000000001
2019,2,21,13,30,4.3,911,102,612,0.68,294,0.7000000000000001
2019,2,21,14,30,3.9000000000000004,866,92,497,0.68,297,0.7000000000000001
2019,2,21,15,30,3,766,77,334,0.68,296,0.6000000000000001
2019,2,21,16,30,1.6,556,52,148,0.68,296,0.5
2019,2,21,17,30,0.6000000000000001,49,6,6,0.68,299,0.5
2019,2,21,18,30,0.30000000000000004,0,0,0,0.68,302,0.6000000000000001
2019,2,21,19,30,0.30000000000000004,0,0,0,0.65,302,0.6000000000000001
2019,2,21,20,30,0.4,0,0,0,0.65,303,0.7000000000000001
2019,2,21,21,30,0.6000000000000001,0,0,0,0.65,305,0.7000000000000001
2019,2,21,22,30,0.5,0,0,0,0.65,306,0.6000000000000001
2019,2,21,23,30,0.4,0,0,0,0.65,302,0.6000000000000001
2019,2,22,0,30,0.30000000000000004,0,0,0,0.65,296,0.5
2019,2,22,1,30,0.1,0,0,0,0.65,294,0.5
2019,2,22,2,30,-0.2,0,0,0,0.65,297,0.4
2019,2,22,3,30,-0.7000000000000001,0,0,0,0.65,298,0.4
2019,2,22,4,30,-1.4000000000000001,0,0,0,0.65,296,0.30000000000000004
2019,2,22,5,30,-1.9000000000000001,0,0,0,0.65,294,0.30000000000000004
2019,2,22,6,30,-1.4000000000000001,0,1,1,0.65,297,0.30000000000000004
2019,2,22,7,30,0.1,2,54,54,0.65,305,0.4
2019,2,22,8,30,1.5,29,134,143,0.65,318,0.5
2019,2,22,9,30,2.2,124,313,370,0.65,328,0.5
2019,2,22,10,30,2.8000000000000003,10,308,314,0.65,326,0.5
2019,2,22,11,30,3.4000000000000004,62,388,426,0.65,319,0.5
2019,2,22,12,30,3.7,554,261,600,0.65,317,0.5
2019,2,22,13,30,3.5,646,204,569,0.65,320,0.5
2019,2,22,14,30,3,416,237,433,0.65,322,0.4
2019,2,22,15,30,1.9000000000000001,344,174,291,0.65,319,0.4
2019,2,22,16,30,0.1,21,98,102,0.65,314,0.30000000000000004
2019,2,22,17,30,-1.1,0,4,4,0.65,314,0.30000000000000004
2019,2,22,18,30,-1.6,0,0,0,0.65,315,0.30000000000000004
2019,2,22,19,30,-2,0,0,0,0.7000000000000001,315,0.30000000000000004
2019,2,22,20,30,-2.3000000000000003,0,0,0,0.7000000000000001,315,0.30000000000000004
2019,2,22,21,30,-2.3000000000000003,0,0,0,0.7000000000000001,316,0.4
2019,2,22,22,30,-2.4000000000000004,0,0,0,0.7000000000000001,321,0.4
2019,2,22,23,30,-2.8000000000000003,0,0,0,0.7000000000000001,328,0.5
2019,2,23,0,30,-3.2,0,0,0,0.7000000000000001,335,0.5
2019,2,23,1,30,-3.6,0,0,0,0.7000000000000001,339,0.5
2019,2,23,2,30,-3.8000000000000003,0,0,0,0.7000000000000001,341,0.5
2019,2,23,3,30,-4.2,0,0,0,0.7000000000000001,345,0.5
2019,2,23,4,30,-4.800000000000001,0,0,0,0.7000000000000001,354,0.4
2019,2,23,5,30,-5.300000000000001,0,0,0,0.7000000000000001,359,0.4
2019,2,23,6,30,-4.7,0,1,1,0.7000000000000001,359,0.4
2019,2,23,7,30,-2.5,15,85,87,0.7000000000000001,189,0.30000000000000004
2019,2,23,8,30,-0.2,274,179,268,0.7000000000000001,15,0.2
2019,2,23,9,30,1.6,298,265,403,0.7000000000000001,176,0.2
2019,2,23,10,30,2.9000000000000004,345,310,503,0.7000000000000001,318,0.1
2019,2,23,11,30,3.8000000000000003,184,376,489,0.7000000000000001,262,0.1
2019,2,23,12,30,4,136,373,457,0.7000000000000001,219,0.2
2019,2,23,13,30,3.6,101,329,387,0.7000000000000001,208,0.30000000000000004
2019,2,23,14,30,2.8000000000000003,61,272,301,0.7000000000000001,202,0.2
2019,2,23,15,30,1.4000000000000001,13,149,153,0.7000000000000001,191,0.2
2019,2,23,16,30,-0.4,3,64,65,0.7000000000000001,183,0.2
2019,2,23,17,30,-1.4000000000000001,0,4,4,0.7000000000000001,181,0.30000000000000004
2019,2,23,18,30,-1.7000000000000002,0,0,0,0.7000000000000001,177,0.30000000000000004
2019,2,23,19,30,-1.7000000000000002,0,0,0,0.65,172,0.30000000000000004
2019,2,23,20,30,-1.5,0,0,0,0.65,163,0.30000000000000004
2019,2,23,21,30,-1.5,0,0,0,0.65,148,0.30000000000000004
2019,2,23,22,30,-1.3,0,0,0,0.65,130,0.30000000000000004
2019,2,23,23,30,-0.9,0,0,0,0.65,118,0.30000000000000004
2019,2,24,0,30,-0.4,0,0,0,0.65,112,0.4
2019,2,24,1,30,-0.2,0,0,0,0.65,110,0.4
2019,2,24,2,30,0.1,0,0,0,0.65,107,0.4
2019,2,24,3,30,0.2,0,0,0,0.65,97,0.5
2019,2,24,4,30,0.4,0,0,0,0.65,86,0.5
2019,2,24,5,30,0.6000000000000001,0,0,0,0.65,82,0.6000000000000001
2019,2,24,6,30,0.8,0,1,1,0.65,83,0.6000000000000001
2019,2,24,7,30,1.1,0,31,31,0.65,81,0.6000000000000001
2019,2,24,8,30,1.5,1,86,86,0.65,84,0.6000000000000001
2019,2,24,9,30,1.9000000000000001,11,185,190,0.65,89,0.6000000000000001
2019,2,24,10,30,2.5,7,211,215,0.65,95,0.6000000000000001
2019,2,24,11,30,3.3000000000000003,31,300,319,0.65,108,0.6000000000000001
2019,2,24,12,30,3.9000000000000004,4,192,194,0.65,128,0.5
2019,2,24,13,30,4.3,89,195,246,0.65,156,0.4
2019,2,24,14,30,4.4,3,186,187,0.65,185,0.30000000000000004
2019,2,24,15,30,3.9000000000000004,357,110,234,0.65,211,0.4
2019,2,24,16,30,3.2,421,58,136,0.65,223,0.4
2019,2,24,17,30,3,35,8,8,0.65,228,0.4
2019,2,24,18,30,3.2,0,0,0,0.65,237,0.6000000000000001
2019,2,24,19,30,3.3000000000000003,0,0,0,0.67,250,0.8
2019,2,24,20,30,2.8000000000000003,0,0,0,0.67,259,0.8
2019,2,24,21,30,2.1,0,0,0,0.67,263,0.8
2019,2,24,22,30,1.5,0,0,0,0.67,260,0.8
2019,2,24,23,30,1.1,0,0,0,0.67,256,0.8
2019,2,25,0,30,0.8,0,0,0,0.67,253,0.8
2019,2,25,1,30,0.6000000000000001,0,0,0,0.67,252,0.8
2019,2,25,2,30,0.4,0,0,0,0.67,253,0.9
2019,2,25,3,30,0.1,0,0,0,0.67,256,0.9
2019,2,25,4,30,-0.4,0,0,0,0.67,257,0.9
2019,2,25,5,30,-0.9,0,0,0,0.67,256,0.9
2019,2,25,6,30,-0.9,0,2,2,0.67,258,1
2019,2,25,7,30,-0.6000000000000001,42,65,72,0.67,264,1.1
2019,2,25,8,30,-0.4,20,169,176,0.67,270,1.2000000000000002
2019,2,25,9,30,-0.5,17,271,279,0.67,274,1.3
2019,2,25,10,30,-0.7000000000000001,208,373,492,0.67,275,1.4000000000000001
2019,2,25,11,30,-0.7000000000000001,153,333,428,0.67,277,1.4000000000000001
2019,2,25,12,30,-0.7000000000000001,20,297,310,0.67,279,1.5
2019,2,25,13,30,-0.8,34,335,355,0.67,282,1.5
2019,2,25,14,30,-1.1,80,285,324,0.67,284,1.4000000000000001
2019,2,25,15,30,-1.7000000000000002,101,221,257,0.67,285,1.4000000000000001
2019,2,25,16,30,-2.4000000000000004,1,76,76,0.67,286,1.4000000000000001
2019,2,25,17,30,-3.1,0,6,6,0.67,287,1.4000000000000001
2019,2,25,18,30,-3.5,0,0,0,0.67,288,1.4000000000000001
2019,2,25,19,30,-4,0,0,0,0.8,290,1.3
2019,2,25,20,30,-4.4,0,0,0,0.8,292,1.3
2019,2,25,21,30,-4.7,0,0,0,0.8,294,1.2000000000000002
2019,2,25,22,30,-4.9,0,0,0,0.8,295,1.1
2019,2,25,23,30,-5.1000000000000005,0,0,0,0.8,296,1.1
2019,2,26,0,30,-5.300000000000001,0,0,0,0.8,296,1
2019,2,26,1,30,-5.5,0,0,0,0.8,295,1
2019,2,26,2,30,-5.7,0,0,0,0.8,294,0.9
2019,2,26,3,30,-6,0,0,0,0.8,294,0.9
2019,2,26,4,30,-6.2,0,0,0,0.8,295,0.9
2019,2,26,5,30,-6.5,0,0,0,0.8,297,0.8
2019,2,26,6,30,-6.6000000000000005,0,3,3,0.8,299,0.8
2019,2,26,7,30,-6.300000000000001,412,65,136,0.8,301,0.9
2019,2,26,8,30,-5.6000000000000005,833,65,348,0.8,301,0.9
2019,2,26,9,30,-4.9,924,78,519,0.8,301,0.9
2019,2,26,10,30,-4.2,969,86,644,0.8,299,1
2019,2,26,11,30,-3.7,990,90,712,0.8,297,1
2019,2,26,12,30,-3.5,984,95,716,0.8,296,1
2019,2,26,13,30,-3.9000000000000004,967,95,660,0.8,297,1.1
2019,2,26,14,30,-4.6000000000000005,930,84,540,0.8,298,1.1
2019,2,26,15,30,-5.6000000000000005,854,67,372,0.8,300,1
2019,2,26,16,30,-6.6000000000000005,685,46,178,0.8,303,0.9
2019,2,26,17,30,-7.4,145,12,14,0.8,305,0.9
2019,2,26,18,30,-7.9,0,0,0,0.8,306,0.8
2019,2,26,19,30,-8.4,0,0,0,0.8,306,0.7000000000000001
2019,2,26,20,30,-9.1,0,0,0,0.8,305,0.6000000000000001
2019,2,26,21,30,-9.700000000000001,0,0,0,0.8,305,0.6000000000000001
2019,2,26,22,30,-10,0,0,0,0.8,308,0.5
2019,2,26,23,30,-10.3,0,0,0,0.8,314,0.5
2019,2,27,0,30,-10.5,0,0,0,0.8,319,0.5
2019,2,27,1,30,-10.8,0,0,0,0.8,325,0.5
2019,2,27,2,30,-11.4,0,0,0,0.8,330,0.5
2019,2,27,3,30,-11.9,0,0,0,0.8,334,0.5
2019,2,27,4,30,-12.200000000000001,0,0,0,0.8,336,0.4
2019,2,27,5,30,-12.4,0,0,0,0.8,337,0.4
2019,2,27,6,30,-11.9,0,4,4,0.8,339,0.4
2019,2,27,7,30,-10.9,10,93,95,0.8,341,0.4
2019,2,27,8,30,-9.9,126,225,268,0.8,343,0.4
2019,2,27,9,30,-8.6,162,316,394,0.8,342,0.30000000000000004
2019,2,27,10,30,-7.2,330,355,547,0.8,336,0.30000000000000004
2019,2,27,11,30,-6,419,361,626,0.8,321,0.2
2019,2,27,12,30,-5.2,222,454,595,0.8,285,0.1
2019,2,27,13,30,-4.800000000000001,154,448,539,0.8,250,0.2
2019,2,27,14,30,-4.800000000000001,116,317,374,0.8,222,0.2
2019,2,27,15,30,-5.2,0,100,100,0.8,198,0.2
2019,2,27,16,30,-6,0,74,74,0.8,175,0.2
2019,2,27,17,30,-6.6000000000000005,0,6,6,0.8,149,0.2
2019,2,27,18,30,-6.9,0,0,0,0.8,137,0.2
2019,2,27,19,30,-7.1000000000000005,0,0,0,0.8,131,0.30000000000000004
2019,2,27,20,30,-7.2,0,0,0,0.8,121,0.30000000000000004
2019,2,27,21,30,-7.300000000000001,0,0,0,0.8,108,0.30000000000000004
2019,2,27,22,30,-7.4,0,0,0,0.8,106,0.30000000000000004
2019,2,27,23,30,-7.4,0,0,0,0.8,100,0.2
2019,2,28,0,30,-7.5,0,0,0,0.8,88,0.30000000000000004
2019,2,28,1,30,-7.6000000000000005,0,0,0,0.8,79,0.30000000000000004
2019,2,28,2,30,-7.7,0,0,0,0.8,66,0.30000000000000004
2019,2,28,3,30,-7.9,0,0,0,0.8,46,0.30000000000000004
2019,2,28,4,30,-8.1,0,0,0,0.8,27,0.30000000000000004
2019,2,28,5,30,-8.3,0,0,0,0.8,186,0.4
2019,2,28,6,30,-7.9,0,5,5,0.8,348,0.4
2019,2,28,7,30,-6.800000000000001,1,100,100,0.8,337,0.4
2019,2,28,8,30,-5.7,443,173,328,0.8,335,0.5
2019,2,28,9,30,-4.7,573,231,511,0.8,336,0.6000000000000001
2019,2,28,10,30,-3.7,802,182,652,0.8,338,0.6000000000000001
2019,2,28,11,30,-2.8000000000000003,881,164,727,0.8,339,0.6000000000000001
2019,2,28,12,30,-2.1,925,142,735,0.8,340,0.6000000000000001
2019,2,28,13,30,-1.7000000000000002,952,112,677,0.8,341,0.6000000000000001
2019,2,28,14,30,-1.8,914,97,554,0.8,345,0.5
2019,2,28,15,30,-2.6,830,78,381,0.8,349,0.4
2019,2,28,16,30,-4.800000000000001,662,52,185,0.8,348,0.4
2019,2,28,17,30,-7.1000000000000005,162,15,18,0.8,344,0.4
2019,2,28,18,30,-8,0,0,0,0.8,343,0.4
2019,2,28,19,30,7.7,0,0,0,0.15,149,0.30000000000000004
2019,2,28,20,30,7.5,0,0,0,0.15,154,0.30000000000000004
2019,2,28,21,30,7.2,0,0,0,0.15,157,0.30000000000000004
2019,2,28,22,30,7,0,0,0,0.15,158,0.30000000000000004
2019,2,28,23,30,7.1000000000000005,0,0,0,0.15,164,0.4
2017,3,1,0,30,7.300000000000001,0,0,0,0.15,175,0.4
2017,3,1,1,30,7.7,0,0,0,0.15,185,0.4
2017,3,1,2,30,8.1,0,0,0,0.15,191,0.4
2017,3,1,3,30,8.200000000000001,0,0,0,0.15,191,0.4
2017,3,1,4,30,8,0,0,0,0.15,183,0.30000000000000004
2017,3,1,5,30,7.9,0,0,0,0.15,178,0.30000000000000004
2017,3,1,6,30,8.4,0,0,0,0.15,180,0.4
2017,3,1,7,30,9.600000000000001,0,15,15,0.15,180,0.5
2017,3,1,8,30,10.700000000000001,0,59,59,0.15,185,0.5
2017,3,1,9,30,11.600000000000001,5,139,142,0.15,188,0.5
2017,3,1,10,30,12.100000000000001,1,98,99,0.15,178,0.5
2017,3,1,11,30,12.600000000000001,1,112,112,0.15,178,0.6000000000000001
2017,3,1,12,30,13.3,0,73,73,0.15,193,0.8
2017,3,1,13,30,14,40,255,279,0.15,205,0.9
2017,3,1,14,30,14.5,2,118,119,0.15,211,0.9
2017,3,1,15,30,14.9,13,128,133,0.15,214,0.8
2017,3,1,16,30,14.8,3,56,57,0.15,216,0.8
2017,3,1,17,30,14.8,0,6,6,0.15,219,0.8
2017,3,1,18,30,14.9,0,0,0,0.15,223,0.8
2017,3,1,19,30,14.8,0,0,0,0.15,225,0.7000000000000001
2017,3,1,20,30,14.200000000000001,0,0,0,0.15,221,0.6000000000000001
2017,3,1,21,30,13.600000000000001,0,0,0,0.15,216,0.6000000000000001
2017,3,1,22,30,13.200000000000001,0,0,0,0.15,213,0.7000000000000001
2017,3,1,23,30,13.100000000000001,0,0,0,0.15,214,0.8
2017,3,2,0,30,13.4,0,0,0,0.15,225,0.8
2017,3,2,1,30,13.3,0,0,0,0.15,252,0.9
2017,3,2,2,30,11.5,0,0,0,0.15,271,1.1
2017,3,2,3,30,8.700000000000001,0,0,0,0.15,275,1
2017,3,2,4,30,7,0,0,0,0.15,271,0.9
2017,3,2,5,30,6.300000000000001,0,0,0,0.15,268,0.9
2017,3,2,6,30,6,0,0,0,0.15,268,1
2017,3,2,7,30,5.1000000000000005,586,51,166,0.15,273,1.2000000000000002
2017,3,2,8,30,3.7,779,73,356,0.15,277,1.3
2017,3,2,9,30,2.7,39,270,289,0.15,282,1.3
2017,3,2,10,30,2,974,72,656,0.15,287,1.3
2017,3,2,11,30,1.6,1001,70,721,0.15,289,1.3
2017,3,2,12,30,1.4000000000000001,1000,71,724,0.15,291,1.3
2017,3,2,13,30,1.2000000000000002,1,230,230,0.15,293,1.3
2017,3,2,14,30,0.8,53,286,313,0.15,294,1.2000000000000002
2017,3,2,15,30,0.1,863,57,382,0.15,296,1.1
2017,3,2,16,30,-0.9,713,43,193,0.15,296,1
2017,3,2,17,30,-1.9000000000000001,288,13,22,0.15,296,0.9
2017,3,2,18,30,-2.5,0,0,0,0.15,295,0.8
2017,3,2,19,30,-3,0,0,0,0.15,295,0.8
2017,3,2,20,30,-3.4000000000000004,0,0,0,0.15,295,0.7000000000000001
2017,3,2,21,30,-3.6,0,0,0,0.15,295,0.7000000000000001
2017,3,2,22,30,-3.9000000000000004,0,0,0,0.15,293,0.6000000000000001
2017,3,2,23,30,-4.1000000000000005,0,0,0,0.15,291,0.6000000000000001
2017,3,3,0,30,-4.2,0,0,0,0.15,289,0.6000000000000001
2017,3,3,1,30,-4.3,0,0,0,0.15,287,0.5
2017,3,3,2,30,-4.4,0,0,0,0.15,285,0.5
2017,3,3,3,30,-4.5,0,0,0,0.15,285,0.5
2017,3,3,4,30,-4.6000000000000005,0,0,0,0.15,286,0.5
2017,3,3,5,30,-4.6000000000000005,0,0,0,0.15,287,0.5
2017,3,3,6,30,-3.9000000000000004,214,11,16,0.15,292,0.6000000000000001
2017,3,3,7,30,-2.9000000000000004,696,42,182,0.15,299,0.7000000000000001
2017,3,3,8,30,-1.9000000000000001,865,57,376,0.15,303,0.7000000000000001
2017,3,3,9,30,-1,946,64,543,0.15,304,0.7000000000000001
2017,3,3,10,30,-0.4,999,60,664,0.15,303,0.7000000000000001
2017,3,3,11,30,0.1,1015,63,729,0.15,300,0.6000000000000001
2017,3,3,12,30,0.5,1014,66,733,0.15,295,0.6000000000000001
2017,3,3,13,30,0.30000000000000004,981,74,673,0.15,290,0.6000000000000001
2017,3,3,14,30,-0.2,0,10,10,0.15,285,0.6000000000000001
2017,3,3,15,30,-0.8,54,183,203,0.15,276,0.5
2017,3,3,16,30,-1.8,4,64,65,0.15,264,0.4
2017,3,3,17,30,-2.6,1,13,13,0.15,260,0.4
2017,3,3,18,30,-2.7,0,0,0,0.15,276,0.6000000000000001
2017,3,3,19,30,-3.4000000000000004,0,0,0,0.15,295,0.9
2017,3,3,20,30,-5.1000000000000005,0,0,0,0.15,304,1
2017,3,3,21,30,-6.300000000000001,0,0,0,0.15,306,0.9
2017,3,3,22,30,-6.800000000000001,0,0,0,0.15,308,0.8
2017,3,3,23,30,-7.2,0,0,0,0.15,310,0.8
2017,3,4,0,30,-7.5,0,0,0,0.15,313,0.8
2017,3,4,1,30,-8,0,0,0,0.15,314,0.8
2017,3,4,2,30,-8.6,0,0,0,0.15,314,0.8
2017,3,4,3,30,-9.3,0,0,0,0.15,312,0.7000000000000001
2017,3,4,4,30,-10.100000000000001,0,0,0,0.15,309,0.6000000000000001
2017,3,4,5,30,-10.600000000000001,0,0,0,0.15,304,0.6000000000000001
2017,3,4,6,30,-10.5,303,12,19,0.15,300,0.6000000000000001
2017,3,4,7,30,-9.5,746,40,194,0.15,297,0.7000000000000001
2017,3,4,8,30,-8.4,893,58,392,0.15,297,0.8
2017,3,4,9,30,-7.7,965,69,563,0.15,300,0.9
2017,3,4,10,30,-7.300000000000001,294,354,533,0.15,304,1
2017,3,4,11,30,-7.1000000000000005,312,383,589,0.15,310,1.1
2017,3,4,12,30,-7.1000000000000005,1030,72,756,0.15,315,1.1
2017,3,4,13,30,-7,1019,66,693,0.15,318,1.1
2017,3,4,14,30,-7,985,60,572,0.15,321,1
2017,3,4,15,30,-7.4,915,52,403,0.15,322,0.9
2017,3,4,16,30,-8.3,769,39,207,0.15,322,0.8
2017,3,4,17,30,-9.200000000000001,363,14,28,0.15,322,0.8
2017,3,4,18,30,-9.9,0,0,0,0.15,322,0.8
2017,3,4,19,30,-10.5,0,0,0,0.15,323,0.8
2017,3,4,20,30,-11.100000000000001,0,0,0,0.15,322,0.8
2017,3,4,21,30,-11.700000000000001,0,0,0,0.15,322,0.8
2017,3,4,22,30,-12.3,0,0,0,0.15,321,0.8
2017,3,4,23,30,-12.8,0,0,0,0.15,321,0.7000000000000001
2017,3,5,0,30,-13.200000000000001,0,0,0,0.15,321,0.7000000000000001
2017,3,5,1,30,-13.600000000000001,0,0,0,0.15,322,0.7000000000000001
2017,3,5,2,30,-13.9,0,0,0,0.15,322,0.7000000000000001
2017,3,5,3,30,-14,0,0,0,0.15,323,0.7000000000000001
2017,3,5,4,30,-14.100000000000001,0,0,0,0.15,322,0.7000000000000001
2017,3,5,5,30,-14,0,0,0,0.15,323,0.7000000000000001
2017,3,5,6,30,-13.200000000000001,350,13,23,0.15,325,0.8
2017,3,5,7,30,-11.3,784,39,205,0.15,329,0.8
2017,3,5,8,30,-8.9,936,52,407,0.15,331,0.9
2017,3,5,9,30,-6.6000000000000005,1008,59,580,0.15,332,0.9
2017,3,5,10,30,-4.6000000000000005,1046,64,707,0.15,333,0.9
2017,3,5,11,30,-3,1062,66,774,0.15,333,0.8
2017,3,5,12,30,-2,1062,67,776,0.15,333,0.8
2017,3,5,13,30,-1.4000000000000001,1043,67,713,0.15,333,0.8
2017,3,5,14,30,-1.4000000000000001,983,63,578,0.15,333,0.7000000000000001
2017,3,5,15,30,-2,910,56,410,0.15,333,0.6000000000000001
2017,3,5,16,30,-3.6,760,43,212,0.15,332,0.5
2017,3,5,17,30,-5.5,346,16,30,0.15,328,0.30000000000000004
2017,3,5,18,30,-6.800000000000001,0,0,0,0.15,322,0.30000000000000004
2017,3,5,19,30,-7.7,0,0,0,0.15,319,0.30000000000000004
2017,3,5,20,30,-8.4,0,0,0,0.15,319,0.30000000000000004
2017,3,5,21,30,-9,0,0,0,0.15,324,0.30000000000000004
2017,3,5,22,30,-9.5,0,0,0,0.15,331,0.30000000000000004
2017,3,5,23,30,-10,0,0,0,0.15,339,0.2
2017,3,6,0,30,-10.4,0,0,0,0.15,345,0.2
2017,3,6,1,30,-10.8,0,0,0,0.15,347,0.2
2017,3,6,2,30,-11,0,0,0,0.15,347,0.2
2017,3,6,3,30,-11.3,0,0,0,0.15,347,0.2
2017,3,6,4,30,-11.5,0,0,0,0.15,346,0.2
2017,3,6,5,30,-11.3,0,0,0,0.15,347,0.2
2017,3,6,6,30,-9.700000000000001,294,14,24,0.15,351,0.30000000000000004
2017,3,6,7,30,-6.6000000000000005,712,44,198,0.15,183,0.2
2017,3,6,8,30,-3.2,858,59,389,0.15,13,0.2
2017,3,6,9,30,0,934,69,557,0.15,180,0.1
2017,3,6,10,30,2.7,965,75,674,0.15,284,0.1
2017,3,6,11,30,4.6000000000000005,971,81,733,0.15,213,0.1
2017,3,6,12,30,5.7,966,84,734,0.15,204,0.2
2017,3,6,13,30,6.1000000000000005,933,86,668,0.15,203,0.30000000000000004
2017,3,6,14,30,5.800000000000001,887,81,550,0.15,201,0.30000000000000004
2017,3,6,15,30,4.2,189,195,270,0.15,191,0.2
2017,3,6,16,30,1,53,115,127,0.15,179,0.2
2017,3,6,17,30,-0.9,1,18,18,0.15,178,0.30000000000000004
2017,3,6,18,30,-1.1,0,0,0,0.15,180,0.30000000000000004
2017,3,6,19,30,-1.3,0,0,0,0.15,182,0.30000000000000004
2017,3,6,20,30,-1.6,0,0,0,0.15,184,0.30000000000000004
2017,3,6,21,30,-1.9000000000000001,0,0,0,0.15,183,0.30000000000000004
2017,3,6,22,30,-2.1,0,0,0,0.15,181,0.2
2017,3,6,23,30,-1.9000000000000001,0,0,0,0.15,179,0.2
2017,3,7,0,30,-1.6,0,0,0,0.15,179,0.2
2017,3,7,1,30,-1,0,0,0,0.15,182,0.30000000000000004
2017,3,7,2,30,-0.30000000000000004,0,0,0,0.15,182,0.30000000000000004
2017,3,7,3,30,0.30000000000000004,0,0,0,0.15,174,0.30000000000000004
2017,3,7,4,30,0.6000000000000001,0,0,0,0.15,165,0.30000000000000004
2017,3,7,5,30,0.8,0,0,0,0.15,159,0.30000000000000004
2017,3,7,6,30,1.3,0,7,7,0.15,155,0.4
2017,3,7,7,30,2.2,0,28,28,0.15,155,0.4
2017,3,7,8,30,3.4000000000000004,22,150,158,0.15,157,0.5
2017,3,7,9,30,4.800000000000001,7,165,169,0.15,162,0.5
2017,3,7,10,30,5.6000000000000005,1,125,125,0.15,164,0.6000000000000001
2017,3,7,11,30,5.800000000000001,5,208,211,0.15,163,0.6000000000000001
2017,3,7,12,30,5.9,2,167,168,0.15,163,0.5
2017,3,7,13,30,6.1000000000000005,7,176,180,0.15,163,0.5
2017,3,7,14,30,6.2,0,54,54,0.15,166,0.4
2017,3,7,15,30,5.800000000000001,3,101,102,0.15,167,0.4
2017,3,7,16,30,4.800000000000001,0,25,25,0.15,167,0.30000000000000004
2017,3,7,17,30,4.1000000000000005,0,6,6,0.15,172,0.30000000000000004
2017,3,7,18,30,3.8000000000000003,0,0,0,0.15,177,0.30000000000000004
2017,3,7,19,30,3.6,0,0,0,0.15,180,0.30000000000000004
2017,3,7,20,30,3.5,0,0,0,0.15,181,0.30000000000000004
2017,3,7,21,30,3.4000000000000004,0,0,0,0.15,179,0.30000000000000004
2017,3,7,22,30,3.5,0,0,0,0.15,176,0.30000000000000004
2017,3,7,23,30,3.7,0,0,0,0.15,174,0.4
2017,3,8,0,30,4.1000000000000005,0,0,0,0.15,175,0.4
2017,3,8,1,30,4.5,0,0,0,0.15,176,0.4
2017,3,8,2,30,5,0,0,0,0.15,177,0.4
2017,3,8,3,30,5.5,0,0,0,0.15,178,0.4
2017,3,8,4,30,5.800000000000001,0,0,0,0.15,182,0.4
2017,3,8,5,30,5.5,0,0,0,0.15,211,0.30000000000000004
2017,3,8,6,30,5.7,0,8,8,0.15,259,0.30000000000000004
2017,3,8,7,30,6.4,0,21,21,0.15,289,0.4
2017,3,8,8,30,7.2,0,24,24,0.15,296,0.5
2017,3,8,9,30,8.5,0,158,158,0.15,290,0.6000000000000001
2017,3,8,10,30,9.9,0,139,139,0.15,283,0.7000000000000001
2017,3,8,11,30,10.8,1001,74,757,0.15,279,0.7000000000000001
2017,3,8,12,30,11.200000000000001,1009,69,757,0.15,272,0.7000000000000001
2017,3,8,13,30,11.3,988,65,691,0.15,262,0.7000000000000001
2017,3,8,14,30,11,941,63,569,0.15,251,0.6000000000000001
2017,3,8,15,30,10.100000000000001,116,232,278,0.15,239,0.5
2017,3,8,16,30,8.3,680,48,208,0.15,228,0.5
2017,3,8,17,30,6.9,246,19,32,0.15,224,0.5
2017,3,8,18,30,6.7,0,0,0,0.15,228,0.6000000000000001
2017,3,8,19,30,6.7,0,0,0,0.15,233,0.6000000000000001
2017,3,8,20,30,6.6000000000000005,0,0,0,0.15,235,0.6000000000000001
2017,3,8,21,30,6.4,0,0,0,0.15,236,0.7000000000000001
2017,3,8,22,30,6.4,0,0,0,0.15,242,0.7000000000000001
2017,3,8,23,30,6.4,0,0,0,0.15,254,0.7000000000000001
2017,3,9,0,30,6.2,0,0,0,0.15,260,0.7000000000000001
2017,3,9,1,30,5.9,0,0,0,0.15,261,0.7000000000000001
2017,3,9,2,30,5.4,0,0,0,0.15,261,0.7000000000000001
2017,3,9,3,30,4.9,0,0,0,0.15,263,0.7000000000000001
2017,3,9,4,30,4.5,0,0,0,0.15,266,0.7000000000000001
2017,3,9,5,30,3.9000000000000004,0,0,0,0.15,270,0.7000000000000001
2017,3,9,6,30,4.3,326,18,33,0.15,272,0.7000000000000001
2017,3,9,7,30,5.4,731,44,215,0.15,276,0.9
2017,3,9,8,30,6.1000000000000005,880,57,410,0.15,279,1
2017,3,9,9,30,6.6000000000000005,952,65,578,0.15,282,1.1
2017,3,9,10,30,7,982,70,694,0.15,286,1.1
2017,3,9,11,30,7.4,992,77,758,0.15,288,1
2017,3,9,12,30,7.7,988,79,758,0.15,288,1
2017,3,9,13,30,7.800000000000001,971,74,693,0.15,288,0.9
2017,3,9,14,30,7.6000000000000005,934,68,574,0.15,290,0.9
2017,3,9,15,30,6.800000000000001,866,58,409,0.15,294,0.8
2017,3,9,16,30,5.1000000000000005,191,122,168,0.15,301,0.6000000000000001
2017,3,9,17,30,3.2,0,21,21,0.15,307,0.5
2017,3,9,18,30,1.9000000000000001,0,0,0,0.15,310,0.5
2017,3,9,19,30,1.2000000000000002,0,0,0,0.68,314,0.4
2017,3,9,20,30,0.7000000000000001,0,0,0,0.68,317,0.30000000000000004
2017,3,9,21,30,0.30000000000000004,0,0,0,0.68,320,0.30000000000000004
2017,3,9,22,30,-0.2,0,0,0,0.68,323,0.30000000000000004
2017,3,9,23,30,-0.6000000000000001,0,0,0,0.68,329,0.2
2017,3,10,0,30,-1,0,0,0,0.68,332,0.2
2017,3,10,1,30,-1,0,0,0,0.68,321,0.2
2017,3,10,2,30,-0.7000000000000001,0,0,0,0.68,296,0.30000000000000004
2017,3,10,3,30,-0.6000000000000001,0,0,0,0.68,274,0.30000000000000004
2017,3,10,4,30,-0.7000000000000001,0,0,0,0.68,271,0.1
2017,3,10,5,30,-0.9,0,0,0,0.68,296,0.1
2017,3,10,6,30,-1,0,13,13,0.68,327,0.1
2017,3,10,7,30,-0.8,0,49,50,0.68,171,0.2
2017,3,10,8,30,-0.6000000000000001,1,118,119,0.68,181,0.2
2017,3,10,9,30,-0.2,1,147,147,0.68,352,0.30000000000000004
2017,3,10,10,30,0.1,0,141,141,0.68,342,0.4
2017,3,10,11,30,0.1,5,306,309,0.68,333,0.4
2017,3,10,12,30,0.1,0,150,150,0.68,325,0.5
2017,3,10,13,30,0,11,320,327,0.68,320,0.5
2017,3,10,14,30,0,31,309,325,0.68,314,0.6000000000000001
2017,3,10,15,30,-0.2,78,252,284,0.68,309,0.6000000000000001
2017,3,10,16,30,-1.1,25,153,159,0.68,304,0.7000000000000001
2017,3,10,17,30,-2.4000000000000004,391,20,43,0.68,301,0.8
2017,3,10,18,30,-3.7,0,0,0,0.68,299,0.9
2017,3,10,19,30,-4.6000000000000005,0,0,0,0.8,298,0.8
2017,3,10,20,30,-5.300000000000001,0,0,0,0.8,296,0.8
2017,3,10,21,30,-6,0,0,0,0.8,294,0.8
2017,3,10,22,30,-6.6000000000000005,0,0,0,0.8,293,0.8
2017,3,10,23,30,-7.1000000000000005,0,0,0,0.8,292,0.8
2017,3,11,0,30,-7.5,0,0,0,0.8,293,0.8
2017,3,11,1,30,-7.7,0,0,0,0.8,298,0.8
2017,3,11,2,30,-8,0,0,0,0.8,304,0.8
2017,3,11,3,30,-8.6,0,0,0,0.8,306,0.9
2017,3,11,4,30,-9.3,0,0,0,0.8,305,0.9
2017,3,11,5,30,-10,0,0,0,0.8,303,0.8
2017,3,11,6,30,-10.600000000000001,394,22,45,0.8,301,0.8
2017,3,11,7,30,-10.8,765,55,241,0.8,300,0.9
2017,3,11,8,30,-10.600000000000001,906,76,449,0.8,298,0.9
2017,3,11,9,30,-10,974,92,626,0.8,297,0.9
2017,3,11,10,30,-9.1,990,113,753,0.8,295,0.9
2017,3,11,11,30,-8.3,292,535,739,0.8,294,0.9
2017,3,11,12,30,-7.7,136,588,682,0.8,293,0.9
2017,3,11,13,30,-7.300000000000001,91,518,577,0.8,293,0.9
2017,3,11,14,30,-7.2,590,226,551,0.8,293,0.9
2017,3,11,15,30,-7.5,274,241,354,0.8,294,0.9
2017,3,11,16,30,-8.1,2,76,76,0.8,296,0.9
2017,3,11,17,30,-8.6,0,18,18,0.8,297,0.8
2017,3,11,18,30,-9,0,0,0,0.8,298,0.7000000000000001
2017,3,11,19,30,-9.1,0,0,0,0.8,298,0.7000000000000001
2017,3,11,20,30,-9.200000000000001,0,0,0,0.8,300,0.7000000000000001
2017,3,11,21,30,-9.5,0,0,0,0.8,303,0.7000000000000001
2017,3,11,22,30,-9.9,0,0,0,0.8,306,0.6000000000000001
2017,3,11,23,30,-10.4,0,0,0,0.8,308,0.6000000000000001
2017,3,12,0,30,-10.9,0,0,0,0.8,309,0.6000000000000001
2017,3,12,1,30,-11.700000000000001,0,0,0,0.8,310,0.6000000000000001
2017,3,12,2,30,-12.600000000000001,0,0,0,0.8,311,0.5
2017,3,12,3,30,-13.3,0,0,0,0.8,310,0.5
2017,3,12,4,30,-13.8,0,0,0,0.8,307,0.5
2017,3,12,5,30,-13.9,0,0,0,0.8,305,0.5
2017,3,12,6,30,-13.100000000000001,421,23,50,0.8,304,0.6000000000000001
2017,3,12,7,30,-11.5,776,54,248,0.8,305,0.7000000000000001
2017,3,12,8,30,-9.9,912,75,456,0.8,306,0.7000000000000001
2017,3,12,9,30,-8.200000000000001,979,90,632,0.8,305,0.8
2017,3,12,10,30,-6.7,1020,95,759,0.8,302,0.8
2017,3,12,11,30,-5.5,1020,99,815,0.8,298,0.8
2017,3,12,12,30,-4.7,1017,101,815,0.8,295,0.8
2017,3,12,13,30,-4.5,650,259,682,0.8,295,0.8
2017,3,12,14,30,-4.9,947,97,622,0.8,297,0.8
2017,3,12,15,30,-5.6000000000000005,514,185,399,0.8,299,0.8
2017,3,12,16,30,-6.5,751,55,243,0.8,301,0.7000000000000001
2017,3,12,17,30,-7.5,413,22,49,0.8,303,0.7000000000000001
2017,3,12,18,30,-8.200000000000001,0,0,0,0.8,305,0.7000000000000001
2017,3,12,19,30,-8.9,0,0,0,0.8,306,0.6000000000000001
2017,3,12,20,30,-9.5,0,0,0,0.8,306,0.6000000000000001
2017,3,12,21,30,-10.100000000000001,0,0,0,0.8,304,0.5
2017,3,12,22,30,-10.5,0,0,0,0.8,305,0.5
2017,3,12,23,30,-10.8,0,0,0,0.8,307,0.5
2017,3,13,0,30,-11.200000000000001,0,0,0,0.8,311,0.4
2017,3,13,1,30,-11.600000000000001,0,0,0,0.8,313,0.4
2017,3,13,2,30,-12,0,0,0,0.8,309,0.4
2017,3,13,3,30,-12.3,0,0,0,0.8,307,0.4
2017,3,13,4,30,-12.600000000000001,0,0,0,0.8,309,0.4
2017,3,13,5,30,-12.5,0,0,0,0.8,312,0.4
2017,3,13,6,30,-11.200000000000001,411,24,53,0.8,320,0.4
2017,3,13,7,30,-9,754,57,249,0.8,325,0.4
2017,3,13,8,30,-6.6000000000000005,893,77,455,0.8,321,0.4
2017,3,13,9,30,-4.3,949,92,623,0.8,317,0.4
2017,3,13,10,30,-2.2,972,105,743,0.8,314,0.30000000000000004
2017,3,13,11,30,-0.5,981,114,808,0.8,301,0.30000000000000004
2017,3,13,12,30,0.8,987,111,808,0.8,280,0.30000000000000004
2017,3,13,13,30,1.4000000000000001,949,113,736,0.8,263,0.30000000000000004
2017,3,13,14,30,1.4000000000000001,425,326,564,0.8,248,0.2
2017,3,13,15,30,0.9,837,88,441,0.8,233,0.2
2017,3,13,16,30,-0.4,80,169,189,0.8,218,0.2
2017,3,13,17,30,-1.8,9,38,39,0.8,193,0.30000000000000004
2017,3,13,18,30,-2.8000000000000003,0,0,0,0.8,161,0.4
2017,3,13,19,30,-3.8000000000000003,0,0,0,0.74,144,0.4
2017,3,13,20,30,-4.800000000000001,0,0,0,0.74,144,0.4
2017,3,13,21,30,-5.4,0,0,0,0.74,150,0.30000000000000004
2017,3,13,22,30,-5.6000000000000005,0,0,0,0.74,145,0.2
2017,3,13,23,30,-5.4,0,0,0,0.74,142,0.2
2017,3,14,0,30,-5,0,0,0,0.74,130,0.2
2017,3,14,1,30,-4.7,0,0,0,0.74,96,0.2
2017,3,14,2,30,-4.6000000000000005,0,0,0,0.74,72,0.30000000000000004
2017,3,14,3,30,-4.5,0,0,0,0.74,62,0.4
2017,3,14,4,30,-4.5,0,0,0,0.74,54,0.5
2017,3,14,5,30,-4.5,0,0,0,0.74,50,0.6000000000000001
2017,3,14,6,30,-4.3,0,15,15,0.74,49,0.7000000000000001
2017,3,14,7,30,-3.6,1,63,63,0.74,51,0.8
2017,3,14,8,30,-2.6,0,39,39,0.74,54,0.9
2017,3,14,9,30,-1.4000000000000001,0,37,37,0.74,57,1
2017,3,14,10,30,-0.2,0,31,31,0.74,61,1.1
2017,3,14,11,30,0.6000000000000001,0,158,158,0.74,65,1.2000000000000002
2017,3,14,12,30,0.9,0,109,110,0.74,62,1.2000000000000002
2017,3,14,13,30,0.9,0,128,129,0.74,54,1.2000000000000002
2017,3,14,14,30,0.8,3,195,197,0.74,42,1.1
2017,3,14,15,30,0.7000000000000001,0,17,17,0.74,26,1
2017,3,14,16,30,0.6000000000000001,512,83,215,0.74,183,0.8
2017,3,14,17,30,0.4,145,31,42,0.74,339,0.8
2017,3,14,18,30,-0.30000000000000004,0,0,0,0.74,320,0.8
2017,3,14,19,30,-1.4000000000000001,0,0,0,0.8,307,0.8
2017,3,14,20,30,-3,0,0,0,0.8,296,0.8
2017,3,14,21,30,-4.5,0,0,0,0.8,286,0.8
2017,3,14,22,30,-5.7,0,0,0,0.8,281,0.8
2017,3,14,23,30,-6.7,0,0,0,0.8,280,0.8
2017,3,15,0,30,-7.5,0,0,0,0.8,278,0.7000000000000001
2017,3,15,1,30,-8.1,0,0,0,0.8,272,0.6000000000000001
2017,3,15,2,30,-8.700000000000001,0,0,0,0.8,266,0.6000000000000001
2017,3,15,3,30,-9.3,0,0,0,0.8,264,0.6000000000000001
2017,3,15,4,30,-9.8,0,0,0,0.8,264,0.6000000000000001
2017,3,15,5,30,-10.200000000000001,0,0,0,0.8,263,0.5
2017,3,15,6,30,-9.8,0,29,29,0.8,262,0.6000000000000001
2017,3,15,7,30,-8.8,74,156,176,0.8,263,0.6000000000000001
2017,3,15,8,30,-7.6000000000000005,9,180,184,0.8,266,0.7000000000000001
2017,3,15,9,30,-6.7,21,394,406,0.8,269,0.7000000000000001
2017,3,15,10,30,-6,81,508,562,0.8,271,0.7000000000000001
2017,3,15,11,30,-5.5,989,111,820,0.8,272,0.7000000000000001
2017,3,15,12,30,-5.300000000000001,11,492,500,0.8,275,0.7000000000000001
2017,3,15,13,30,-5.300000000000001,0,121,121,0.8,278,0.7000000000000001
2017,3,15,14,30,-5.4,22,308,321,0.8,281,0.6000000000000001
2017,3,15,15,30,-5.800000000000001,31,251,264,0.8,282,0.6000000000000001
2017,3,15,16,30,-6.4,12,132,135,0.8,284,0.6000000000000001
2017,3,15,17,30,-7,0,19,19,0.8,285,0.6000000000000001
2017,3,15,18,30,-7.300000000000001,0,0,0,0.8,285,0.6000000000000001
2017,3,15,19,30,-7.6000000000000005,0,0,0,0.8,285,0.6000000000000001
2017,3,15,20,30,-7.800000000000001,0,0,0,0.8,285,0.6000000000000001
2017,3,15,21,30,-7.800000000000001,0,0,0,0.8,284,0.6000000000000001
2017,3,15,22,30,-7.6000000000000005,0,0,0,0.8,282,0.6000000000000001
2017,3,15,23,30,-7.4,0,0,0,0.8,281,0.6000000000000001
2017,3,16,0,30,-7.300000000000001,0,0,0,0.8,279,0.6000000000000001
2017,3,16,1,30,-7.2,0,0,0,0.8,277,0.6000000000000001
2017,3,16,2,30,-7.1000000000000005,0,0,0,0.8,277,0.6000000000000001
2017,3,16,3,30,-7,0,0,0,0.8,277,0.6000000000000001
2017,3,16,4,30,-7,0,0,0,0.8,279,0.6000000000000001
2017,3,16,5,30,-7,0,0,0,0.8,280,0.6000000000000001
2017,3,16,6,30,-6.800000000000001,424,27,64,0.8,282,0.6000000000000001
2017,3,16,7,30,-6.300000000000001,142,166,204,0.8,286,0.6000000000000001
2017,3,16,8,30,-5.800000000000001,873,81,464,0.8,290,0.7000000000000001
2017,3,16,9,30,-5.2,938,97,636,0.8,291,0.7000000000000001
2017,3,16,10,30,-4.4,952,119,759,0.8,291,0.7000000000000001
2017,3,16,11,30,-3.6,969,124,823,0.8,292,0.7000000000000001
2017,3,16,12,30,-3,958,125,816,0.8,293,0.7000000000000001
2017,3,16,13,30,-2.7,941,119,749,0.8,293,0.7000000000000001
2017,3,16,14,30,-2.7,903,107,623,0.8,294,0.7000000000000001
2017,3,16,15,30,-3,829,90,449,0.8,295,0.7000000000000001
2017,3,16,16,30,-3.6,695,65,250,0.8,297,0.6000000000000001
2017,3,16,17,30,-4.3,355,28,56,0.8,299,0.6000000000000001
2017,3,16,18,30,-4.7,0,0,0,0.8,299,0.5
2017,3,16,19,30,-5.2,0,0,0,0.8,297,0.4
2017,3,16,20,30,-6.4,0,0,0,0.8,292,0.30000000000000004
2017,3,16,21,30,-7.800000000000001,0,0,0,0.8,288,0.30000000000000004
2017,3,16,22,30,-8.8,0,0,0,0.8,284,0.30000000000000004
2017,3,16,23,30,-9.600000000000001,0,0,0,0.8,283,0.30000000000000004
2017,3,17,0,30,-10.3,0,0,0,0.8,280,0.5
2017,3,17,1,30,-10.8,0,0,0,0.8,275,0.6000000000000001
2017,3,17,2,30,-11.3,0,0,0,0.8,273,0.7000000000000001
2017,3,17,3,30,-11.600000000000001,0,0,0,0.8,273,0.7000000000000001
2017,3,17,4,30,-11.9,0,0,0,0.8,272,0.7000000000000001
2017,3,17,5,30,-11.600000000000001,0,0,0,0.8,272,0.7000000000000001
2017,3,17,6,30,-8.8,469,27,69,0.8,269,0.5
2017,3,17,7,30,-4.7,770,55,269,0.8,275,0.4
2017,3,17,8,30,-2.4000000000000004,896,73,471,0.8,288,0.5
2017,3,17,9,30,-1.1,969,86,649,0.8,293,0.5
2017,3,17,10,30,0,1002,95,773,0.8,295,0.5
2017,3,17,11,30,1,1015,100,837,0.8,297,0.5
2017,3,17,12,30,1.6,1014,101,836,0.8,299,0.5
2017,3,17,13,30,1.8,99,526,593,0.8,302,0.5
2017,3,17,14,30,1.9000000000000001,106,448,508,0.8,305,0.4
2017,3,17,15,30,1.6,895,76,467,0.8,309,0.30000000000000004
2017,3,17,16,30,-0.2,767,56,262,0.8,311,0.30000000000000004
2017,3,17,17,30,-3.1,452,26,63,0.8,312,0.30000000000000004
2017,3,17,18,30,-4.9,0,0,0,0.8,311,0.4
2017,3,17,19,30,-5.6000000000000005,0,0,0,0.77,314,0.6000000000000001
2017,3,17,20,30,-6.300000000000001,0,0,0,0.77,326,0.7000000000000001
2017,3,17,21,30,-7,0,0,0,0.77,344,0.7000000000000001
2017,3,17,22,30,-7.7,0,0,0,0.77,178,0.6000000000000001
2017,3,17,23,30,-8.3,0,0,0,0.77,10,0.6000000000000001
2017,3,18,0,30,-8.9,0,0,0,0.77,24,0.6000000000000001
2017,3,18,1,30,-9.3,0,0,0,0.77,34,0.6000000000000001
2017,3,18,2,30,-9.600000000000001,0,0,0,0.77,38,0.7000000000000001
2017,3,18,3,30,-10.100000000000001,0,0,0,0.77,43,0.7000000000000001
2017,3,18,4,30,-10.700000000000001,0,0,0,0.77,47,0.7000000000000001
2017,3,18,5,30,-10.5,0,0,0,0.77,51,0.7000000000000001
2017,3,18,6,30,-8,489,29,77,0.77,54,0.5
2017,3,18,7,30,-4,787,59,281,0.77,63,0.30000000000000004
2017,3,18,8,30,-1,901,77,482,0.77,79,0.4
2017,3,18,9,30,1,160,385,479,0.77,89,0.4
2017,3,18,10,30,2.3000000000000003,4,423,425,0.77,91,0.30000000000000004
2017,3,18,11,30,3.2,92,530,597,0.77,91,0.30000000000000004
2017,3,18,12,30,3.9000000000000004,976,112,824,0.77,90,0.4
2017,3,18,13,30,4.1000000000000005,117,509,588,0.77,88,0.4
2017,3,18,14,30,3.6,16,364,374,0.77,86,0.30000000000000004
2017,3,18,15,30,2.7,0,52,52,0.77,83,0.30000000000000004
2017,3,18,16,30,1.5,0,88,88,0.77,82,0.30000000000000004
2017,3,18,17,30,0.30000000000000004,0,23,23,0.77,82,0.30000000000000004
2017,3,18,18,30,-0.6000000000000001,0,0,0,0.77,76,0.30000000000000004
2017,3,18,19,30,-1.2000000000000002,0,0,0,0.67,67,0.30000000000000004
2017,3,18,20,30,-1.7000000000000002,0,0,0,0.67,56,0.30000000000000004
2017,3,18,21,30,-2.2,0,0,0,0.67,48,0.30000000000000004
2017,3,18,22,30,-2.4000000000000004,0,0,0,0.67,47,0.4
2017,3,18,23,30,-2.5,0,0,0,0.67,46,0.4
2017,3,19,0,30,-2.7,0,0,0,0.67,38,0.4
2017,3,19,1,30,-2.8000000000000003,0,0,0,0.67,28,0.4
2017,3,19,2,30,-2.9000000000000004,0,0,0,0.67,21,0.4
2017,3,19,3,30,-3,0,0,0,0.67,19,0.4
2017,3,19,4,30,-3.2,0,0,0,0.67,18,0.4
2017,3,19,5,30,-3.3000000000000003,0,0,0,0.67,16,0.4
2017,3,19,6,30,-2.4000000000000004,0,24,24,0.67,14,0.5
2017,3,19,7,30,-0.6000000000000001,3,94,95,0.67,20,0.5
2017,3,19,8,30,1.2000000000000002,1,210,210,0.67,26,0.6000000000000001
2017,3,19,9,30,2.3000000000000003,15,357,366,0.67,26,0.6000000000000001
2017,3,19,10,30,3.1,80,471,526,0.67,23,0.6000000000000001
2017,3,19,11,30,3.7,5,435,439,0.67,21,0.6000000000000001
2017,3,19,12,30,4,63,501,547,0.67,20,0.6000000000000001
2017,3,19,13,30,4,40,447,474,0.67,20,0.6000000000000001
2017,3,19,14,30,3.6,925,94,634,0.67,20,0.6000000000000001
2017,3,19,15,30,2.9000000000000004,858,80,462,0.67,19,0.5
2017,3,19,16,30,1.5,729,59,260,0.67,16,0.30000000000000004
2017,3,19,17,30,-0.4,433,28,67,0.67,14,0.30000000000000004
2017,3,19,18,30,-1.5,0,0,0,0.67,12,0.2
2017,3,19,19,30,-2,0,0,0,0.65,6,0.2
2017,3,19,20,30,-2.2,0,0,0,0.65,176,0.30000000000000004
2017,3,19,21,30,-2.4000000000000004,0,0,0,0.65,347,0.30000000000000004
2017,3,19,22,30,-2.7,0,0,0,0.65,341,0.30000000000000004
2017,3,19,23,30,-3,0,0,0,0.65,338,0.30000000000000004
2017,3,20,0,30,-3.3000000000000003,0,0,0,0.65,335,0.4
2017,3,20,1,30,-3.6,0,0,0,0.65,333,0.4
2017,3,20,2,30,-3.9000000000000004,0,0,0,0.65,332,0.4
2017,3,20,3,30,-4.2,0,0,0,0.65,331,0.4
2017,3,20,4,30,-4.6000000000000005,0,0,0,0.65,330,0.4
2017,3,20,5,30,-4.4,0,0,0,0.65,328,0.4
2017,3,20,6,30,-2.6,541,30,88,0.65,328,0.4
2017,3,20,7,30,0.5,812,56,294,0.65,338,0.4
2017,3,20,8,30,3.3000000000000003,915,72,494,0.65,175,0.5
2017,3,20,9,30,5.1000000000000005,974,84,665,0.65,4,0.5
2017,3,20,10,30,6.5,140,510,607,0.65,4,0.4
2017,3,20,11,30,7.6000000000000005,132,543,641,0.65,174,0.4
2017,3,20,12,30,8.3,128,535,629,0.65,341,0.4
2017,3,20,13,30,8.5,401,356,631,0.65,331,0.4
2017,3,20,14,30,8.200000000000001,149,413,501,0.65,324,0.4
2017,3,20,15,30,6.9,876,72,465,0.65,318,0.30000000000000004
2017,3,20,16,30,3.9000000000000004,748,55,265,0.65,314,0.2
2017,3,20,17,30,1.1,0,34,34,0.65,314,0.2
2017,3,20,18,30,0.1,0,0,0,0.65,318,0.2
2017,3,20,19,30,-0.5,0,0,0,0.65,321,0.2
2017,3,20,20,30,-0.6000000000000001,0,0,0,0.65,320,0.2
2017,3,20,21,30,-0.7000000000000001,0,0,0,0.65,322,0.2
2017,3,20,22,30,-1,0,0,0,0.65,322,0.2
2017,3,20,23,30,-1,0,0,0,0.65,318,0.2
2017,3,21,0,30,-0.9,0,0,0,0.65,318,0.2
2017,3,21,1,30,-1,0,0,0,0.65,319,0.2
2017,3,21,2,30,-1.3,0,0,0,0.65,320,0.2
2017,3,21,3,30,-1.4000000000000001,0,0,0,0.65,320,0.2
2017,3,21,4,30,-1.2000000000000002,0,0,0,0.65,321,0.2
2017,3,21,5,30,-0.4,0,0,0,0.65,321,0.2
2017,3,21,6,30,1.7000000000000002,412,35,81,0.65,318,0.2
2017,3,21,7,30,4.6000000000000005,6,156,158,0.65,320,0.2
2017,3,21,8,30,7.300000000000001,2,224,226,0.65,315,0.2
2017,3,21,9,30,9.200000000000001,1,282,283,0.65,296,0.2
2017,3,21,10,30,10.4,119,490,573,0.65,286,0.30000000000000004
2017,3,21,11,30,11.100000000000001,94,504,574,0.65,284,0.4
2017,3,21,12,30,11.5,84,490,552,0.65,282,0.4
2017,3,21,13,30,11.5,136,495,589,0.65,283,0.4
2017,3,21,14,30,10.9,222,400,531,0.65,285,0.4
2017,3,21,15,30,9.8,805,98,463,0.65,287,0.4
2017,3,21,16,30,7.7,661,74,261,0.65,288,0.30000000000000004
2017,3,21,17,30,5,345,35,69,0.65,291,0.30000000000000004
2017,3,21,18,30,2.9000000000000004,0,0,0,0.65,295,0.30000000000000004
2017,3,21,19,30,1.5,0,0,0,0.7000000000000001,297,0.2
2017,3,21,20,30,0.5,0,0,0,0.7000000000000001,296,0.2
2017,3,21,21,30,-0.2,0,0,0,0.7000000000000001,293,0.30000000000000004
2017,3,21,22,30,-0.9,0,0,0,0.7000000000000001,288,0.4
2017,3,21,23,30,-0.6000000000000001,0,0,0,0.7000000000000001,284,0.4
2017,3,22,0,30,0.4,0,0,0,0.7000000000000001,284,0.30000000000000004
2017,3,22,1,30,0.6000000000000001,0,0,0,0.7000000000000001,286,0.30000000000000004
2017,3,22,2,30,0.30000000000000004,0,0,0,0.7000000000000001,288,0.30000000000000004
2017,3,22,3,30,0.30000000000000004,0,0,0,0.7000000000000001,293,0.4
2017,3,22,4,30,0,0,0,0,0.7000000000000001,299,0.5
2017,3,22,5,30,-0.7000000000000001,0,0,0,0.7000000000000001,305,0.6000000000000001
2017,3,22,6,30,-1.3,0,47,47,0.7000000000000001,311,0.7000000000000001
2017,3,22,7,30,-1.4000000000000001,5,162,164,0.7000000000000001,314,0.8
2017,3,22,8,30,-1.1,935,69,510,0.7000000000000001,315,0.8
2017,3,22,9,30,-0.9,994,78,682,0.7000000000000001,315,0.9
2017,3,22,10,30,-1.1,1039,84,814,0.7000000000000001,315,0.9
2017,3,22,11,30,-1.3,1053,86,876,0.7000000000000001,317,0.9
2017,3,22,12,30,-1.6,1053,85,872,0.7000000000000001,319,0.9
2017,3,22,13,30,-1.9000000000000001,1031,89,806,0.7000000000000001,321,0.9
2017,3,22,14,30,-2.5,1001,80,676,0.7000000000000001,322,0.8
2017,3,22,15,30,-3.3000000000000003,942,68,498,0.7000000000000001,322,0.8
2017,3,22,16,30,-4.4,825,52,289,0.7000000000000001,323,0.7000000000000001
2017,3,22,17,30,-5.5,543,27,82,0.7000000000000001,324,0.7000000000000001
2017,3,22,18,30,-6.2,0,0,0,0.7000000000000001,325,0.6000000000000001
2017,3,22,19,30,-6.5,0,0,0,0.78,325,0.6000000000000001
2017,3,22,20,30,-6.800000000000001,0,0,0,0.78,324,0.6000000000000001
2017,3,22,21,30,-7,0,0,0,0.78,323,0.6000000000000001
2017,3,22,22,30,-7.2,0,0,0,0.78,323,0.5
2017,3,22,23,30,-7.300000000000001,0,0,0,0.78,324,0.5
2017,3,23,0,30,-7.4,0,0,0,0.78,325,0.5
2017,3,23,1,30,-7.4,0,0,0,0.78,326,0.5
2017,3,23,2,30,-7.5,0,0,0,0.78,325,0.4
2017,3,23,3,30,-7.800000000000001,0,0,0,0.78,323,0.4
2017,3,23,4,30,-8.3,0,0,0,0.78,320,0.4
2017,3,23,5,30,-8.3,0,0,0,0.78,317,0.30000000000000004
2017,3,23,6,30,-7.1000000000000005,596,32,106,0.78,316,0.4
2017,3,23,7,30,-5,842,57,318,0.78,320,0.4
2017,3,23,8,30,-3.1,947,74,526,0.78,321,0.5
2017,3,23,9,30,-1.4000000000000001,1003,87,701,0.78,318,0.5
2017,3,23,10,30,0.1,1012,100,815,0.78,314,0.5
2017,3,23,11,30,1.4000000000000001,1026,104,878,0.78,310,0.5
2017,3,23,12,30,2.2,1025,104,874,0.78,307,0.5
2017,3,23,13,30,2.6,1001,106,806,0.78,305,0.5
2017,3,23,14,30,2.6,968,96,676,0.78,303,0.5
2017,3,23,15,30,2.1,893,82,493,0.78,303,0.4
2017,3,23,16,30,0.5,768,62,286,0.78,300,0.30000000000000004
2017,3,23,17,30,-1.8,478,32,82,0.78,296,0.2
2017,3,23,18,30,-3.1,0,0,0,0.78,294,0.2
2017,3,23,19,30,-3.6,0,0,0,0.67,296,0.2
2017,3,23,20,30,-4.2,0,0,0,0.67,296,0.2
2017,3,23,21,30,-4.800000000000001,0,0,0,0.67,290,0.30000000000000004
2017,3,23,22,30,-4.7,0,0,0,0.67,282,0.6000000000000001
2017,3,23,23,30,-4.2,0,0,0,0.67,267,0.8
2017,3,24,0,30,-4,0,0,0,0.67,237,0.8
2017,3,24,1,30,-4.6000000000000005,0,0,0,0.67,212,0.7000000000000001
2017,3,24,2,30,-5.1000000000000005,0,0,0,0.67,202,0.4
2017,3,24,3,30,-5.5,0,0,0,0.67,195,0.2
2017,3,24,4,30,-5.300000000000001,0,0,0,0.67,192,0.2
2017,3,24,5,30,-3.8000000000000003,0,0,0,0.67,187,0.2
2017,3,24,6,30,-1.9000000000000001,434,40,96,0.67,182,0.30000000000000004
2017,3,24,7,30,0,2,95,96,0.67,183,0.30000000000000004
2017,3,24,8,30,2.3000000000000003,8,197,201,0.67,191,0.4
2017,3,24,9,30,4.4,26,311,327,0.67,197,0.5
2017,3,24,10,30,5.300000000000001,3,254,256,0.67,199,0.6000000000000001
2017,3,24,11,30,5.300000000000001,3,287,290,0.67,202,0.6000000000000001
2017,3,24,12,30,4.7,0,66,66,0.67,205,0.5
2017,3,24,13,30,4.6000000000000005,0,90,90,0.67,204,0.5
2017,3,24,14,30,4.9,0,118,119,0.67,206,0.5
2017,3,24,15,30,5,2,145,146,0.67,208,0.4
2017,3,24,16,30,4.5,1,83,83,0.67,211,0.4
2017,3,24,17,30,3.9000000000000004,0,24,24,0.67,219,0.30000000000000004
2017,3,24,18,30,3.8000000000000003,0,0,0,0.67,227,0.30000000000000004
2017,3,24,19,30,3.8000000000000003,0,0,0,0.65,232,0.30000000000000004
2017,3,24,20,30,3.3000000000000003,0,0,0,0.65,235,0.30000000000000004
2017,3,24,21,30,2.7,0,0,0,0.65,237,0.30000000000000004
2017,3,24,22,30,2.3000000000000003,0,0,0,0.65,238,0.30000000000000004
2017,3,24,23,30,2,0,0,0,0.65,245,0.2
2017,3,25,0,30,1.8,0,0,0,0.65,261,0.2
2017,3,25,1,30,1.5,0,0,0,0.65,281,0.2
2017,3,25,2,30,1.3,0,0,0,0.65,296,0.2
2017,3,25,3,30,1.1,0,0,0,0.65,308,0.2
2017,3,25,4,30,1.1,0,0,0,0.65,324,0.1
2017,3,25,5,30,1.7000000000000002,0,0,0,0.65,342,0.1
2017,3,25,6,30,3.1,0,20,20,0.65,353,0.1
2017,3,25,7,30,4.3,6,127,129,0.65,184,0.2
2017,3,25,8,30,4.800000000000001,34,279,296,0.65,20,0.2
2017,3,25,9,30,5.1000000000000005,1,161,162,0.65,34,0.2
2017,3,25,10,30,5.4,2,232,234,0.65,43,0.2
2017,3,25,11,30,5.6000000000000005,1,237,238,0.65,43,0.2
2017,3,25,12,30,5.300000000000001,1,196,197,0.65,30,0.2
2017,3,25,13,30,4.6000000000000005,0,160,161,0.65,14,0.2
2017,3,25,14,30,3.8000000000000003,0,138,138,0.65,9,0.2
2017,3,25,15,30,3.3000000000000003,1,126,126,0.65,11,0.1
2017,3,25,16,30,2.6,1,86,86,0.65,186,0.2
2017,3,25,17,30,0.9,0,26,26,0.65,356,0.4
2017,3,25,18,30,-0.7000000000000001,0,0,0,0.65,356,0.30000000000000004
2017,3,25,19,30,-1.3,0,0,0,0.65,181,0.2
2017,3,25,20,30,-1.4000000000000001,0,0,0,0.65,7,0.2
2017,3,25,21,30,-1.5,0,0,0,0.65,12,0.2
2017,3,25,22,30,-1.8,0,0,0,0.65,15,0.2
2017,3,25,23,30,-2.4000000000000004,0,0,0,0.65,18,0.2
2017,3,26,0,30,-2.8000000000000003,0,0,0,0.65,21,0.2
2017,3,26,1,30,-2.9000000000000004,0,0,0,0.65,23,0.2
2017,3,26,2,30,-2.7,0,0,0,0.65,26,0.2
2017,3,26,3,30,-2.5,0,0,0,0.65,33,0.2
2017,3,26,4,30,-2.4000000000000004,0,0,0,0.65,38,0.2
2017,3,26,5,30,-1.8,0,0,0,0.65,41,0.2
2017,3,26,6,30,-0.2,442,43,105,0.65,54,0.30000000000000004
2017,3,26,7,30,1.8,0,96,96,0.65,74,0.30000000000000004
2017,3,26,8,30,3.3000000000000003,16,211,219,0.65,87,0.30000000000000004
2017,3,26,9,30,4.2,0,138,138,0.65,96,0.30000000000000004
2017,3,26,10,30,4.5,1,140,140,0.65,105,0.30000000000000004
2017,3,26,11,30,4.6000000000000005,2,224,225,0.65,115,0.30000000000000004
2017,3,26,12,30,4.6000000000000005,6,310,314,0.65,122,0.30000000000000004
2017,3,26,13,30,4.6000000000000005,1,324,325,0.65,126,0.30000000000000004
2017,3,26,14,30,4.4,0,129,129,0.65,129,0.30000000000000004
2017,3,26,15,30,3.8000000000000003,0,152,152,0.65,131,0.2
2017,3,26,16,30,2.8000000000000003,3,94,95,0.65,129,0.2
2017,3,26,17,30,2,0,20,20,0.65,125,0.2
2017,3,26,18,30,1.5,0,0,0,0.65,123,0.2
2017,3,26,19,30,1.1,0,0,0,0.14,123,0.2
2017,3,26,20,30,0.9,0,0,0,0.14,121,0.2
2017,3,26,21,30,0.9,0,0,0,0.14,122,0.2
2017,3,26,22,30,0.8,0,0,0,0.14,124,0.2
2017,3,26,23,30,0.8,0,0,0,0.14,127,0.2
2017,3,27,0,30,0.8,0,0,0,0.14,128,0.2
2017,3,27,1,30,0.9,0,0,0,0.14,126,0.2
2017,3,27,2,30,1,0,0,0,0.14,126,0.2
2017,3,27,3,30,1.2000000000000002,0,0,0,0.14,129,0.2
2017,3,27,4,30,1.3,0,0,0,0.14,127,0.2
2017,3,27,5,30,1.5,0,0,0,0.14,124,0.2
2017,3,27,6,30,1.9000000000000001,0,4,4,0.14,124,0.2
2017,3,27,7,30,2.5,0,25,25,0.14,124,0.2
2017,3,27,8,30,3.7,0,10,10,0.14,132,0.2
2017,3,27,9,30,5.2,0,48,49,0.14,145,0.2
2017,3,27,10,30,6.7,0,81,81,0.14,157,0.2
2017,3,27,11,30,8.1,0,189,190,0.14,171,0.2
2017,3,27,12,30,9.200000000000001,0,98,98,0.14,192,0.2
2017,3,27,13,30,9.600000000000001,0,142,142,0.14,223,0.2
2017,3,27,14,30,9.200000000000001,0,48,48,0.14,270,0.1
2017,3,27,15,30,8.200000000000001,0,18,18,0.14,315,0.1
2017,3,27,16,30,6.9,0,49,49,0.14,336,0.1
2017,3,27,17,30,5.6000000000000005,283,42,76,0.14,346,0.1
2017,3,27,18,30,4.7,0,0,0,0.14,179,0.1
2017,3,27,19,30,4.2,0,0,0,0.14,10,0.1
2017,3,27,20,30,3.8000000000000003,0,0,0,0.14,19,0.1
2017,3,27,21,30,3.4000000000000004,0,0,0,0.14,29,0.1
2017,3,27,22,30,3.1,0,0,0,0.14,38,0.1
2017,3,27,23,30,2.9000000000000004,0,0,0,0.14,50,0.1
2017,3,28,0,30,2.6,0,0,0,0.14,65,0.1
2017,3,28,1,30,2.4000000000000004,0,0,0,0.14,81,0.1
2017,3,28,2,30,2.2,0,0,0,0.14,91,0.1
2017,3,28,3,30,2.2,0,0,0,0.14,99,0.1
2017,3,28,4,30,2.2,0,0,0,0.14,107,0.1
2017,3,28,5,30,2.4000000000000004,0,0,0,0.14,111,0.1
2017,3,28,6,30,2.9000000000000004,0,21,21,0.14,114,0.1
2017,3,28,7,30,3.8000000000000003,2,74,74,0.14,121,0.2
2017,3,28,8,30,5,0,84,84,0.14,120,0.2
2017,3,28,9,30,6.6000000000000005,0,131,131,0.14,116,0.2
2017,3,28,10,30,7.7,4,216,219,0.14,122,0.2
2017,3,28,11,30,7.7,1,161,162,0.14,123,0.1
2017,3,28,12,30,7.7,1,139,140,0.14,109,0.2
2017,3,28,13,30,7.6000000000000005,0,63,64,0.14,93,0.2
2017,3,28,14,30,7.4,4,173,176,0.14,87,0.2
2017,3,28,15,30,6.800000000000001,0,9,9,0.14,86,0.1
2017,3,28,16,30,5.800000000000001,0,14,14,0.14,83,0.1
2017,3,28,17,30,5,0,11,11,0.14,74,0.1
2017,3,28,18,30,4.7,0,0,0,0.14,60,0.1
2017,3,28,19,30,4.4,0,0,0,0.14,45,0.2
2017,3,28,20,30,4,0,0,0,0.14,30,0.2
2017,3,28,21,30,3.5,0,0,0,0.14,18,0.2
2017,3,28,22,30,3.1,0,0,0,0.14,10,0.2
2017,3,28,23,30,2.8000000000000003,0,0,0,0.14,6,0.2
2017,3,29,0,30,2.4000000000000004,0,0,0,0.14,179,0.2
2017,3,29,1,30,2.2,0,0,0,0.14,346,0.2
2017,3,29,2,30,2.1,0,0,0,0.14,338,0.2
2017,3,29,3,30,2.1,0,0,0,0.14,337,0.2
2017,3,29,4,30,1.9000000000000001,0,0,0,0.14,337,0.30000000000000004
2017,3,29,5,30,2,0,0,0,0.14,339,0.30000000000000004
2017,3,29,6,30,2.9000000000000004,486,44,120,0.14,344,0.30000000000000004
2017,3,29,7,30,4.800000000000001,744,66,321,0.14,349,0.4
2017,3,29,8,30,7,143,297,370,0.14,350,0.4
2017,3,29,9,30,8.8,254,362,525,0.14,346,0.4
2017,3,29,10,30,10,89,387,452,0.14,338,0.4
2017,3,29,11,30,10.8,980,93,858,0.14,331,0.4
2017,3,29,12,30,11.100000000000001,980,92,853,0.14,328,0.4
2017,3,29,13,30,10.8,954,92,781,0.14,327,0.4
2017,3,29,14,30,10,141,366,454,0.14,327,0.4
2017,3,29,15,30,8.6,49,266,290,0.14,331,0.4
2017,3,29,16,30,6.800000000000001,0,49,49,0.14,336,0.4
2017,3,29,17,30,5,461,36,94,0.14,339,0.4
2017,3,29,18,30,3.6,0,0,0,0.14,343,0.30000000000000004
2017,3,29,19,30,2.5,0,0,0,0.14,347,0.30000000000000004
2017,3,29,20,30,1.3,0,0,0,0.14,348,0.30000000000000004
2017,3,29,21,30,0.30000000000000004,0,0,0,0.14,346,0.2
2017,3,29,22,30,-0.7000000000000001,0,0,0,0.14,342,0.2
2017,3,29,23,30,-1.6,0,0,0,0.14,335,0.2
2017,3,30,0,30,-2.2,0,0,0,0.14,334,0.2
2017,3,30,1,30,-2.4000000000000004,0,0,0,0.14,334,0.2
2017,3,30,2,30,-2.6,0,0,0,0.14,331,0.2
2017,3,30,3,30,-2.7,0,0,0,0.14,327,0.2
2017,3,30,4,30,-2.9000000000000004,0,0,0,0.14,327,0.1
2017,3,30,5,30,-1.9000000000000001,0,0,0,0.14,329,0.2
2017,3,30,6,30,0.6000000000000001,577,40,133,0.14,339,0.2
2017,3,30,7,30,2.9000000000000004,806,60,339,0.14,352,0.30000000000000004
2017,3,30,8,30,4.6000000000000005,905,70,534,0.14,354,0.30000000000000004
2017,3,30,9,30,6.300000000000001,960,77,698,0.14,354,0.30000000000000004
2017,3,30,10,30,7.800000000000001,991,81,813,0.14,353,0.2
2017,3,30,11,30,9.1,995,84,865,0.14,351,0.2
2017,3,30,12,30,10.100000000000001,991,86,860,0.14,354,0.2
2017,3,30,13,30,10.700000000000001,970,84,788,0.14,356,0.2
2017,3,30,14,30,10.600000000000001,929,80,661,0.14,352,0.1
2017,3,30,15,30,9.8,849,76,488,0.14,340,0.1
2017,3,30,16,30,8,8,143,146,0.14,333,0.30000000000000004
2017,3,30,17,30,6.2,0,36,36,0.14,171,0.7000000000000001
2017,3,30,18,30,5.1000000000000005,0,0,0,0.14,28,0.7000000000000001
2017,3,30,19,30,4,0,0,0,0.14,66,0.6000000000000001
2017,3,30,20,30,3.2,0,0,0,0.14,83,0.5
2017,3,30,21,30,2.9000000000000004,0,0,0,0.14,88,0.4
2017,3,30,22,30,2.4000000000000004,0,0,0,0.14,105,0.4
2017,3,30,23,30,1.7000000000000002,0,0,0,0.14,128,0.30000000000000004
2017,3,31,0,30,1.2000000000000002,0,0,0,0.14,142,0.2
2017,3,31,1,30,0.9,0,0,0,0.14,146,0.2
2017,3,31,2,30,0.7000000000000001,0,0,0,0.14,148,0.2
2017,3,31,3,30,0.6000000000000001,0,0,0,0.14,137,0.2
2017,3,31,4,30,0.6000000000000001,0,0,0,0.14,121,0.1
2017,3,31,5,30,0.9,0,0,0,0.14,115,0.1
2017,3,31,6,30,1.3,0,11,11,0.14,110,0.2
2017,3,31,7,30,1.6,0,22,22,0.14,109,0.2
2017,3,31,8,30,1.8,2,119,120,0.14,112,0.30000000000000004
2017,3,31,9,30,2,1,144,145,0.14,112,0.30000000000000004
2017,3,31,10,30,2.1,2,191,192,0.14,111,0.30000000000000004
2017,3,31,11,30,2.1,1,170,171,0.14,110,0.30000000000000004
2017,3,31,12,30,2,1,156,157,0.14,108,0.30000000000000004
2017,3,31,13,30,1.8,0,125,126,0.14,104,0.30000000000000004
2017,3,31,14,30,1.5,0,74,74,0.14,98,0.30000000000000004
2017,3,31,15,30,1.2000000000000002,10,159,164,0.14,94,0.30000000000000004
2017,3,31,16,30,1,0,52,52,0.14,95,0.30000000000000004
2017,3,31,17,30,0.7000000000000001,0,7,7,0.14,95,0.4
2017,3,31,18,30,0.5,0,0,0,0.14,92,0.4
2017,3,31,19,30,10.600000000000001,0,0,0,0.13,172,0.2
2017,3,31,20,30,10.200000000000001,0,0,0,0.13,164,0.2
2017,3,31,21,30,9.700000000000001,0,0,0,0.13,154,0.1
2017,3,31,22,30,9.600000000000001,0,0,0,0.13,139,0.2
2017,3,31,23,30,9.5,0,0,0,0.13,209,0.2
2021,4,1,0,30,9.3,0,0,0,0.13,294,0.2
2021,4,1,1,30,8.8,0,0,0,0.13,313,0.2
2021,4,1,2,30,8,0,0,0,0.13,329,0.30000000000000004
2021,4,1,3,30,7,0,0,0,0.13,333,0.30000000000000004
2021,4,1,4,30,6,0,0,0,0.13,338,0.4
2021,4,1,5,30,4.9,0,0,0,0.13,335,0.4
2021,4,1,6,30,3.9000000000000004,0,25,25,0.13,328,0.4
2021,4,1,7,30,3.5,2,62,63,0.13,327,0.5
2021,4,1,8,30,4.3,5,118,121,0.13,330,0.5
2021,4,1,9,30,6,4,165,168,0.13,331,0.5
2021,4,1,10,30,7.6000000000000005,47,298,333,0.13,329,0.5
2021,4,1,11,30,8.700000000000001,9,220,227,0.13,329,0.5
2021,4,1,12,30,9.3,0,161,161,0.13,325,0.4
2021,4,1,13,30,8.9,0,163,163,0.13,319,0.4
2021,4,1,14,30,7.9,0,182,182,0.13,317,0.4
2021,4,1,15,30,6.800000000000001,0,142,142,0.13,319,0.30000000000000004
2021,4,1,16,30,5.5,18,154,160,0.13,322,0.30000000000000004
2021,4,1,17,30,4,42,52,58,0.13,325,0.30000000000000004
2021,4,1,18,30,2.6,0,0,0,0.13,328,0.30000000000000004
2021,4,1,19,30,1.6,0,0,0,0.13,331,0.30000000000000004
2021,4,1,20,30,0.7000000000000001,0,0,0,0.13,332,0.30000000000000004
2021,4,1,21,30,-0.1,0,0,0,0.13,330,0.30000000000000004
2021,4,1,22,30,-0.9,0,0,0,0.13,327,0.30000000000000004
2021,4,1,23,30,-1.6,0,0,0,0.13,324,0.30000000000000004
2021,4,2,0,30,-2.3000000000000003,0,0,0,0.13,320,0.2
2021,4,2,1,30,-3,0,0,0,0.13,317,0.2
2021,4,2,2,30,-3.5,0,0,0,0.13,315,0.2
2021,4,2,3,30,-3.9000000000000004,0,0,0,0.13,315,0.2
2021,4,2,4,30,-4.3,0,0,0,0.13,315,0.2
2021,4,2,5,30,-4.1000000000000005,0,1,1,0.13,317,0.30000000000000004
2021,4,2,6,30,-3.1,0,23,23,0.13,321,0.30000000000000004
2021,4,2,7,30,-1.8,3,120,121,0.13,323,0.30000000000000004
2021,4,2,8,30,-0.7000000000000001,31,252,268,0.13,321,0.30000000000000004
2021,4,2,9,30,0.2,20,298,311,0.13,318,0.30000000000000004
2021,4,2,10,30,0.8,4,307,310,0.13,316,0.30000000000000004
2021,4,2,11,30,1.3,4,326,329,0.13,315,0.30000000000000004
2021,4,2,12,30,1.6,12,366,376,0.13,315,0.30000000000000004
2021,4,2,13,30,1.7000000000000002,3,292,294,0.13,318,0.30000000000000004
2021,4,2,14,30,1.5,0,188,188,0.13,321,0.30000000000000004
2021,4,2,15,30,1.1,1,158,158,0.13,324,0.30000000000000004
2021,4,2,16,30,0.30000000000000004,0,67,67,0.13,326,0.2
2021,4,2,17,30,-0.8,0,38,38,0.13,326,0.2
2021,4,2,18,30,-1.9000000000000001,0,0,0,0.13,326,0.1
2021,4,2,19,30,-2.6,0,0,0,0.14,328,0.1
2021,4,2,20,30,-3.1,0,0,0,0.14,330,0.1
2021,4,2,21,30,-3.3000000000000003,0,0,0,0.14,329,0.2
2021,4,2,22,30,-3.5,0,0,0,0.14,325,0.2
2021,4,2,23,30,-3.6,0,0,0,0.14,320,0.1
2021,4,3,0,30,-3.7,0,0,0,0.14,313,0.1
2021,4,3,1,30,-3.7,0,0,0,0.14,306,0.1
2021,4,3,2,30,-3.7,0,0,0,0.14,302,0.1
2021,4,3,3,30,-3.7,0,0,0,0.14,300,0.1
2021,4,3,4,30,-3.7,0,0,0,0.14,300,0.1
2021,4,3,5,30,-2.7,48,6,6,0.14,299,0.2
2021,4,3,6,30,-0.4,574,48,153,0.14,308,0.2
2021,4,3,7,30,1.9000000000000001,794,70,362,0.14,318,0.2
2021,4,3,8,30,3.6,896,84,561,0.14,319,0.30000000000000004
2021,4,3,9,30,4.9,943,98,725,0.14,319,0.30000000000000004
2021,4,3,10,30,6.2,964,108,838,0.14,322,0.30000000000000004
2021,4,3,11,30,7.4,968,111,887,0.14,324,0.2
2021,4,3,12,30,8.200000000000001,959,113,877,0.14,324,0.2
2021,4,3,13,30,8.700000000000001,930,113,802,0.14,320,0.2
2021,4,3,14,30,8.6,885,105,671,0.14,315,0.2
2021,4,3,15,30,7.9,815,93,500,0.14,309,0.2
2021,4,3,16,30,5.300000000000001,688,75,302,0.14,300,0.2
2021,4,3,17,30,1.5,417,45,105,0.14,295,0.5
2021,4,3,18,30,-0.4,0,0,0,0.14,297,0.6000000000000001
2021,4,3,19,30,-1,0,0,0,0.13,302,0.4
2021,4,3,20,30,-1.3,0,0,0,0.13,307,0.30000000000000004
2021,4,3,21,30,-1.5,0,0,0,0.13,312,0.30000000000000004
2021,4,3,22,30,-1.7000000000000002,0,0,0,0.13,319,0.30000000000000004
2021,4,3,23,30,-1.8,0,0,0,0.13,326,0.30000000000000004
2021,4,4,0,30,-1.9000000000000001,0,0,0,0.13,331,0.30000000000000004
2021,4,4,1,30,-2,0,0,0,0.13,335,0.30000000000000004
2021,4,4,2,30,-2,0,0,0,0.13,340,0.30000000000000004
2021,4,4,3,30,-2,0,0,0,0.13,346,0.30000000000000004
2021,4,4,4,30,-1.7000000000000002,0,0,0,0.13,352,0.4
2021,4,4,5,30,-0.1,26,6,6,0.13,356,0.30000000000000004
2021,4,4,6,30,2.8000000000000003,313,70,129,0.13,352,0.1
2021,4,4,7,30,6.1000000000000005,12,159,163,0.13,338,0.1
2021,4,4,8,30,8.8,460,219,466,0.13,322,0.1
2021,4,4,9,30,10.3,685,196,655,0.13,311,0.2
2021,4,4,10,30,11.5,765,183,766,0.13,308,0.2
2021,4,4,11,30,12.4,888,139,855,0.13,310,0.2
2021,4,4,12,30,13,891,134,847,0.13,312,0.2
2021,4,4,13,30,13.200000000000001,876,125,778,0.13,315,0.30000000000000004
2021,4,4,14,30,12.8,842,114,656,0.13,317,0.30000000000000004
2021,4,4,15,30,12,777,99,490,0.13,319,0.30000000000000004
2021,4,4,16,30,10.5,651,79,296,0.13,320,0.2
2021,4,4,17,30,8.3,383,48,104,0.13,323,0.2
2021,4,4,18,30,6.6000000000000005,0,0,0,0.13,330,0.2
2021,4,4,19,30,5.6000000000000005,0,0,0,0.14,334,0.2
2021,4,4,20,30,4.800000000000001,0,0,0,0.14,331,0.2
2021,4,4,21,30,4.1000000000000005,0,0,0,0.14,325,0.2
2021,4,4,22,30,3.5,0,0,0,0.14,319,0.2
2021,4,4,23,30,3.1,0,0,0,0.14,316,0.2
2021,4,5,0,30,2.8000000000000003,0,0,0,0.14,313,0.2
2021,4,5,1,30,2.7,0,0,0,0.14,312,0.2
2021,4,5,2,30,2.6,0,0,0,0.14,310,0.2
2021,4,5,3,30,2.5,0,0,0,0.14,311,0.2
2021,4,5,4,30,2.3000000000000003,0,0,0,0.14,313,0.2
2021,4,5,5,30,2.9000000000000004,43,9,9,0.14,314,0.2
2021,4,5,6,30,4.800000000000001,464,60,150,0.14,319,0.2
2021,4,5,7,30,7.4,691,90,351,0.14,327,0.30000000000000004
2021,4,5,8,30,9.4,806,107,544,0.14,332,0.30000000000000004
2021,4,5,9,30,10.9,882,113,708,0.14,331,0.4
2021,4,5,10,30,12.3,935,110,826,0.14,328,0.4
2021,4,5,11,30,13.4,957,107,882,0.14,326,0.4
2021,4,5,12,30,14.3,956,103,872,0.14,324,0.4
2021,4,5,13,30,14.600000000000001,940,99,803,0.14,325,0.4
2021,4,5,14,30,14.3,899,95,677,0.14,328,0.4
2021,4,5,15,30,13.5,827,87,506,0.14,332,0.30000000000000004
2021,4,5,16,30,12,703,70,307,0.14,335,0.30000000000000004
2021,4,5,17,30,10,451,44,112,0.14,337,0.30000000000000004
2021,4,5,18,30,8.5,0,0,0,0.14,337,0.2
2021,4,5,19,30,7.6000000000000005,0,0,0,0.14,336,0.2
2021,4,5,20,30,6.800000000000001,0,0,0,0.14,333,0.2
2021,4,5,21,30,6.2,0,0,0,0.14,332,0.2
2021,4,5,22,30,5.7,0,0,0,0.14,333,0.2
2021,4,5,23,30,5.2,0,0,0,0.14,334,0.2
2021,4,6,0,30,4.4,0,0,0,0.14,333,0.2
2021,4,6,1,30,3.6,0,0,0,0.14,330,0.2
2021,4,6,2,30,3,0,0,0,0.14,325,0.2
2021,4,6,3,30,2.5,0,0,0,0.14,319,0.2
2021,4,6,4,30,2.1,0,0,0,0.14,314,0.2
2021,4,6,5,30,2.9000000000000004,74,9,10,0.14,310,0.2
2021,4,6,6,30,5.4,551,51,160,0.14,316,0.2
2021,4,6,7,30,8.200000000000001,761,71,362,0.14,329,0.2
2021,4,6,8,30,10.4,860,83,553,0.14,338,0.30000000000000004
2021,4,6,9,30,12.100000000000001,918,89,712,0.14,341,0.30000000000000004
2021,4,6,10,30,13.8,951,91,823,0.14,340,0.2
2021,4,6,11,30,15.100000000000001,968,90,878,0.14,336,0.2
2021,4,6,12,30,16.1,965,87,867,0.14,331,0.2
2021,4,6,13,30,16.5,947,86,798,0.14,327,0.2
2021,4,6,14,30,16.3,904,84,672,0.14,326,0.2
2021,4,6,15,30,15.600000000000001,667,124,464,0.14,327,0.2
2021,4,6,16,30,13.700000000000001,706,66,306,0.14,330,0.1
2021,4,6,17,30,10.5,453,43,112,0.14,337,0.1
2021,4,6,18,30,8.4,0,0,0,0.14,350,0.1
2021,4,6,19,30,8,0,0,0,0.14,184,0.1
2021,4,6,20,30,7.2,0,0,0,0.14,15,0.1
2021,4,6,21,30,5.9,0,0,0,0.14,19,0.1
2021,4,6,22,30,4.9,0,0,0,0.14,17,0.1
2021,4,6,23,30,4.3,0,0,0,0.14,11,0.1
2021,4,7,0,30,3.8000000000000003,0,0,0,0.14,7,0.1
2021,4,7,1,30,3.5,0,0,0,0.14,5,0.1
2021,4,7,2,30,3.3000000000000003,0,0,0,0.14,180,0.1
2021,4,7,3,30,3.1,0,0,0,0.14,354,0.1
2021,4,7,4,30,3.2,0,0,0,0.14,347,0.1
2021,4,7,5,30,4.9,0,7,7,0.14,342,0.1
2021,4,7,6,30,7.800000000000001,73,95,110,0.14,337,0.1
2021,4,7,7,30,10.8,288,176,288,0.14,346,0.1
2021,4,7,8,30,13.200000000000001,527,180,471,0.14,181,0.2
2021,4,7,9,30,15,683,161,628,0.14,5,0.2
2021,4,7,10,30,16.400000000000002,646,202,702,0.14,10,0.2
2021,4,7,11,30,17.2,879,122,841,0.14,17,0.2
2021,4,7,12,30,17.400000000000002,872,122,830,0.14,28,0.2
2021,4,7,13,30,17.3,775,145,730,0.14,41,0.2
2021,4,7,14,30,17.2,870,91,660,0.14,53,0.2
2021,4,7,15,30,16.6,800,84,494,0.14,65,0.1
2021,4,7,16,30,15,548,93,281,0.14,82,0.1
2021,4,7,17,30,12,286,44,89,0.14,99,0.1
2021,4,7,18,30,9.5,0,0,0,0.14,114,0.1
2021,4,7,19,30,8.200000000000001,0,0,0,0.14,129,0.1
2021,4,7,20,30,7.2,0,0,0,0.14,144,0.1
2021,4,7,21,30,6.4,0,0,0,0.14,162,0.30000000000000004
2021,4,7,22,30,6.2,0,0,0,0.14,188,0.6000000000000001
2021,4,7,23,30,6.4,0,0,0,0.14,221,0.7000000000000001
2021,4,8,0,30,6.5,0,0,0,0.14,255,0.8
2021,4,8,1,30,6.2,0,0,0,0.14,284,0.7000000000000001
2021,4,8,2,30,5.6000000000000005,0,0,0,0.14,305,0.7000000000000001
2021,4,8,3,30,5,0,0,0,0.14,319,0.6000000000000001
2021,4,8,4,30,4.5,0,0,0,0.14,330,0.4
2021,4,8,5,30,6.1000000000000005,0,8,8,0.14,335,0.2
2021,4,8,6,30,9.4,508,57,163,0.14,337,0.1
2021,4,8,7,30,13.100000000000001,719,78,360,0.14,174,0.1
2021,4,8,8,30,16.1,824,91,549,0.14,21,0.1
2021,4,8,9,30,17.900000000000002,890,96,708,0.14,35,0.1
2021,4,8,10,30,19.1,934,93,820,0.14,45,0.1
2021,4,8,11,30,20,943,96,871,0.14,56,0.1
2021,4,8,12,30,20.5,936,98,861,0.14,68,0.1
2021,4,8,13,30,20.5,910,100,791,0.14,81,0.1
2021,4,8,14,30,20,867,97,666,0.14,94,0.1
2021,4,8,15,30,19,798,87,499,0.14,109,0.1
2021,4,8,16,30,17,54,84,103,0.14,126,0.1
2021,4,8,17,30,14.100000000000001,436,46,116,0.14,143,0.1
2021,4,8,18,30,11.700000000000001,11,2,2,0.14,154,0.1
2021,4,8,19,30,10.200000000000001,0,0,0,0.14,165,0.1
2021,4,8,20,30,8.700000000000001,0,0,0,0.14,176,0.1
2021,4,8,21,30,7.4,0,0,0,0.14,185,0.1
2021,4,8,22,30,6.6000000000000005,0,0,0,0.14,199,0.1
2021,4,8,23,30,6.2,0,0,0,0.14,217,0.1
2021,4,9,0,30,5.800000000000001,0,0,0,0.14,234,0.1
2021,4,9,1,30,5.6000000000000005,0,0,0,0.14,245,0.30000000000000004
2021,4,9,2,30,5.7,0,0,0,0.14,249,0.5
2021,4,9,3,30,5.9,0,0,0,0.14,249,0.6000000000000001
2021,4,9,4,30,6,0,0,0,0.14,249,0.6000000000000001
2021,4,9,5,30,6.800000000000001,100,13,16,0.14,249,0.30000000000000004
2021,4,9,6,30,9,553,55,173,0.14,216,0.1
2021,4,9,7,30,12.100000000000001,757,74,375,0.14,166,0
2021,4,9,8,30,15,857,86,567,0.14,145,0.1
2021,4,9,9,30,17.1,908,96,724,0.14,143,0.1
2021,4,9,10,30,18.6,928,105,831,0.14,151,0.1
2021,4,9,11,30,19.5,930,113,881,0.14,161,0.1
2021,4,9,12,30,19.700000000000003,651,242,775,0.14,171,0.1
2021,4,9,13,30,19.3,345,327,590,0.14,182,0.1
2021,4,9,14,30,18.400000000000002,864,104,674,0.14,190,0.1
2021,4,9,15,30,16.900000000000002,618,146,467,0.14,194,0.1
2021,4,9,16,30,14.9,331,149,265,0.14,194,0.1
2021,4,9,17,30,12.8,93,80,95,0.14,194,0.1
2021,4,9,18,30,11.200000000000001,0,1,1,0.14,197,0.1
2021,4,9,19,30,10.3,0,0,0,0.14,201,0.1
2021,4,9,20,30,9.600000000000001,0,0,0,0.14,206,0.1
2021,4,9,21,30,9.200000000000001,0,0,0,0.14,210,0.1
2021,4,9,22,30,8.9,0,0,0,0.14,214,0.1
2021,4,9,23,30,8.8,0,0,0,0.14,218,0.1
2021,4,10,0,30,8.700000000000001,0,0,0,0.14,222,0.1
2021,4,10,1,30,8.4,0,0,0,0.14,227,0.1
2021,4,10,2,30,8,0,0,0,0.14,232,0.1
2021,4,10,3,30,7.800000000000001,0,0,0,0.14,239,0.1
2021,4,10,4,30,7.7,0,0,0,0.14,246,0.1
2021,4,10,5,30,8.4,42,13,14,0.14,247,0.1
2021,4,10,6,30,10.600000000000001,339,80,154,0.14,244,0.1
2021,4,10,7,30,13.4,443,129,307,0.14,243,0.1
2021,4,10,8,30,16.2,431,206,450,0.14,244,0.1
2021,4,10,9,30,18.7,800,134,691,0.14,241,0.1
2021,4,10,10,30,20.5,884,116,811,0.14,234,0.1
2021,4,10,11,30,21.5,900,118,864,0.14,227,0.2
2021,4,10,12,30,22,890,121,853,0.14,221,0.2
2021,4,10,13,30,21.900000000000002,763,171,755,0.14,219,0.2
2021,4,10,14,30,21.200000000000003,800,126,657,0.14,219,0.2
2021,4,10,15,30,20.200000000000003,721,114,491,0.14,218,0.2
2021,4,10,16,30,18.6,605,91,304,0.14,212,0.1
2021,4,10,17,30,16.2,375,55,117,0.14,202,0.1
2021,4,10,18,30,14.100000000000001,0,1,1,0.14,196,0.1
2021,4,10,19,30,12.8,0,0,0,0.15,198,0.1
2021,4,10,20,30,11.8,0,0,0,0.15,202,0.1
2021,4,10,21,30,11,0,0,0,0.15,206,0.1
2021,4,10,22,30,10.3,0,0,0,0.15,211,0.1
2021,4,10,23,30,10.100000000000001,0,0,0,0.15,218,0.1
2021,4,11,0,30,9.9,0,0,0,0.15,225,0.1
2021,4,11,1,30,9.5,0,0,0,0.15,234,0.1
2021,4,11,2,30,9.200000000000001,0,0,0,0.15,242,0.1
2021,4,11,3,30,9.3,0,0,0,0.15,256,0.30000000000000004
2021,4,11,4,30,9.700000000000001,0,0,0,0.15,308,0.4
2021,4,11,5,30,10.3,0,10,10,0.15,203,0.2
2021,4,11,6,30,11.600000000000001,265,93,152,0.15,63,0.1
2021,4,11,7,30,13.600000000000001,619,108,360,0.15,73,0.1
2021,4,11,8,30,15.200000000000001,122,251,321,0.15,77,0.2
2021,4,11,9,30,15.8,186,332,462,0.15,78,0.2
2021,4,11,10,30,15.600000000000001,23,325,343,0.15,78,0.2
2021,4,11,11,30,14.5,9,288,295,0.15,78,0.2
2021,4,11,12,30,13.100000000000001,33,355,382,0.15,77,0.2
2021,4,11,13,30,11.600000000000001,5,233,237,0.15,75,0.2
2021,4,11,14,30,10.5,0,114,114,0.15,73,0.2
2021,4,11,15,30,9.5,0,73,73,0.15,70,0.2
2021,4,11,16,30,8.700000000000001,0,9,9,0.15,66,0.2
2021,4,11,17,30,8.1,0,9,9,0.15,61,0.2
2021,4,11,18,30,7.6000000000000005,0,1,1,0.15,60,0.2
2021,4,11,19,30,7.2,0,0,0,0.15,62,0.2
2021,4,11,20,30,6.800000000000001,0,0,0,0.15,64,0.2
2021,4,11,21,30,6.5,0,0,0,0.15,65,0.2
2021,4,11,22,30,6.1000000000000005,0,0,0,0.15,65,0.2
2021,4,11,23,30,5.9,0,0,0,0.15,65,0.2
2021,4,12,0,30,5.7,0,0,0,0.15,64,0.1
2021,4,12,1,30,5.6000000000000005,0,0,0,0.15,63,0.1
2021,4,12,2,30,5.5,0,0,0,0.15,60,0.1
2021,4,12,3,30,5.5,0,0,0,0.15,55,0.1
2021,4,12,4,30,5.5,0,0,0,0.15,48,0.1
2021,4,12,5,30,5.800000000000001,18,8,9,0.15,41,0.1
2021,4,12,6,30,6.5,0,15,15,0.15,40,0.1
2021,4,12,7,30,7.5,1,127,127,0.15,45,0.1
2021,4,12,8,30,8.6,26,266,281,0.15,53,0.2
2021,4,12,9,30,9.700000000000001,12,308,316,0.15,59,0.2
2021,4,12,10,30,10.200000000000001,0,124,124,0.15,63,0.2
2021,4,12,11,30,10.3,0,66,66,0.15,64,0.2
2021,4,12,12,30,10,0,89,89,0.15,63,0.2
2021,4,12,13,30,9.600000000000001,0,57,57,0.15,62,0.2
2021,4,12,14,30,9.1,10,213,220,0.15,60,0.2
2021,4,12,15,30,8.700000000000001,0,99,99,0.15,60,0.2
2021,4,12,16,30,8.1,2,71,72,0.15,58,0.1
2021,4,12,17,30,7.4,0,10,10,0.15,57,0.1
2021,4,12,18,30,6.800000000000001,10,3,3,0.15,55,0.1
2021,4,12,19,30,6.4,0,0,0,0.15,54,0.1
2021,4,12,20,30,6,0,0,0,0.15,52,0.1
2021,4,12,21,30,5.5,0,0,0,0.15,48,0.1
2021,4,12,22,30,4.800000000000001,0,0,0,0.15,39,0.1
2021,4,12,23,30,3.8000000000000003,0,0,0,0.15,24,0.1
2021,4,13,0,30,3,0,0,0,0.15,9,0.1
2021,4,13,1,30,2.7,0,0,0,0.15,181,0.1
2021,4,13,2,30,2.6,0,0,0,0.15,357,0.1
2021,4,13,3,30,2.7,0,0,0,0.15,356,0.1
2021,4,13,4,30,3.3000000000000003,0,0,0,0.15,179,0.1
2021,4,13,5,30,4.800000000000001,0,6,6,0.15,1,0.1
2021,4,13,6,30,6.9,0,51,51,0.15,6,0.1
2021,4,13,7,30,9,463,116,309,0.15,15,0.1
2021,4,13,8,30,10.9,868,79,581,0.15,19,0.2
2021,4,13,9,30,12.9,914,87,735,0.15,16,0.2
2021,4,13,10,30,14.600000000000001,887,119,826,0.15,14,0.1
2021,4,13,11,30,15.700000000000001,315,371,636,0.15,15,0.1
2021,4,13,12,30,16.5,531,300,742,0.15,20,0.1
2021,4,13,13,30,16.8,65,389,439,0.15,29,0.1
2021,4,13,14,30,16.7,341,274,503,0.15,41,0.1
2021,4,13,15,30,16.400000000000002,32,202,219,0.15,59,0.1
2021,4,13,16,30,15.4,0,64,64,0.15,90,0.1
2021,4,13,17,30,12.9,0,16,16,0.15,126,0.30000000000000004
2021,4,13,18,30,10.5,0,1,1,0.15,153,0.30000000000000004
2021,4,13,19,30,9.200000000000001,0,0,0,0.15,174,0.1
2021,4,13,20,30,8.5,0,0,0,0.15,191,0.1
2021,4,13,21,30,7.9,0,0,0,0.15,202,0.1
2021,4,13,22,30,7.2,0,0,0,0.15,211,0.1
2021,4,13,23,30,6.7,0,0,0,0.15,218,0.1
2021,4,14,0,30,6.4,0,0,0,0.15,225,0.1
2021,4,14,1,30,6.2,0,0,0,0.15,234,0.1
2021,4,14,2,30,6,0,0,0,0.15,242,0.1
2021,4,14,3,30,5.6000000000000005,0,0,0,0.15,249,0.1
2021,4,14,4,30,5.4,0,0,0,0.15,255,0.1
2021,4,14,5,30,6.6000000000000005,0,17,17,0.15,274,0.1
2021,4,14,6,30,9.5,1,65,65,0.15,301,0
2021,4,14,7,30,13.100000000000001,3,127,128,0.15,164,0
2021,4,14,8,30,16.400000000000002,60,303,338,0.15,19,0
2021,4,14,9,30,18.5,803,145,717,0.15,28,0
2021,4,14,10,30,19.700000000000003,925,104,845,0.15,33,0
2021,4,14,11,30,20.5,929,109,892,0.15,137,0
2021,4,14,12,30,21,915,114,878,0.15,230,0
2021,4,14,13,30,20.900000000000002,734,180,751,0.15,217,0.1
2021,4,14,14,30,20.3,22,200,215,0.15,206,0.1
2021,4,14,15,30,19.1,247,236,368,0.15,188,0.1
2021,4,14,16,30,17.1,52,148,167,0.15,170,0.1
2021,4,14,17,30,14.4,197,74,109,0.15,159,0.1
2021,4,14,18,30,12.4,0,2,2,0.15,157,0.1
2021,4,14,19,30,11.100000000000001,0,0,0,0.15,156,0.1
2021,4,14,20,30,9.9,0,0,0,0.15,153,0.1
2021,4,14,21,30,8.9,0,0,0,0.15,147,0.1
2021,4,14,22,30,8.200000000000001,0,0,0,0.15,139,0.1
2021,4,14,23,30,7.6000000000000005,0,0,0,0.15,134,0.1
2021,4,15,0,30,7.2,0,0,0,0.15,129,0.1
2021,4,15,1,30,7,0,0,0,0.15,120,0.1
2021,4,15,2,30,6.9,0,0,0,0.15,112,0.1
2021,4,15,3,30,6.7,0,0,0,0.15,109,0.1
2021,4,15,4,30,6.7,0,0,0,0.15,113,0.1
2021,4,15,5,30,6.9,0,5,5,0.15,118,0.1
2021,4,15,6,30,7.5,0,16,16,0.15,119,0.1
2021,4,15,7,30,8.5,0,62,62,0.15,122,0.1
2021,4,15,8,30,9.4,0,53,53,0.15,126,0.1
2021,4,15,9,30,10.100000000000001,0,95,95,0.15,130,0.1
2021,4,15,10,30,10.700000000000001,0,88,88,0.15,133,0.1
2021,4,15,11,30,11,0,107,107,0.15,136,0.2
2021,4,15,12,30,10.9,0,117,117,0.15,136,0.2
2021,4,15,13,30,10.3,0,78,78,0.15,130,0.2
2021,4,15,14,30,9.5,1,89,90,0.15,121,0.2
2021,4,15,15,30,8.6,2,61,62,0.15,111,0.2
2021,4,15,16,30,7.5,2,51,52,0.15,102,0.1
2021,4,15,17,30,6.300000000000001,0,11,11,0.15,91,0.1
2021,4,15,18,30,5.2,0,1,1,0.15,77,0.1
2021,4,15,19,30,4.1000000000000005,0,0,0,0.15,64,0.1
2021,4,15,20,30,3.1,0,0,0,0.15,50,0.1
2021,4,15,21,30,2.3000000000000003,0,0,0,0.15,36,0.1
2021,4,15,22,30,1.9000000000000001,0,0,0,0.15,24,0.1
2021,4,15,23,30,1.7000000000000002,0,0,0,0.15,16,0.1
2021,4,16,0,30,1.5,0,0,0,0.15,9,0.1
2021,4,16,1,30,1.4000000000000001,0,0,0,0.15,180,0.1
2021,4,16,2,30,1.4000000000000001,0,0,0,0.15,347,0.1
2021,4,16,3,30,1.3,0,0,0,0.15,336,0.1
2021,4,16,4,30,1.2000000000000002,0,0,0,0.15,328,0.1
2021,4,16,5,30,1.4000000000000001,0,7,7,0.15,322,0.1
2021,4,16,6,30,1.8,3,37,38,0.15,322,0.1
2021,4,16,7,30,2.6,4,69,71,0.15,324,0.1
2021,4,16,8,30,3.5,1,76,77,0.15,323,0.1
2021,4,16,9,30,4.3,0,89,89,0.15,324,0.1
2021,4,16,10,30,4.7,1,162,163,0.15,325,0.2
2021,4,16,11,30,4.9,5,237,241,0.15,326,0.2
2021,4,16,12,30,5,4,234,237,0.15,326,0.2
2021,4,16,13,30,5,2,184,186,0.15,326,0.2
2021,4,16,14,30,4.9,1,160,161,0.15,326,0.2
2021,4,16,15,30,4.7,0,38,38,0.15,326,0.2
2021,4,16,16,30,4.4,1,86,86,0.15,327,0.2
2021,4,16,17,30,3.8000000000000003,0,9,9,0.15,331,0.2
2021,4,16,18,30,3.1,0,2,2,0.15,333,0.2
2021,4,16,19,30,2.5,0,0,0,0.15,333,0.1
2021,4,16,20,30,2.1,0,0,0,0.15,332,0.1
2021,4,16,21,30,1.8,0,0,0,0.15,330,0.1
2021,4,16,22,30,1.5,0,0,0,0.15,328,0.1
2021,4,16,23,30,1.2000000000000002,0,0,0,0.15,323,0.1
2021,4,17,0,30,0.9,0,0,0,0.15,319,0.1
2021,4,17,1,30,0.9,0,0,0,0.15,319,0.1
2021,4,17,2,30,0.9,0,0,0,0.15,320,0.1
2021,4,17,3,30,0.9,0,0,0,0.15,320,0.1
2021,4,17,4,30,0.9,0,0,0,0.15,321,0.1
2021,4,17,5,30,1.7000000000000002,0,12,12,0.15,324,0.1
2021,4,17,6,30,3.4000000000000004,6,55,57,0.15,331,0.1
2021,4,17,7,30,5.300000000000001,51,176,198,0.15,337,0.1
2021,4,17,8,30,6.800000000000001,76,262,307,0.15,334,0.1
2021,4,17,9,30,7.9,130,291,385,0.15,330,0.1
2021,4,17,10,30,8.8,16,265,278,0.15,331,0.1
2021,4,17,11,30,9.700000000000001,10,304,313,0.15,334,0.1
2021,4,17,12,30,10.4,0,118,118,0.15,336,0.1
2021,4,17,13,30,10.700000000000001,6,153,158,0.15,335,0.1
2021,4,17,14,30,10.600000000000001,0,75,75,0.15,334,0.1
2021,4,17,15,30,10.3,9,137,142,0.15,335,0.1
2021,4,17,16,30,9.5,0,24,24,0.15,339,0.1
2021,4,17,17,30,7.5,0,6,6,0.15,346,0.30000000000000004
2021,4,17,18,30,5.6000000000000005,0,2,2,0.15,350,0.7000000000000001
2021,4,17,19,30,4.800000000000001,0,0,0,0.15,348,0.8
2021,4,17,20,30,4.3,0,0,0,0.15,341,0.7000000000000001
2021,4,17,21,30,3.6,0,0,0,0.15,333,0.6000000000000001
2021,4,17,22,30,3.1,0,0,0,0.15,326,0.4
2021,4,17,23,30,2.9000000000000004,0,0,0,0.15,322,0.2
2021,4,18,0,30,2.7,0,0,0,0.15,318,0
2021,4,18,1,30,2.7,0,0,0,0.15,312,0
2021,4,18,2,30,2.7,0,0,0,0.15,311,0
2021,4,18,3,30,2.4000000000000004,0,0,0,0.15,315,0
2021,4,18,4,30,2,0,0,0,0.15,320,0
2021,4,18,5,30,3.5,0,11,11,0.15,319,0
2021,4,18,6,30,6.5,12,98,101,0.15,315,0.1
2021,4,18,7,30,9.3,233,205,307,0.15,313,0.1
2021,4,18,8,30,11.5,673,163,566,0.15,310,0.1
2021,4,18,9,30,13.100000000000001,889,107,754,0.15,304,0.1
2021,4,18,10,30,14.3,713,205,786,0.15,298,0.1
2021,4,18,11,30,15.100000000000001,295,378,631,0.15,295,0.1
2021,4,18,12,30,15.5,26,316,338,0.15,292,0.1
2021,4,18,13,30,15.5,49,333,372,0.15,291,0.1
2021,4,18,14,30,15.200000000000001,96,193,259,0.15,290,0.1
2021,4,18,15,30,14.600000000000001,9,109,114,0.15,288,0.1
2021,4,18,16,30,13.4,0,48,48,0.15,285,0
2021,4,18,17,30,10.9,70,59,72,0.15,282,0
2021,4,18,18,30,8.700000000000001,0,2,2,0.15,284,0
2021,4,18,19,30,7.7,0,0,0,0.15,288,0
2021,4,18,20,30,7.1000000000000005,0,0,0,0.15,292,0
2021,4,18,21,30,6.5,0,0,0,0.15,293,0
2021,4,18,22,30,5.9,0,0,0,0.15,294,0.1
2021,4,18,23,30,5.5,0,0,0,0.15,298,0.1
2021,4,19,0,30,5,0,0,0,0.15,304,0.1
2021,4,19,1,30,4.7,0,0,0,0.15,311,0.1
2021,4,19,2,30,4.5,0,0,0,0.15,316,0.1
2021,4,19,3,30,4.3,0,0,0,0.15,323,0.2
2021,4,19,4,30,4.5,0,0,0,0.15,332,0.30000000000000004
2021,4,19,5,30,6.2,240,28,46,0.15,340,0.2
2021,4,19,6,30,9.3,596,63,219,0.15,351,0
2021,4,19,7,30,12.5,759,84,420,0.15,329,0
2021,4,19,8,30,15.100000000000001,845,97,606,0.15,285,0
2021,4,19,9,30,16.400000000000002,884,112,758,0.15,253,0
2021,4,19,10,30,17,895,125,858,0.15,229,0
2021,4,19,11,30,17,785,171,846,0.15,221,0
2021,4,19,12,30,16.8,315,352,620,0.15,218,0
2021,4,19,13,30,16.3,107,365,450,0.15,216,0
2021,4,19,14,30,15.700000000000001,59,279,320,0.15,214,0
2021,4,19,15,30,15,72,222,262,0.15,210,0
2021,4,19,16,30,13.8,51,112,131,0.15,210,0
2021,4,19,17,30,11.9,66,44,57,0.15,220,0
2021,4,19,18,30,10.4,19,7,7,0.15,235,0
2021,4,19,19,30,9.600000000000001,0,0,0,0.15,249,0
2021,4,19,20,30,8.700000000000001,0,0,0,0.15,269,0.2
2021,4,19,21,30,7.9,0,0,0,0.15,282,0.4
2021,4,19,22,30,7.1000000000000005,0,0,0,0.15,283,0.5
2021,4,19,23,30,6.300000000000001,0,0,0,0.15,284,0.4
2021,4,20,0,30,5.7,0,0,0,0.15,280,0.5
2021,4,20,1,30,5.2,0,0,0,0.15,272,0.5
2021,4,20,2,30,4.9,0,0,0,0.15,258,0.6000000000000001
2021,4,20,3,30,4.6000000000000005,0,0,0,0.15,244,0.5
2021,4,20,4,30,4.9,0,0,0,0.15,233,0.30000000000000004
2021,4,20,5,30,7.300000000000001,33,24,27,0.15,218,0.1
2021,4,20,6,30,10.600000000000001,516,77,214,0.15,202,0
2021,4,20,7,30,13.600000000000001,677,106,408,0.15,204,0
2021,4,20,8,30,16.2,654,172,569,0.15,215,0.1
2021,4,20,9,30,17.7,799,145,732,0.15,222,0.1
2021,4,20,10,30,18.900000000000002,760,175,800,0.15,228,0.1
2021,4,20,11,30,19.6,488,263,684,0.15,232,0.1
2021,4,20,12,30,20,82,316,386,0.15,233,0.1
2021,4,20,13,30,19.900000000000002,148,357,475,0.15,233,0.1
2021,4,20,14,30,19.3,0,102,102,0.15,233,0.1
2021,4,20,15,30,18.5,65,170,206,0.15,231,0
2021,4,20,16,30,17.2,52,85,105,0.15,227,0
2021,4,20,17,30,15.3,1,26,26,0.15,234,0.1
2021,4,20,18,30,13.700000000000001,2,6,6,0.15,244,0.2
2021,4,20,19,30,13,0,0,0,0.15,242,0.30000000000000004
2021,4,20,20,30,12.3,0,0,0,0.15,235,0.30000000000000004
2021,4,20,21,30,11.200000000000001,0,0,0,0.15,232,0.30000000000000004
2021,4,20,22,30,9.9,0,0,0,0.15,247,0.30000000000000004
2021,4,20,23,30,9.1,0,0,0,0.15,268,0.30000000000000004
2021,4,21,0,30,8.6,0,0,0,0.15,196,0.2
2021,4,21,1,30,7.5,0,0,0,0.15,126,0.30000000000000004
2021,4,21,2,30,6.2,0,0,0,0.15,141,0.30000000000000004
2021,4,21,3,30,5.800000000000001,0,0,0,0.15,153,0.1
2021,4,21,4,30,6.5,0,0,0,0.15,162,0
2021,4,21,5,30,8.3,137,31,42,0.15,172,0
2021,4,21,6,30,11,381,86,189,0.15,180,0
2021,4,21,7,30,13.100000000000001,599,129,399,0.15,188,0
2021,4,21,8,30,14.3,561,205,547,0.15,190,0.1
2021,4,21,9,30,15.200000000000001,704,197,717,0.15,186,0.1
2021,4,21,10,30,16.2,346,266,552,0.15,179,0.1
2021,4,21,11,30,17.3,87,298,373,0.15,175,0.1
2021,4,21,12,30,17.7,202,436,609,0.15,178,0.1
2021,4,21,13,30,17.1,67,377,430,0.15,183,0.1
2021,4,21,14,30,15.600000000000001,3,183,185,0.15,194,0.1
2021,4,21,15,30,13.100000000000001,0,17,17,0.15,238,0
2021,4,21,16,30,9.5,3,56,57,0.15,288,0.1
2021,4,21,17,30,6,3,34,35,0.15,311,0.1
2021,4,21,18,30,3.9000000000000004,0,4,4,0.15,315,0.1
2021,4,21,19,30,2.8000000000000003,0,0,0,0.15,313,0.1
2021,4,21,20,30,1.8,0,0,0,0.15,312,0.1
2021,4,21,21,30,0.9,0,0,0,0.15,308,0.1
2021,4,21,22,30,0.1,0,0,0,0.15,305,0.1
2021,4,21,23,30,-0.4,0,0,0,0.15,302,0.1
2021,4,22,0,30,-0.9,0,0,0,0.15,299,0
2021,4,22,1,30,-1.2000000000000002,0,0,0,0.15,293,0
2021,4,22,2,30,-1.4000000000000001,0,0,0,0.15,286,0
2021,4,22,3,30,-1.5,0,0,0,0.15,278,0
2021,4,22,4,30,-1.3,0,0,0,0.15,272,0
2021,4,22,5,30,-0.5,0,23,23,0.15,270,0
2021,4,22,6,30,0.7000000000000001,158,108,151,0.15,275,0.1
2021,4,22,7,30,1.7000000000000002,177,226,306,0.15,281,0.1
2021,4,22,8,30,2.6,106,323,388,0.15,283,0.1
2021,4,22,9,30,3.5,15,224,235,0.15,285,0.1
2021,4,22,10,30,4.4,207,415,586,0.15,285,0.1
2021,4,22,11,30,5.1000000000000005,336,444,736,0.15,286,0.1
2021,4,22,12,30,5.7,303,373,633,0.15,286,0.1
2021,4,22,13,30,6.2,370,324,620,0.15,286,0.1
2021,4,22,14,30,6.4,394,297,572,0.15,286,0.1
2021,4,22,15,30,6.2,600,172,507,0.15,287,0.1
2021,4,22,16,30,5.4,177,163,232,0.15,287,0.1
2021,4,22,17,30,4.3,515,58,163,0.15,286,0.1
2021,4,22,18,30,3.2,104,13,15,0.15,283,0
2021,4,22,19,30,2.6,0,0,0,0.15,280,0
2021,4,22,20,30,2.1,0,0,0,0.15,277,0
2021,4,22,21,30,1.7000000000000002,0,0,0,0.15,274,0
2021,4,22,22,30,1.3,0,0,0,0.15,271,0
2021,4,22,23,30,1.1,0,0,0,0.15,269,0
2021,4,23,0,30,0.9,0,0,0,0.15,267,0
2021,4,23,1,30,0.7000000000000001,0,0,0,0.15,267,0
2021,4,23,2,30,0.4,0,0,0,0.15,266,0
2021,4,23,3,30,0.2,0,0,0,0.15,265,0
2021,4,23,4,30,0.1,0,0,0,0.15,263,0
2021,4,23,5,30,0.9,328,32,62,0.15,260,0
2021,4,23,6,30,2.9000000000000004,666,62,247,0.15,261,0
2021,4,23,7,30,5.300000000000001,819,78,454,0.15,268,0.1
2021,4,23,8,30,7.4,898,90,645,0.15,274,0.1
2021,4,23,9,30,9.1,931,101,795,0.15,278,0.1
2021,4,23,10,30,10.5,650,274,814,0.15,280,0.1
2021,4,23,11,30,11.700000000000001,966,109,951,0.15,281,0.1
2021,4,23,12,30,12.700000000000001,963,106,936,0.15,282,0.1
2021,4,23,13,30,13.200000000000001,952,101,866,0.15,282,0.1
2021,4,23,14,30,13.4,923,93,740,0.15,283,0.1
2021,4,23,15,30,13.200000000000001,865,83,568,0.15,285,0
2021,4,23,16,30,12.3,769,70,372,0.15,288,0
2021,4,23,17,30,10.4,584,50,171,0.15,291,0
2021,4,23,18,30,8.4,122,13,16,0.15,293,0
2021,4,23,19,30,7,0,0,0,0.16,294,0
2021,4,23,20,30,5.9,0,0,0,0.16,290,0
2021,4,23,21,30,5.300000000000001,0,0,0,0.16,282,0
2021,4,23,22,30,5.1000000000000005,0,0,0,0.16,275,0
2021,4,23,23,30,5.2,0,0,0,0.16,272,0
2021,4,24,0,30,5.300000000000001,0,0,0,0.16,271,0
2021,4,24,1,30,4.9,0,0,0,0.16,269,0
2021,4,24,2,30,4.3,0,0,0,0.16,268,0
2021,4,24,3,30,3.8000000000000003,0,0,0,0.16,269,0
2021,4,24,4,30,3.7,0,0,0,0.16,271,0
2021,4,24,5,30,5.5,304,33,62,0.16,271,0
2021,4,24,6,30,8.700000000000001,619,67,242,0.16,273,0
2021,4,24,7,30,12,766,90,444,0.16,283,0
2021,4,24,8,30,14.8,846,105,631,0.16,288,0
2021,4,24,9,30,16.900000000000002,896,112,782,0.16,285,0
2021,4,24,10,30,18.3,928,114,888,0.16,280,0
2021,4,24,11,30,19.1,532,268,733,0.16,272,0
2021,4,24,12,30,19.5,901,134,913,0.16,266,0
2021,4,24,13,30,19.6,849,147,832,0.16,259,0
2021,4,24,14,30,19.200000000000003,794,145,704,0.16,247,0
2021,4,24,15,30,18.3,593,176,510,0.16,232,0
2021,4,24,16,30,16.5,180,196,267,0.16,218,0
2021,4,24,17,30,14.100000000000001,22,95,100,0.16,211,0
2021,4,24,18,30,12.3,0,8,8,0.16,204,0
2021,4,24,19,30,11.3,0,0,0,0.16,195,0
2021,4,24,20,30,10.5,0,0,0,0.16,191,0
2021,4,24,21,30,9.8,0,0,0,0.16,188,0
2021,4,24,22,30,9.200000000000001,0,0,0,0.16,186,0
2021,4,24,23,30,8.8,0,0,0,0.16,188,0
2021,4,25,0,30,8.3,0,0,0,0.16,188,0
2021,4,25,1,30,7.9,0,0,0,0.16,184,0
2021,4,25,2,30,7.7,0,0,0,0.16,180,0
2021,4,25,3,30,7.6000000000000005,0,0,0,0.16,183,0
2021,4,25,4,30,7.6000000000000005,0,0,0,0.16,190,0
2021,4,25,5,30,7.7,0,12,12,0.16,199,0
2021,4,25,6,30,8,0,18,18,0.16,275,0
2021,4,25,7,30,8.3,0,33,33,0.16,189,0
2021,4,25,8,30,8.700000000000001,7,163,167,0.16,36,0
2021,4,25,9,30,9.5,4,207,210,0.16,41,0
2021,4,25,10,30,10.700000000000001,5,256,260,0.16,40,0
2021,4,25,11,30,12.600000000000001,34,355,385,0.16,32,0
2021,4,25,12,30,14.200000000000001,0,181,181,0.16,192,0
2021,4,25,13,30,14.5,0,140,140,0.16,350,0
2021,4,25,14,30,14.200000000000001,0,87,87,0.16,339,0
2021,4,25,15,30,14,79,253,298,0.16,334,0
2021,4,25,16,30,13.5,0,59,59,0.16,328,0
2021,4,25,17,30,11.9,0,15,15,0.16,319,0
2021,4,25,18,30,10.4,0,7,7,0.16,311,0
2021,4,25,19,30,10.100000000000001,0,0,0,0.15,305,0
2021,4,25,20,30,9.600000000000001,0,0,0,0.15,302,0
2021,4,25,21,30,8.700000000000001,0,0,0,0.15,302,0
2021,4,25,22,30,7.4,0,0,0,0.15,304,0
2021,4,25,23,30,6,0,0,0,0.15,303,0
2021,4,26,0,30,4.800000000000001,0,0,0,0.15,302,0
2021,4,26,1,30,3.9000000000000004,0,0,0,0.15,303,0
2021,4,26,2,30,3.4000000000000004,0,0,0,0.15,304,0
2021,4,26,3,30,3.2,0,0,0,0.15,307,0
2021,4,26,4,30,3,0,0,0,0.15,310,0
2021,4,26,5,30,3.1,347,37,73,0.15,312,0
2021,4,26,6,30,3.7,700,63,266,0.15,313,0.1
2021,4,26,7,30,4.800000000000001,841,77,472,0.15,311,0.1
2021,4,26,8,30,6.300000000000001,919,86,663,0.15,308,0.1
2021,4,26,9,30,7.800000000000001,955,92,813,0.15,304,0.1
2021,4,26,10,30,9.200000000000001,977,98,919,0.15,302,0.1
2021,4,26,11,30,10.3,986,100,967,0.15,301,0.1
2021,4,26,12,30,11.100000000000001,981,102,955,0.15,303,0.1
2021,4,26,13,30,11.600000000000001,964,100,882,0.15,305,0.1
2021,4,26,14,30,11.600000000000001,937,92,756,0.15,307,0.1
2021,4,26,15,30,11.200000000000001,885,83,586,0.15,310,0.1
2021,4,26,16,30,10.3,791,71,388,0.15,312,0
2021,4,26,17,30,8.6,607,51,183,0.15,313,0
2021,4,26,18,30,6.5,148,16,21,0.15,311,0
2021,4,26,19,30,4.800000000000001,0,0,0,0.15,303,0
2021,4,26,20,30,3.5,0,0,0,0.15,292,0
2021,4,26,21,30,2.7,0,0,0,0.15,284,0
2021,4,26,22,30,2.2,0,0,0,0.15,284,0
2021,4,26,23,30,1.7000000000000002,0,0,0,0.15,288,0
2021,4,27,0,30,1.5,0,0,0,0.15,294,0
2021,4,27,1,30,1.8,0,0,0,0.15,296,0
2021,4,27,2,30,2.2,0,0,0,0.15,290,0
2021,4,27,3,30,2.1,0,0,0,0.15,282,0
2021,4,27,4,30,2.1,0,0,0,0.15,278,0
2021,4,27,5,30,3.3000000000000003,0,10,10,0.15,272,0
2021,4,27,6,30,5.5,9,66,69,0.15,266,0
2021,4,27,7,30,8,0,50,50,0.15,277,0
2021,4,27,8,30,10.5,1,88,89,0.15,288,0
2021,4,27,9,30,13,18,288,302,0.15,287,0
2021,4,27,10,30,15.200000000000001,2,227,229,0.15,280,0
2021,4,27,11,30,16.900000000000002,595,285,810,0.15,271,0
2021,4,27,12,30,17.8,640,252,810,0.15,260,0
2021,4,27,13,30,18.1,822,152,821,0.15,251,0
2021,4,27,14,30,18.1,818,122,704,0.15,242,0
2021,4,27,15,30,17.7,699,130,529,0.15,236,0
2021,4,27,16,30,16.5,623,102,354,0.15,244,0
2021,4,27,17,30,13.9,458,65,166,0.15,255,0.2
2021,4,27,18,30,11.700000000000001,79,16,19,0.15,252,0.30000000000000004
2021,4,27,19,30,10.8,0,0,0,0.15,240,0.30000000000000004
2021,4,27,20,30,10.3,0,0,0,0.15,225,0.30000000000000004
2021,4,27,21,30,9.9,0,0,0,0.15,215,0.30000000000000004
2021,4,27,22,30,9.700000000000001,0,0,0,0.15,214,0.2
2021,4,27,23,30,9.4,0,0,0,0.15,221,0.1
2021,4,28,0,30,9.200000000000001,0,0,0,0.15,208,0.1
2021,4,28,1,30,9,0,0,0,0.15,169,0.1
2021,4,28,2,30,8.700000000000001,0,0,0,0.15,150,0.1
2021,4,28,3,30,8.5,0,0,0,0.15,133,0.1
2021,4,28,4,30,8.4,0,0,0,0.15,112,0.1
2021,4,28,5,30,9,0,15,15,0.15,120,0.1
2021,4,28,6,30,10.8,171,151,202,0.15,127,0
2021,4,28,7,30,13.9,564,150,419,0.15,127,0
2021,4,28,8,30,17.2,400,251,505,0.15,131,0
2021,4,28,9,30,19.900000000000002,487,265,635,0.15,136,0
2021,4,28,10,30,22.1,472,310,709,0.15,143,0
2021,4,28,11,30,23.6,404,361,718,0.15,173,0
2021,4,28,12,30,24,410,346,705,0.15,191,0
2021,4,28,13,30,24.1,428,297,646,0.15,181,0
2021,4,28,14,30,23.400000000000002,180,319,447,0.15,178,0
2021,4,28,15,30,21.3,80,258,304,0.15,176,0
2021,4,28,16,30,18.900000000000002,2,84,85,0.15,167,0
2021,4,28,17,30,16.8,0,24,24,0.15,166,0
2021,4,28,18,30,14.8,0,6,6,0.15,175,0
2021,4,28,19,30,13.600000000000001,0,0,0,0.15,170,0
2021,4,28,20,30,12.8,0,0,0,0.15,153,0
2021,4,28,21,30,12.100000000000001,0,0,0,0.15,154,0
2021,4,28,22,30,11.3,0,0,0,0.15,164,0
2021,4,28,23,30,10.600000000000001,0,0,0,0.15,177,0
2021,4,29,0,30,10.3,0,0,0,0.15,206,0.1
2021,4,29,1,30,10.100000000000001,0,0,0,0.15,225,0.1
2021,4,29,2,30,10,0,0,0,0.15,233,0.1
2021,4,29,3,30,10,0,0,0,0.15,219,0.1
2021,4,29,4,30,9.9,0,0,0,0.15,179,0.1
2021,4,29,5,30,10.4,4,24,24,0.15,158,0
2021,4,29,6,30,11.5,5,68,70,0.15,159,0
2021,4,29,7,30,13.100000000000001,13,137,143,0.15,155,0
2021,4,29,8,30,15.4,5,118,121,0.15,157,0
2021,4,29,9,30,18.1,5,168,172,0.15,173,0
2021,4,29,10,30,20.200000000000003,1,164,165,0.15,187,0
2021,4,29,11,30,21.200000000000003,0,59,59,0.15,190,0
2021,4,29,12,30,21.200000000000003,0,123,123,0.15,184,0
2021,4,29,13,30,20.8,4,214,217,0.15,179,0
2021,4,29,14,30,19.900000000000002,2,143,144,0.15,172,0
2021,4,29,15,30,19.1,0,65,65,0.15,163,0
2021,4,29,16,30,18.2,0,36,36,0.15,156,0
2021,4,29,17,30,17,0,10,10,0.15,143,0
2021,4,29,18,30,15.8,0,4,4,0.15,129,0
2021,4,29,19,30,14.9,0,0,0,0.15,129,0
2021,4,29,20,30,14.4,0,0,0,0.15,138,0
2021,4,29,21,30,14.100000000000001,0,0,0,0.15,154,0
2021,4,29,22,30,14,0,0,0,0.15,194,0.1
2021,4,29,23,30,13.8,0,0,0,0.15,243,0
2021,4,30,0,30,13.4,0,0,0,0.15,283,0
2021,4,30,1,30,12.4,0,0,0,0.15,310,0
2021,4,30,2,30,11.100000000000001,0,0,0,0.15,311,0
2021,4,30,3,30,10.3,0,0,0,0.15,302,0
2021,4,30,4,30,10.5,0,0,0,0.15,292,0
2021,4,30,5,30,11.600000000000001,188,41,63,0.15,285,0
2021,4,30,6,30,13.100000000000001,408,90,215,0.15,283,0
2021,4,30,7,30,14.200000000000001,649,112,426,0.15,283,0.1
2021,4,30,8,30,14.9,0,61,61,0.15,282,0.1
2021,4,30,9,30,15.100000000000001,64,309,358,0.15,281,0.1
2021,4,30,10,30,15,6,189,194,0.15,280,0.1
2021,4,30,11,30,15.100000000000001,2,198,200,0.15,280,0.1
2021,4,30,12,30,15.4,0,120,120,0.15,283,0.1
2021,4,30,13,30,15.600000000000001,322,343,607,0.15,288,0.1
2021,4,30,14,30,15.5,10,206,213,0.15,292,0.1
2021,4,30,15,30,15,464,217,486,0.15,293,0.1
2021,4,30,16,30,13.8,762,74,388,0.15,293,0.1
2021,4,30,17,30,12.100000000000001,550,56,182,0.15,293,0.1
2021,4,30,18,30,10.3,123,17,23,0.15,293,0
2021,4,30,19,30,8.8,0,0,0,0.14,292,0
2021,4,30,20,30,7.6000000000000005,0,0,0,0.14,290,0.1
2021,4,30,21,30,6.6000000000000005,0,0,0,0.14,290,0.1
2021,4,30,22,30,5.7,0,0,0,0.14,294,0.1
2021,4,30,23,30,4.800000000000001,0,0,0,0.14,300,0.1
2021,5,1,0,30,4,0,0,0,0.14,304,0.1
2021,5,1,1,30,3.5,0,0,0,0.14,307,0.1
2021,5,1,2,30,3.3000000000000003,0,0,0,0.14,308,0.1
2021,5,1,3,30,3,0,0,0,0.14,307,0.1
2021,5,1,4,30,2.9000000000000004,0,0,0,0.14,308,0.1
2021,5,1,5,30,3.4000000000000004,345,41,84,0.14,310,0.1
2021,5,1,6,30,4.9,587,76,258,0.14,312,0.1
2021,5,1,7,30,6.800000000000001,846,68,480,0.14,313,0.1
2021,5,1,8,30,8.9,882,93,661,0.14,314,0.1
2021,5,1,9,30,10.9,959,84,822,0.14,315,0.1
2021,5,1,10,30,12.600000000000001,984,89,929,0.14,313,0
2021,5,1,11,30,14,994,90,977,0.14,308,0
2021,5,1,12,30,14.700000000000001,989,91,963,0.14,302,0
2021,5,1,13,30,14.9,970,89,888,0.14,298,0
2021,5,1,14,30,14.700000000000001,941,84,762,0.14,297,0
2021,5,1,15,30,14.100000000000001,888,77,593,0.14,295,0
2021,5,1,16,30,13.100000000000001,660,101,375,0.14,291,0
2021,5,1,17,30,10.600000000000001,189,101,145,0.14,278,0.1
2021,5,1,18,30,8,221,19,30,0.14,264,0.30000000000000004
2021,5,1,19,30,7.2,0,0,0,0.16,252,0.2
2021,5,1,20,30,7.300000000000001,0,0,0,0.16,239,0.1
2021,5,1,21,30,7.6000000000000005,0,0,0,0.16,229,0
2021,5,1,22,30,8.1,0,0,0,0.16,229,0
2021,5,1,23,30,8.5,0,0,0,0.16,230,0
2021,5,2,0,30,8.3,0,0,0,0.16,227,0
2021,5,2,1,30,8.1,0,0,0,0.16,223,0
2021,5,2,2,30,8.200000000000001,0,0,0,0.16,223,0
2021,5,2,3,30,8.5,0,0,0,0.16,222,0
2021,5,2,4,30,8.700000000000001,0,0,0,0.16,219,0
2021,5,2,5,30,9.700000000000001,148,53,72,0.16,215,0
2021,5,2,6,30,12.100000000000001,231,147,219,0.16,218,0
2021,5,2,7,30,14.9,638,128,441,0.16,233,0
2021,5,2,8,30,17.3,793,120,633,0.16,246,0
2021,5,2,9,30,18.3,826,135,773,0.16,252,0
2021,5,2,10,30,18.5,490,291,711,0.16,253,0
2021,5,2,11,30,19,311,400,678,0.16,250,0
2021,5,2,12,30,20.3,141,357,482,0.16,248,0
2021,5,2,13,30,21.3,238,259,456,0.16,258,0
2021,5,2,14,30,21.3,32,92,115,0.16,271,0
2021,5,2,15,30,20.5,6,129,133,0.16,268,0
2021,5,2,16,30,19.3,14,89,95,0.16,262,0
2021,5,2,17,30,17.5,12,23,26,0.16,264,0
2021,5,2,18,30,15.9,0,6,6,0.16,271,0
2021,5,2,19,30,14.8,0,0,0,0.16,280,0
2021,5,2,20,30,14.100000000000001,0,0,0,0.16,288,0
2021,5,2,21,30,13.5,0,0,0,0.16,295,0
2021,5,2,22,30,12.700000000000001,0,0,0,0.16,302,0
2021,5,2,23,30,12.200000000000001,0,0,0,0.16,316,0
2021,5,3,0,30,11.600000000000001,0,0,0,0.16,332,0
2021,5,3,1,30,11.100000000000001,0,0,0,0.16,171,0
2021,5,3,2,30,10.700000000000001,0,0,0,0.16,8,0
2021,5,3,3,30,10.5,0,0,0,0.16,19,0
2021,5,3,4,30,10.5,0,0,0,0.16,26,0
2021,5,3,5,30,11.3,8,56,57,0.16,35,0
2021,5,3,6,30,12.9,73,162,185,0.16,48,0
2021,5,3,7,30,14.8,142,248,318,0.16,64,0
2021,5,3,8,30,16.7,225,315,461,0.16,84,0
2021,5,3,9,30,18.400000000000002,453,293,644,0.16,109,0
2021,5,3,10,30,19.3,414,337,692,0.16,133,0
2021,5,3,11,30,19.5,155,441,580,0.16,154,0
2021,5,3,12,30,19.200000000000003,36,333,365,0.16,167,0
2021,5,3,13,30,18.400000000000002,21,296,313,0.16,169,0
2021,5,3,14,30,17.3,21,277,292,0.16,157,0
2021,5,3,15,30,16.2,1,106,107,0.16,144,0
2021,5,3,16,30,15.200000000000001,7,80,83,0.16,139,0
2021,5,3,17,30,14.100000000000001,0,16,16,0.16,135,0
2021,5,3,18,30,13.3,0,5,5,0.16,127,0
2021,5,3,19,30,12.700000000000001,0,0,0,0.16,117,0
2021,5,3,20,30,12.3,0,0,0,0.16,109,0
2021,5,3,21,30,11.9,0,0,0,0.16,101,0
2021,5,3,22,30,11.5,0,0,0,0.16,95,0
2021,5,3,23,30,11.100000000000001,0,0,0,0.16,90,0
2021,5,4,0,30,10.700000000000001,0,0,0,0.16,81,0
2021,5,4,1,30,10.4,0,0,0,0.16,74,0
2021,5,4,2,30,10.200000000000001,0,0,0,0.16,70,0
2021,5,4,3,30,10,0,0,0,0.16,65,0
2021,5,4,4,30,9.8,0,0,0,0.16,54,0
2021,5,4,5,30,9.9,0,6,6,0.16,39,0
2021,5,4,6,30,10.200000000000001,0,12,12,0.16,29,0
2021,5,4,7,30,11.100000000000001,0,25,25,0.16,31,0
2021,5,4,8,30,12.3,0,94,94,0.16,37,0
2021,5,4,9,30,13.3,120,137,230,0.16,36,0
2021,5,4,10,30,14.100000000000001,0,181,181,0.16,35,0
2021,5,4,11,30,15,0,244,244,0.16,43,0
2021,5,4,12,30,16,1,269,270,0.16,51,0
2021,5,4,13,30,16.6,19,366,382,0.16,56,0
2021,5,4,14,30,16.7,191,333,472,0.16,61,0
2021,5,4,15,30,16.400000000000002,74,233,277,0.16,74,0
2021,5,4,16,30,15.8,291,98,221,0.16,91,0
2021,5,4,17,30,14.4,30,83,90,0.16,102,0
2021,5,4,18,30,13,0,11,11,0.16,111,0
2021,5,4,19,30,12.100000000000001,0,0,0,0.16,119,0
2021,5,4,20,30,11.600000000000001,0,0,0,0.16,121,0
2021,5,4,21,30,11.100000000000001,0,0,0,0.16,115,0
2021,5,4,22,30,10.5,0,0,0,0.16,111,0
2021,5,4,23,30,9.9,0,0,0,0.16,118,0
2021,5,5,0,30,9.4,0,0,0,0.16,123,0
2021,5,5,1,30,9,0,0,0,0.16,123,0
2021,5,5,2,30,8.8,0,0,0,0.16,130,0
2021,5,5,3,30,8.6,0,0,0,0.16,138,0
2021,5,5,4,30,8.700000000000001,0,0,0,0.16,136,0
2021,5,5,5,30,8.9,1,22,22,0.16,129,0
2021,5,5,6,30,9.5,6,79,81,0.16,128,0
2021,5,5,7,30,10.4,2,92,93,0.16,131,0
2021,5,5,8,30,11.700000000000001,1,113,114,0.16,128,0
2021,5,5,9,30,13.200000000000001,4,204,207,0.16,111,0
2021,5,5,10,30,14.700000000000001,3,198,201,0.16,66,0
2021,5,5,11,30,15.8,0,81,81,0.16,24,0
2021,5,5,12,30,16.400000000000002,2,169,171,0.16,18,0
2021,5,5,13,30,16.7,1,107,108,0.16,23,0
2021,5,5,14,30,16.5,1,100,101,0.16,17,0
2021,5,5,15,30,15.9,0,49,49,0.16,179,0
2021,5,5,16,30,15.100000000000001,0,33,33,0.16,339,0
2021,5,5,17,30,14.100000000000001,0,27,27,0.16,325,0
2021,5,5,18,30,13,0,9,9,0.16,319,0.1
2021,5,5,19,30,12,0,0,0,0.16,305,0.1
2021,5,5,20,30,11.200000000000001,0,0,0,0.16,293,0
2021,5,5,21,30,10.4,0,0,0,0.16,296,0
2021,5,5,22,30,9.600000000000001,0,0,0,0.16,299,0
2021,5,5,23,30,9,0,0,0,0.16,300,0
2021,5,6,0,30,8.6,0,0,0,0.16,300,0
2021,5,6,1,30,8.200000000000001,0,0,0,0.16,301,0
2021,5,6,2,30,7.9,0,0,0,0.16,304,0
2021,5,6,3,30,7.5,0,0,0,0.16,304,0
2021,5,6,4,30,7.6000000000000005,0,0,0,0.16,304,0
2021,5,6,5,30,8.5,415,44,102,0.16,305,0
2021,5,6,6,30,10,533,100,274,0.16,311,0
2021,5,6,7,30,11.4,481,181,423,0.16,316,0
2021,5,6,8,30,12.5,909,88,686,0.16,318,0
2021,5,6,9,30,13.600000000000001,303,349,586,0.16,319,0
2021,5,6,10,30,14.700000000000001,690,263,860,0.16,319,0
2021,5,6,11,30,15.700000000000001,966,107,980,0.16,318,0
2021,5,6,12,30,16.400000000000002,965,105,966,0.16,316,0
2021,5,6,13,30,16.7,948,100,891,0.16,315,0
2021,5,6,14,30,16.6,915,96,766,0.16,315,0
2021,5,6,15,30,16.1,856,90,598,0.16,317,0
2021,5,6,16,30,14.600000000000001,719,90,397,0.16,317,0
2021,5,6,17,30,12.4,125,121,152,0.16,319,0
2021,5,6,18,30,10.4,2,24,24,0.16,323,0
2021,5,6,19,30,9.5,0,0,0,0.16,329,0
2021,5,6,20,30,9.1,0,0,0,0.16,337,0
2021,5,6,21,30,8.8,0,0,0,0.16,349,0
2021,5,6,22,30,8.5,0,0,0,0.16,180,0
2021,5,6,23,30,8.200000000000001,0,0,0,0.16,9,0
2021,5,7,0,30,7.7,0,0,0,0.16,16,0
2021,5,7,1,30,7.2,0,0,0,0.16,24,0
2021,5,7,2,30,6.7,0,0,0,0.16,32,0
2021,5,7,3,30,6.2,0,0,0,0.16,40,0
2021,5,7,4,30,6.300000000000001,0,0,0,0.16,44,0
2021,5,7,5,30,7.800000000000001,395,45,102,0.16,41,0
2021,5,7,6,30,10.3,664,71,289,0.16,51,0
2021,5,7,7,30,12.700000000000001,797,85,488,0.16,70,0
2021,5,7,8,30,14.3,868,98,671,0.16,77,0
2021,5,7,9,30,15.700000000000001,890,114,812,0.16,84,0
2021,5,7,10,30,16.8,425,315,684,0.16,94,0
2021,5,7,11,30,17.5,3,211,214,0.16,109,0
2021,5,7,12,30,17.5,0,184,184,0.16,124,0
2021,5,7,13,30,16.7,54,379,424,0.16,133,0
2021,5,7,14,30,15.4,10,191,198,0.16,139,0
2021,5,7,15,30,14.3,0,106,106,0.16,144,0
2021,5,7,16,30,13.3,23,161,171,0.16,146,0
2021,5,7,17,30,12,262,109,174,0.16,145,0
2021,5,7,18,30,10.100000000000001,94,27,33,0.16,143,0
2021,5,7,19,30,8.8,0,0,0,0.16,140,0
2021,5,7,20,30,8.3,0,0,0,0.16,135,0
2021,5,7,21,30,7.800000000000001,0,0,0,0.16,126,0
2021,5,7,22,30,7.300000000000001,0,0,0,0.16,120,0
2021,5,7,23,30,6.9,0,0,0,0.16,115,0
2021,5,8,0,30,6.6000000000000005,0,0,0,0.16,101,0.1
2021,5,8,1,30,6.2,0,0,0,0.16,82,0.1
2021,5,8,2,30,6,0,0,0,0.16,65,0.1
2021,5,8,3,30,5.9,0,0,0,0.16,48,0
2021,5,8,4,30,6,0,0,0,0.16,35,0
2021,5,8,5,30,6.800000000000001,0,19,19,0.16,28,0
2021,5,8,6,30,8.1,1,67,67,0.16,14,0
2021,5,8,7,30,9.600000000000001,4,133,135,0.16,11,0
2021,5,8,8,30,10.8,83,317,372,0.16,17,0
2021,5,8,9,30,11.5,194,381,534,0.16,14,0
2021,5,8,10,30,12,87,433,509,0.16,10,0
2021,5,8,11,30,12.4,139,458,584,0.16,181,0
2021,5,8,12,30,12.600000000000001,129,462,578,0.16,331,0
2021,5,8,13,30,12.5,219,391,575,0.16,285,0
2021,5,8,14,30,12.100000000000001,74,317,372,0.16,254,0
2021,5,8,15,30,11.4,2,105,106,0.16,246,0
2021,5,8,16,30,10.600000000000001,1,56,56,0.16,247,0
2021,5,8,17,30,9.600000000000001,7,80,82,0.16,251,0
2021,5,8,18,30,8.700000000000001,0,19,19,0.16,255,0
2021,5,8,19,30,8.200000000000001,0,0,0,0.17,257,0
2021,5,8,20,30,7.7,0,0,0,0.17,261,0
2021,5,8,21,30,7.1000000000000005,0,0,0,0.17,266,0
2021,5,8,22,30,6.300000000000001,0,0,0,0.17,269,0
2021,5,8,23,30,5.800000000000001,0,0,0,0.17,272,0
2021,5,9,0,30,5.7,0,0,0,0.17,272,0
2021,5,9,1,30,5.800000000000001,0,0,0,0.17,271,0
2021,5,9,2,30,5.6000000000000005,0,0,0,0.17,276,0
2021,5,9,3,30,5.5,0,0,0,0.17,286,0
2021,5,9,4,30,5.5,8,2,2,0.17,292,0
2021,5,9,5,30,6.6000000000000005,377,49,106,0.17,294,0
2021,5,9,6,30,8.8,641,78,293,0.17,297,0
2021,5,9,7,30,11.3,778,95,492,0.17,297,0
2021,5,9,8,30,13.4,858,105,676,0.17,289,0
2021,5,9,9,30,15.3,849,130,800,0.17,279,0
2021,5,9,10,30,16.6,774,209,884,0.17,270,0
2021,5,9,11,30,17.3,431,343,735,0.17,261,0
2021,5,9,12,30,17.3,302,422,693,0.17,249,0
2021,5,9,13,30,16.7,270,377,604,0.17,236,0
2021,5,9,14,30,15.600000000000001,27,293,313,0.17,225,0
2021,5,9,15,30,14.200000000000001,81,272,321,0.17,220,0
2021,5,9,16,30,12.700000000000001,20,139,148,0.17,218,0
2021,5,9,17,30,11.3,0,35,35,0.17,217,0
2021,5,9,18,30,10.100000000000001,0,11,11,0.17,214,0
2021,5,9,19,30,9.3,0,0,0,0.14,206,0
2021,5,9,20,30,8.700000000000001,0,0,0,0.14,188,0
2021,5,9,21,30,8.200000000000001,0,0,0,0.14,168,0
2021,5,9,22,30,7.7,0,0,0,0.14,150,0
2021,5,9,23,30,7.1000000000000005,0,0,0,0.14,127,0
2021,5,10,0,30,6.7,0,0,0,0.14,96,0
2021,5,10,1,30,6.5,0,0,0,0.14,61,0
2021,5,10,2,30,6.2,0,0,0,0.14,31,0
2021,5,10,3,30,6,0,0,0,0.14,15,0
2021,5,10,4,30,6,0,0,0,0.14,184,0
2021,5,10,5,30,6.300000000000001,0,11,11,0.14,354,0
2021,5,10,6,30,7.5,0,57,57,0.14,355,0
2021,5,10,7,30,9.9,2,178,179,0.14,181,0
2021,5,10,8,30,12.600000000000001,0,125,125,0.14,6,0
2021,5,10,9,30,14.3,0,211,211,0.14,5,0
2021,5,10,10,30,15.100000000000001,0,129,129,0.14,179,0
2021,5,10,11,30,15.5,118,423,531,0.14,350,0
2021,5,10,12,30,15.700000000000001,214,463,656,0.14,335,0
2021,5,10,13,30,15.700000000000001,37,345,376,0.14,313,0
2021,5,10,14,30,15.4,154,334,448,0.14,293,0
2021,5,10,15,30,14.9,8,133,138,0.14,279,0
2021,5,10,16,30,14.3,0,74,74,0.14,273,0
2021,5,10,17,30,13.100000000000001,4,80,81,0.14,277,0
2021,5,10,18,30,11.700000000000001,73,28,33,0.14,284,0
2021,5,10,19,30,11,0,0,0,0.16,293,0
2021,5,10,20,30,10.600000000000001,0,0,0,0.16,300,0
2021,5,10,21,30,9.9,0,0,0,0.16,306,0
2021,5,10,22,30,9,0,0,0,0.16,309,0
2021,5,10,23,30,8.1,0,0,0,0.16,308,0
2021,5,11,0,30,7,0,0,0,0.16,304,0
2021,5,11,1,30,6.4,0,0,0,0.16,296,0
2021,5,11,2,30,6.5,0,0,0,0.16,292,0
2021,5,11,3,30,6.6000000000000005,0,0,0,0.16,290,0
2021,5,11,4,30,6.800000000000001,0,1,1,0.16,288,0
2021,5,11,5,30,7.9,27,72,76,0.16,289,0
2021,5,11,6,30,9.700000000000001,683,75,307,0.16,293,0
2021,5,11,7,30,11.3,823,86,510,0.16,293,0
2021,5,11,8,30,12.600000000000001,901,92,696,0.16,289,0
2021,5,11,9,30,13.600000000000001,946,96,846,0.16,286,0
2021,5,11,10,30,14.600000000000001,969,100,948,0.16,282,0
2021,5,11,11,30,15.4,974,101,990,0.16,281,0
2021,5,11,12,30,15.9,480,318,751,0.16,281,0
2021,5,11,13,30,15.9,338,420,705,0.16,281,0
2021,5,11,14,30,15.600000000000001,198,305,452,0.16,285,0
2021,5,11,15,30,14.8,393,226,464,0.16,290,0
2021,5,11,16,30,13.4,290,194,322,0.16,296,0
2021,5,11,17,30,11.700000000000001,442,88,203,0.16,303,0
2021,5,11,18,30,9.600000000000001,219,29,46,0.16,308,0
2021,5,11,19,30,8.1,0,0,0,0.16,309,0
2021,5,11,20,30,7.300000000000001,0,0,0,0.16,305,0
2021,5,11,21,30,6.4,0,0,0,0.16,297,0
2021,5,11,22,30,5.7,0,0,0,0.16,289,0
2021,5,11,23,30,5.300000000000001,0,0,0,0.16,286,0
2021,5,12,0,30,5,0,0,0,0.16,283,0
2021,5,12,1,30,4.5,0,0,0,0.16,278,0
2021,5,12,2,30,4.2,0,0,0,0.16,274,0
2021,5,12,3,30,3.8000000000000003,0,0,0,0.16,272,0
2021,5,12,4,30,4.2,18,2,2,0.16,272,0
2021,5,12,5,30,5.800000000000001,414,47,113,0.16,281,0
2021,5,12,6,30,8.1,700,68,308,0.16,299,0
2021,5,12,7,30,10.4,818,83,507,0.16,314,0
2021,5,12,8,30,12.5,187,358,484,0.16,323,0
2021,5,12,9,30,14.200000000000001,530,298,719,0.16,329,0
2021,5,12,10,30,15.600000000000001,949,101,934,0.16,330,0
2021,5,12,11,30,16.7,185,391,560,0.16,327,0
2021,5,12,12,30,17.1,306,439,716,0.16,325,0
2021,5,12,13,30,17.1,252,356,569,0.16,324,0
2021,5,12,14,30,16.7,270,299,500,0.16,322,0
2021,5,12,15,30,16.1,95,308,366,0.16,321,0
2021,5,12,16,30,15.100000000000001,493,150,368,0.16,320,0
2021,5,12,17,30,13.200000000000001,16,101,105,0.16,322,0
2021,5,12,18,30,10.8,108,31,40,0.16,326,0
2021,5,12,19,30,9.600000000000001,0,0,0,0.18,331,0
2021,5,12,20,30,9.200000000000001,0,0,0,0.18,336,0
2021,5,12,21,30,8.6,0,0,0,0.18,336,0
2021,5,12,22,30,8,0,0,0,0.18,333,0
2021,5,12,23,30,7.4,0,0,0,0.18,330,0
2021,5,13,0,30,7,0,0,0,0.18,327,0
2021,5,13,1,30,6.6000000000000005,0,0,0,0.18,326,0.1
2021,5,13,2,30,6.2,0,0,0,0.18,324,0.1
2021,5,13,3,30,5.800000000000001,0,0,0,0.18,319,0.1
2021,5,13,4,30,6.4,15,2,2,0.18,316,0.1
2021,5,13,5,30,8.5,447,47,120,0.18,311,0
2021,5,13,6,30,11.600000000000001,684,73,309,0.18,307,0
2021,5,13,7,30,14.8,805,88,507,0.18,311,0
2021,5,13,8,30,16.8,874,100,689,0.18,314,0
2021,5,13,9,30,17.900000000000002,913,109,836,0.18,312,0
2021,5,13,10,30,18.6,932,116,935,0.18,310,0
2021,5,13,11,30,19.1,332,422,726,0.18,310,0
2021,5,13,12,30,19.400000000000002,857,166,942,0.18,311,0
2021,5,13,13,30,19.5,785,181,846,0.18,311,0
2021,5,13,14,30,19.3,147,340,450,0.18,312,0
2021,5,13,15,30,19,203,308,432,0.18,313,0
2021,5,13,16,30,18.1,568,124,377,0.18,309,0
2021,5,13,17,30,15.700000000000001,569,66,217,0.18,300,0.2
2021,5,13,18,30,12.9,285,29,53,0.18,292,0.6000000000000001
2021,5,13,19,30,11.100000000000001,0,0,0,0.18,289,0.6000000000000001
2021,5,13,20,30,10.100000000000001,0,0,0,0.18,288,0.4
2021,5,13,21,30,9.4,0,0,0,0.18,286,0.1
2021,5,13,22,30,8.8,0,0,0,0.18,285,0
2021,5,13,23,30,8.4,0,0,0,0.18,290,0
2021,5,14,0,30,8,0,0,0,0.18,297,0
2021,5,14,1,30,7.6000000000000005,0,0,0,0.18,304,0
2021,5,14,2,30,7.300000000000001,0,0,0,0.18,309,0
2021,5,14,3,30,7,0,0,0,0.18,313,0
2021,5,14,4,30,7.800000000000001,0,2,2,0.18,316,0
2021,5,14,5,30,10.100000000000001,467,46,123,0.18,318,0
2021,5,14,6,30,13.100000000000001,692,70,311,0.18,319,0
2021,5,14,7,30,16.3,804,86,506,0.18,322,0
2021,5,14,8,30,18.8,870,98,686,0.18,325,0
2021,5,14,9,30,20.3,904,108,830,0.18,318,0
2021,5,14,10,30,21.5,917,117,925,0.18,308,0
2021,5,14,11,30,22.200000000000003,925,121,970,0.18,297,0
2021,5,14,12,30,22.6,886,139,943,0.18,288,0
2021,5,14,13,30,22.5,456,235,622,0.18,284,0
2021,5,14,14,30,22.200000000000003,213,291,450,0.18,284,0
2021,5,14,15,30,21.6,542,199,530,0.18,284,0
2021,5,14,16,30,20.3,270,198,319,0.18,281,0
2021,5,14,17,30,17.7,150,127,167,0.18,276,0
2021,5,14,18,30,15,3,36,36,0.18,281,0
2021,5,14,19,30,13.8,0,0,0,0.18,286,0
2021,5,14,20,30,13.200000000000001,0,0,0,0.18,289,0
2021,5,14,21,30,12.8,0,0,0,0.18,294,0
2021,5,14,22,30,12.4,0,0,0,0.18,298,0
2021,5,14,23,30,11.8,0,0,0,0.18,303,0
2021,5,15,0,30,11.100000000000001,0,0,0,0.18,308,0
2021,5,15,1,30,10.5,0,0,0,0.18,310,0
2021,5,15,2,30,10,0,0,0,0.18,309,0
2021,5,15,3,30,9.600000000000001,0,0,0,0.18,308,0
2021,5,15,4,30,10,0,2,2,0.18,309,0
2021,5,15,5,30,11.3,280,64,111,0.18,309,0
2021,5,15,6,30,13.4,95,175,208,0.18,308,0
2021,5,15,7,30,16.2,475,188,437,0.18,308,0
2021,5,15,8,30,19.1,690,168,636,0.18,311,0
2021,5,15,9,30,21.1,658,228,755,0.18,310,0
2021,5,15,10,30,22.400000000000002,924,116,932,0.18,298,0
2021,5,15,11,30,23.1,936,116,977,0.18,285,0
2021,5,15,12,30,23.5,899,123,940,0.18,278,0
2021,5,15,13,30,23.400000000000002,363,338,647,0.18,277,0
2021,5,15,14,30,23.200000000000003,421,237,553,0.18,276,0
2021,5,15,15,30,22.8,411,220,472,0.18,272,0
2021,5,15,16,30,21.700000000000003,725,88,414,0.18,265,0
2021,5,15,17,30,19,554,69,219,0.18,260,0.1
2021,5,15,18,30,16.2,136,35,47,0.18,254,0.30000000000000004
2021,5,15,19,30,15,0,0,0,0.18,244,0.2
2021,5,15,20,30,14.8,0,0,0,0.18,238,0
2021,5,15,21,30,14.700000000000001,0,0,0,0.18,240,0
2021,5,15,22,30,14.4,0,0,0,0.18,245,0
2021,5,15,23,30,14.100000000000001,0,0,0,0.18,257,0
2021,5,16,0,30,13.700000000000001,0,0,0,0.18,282,0.1
2021,5,16,1,30,13.5,0,0,0,0.18,283,0.30000000000000004
2021,5,16,2,30,13.4,0,0,0,0.18,256,0.4
2021,5,16,3,30,13,0,0,0,0.18,255,0.4
2021,5,16,4,30,13,0,3,3,0.18,261,0.30000000000000004
2021,5,16,5,30,13.700000000000001,4,56,57,0.18,251,0.2
2021,5,16,6,30,14.8,50,151,169,0.18,252,0.1
2021,5,16,7,30,16.1,197,267,371,0.18,263,0
2021,5,16,8,30,17.400000000000002,237,349,510,0.18,269,0
2021,5,16,9,30,18.2,765,182,795,0.18,265,0
2021,5,16,10,30,18.6,832,165,901,0.18,255,0
2021,5,16,11,30,19.3,5,115,120,0.18,244,0
2021,5,16,12,30,20.200000000000003,342,404,715,0.18,239,0
2021,5,16,13,30,21,495,302,724,0.18,239,0
2021,5,16,14,30,21.400000000000002,456,271,614,0.18,241,0
2021,5,16,15,30,21.3,392,238,479,0.18,240,0
2021,5,16,16,30,20.400000000000002,453,166,371,0.18,237,0
2021,5,16,17,30,18,121,132,165,0.18,238,0
2021,5,16,18,30,15.700000000000001,5,40,40,0.18,244,0
2021,5,16,19,30,14.600000000000001,0,0,0,0.18,255,0
2021,5,16,20,30,14.100000000000001,0,0,0,0.18,264,0
2021,5,16,21,30,13.4,0,0,0,0.18,266,0
2021,5,16,22,30,12.8,0,0,0,0.18,267,0
2021,5,16,23,30,12.4,0,0,0,0.18,271,0
2021,5,17,0,30,11.9,0,0,0,0.18,279,0
2021,5,17,1,30,11.5,0,0,0,0.18,288,0
2021,5,17,2,30,11.100000000000001,0,0,0,0.18,296,0
2021,5,17,3,30,10.600000000000001,0,0,0,0.18,305,0
2021,5,17,4,30,11,24,5,5,0.18,314,0
2021,5,17,5,30,12.600000000000001,394,55,123,0.18,318,0
2021,5,17,6,30,15.3,631,82,306,0.18,329,0
2021,5,17,7,30,18.2,758,100,501,0.18,175,0
2021,5,17,8,30,20.400000000000002,833,110,678,0.18,24,0
2021,5,17,9,30,21.900000000000002,888,112,825,0.18,44,0
2021,5,17,10,30,23.1,924,108,926,0.18,60,0
2021,5,17,11,30,23.900000000000002,930,112,970,0.18,132,0
2021,5,17,12,30,24.1,911,121,952,0.18,212,0
2021,5,17,13,30,23.900000000000002,742,189,823,0.18,228,0
2021,5,17,14,30,23.400000000000002,835,125,755,0.18,226,0
2021,5,17,15,30,23.200000000000003,644,161,559,0.18,224,0
2021,5,17,16,30,22.3,534,140,382,0.18,222,0
2021,5,17,17,30,19.5,304,112,196,0.18,217,0
2021,5,17,18,30,16.7,4,36,36,0.18,218,0
2021,5,17,19,30,15.5,0,0,0,0.17,226,0
2021,5,17,20,30,14.9,0,0,0,0.17,233,0
2021,5,17,21,30,14,0,0,0,0.17,237,0
2021,5,17,22,30,13,0,0,0,0.17,242,0
2021,5,17,23,30,12.200000000000001,0,0,0,0.17,253,0
2021,5,18,0,30,11.700000000000001,0,0,0,0.17,266,0
2021,5,18,1,30,11.3,0,0,0,0.17,278,0
2021,5,18,2,30,11.200000000000001,0,0,0,0.17,286,0
2021,5,18,3,30,11.3,0,0,0,0.17,289,0
2021,5,18,4,30,11.9,0,3,3,0.17,291,0
2021,5,18,5,30,13.200000000000001,321,62,118,0.17,289,0
2021,5,18,6,30,15.4,611,85,303,0.17,276,0
2021,5,18,7,30,18.8,740,102,495,0.17,279,0
2021,5,18,8,30,21.6,793,123,665,0.17,293,0
2021,5,18,9,30,23.1,840,133,809,0.17,294,0
2021,5,18,10,30,24.1,863,138,904,0.17,291,0
2021,5,18,11,30,24.6,871,142,947,0.17,287,0
2021,5,18,12,30,24.700000000000003,870,140,935,0.17,286,0
2021,5,18,13,30,24.6,336,380,668,0.17,281,0
2021,5,18,14,30,24.3,815,131,747,0.17,280,0
2021,5,18,15,30,23.5,380,263,498,0.17,280,0
2021,5,18,16,30,22.3,595,118,389,0.17,281,0
2021,5,18,17,30,20.700000000000003,478,83,216,0.17,289,0
2021,5,18,18,30,18.900000000000002,19,43,45,0.17,299,0
2021,5,18,19,30,17.7,0,0,0,0.18,304,0
2021,5,18,20,30,17.2,0,0,0,0.18,307,0
2021,5,18,21,30,16.7,0,0,0,0.18,310,0
2021,5,18,22,30,16.1,0,0,0,0.18,311,0
2021,5,18,23,30,15.600000000000001,0,0,0,0.18,312,0
2021,5,19,0,30,15.200000000000001,0,0,0,0.18,314,0
2021,5,19,1,30,14.9,0,0,0,0.18,318,0
2021,5,19,2,30,14.700000000000001,0,0,0,0.18,321,0
2021,5,19,3,30,14.4,0,0,0,0.18,322,0
2021,5,19,4,30,14.700000000000001,32,6,6,0.18,322,0
2021,5,19,5,30,16.2,386,54,122,0.18,323,0
2021,5,19,6,30,18.7,622,81,304,0.18,336,0
2021,5,19,7,30,21,745,97,494,0.18,176,0
2021,5,19,8,30,22.5,807,114,667,0.18,5,0
2021,5,19,9,30,23.6,825,136,801,0.18,6,0
2021,5,19,10,30,24.700000000000003,828,156,892,0.18,6,0
2021,5,19,11,30,25.6,836,160,934,0.18,7,0
2021,5,19,12,30,26.200000000000003,838,154,921,0.18,7,0
2021,5,19,13,30,26.700000000000003,829,144,855,0.18,4,0
2021,5,19,14,30,27,798,134,738,0.18,1,0
2021,5,19,15,30,26.8,742,120,581,0.18,180,0
2021,5,19,16,30,25.900000000000002,646,103,399,0.18,187,0
2021,5,19,17,30,23.900000000000002,482,78,213,0.18,20,0.2
2021,5,19,18,30,21.700000000000003,191,36,55,0.18,35,0.30000000000000004
2021,5,19,19,30,20.1,0,0,0,0.18,90,0.4
2021,5,19,20,30,18.2,0,0,0,0.18,142,0.4
2021,5,19,21,30,16.2,0,0,0,0.18,155,0.30000000000000004
2021,5,19,22,30,14.600000000000001,0,0,0,0.18,162,0.2
2021,5,19,23,30,13.3,0,0,0,0.18,171,0.1
2021,5,20,0,30,12.4,0,0,0,0.18,187,0
2021,5,20,1,30,11.9,0,0,0,0.18,206,0.1
2021,5,20,2,30,11.8,0,0,0,0.18,218,0.30000000000000004
2021,5,20,3,30,12,0,0,0,0.18,224,0.5
2021,5,20,4,30,12.700000000000001,2,4,4,0.18,223,0.30000000000000004
2021,5,20,5,30,14.200000000000001,33,76,82,0.18,200,0.1
2021,5,20,6,30,16.7,537,100,294,0.18,167,0
2021,5,20,7,30,19.3,700,113,487,0.18,151,0
2021,5,20,8,30,21.200000000000003,781,127,663,0.18,145,0
2021,5,20,9,30,22.8,832,134,806,0.18,143,0
2021,5,20,10,30,24,862,136,903,0.18,144,0
2021,5,20,11,30,24.900000000000002,823,155,918,0.18,148,0
2021,5,20,12,30,25.400000000000002,851,145,925,0.18,155,0
2021,5,20,13,30,25.5,849,134,863,0.18,162,0
2021,5,20,14,30,25.1,815,126,745,0.18,169,0
2021,5,20,15,30,24.400000000000002,759,115,588,0.18,174,0
2021,5,20,16,30,23,670,100,408,0.18,178,0
2021,5,20,17,30,20.700000000000003,518,75,221,0.18,179,0
2021,5,20,18,30,18.2,237,36,60,0.18,182,0
2021,5,20,19,30,16.1,0,0,0,0.17,185,0
2021,5,20,20,30,14.700000000000001,0,0,0,0.17,191,0
2021,5,20,21,30,13.700000000000001,0,0,0,0.17,195,0
2021,5,20,22,30,12.8,0,0,0,0.17,196,0
2021,5,20,23,30,12.200000000000001,0,0,0,0.17,196,0
2021,5,21,0,30,11.700000000000001,0,0,0,0.17,197,0
2021,5,21,1,30,11.4,0,0,0,0.17,203,0
2021,5,21,2,30,11.100000000000001,0,0,0,0.17,211,0
2021,5,21,3,30,11.100000000000001,0,0,0,0.17,221,0
2021,5,21,4,30,12,0,2,2,0.17,227,0
2021,5,21,5,30,13.8,0,15,15,0.17,227,0
2021,5,21,6,30,16.3,0,65,65,0.17,224,0
2021,5,21,7,30,18.8,8,183,187,0.17,222,0
2021,5,21,8,30,21.1,64,317,361,0.17,220,0
2021,5,21,9,30,23.1,266,335,550,0.17,219,0
2021,5,21,10,30,24.900000000000002,590,258,784,0.17,218,0
2021,5,21,11,30,26.200000000000003,702,226,878,0.17,216,0
2021,5,21,12,30,27,851,138,919,0.17,213,0
2021,5,21,13,30,27.1,829,136,850,0.17,214,0
2021,5,21,14,30,26.700000000000003,720,166,714,0.17,217,0
2021,5,21,15,30,25.8,740,118,580,0.17,219,0
2021,5,21,16,30,24.5,652,100,402,0.17,217,0
2021,5,21,17,30,22.6,501,75,218,0.17,213,0
2021,5,21,18,30,20.3,133,40,54,0.17,211,0
2021,5,21,19,30,18.5,0,0,0,0.17,210,0
2021,5,21,20,30,17.2,0,0,0,0.17,213,0
2021,5,21,21,30,16.3,0,0,0,0.17,221,0
2021,5,21,22,30,15.700000000000001,0,0,0,0.17,229,0
2021,5,21,23,30,15.4,0,0,0,0.17,235,0
2021,5,22,0,30,15.200000000000001,0,0,0,0.17,237,0
2021,5,22,1,30,15.200000000000001,0,0,0,0.17,241,0
2021,5,22,2,30,15.200000000000001,0,0,0,0.17,253,0
2021,5,22,3,30,14.9,0,0,0,0.17,266,0.1
2021,5,22,4,30,15.5,0,2,2,0.17,264,0.1
2021,5,22,5,30,17.400000000000002,0,27,27,0.17,236,0
2021,5,22,6,30,19.900000000000002,3,63,64,0.17,211,0
2021,5,22,7,30,22.5,199,215,322,0.17,234,0
2021,5,22,8,30,24.5,235,302,464,0.17,269,0
2021,5,22,9,30,25.700000000000003,336,320,592,0.17,284,0
2021,5,22,10,30,26.400000000000002,340,375,678,0.17,290,0
2021,5,22,11,30,26.8,403,359,734,0.17,289,0
2021,5,22,12,30,27.6,375,351,696,0.17,286,0
2021,5,22,13,30,28.3,386,327,660,0.17,285,0
2021,5,22,14,30,28.400000000000002,175,329,462,0.17,286,0
2021,5,22,15,30,27.8,370,239,471,0.17,291,0
2021,5,22,16,30,26.6,80,190,227,0.17,297,0
2021,5,22,17,30,25,220,125,188,0.17,302,0
2021,5,22,18,30,23.200000000000003,4,39,39,0.17,302,0
2021,5,22,19,30,21.400000000000002,0,0,0,0.17,294,0
2021,5,22,20,30,20.400000000000002,0,0,0,0.17,288,0
2021,5,22,21,30,20.1,0,0,0,0.17,288,0
2021,5,22,22,30,19.700000000000003,0,0,0,0.17,287,0
2021,5,22,23,30,19.3,0,0,0,0.17,284,0
2021,5,23,0,30,18.900000000000002,0,0,0,0.17,283,0
2021,5,23,1,30,18.5,0,0,0,0.17,282,0
2021,5,23,2,30,18.1,0,0,0,0.17,282,0
2021,5,23,3,30,17.8,0,0,0,0.17,284,0
2021,5,23,4,30,18.3,0,4,4,0.17,285,0
2021,5,23,5,30,19.900000000000002,454,48,132,0.17,288,0
2021,5,23,6,30,21.900000000000002,465,110,280,0.17,296,0
2021,5,23,7,30,23.8,685,115,484,0.17,299,0
2021,5,23,8,30,25.400000000000002,294,294,497,0.17,296,0
2021,5,23,9,30,26.6,632,205,718,0.17,294,0
2021,5,23,10,30,27.5,725,197,845,0.17,293,0
2021,5,23,11,30,28.3,301,359,639,0.17,293,0
2021,5,23,12,30,28.700000000000003,533,305,796,0.17,293,0
2021,5,23,13,30,28.6,292,328,580,0.17,296,0
2021,5,23,14,30,27.700000000000003,48,291,328,0.17,310,0
2021,5,23,15,30,25.6,6,161,165,0.17,332,0
2021,5,23,16,30,23.1,0,39,39,0.17,348,0
2021,5,23,17,30,21,241,76,146,0.17,354,0
2021,5,23,18,30,19.200000000000003,167,40,58,0.17,357,0
2021,5,23,19,30,17.6,0,0,0,0.17,182,0
2021,5,23,20,30,16.3,0,0,0,0.17,5,0
2021,5,23,21,30,15.100000000000001,0,0,0,0.17,7,0
2021,5,23,22,30,14.200000000000001,0,0,0,0.17,8,0
2021,5,23,23,30,13.4,0,0,0,0.17,11,0
2021,5,24,0,30,12.3,0,0,0,0.17,16,0
2021,5,24,1,30,11.3,0,0,0,0.17,21,0
2021,5,24,2,30,10.600000000000001,0,0,0,0.17,27,0
2021,5,24,3,30,10.200000000000001,0,0,0,0.17,37,0
2021,5,24,4,30,10.8,67,9,10,0.17,49,0
2021,5,24,5,30,12.700000000000001,62,63,75,0.17,78,0
2021,5,24,6,30,14.700000000000001,93,200,234,0.17,112,0
2021,5,24,7,30,16,346,234,421,0.17,129,0
2021,5,24,8,30,17.2,764,146,675,0.17,144,0
2021,5,24,9,30,18.6,633,216,731,0.17,160,0
2021,5,24,10,30,19.6,281,418,669,0.17,172,0
2021,5,24,11,30,20.200000000000003,441,356,767,0.17,183,0
2021,5,24,12,30,20.5,351,353,676,0.17,190,0
2021,5,24,13,30,20.5,129,386,498,0.17,195,0
2021,5,24,14,30,20,604,211,673,0.17,199,0
2021,5,24,15,30,19.200000000000003,810,107,618,0.17,200,0
2021,5,24,16,30,18,715,97,432,0.17,199,0
2021,5,24,17,30,16.400000000000002,558,76,239,0.17,196,0
2021,5,24,18,30,14.5,267,41,71,0.17,193,0
2021,5,24,19,30,12.8,0,0,0,0.18,189,0
2021,5,24,20,30,11.700000000000001,0,0,0,0.18,187,0
2021,5,24,21,30,10.9,0,0,0,0.18,190,0
2021,5,24,22,30,10.4,0,0,0,0.18,193,0
2021,5,24,23,30,10.200000000000001,0,0,0,0.18,196,0
2021,5,25,0,30,10.200000000000001,0,0,0,0.18,199,0
2021,5,25,1,30,10.3,0,0,0,0.18,202,0
2021,5,25,2,30,10.3,0,0,0,0.18,202,0
2021,5,25,3,30,10.3,0,0,0,0.18,200,0
2021,5,25,4,30,10.700000000000001,0,6,6,0.18,196,0
2021,5,25,5,30,12.200000000000001,14,93,96,0.18,198,0
2021,5,25,6,30,14.4,239,174,262,0.18,207,0
2021,5,25,7,30,16.8,730,105,500,0.18,211,0
2021,5,25,8,30,18.8,691,165,644,0.18,209,0
2021,5,25,9,30,20.5,633,190,705,0.18,206,0
2021,5,25,10,30,21.8,748,182,852,0.18,205,0
2021,5,25,11,30,22.8,580,273,814,0.18,204,0
2021,5,25,12,30,23.200000000000003,838,139,912,0.18,204,0
2021,5,25,13,30,23,766,159,823,0.18,203,0
2021,5,25,14,30,22.700000000000003,821,119,749,0.18,202,0
2021,5,25,15,30,22.3,697,132,573,0.18,203,0
2021,5,25,16,30,21.5,368,185,358,0.18,202,0
2021,5,25,17,30,20,192,128,184,0.18,199,0
2021,5,25,18,30,18.1,10,41,42,0.18,198,0
2021,5,25,19,30,16.6,0,0,0,0.16,199,0
2021,5,25,20,30,15.600000000000001,0,0,0,0.16,201,0
2021,5,25,21,30,15.100000000000001,0,0,0,0.16,204,0
2021,5,25,22,30,15,0,0,0,0.16,209,0
2021,5,25,23,30,15.200000000000001,0,0,0,0.16,214,0
2021,5,26,0,30,15.4,0,0,0,0.16,216,0
2021,5,26,1,30,15.600000000000001,0,0,0,0.16,217,0
2021,5,26,2,30,15.8,0,0,0,0.16,219,0
2021,5,26,3,30,16,0,0,0,0.16,223,0
2021,5,26,4,30,16.5,0,6,6,0.16,222,0
2021,5,26,5,30,17.7,147,74,102,0.16,216,0
2021,5,26,6,30,19.3,261,162,259,0.16,216,0
2021,5,26,7,30,21.5,340,215,400,0.16,219,0
2021,5,26,8,30,24,604,203,622,0.16,221,0
2021,5,26,9,30,26.400000000000002,818,135,802,0.16,219,0
2021,5,26,10,30,28,849,136,897,0.16,215,0
2021,5,26,11,30,28.900000000000002,856,140,939,0.16,211,0
2021,5,26,12,30,29.3,849,143,927,0.16,208,0
2021,5,26,13,30,29.200000000000003,827,142,859,0.16,205,0
2021,5,26,14,30,28.700000000000003,785,139,742,0.16,204,0
2021,5,26,15,30,27.8,711,133,584,0.16,203,0
2021,5,26,16,30,26.5,590,123,402,0.16,202,0
2021,5,26,17,30,24.700000000000003,363,108,215,0.16,201,0
2021,5,26,18,30,22.900000000000002,61,41,48,0.16,197,0
2021,5,26,19,30,21.5,0,0,0,0.16,192,0
2021,5,26,20,30,20.700000000000003,0,0,0,0.16,193,0
2021,5,26,21,30,20.400000000000002,0,0,0,0.16,205,0
2021,5,26,22,30,20.400000000000002,0,0,0,0.16,226,0
2021,5,26,23,30,20.5,0,0,0,0.16,259,0
2021,5,27,0,30,20.200000000000003,0,0,0,0.16,291,0
2021,5,27,1,30,19.400000000000002,0,0,0,0.16,306,0
2021,5,27,2,30,18.6,0,0,0,0.16,307,0
2021,5,27,3,30,17.900000000000002,0,0,0,0.16,302,0
2021,5,27,4,30,17.7,30,9,10,0.16,299,0
2021,5,27,5,30,18.1,495,49,144,0.16,297,0
2021,5,27,6,30,19,636,86,323,0.16,299,0
2021,5,27,7,30,20.3,827,80,530,0.16,305,0
2021,5,27,8,30,21.5,888,91,708,0.16,308,0
2021,5,27,9,30,22.400000000000002,916,101,848,0.16,307,0
2021,5,27,10,30,23.200000000000003,930,108,943,0.16,306,0
2021,5,27,11,30,23.8,936,112,987,0.16,303,0
2021,5,27,12,30,24.200000000000003,937,109,976,0.16,301,0
2021,5,27,13,30,24.200000000000003,925,102,906,0.16,302,0
2021,5,27,14,30,23.8,900,96,789,0.16,305,0
2021,5,27,15,30,23.1,855,88,631,0.16,309,0
2021,5,27,16,30,21.900000000000002,774,79,446,0.16,312,0
2021,5,27,17,30,20.200000000000003,620,68,252,0.16,314,0
2021,5,27,18,30,18.2,313,39,76,0.16,312,0
2021,5,27,19,30,16.5,0,0,0,0.17,311,0
2021,5,27,20,30,15.3,0,0,0,0.17,315,0
2021,5,27,21,30,14.600000000000001,0,0,0,0.17,327,0
2021,5,27,22,30,14,0,0,0,0.17,344,0
2021,5,27,23,30,13.200000000000001,0,0,0,0.17,184,0
2021,5,28,0,30,12.4,0,0,0,0.17,17,0
2021,5,28,1,30,11.600000000000001,0,0,0,0.17,24,0
2021,5,28,2,30,10.700000000000001,0,0,0,0.17,30,0
2021,5,28,3,30,10,0,0,0,0.17,31,0
2021,5,28,4,30,10.100000000000001,100,12,14,0.17,26,0
2021,5,28,5,30,11.200000000000001,362,56,126,0.17,33,0
2021,5,28,6,30,12.600000000000001,485,119,300,0.17,44,0
2021,5,28,7,30,14.200000000000001,403,221,441,0.17,45,0
2021,5,28,8,30,15.700000000000001,617,201,631,0.17,47,0
2021,5,28,9,30,17,317,319,578,0.17,46,0
2021,5,28,10,30,17.8,38,379,413,0.17,42,0
2021,5,28,11,30,18,6,308,314,0.17,41,0
2021,5,28,12,30,17.8,18,343,360,0.17,51,0
2021,5,28,13,30,17.5,52,366,411,0.17,63,0
2021,5,28,14,30,16.5,35,254,281,0.17,64,0
2021,5,28,15,30,15.100000000000001,10,195,201,0.17,59,0
2021,5,28,16,30,13.5,0,51,51,0.17,51,0
2021,5,28,17,30,12.100000000000001,4,51,52,0.17,38,0
2021,5,28,18,30,11,0,10,10,0.17,35,0
2021,5,28,19,30,10,0,0,0,0.2,43,0
2021,5,28,20,30,9,0,0,0,0.2,48,0
2021,5,28,21,30,8,0,0,0,0.2,48,0
2021,5,28,22,30,7.2,0,0,0,0.2,49,0
2021,5,28,23,30,6.5,0,0,0,0.2,50,0
2021,5,29,0,30,5.9,0,0,0,0.2,45,0
2021,5,29,1,30,4.9,0,0,0,0.2,31,0
2021,5,29,2,30,3.8000000000000003,0,0,0,0.2,25,0
2021,5,29,3,30,3.2,0,0,0,0.2,33,0
2021,5,29,4,30,3.3000000000000003,0,3,3,0.2,39,0
2021,5,29,5,30,3.9000000000000004,6,47,48,0.2,40,0
2021,5,29,6,30,4.7,2,48,49,0.2,40,0
2021,5,29,7,30,5.800000000000001,1,78,79,0.2,40,0
2021,5,29,8,30,6.9,0,80,80,0.2,39,0.1
2021,5,29,9,30,7.800000000000001,1,140,141,0.2,38,0.1
2021,5,29,10,30,8.3,1,199,200,0.2,37,0.1
2021,5,29,11,30,8.5,0,189,189,0.2,37,0.1
2021,5,29,12,30,8.6,2,232,234,0.2,38,0.1
2021,5,29,13,30,8.700000000000001,0,125,125,0.2,39,0.1
2021,5,29,14,30,8.6,1,170,171,0.2,38,0.1
2021,5,29,15,30,8.5,1,106,107,0.2,38,0
2021,5,29,16,30,8.200000000000001,1,82,82,0.2,39,0
2021,5,29,17,30,7.9,0,30,30,0.2,39,0
2021,5,29,18,30,7.6000000000000005,0,19,19,0.2,36,0
2021,5,29,19,30,7.4,0,0,0,0.2,36,0
2021,5,29,20,30,7.300000000000001,0,0,0,0.2,36,0
2021,5,29,21,30,7.1000000000000005,0,0,0,0.2,38,0
2021,5,29,22,30,7.1000000000000005,0,0,0,0.2,42,0
2021,5,29,23,30,7,0,0,0,0.2,43,0
2021,5,30,0,30,7.1000000000000005,0,0,0,0.2,40,0
2021,5,30,1,30,7.1000000000000005,0,0,0,0.2,38,0
2021,5,30,2,30,7.2,0,0,0,0.2,37,0
2021,5,30,3,30,7.300000000000001,0,0,0,0.2,39,0
2021,5,30,4,30,7.4,0,3,3,0.2,41,0
2021,5,30,5,30,7.7,3,30,31,0.2,41,0
2021,5,30,6,30,8.4,6,70,72,0.2,43,0
2021,5,30,7,30,9.3,0,30,30,0.2,49,0
2021,5,30,8,30,10.100000000000001,0,57,57,0.2,52,0
2021,5,30,9,30,10.600000000000001,0,85,85,0.2,53,0
2021,5,30,10,30,10.600000000000001,1,180,181,0.2,52,0
2021,5,30,11,30,10.600000000000001,1,181,182,0.2,49,0
2021,5,30,12,30,10.600000000000001,2,199,201,0.2,46,0
2021,5,30,13,30,10.8,0,107,107,0.2,46,0
2021,5,30,14,30,10.8,0,88,88,0.2,45,0
2021,5,30,15,30,10.5,6,159,163,0.2,41,0
2021,5,30,16,30,10,1,82,82,0.2,33,0
2021,5,30,17,30,9.4,2,48,49,0.2,27,0
2021,5,30,18,30,8.8,0,8,8,0.2,22,0
2021,5,30,19,30,8.4,0,0,0,0.18,16,0
2021,5,30,20,30,8.200000000000001,0,0,0,0.18,11,0
2021,5,30,21,30,8,0,0,0,0.18,8,0
2021,5,30,22,30,7.9,0,0,0,0.18,5,0
2021,5,30,23,30,7.800000000000001,0,0,0,0.18,4,0
2021,5,31,0,30,7.7,0,0,0,0.18,3,0
2021,5,31,1,30,7.800000000000001,0,0,0,0.18,179,0
2021,5,31,2,30,7.800000000000001,0,0,0,0.18,352,0
2021,5,31,3,30,7.9,0,0,0,0.18,344,0
2021,5,31,4,30,8.1,94,12,14,0.18,339,0
2021,5,31,5,30,8.700000000000001,494,49,146,0.18,341,0
2021,5,31,6,30,9.700000000000001,148,65,121,0.18,345,0
2021,5,31,7,30,11.3,690,89,467,0.18,344,0
2021,5,31,8,30,13.3,870,92,700,0.18,335,0
2021,5,31,9,30,15.100000000000001,1,238,239,0.18,323,0
2021,5,31,10,30,16.2,0,207,207,0.18,310,0
2021,5,31,11,30,16.3,0,118,118,0.18,298,0
2021,5,31,12,30,15.9,0,139,139,0.18,292,0
2021,5,31,13,30,15.600000000000001,41,383,419,0.18,295,0
2021,5,31,14,30,15.700000000000001,1,196,197,0.18,303,0
2021,5,31,15,30,16,37,277,301,0.18,308,0
2021,5,31,16,30,16,461,136,358,0.18,307,0
2021,5,31,17,30,15.100000000000001,646,61,258,0.18,299,0
2021,5,31,18,30,12.9,381,38,86,0.18,286,0
2021,5,31,19,30,22.3,0,0,0,0.18,129,0.1
2021,5,31,20,30,20.3,0,0,0,0.18,134,0
2021,5,31,21,30,18.6,0,0,0,0.18,133,0
2021,5,31,22,30,16.900000000000002,0,0,0,0.18,125,0
2021,5,31,23,30,15.600000000000001,0,0,0,0.18,123,0
2022,6,1,0,30,14.700000000000001,0,0,0,0.18,129,0
2022,6,1,1,30,14.200000000000001,0,0,0,0.18,127,0
2022,6,1,2,30,13.9,0,0,0,0.18,120,0
2022,6,1,3,30,13.700000000000001,0,0,0,0.18,111,0
2022,6,1,4,30,13.8,0,4,4,0.18,105,0
2022,6,1,5,30,14.600000000000001,56,53,64,0.18,117,0
2022,6,1,6,30,15.700000000000001,226,127,212,0.18,125,0
2022,6,1,7,30,16.6,49,245,272,0.18,125,0
2022,6,1,8,30,17.400000000000002,234,317,481,0.18,132,0
2022,6,1,9,30,18.1,95,415,493,0.18,141,0
2022,6,1,10,30,18.900000000000002,136,429,552,0.18,149,0
2022,6,1,11,30,19.700000000000003,92,466,552,0.18,159,0
2022,6,1,12,30,20.400000000000002,1,240,241,0.18,176,0
2022,6,1,13,30,20.8,3,250,253,0.18,190,0
2022,6,1,14,30,20.1,24,293,312,0.18,194,0
2022,6,1,15,30,19,23,249,264,0.18,190,0
2022,6,1,16,30,18.1,172,232,315,0.18,178,0
2022,6,1,17,30,17.2,7,93,95,0.18,169,0
2022,6,1,18,30,16.1,0,20,20,0.18,170,0
2022,6,1,19,30,15,0,0,0,0.17,176,0
2022,6,1,20,30,14.100000000000001,0,0,0,0.17,184,0
2022,6,1,21,30,13.4,0,0,0,0.17,191,0
2022,6,1,22,30,13,0,0,0,0.17,192,0
2022,6,1,23,30,12.9,0,0,0,0.17,191,0
2022,6,2,0,30,12.9,0,0,0,0.17,194,0
2022,6,2,1,30,13.100000000000001,0,0,0,0.17,196,0
2022,6,2,2,30,13.4,0,0,0,0.17,203,0
2022,6,2,3,30,13.8,0,0,0,0.17,220,0
2022,6,2,4,30,14.3,0,3,3,0.17,229,0
2022,6,2,5,30,15.4,36,76,83,0.17,224,0
2022,6,2,6,30,17.1,25,130,139,0.17,240,0
2022,6,2,7,30,19.700000000000003,24,195,208,0.17,300,0
2022,6,2,8,30,22.5,596,180,597,0.17,347,0
2022,6,2,9,30,24.5,427,282,632,0.17,177,0
2022,6,2,10,30,25.1,567,261,772,0.17,4,0
2022,6,2,11,30,24.8,60,403,459,0.17,17,0
2022,6,2,12,30,24.5,1,207,208,0.17,38,0
2022,6,2,13,30,23.900000000000002,60,334,387,0.17,61,0
2022,6,2,14,30,22.8,291,288,514,0.17,73,0
2022,6,2,15,30,21.5,19,174,186,0.17,77,0
2022,6,2,16,30,20.6,1,53,53,0.17,83,0
2022,6,2,17,30,19.700000000000003,30,79,88,0.17,94,0
2022,6,2,18,30,18.8,0,27,27,0.17,101,0
2022,6,2,19,30,17.900000000000002,0,0,0,0.2,104,0
2022,6,2,20,30,17,0,0,0,0.2,105,0
2022,6,2,21,30,16.3,0,0,0,0.2,102,0
2022,6,2,22,30,15.700000000000001,0,0,0,0.2,97,0
2022,6,2,23,30,15.100000000000001,0,0,0,0.2,89,0
2022,6,3,0,30,14.600000000000001,0,0,0,0.2,86,0
2022,6,3,1,30,14.200000000000001,0,0,0,0.2,101,0.1
2022,6,3,2,30,14,0,0,0,0.2,111,0.2
2022,6,3,3,30,14.100000000000001,0,0,0,0.2,90,0.2
2022,6,3,4,30,14.5,0,4,4,0.2,214,0.1
2022,6,3,5,30,15.9,4,46,47,0.2,353,0
2022,6,3,6,30,17.6,0,37,37,0.2,346,0
2022,6,3,7,30,18.8,0,85,85,0.2,341,0
2022,6,3,8,30,19.8,1,218,219,0.2,336,0
2022,6,3,9,30,20.700000000000003,106,360,447,0.2,329,0
2022,6,3,10,30,21.900000000000002,881,121,916,0.2,312,0
2022,6,3,11,30,23.3,899,121,966,0.2,277,0
2022,6,3,12,30,24.5,910,115,962,0.2,250,0
2022,6,3,13,30,25.1,372,420,746,0.2,247,0
2022,6,3,14,30,25,880,101,786,0.2,252,0
2022,6,3,15,30,24.700000000000003,672,155,589,0.2,258,0
2022,6,3,16,30,24.200000000000003,750,84,448,0.2,269,0
2022,6,3,17,30,22.6,596,73,258,0.2,271,0.1
2022,6,3,18,30,20.200000000000003,86,49,60,0.2,204,0.1
2022,6,3,19,30,18.400000000000002,0,0,0,0.2,105,0.1
2022,6,3,20,30,17.1,0,0,0,0.2,52,0.1
2022,6,3,21,30,15.9,0,0,0,0.2,25,0.2
2022,6,3,22,30,15.100000000000001,0,0,0,0.2,19,0.2
2022,6,3,23,30,14.4,0,0,0,0.2,33,0.30000000000000004
2022,6,4,0,30,13.700000000000001,0,0,0,0.2,43,0.30000000000000004
2022,6,4,1,30,13.100000000000001,0,0,0,0.2,47,0.30000000000000004
2022,6,4,2,30,12.5,0,0,0,0.2,51,0.4
2022,6,4,3,30,12.100000000000001,0,0,0,0.2,61,0.30000000000000004
2022,6,4,4,30,12.9,76,13,15,0.2,78,0.2
2022,6,4,5,30,14.9,462,56,149,0.2,98,0
2022,6,4,6,30,17.400000000000002,665,81,333,0.2,93,0
2022,6,4,7,30,20.200000000000003,773,98,523,0.2,185,0
2022,6,4,8,30,22.3,834,111,696,0.2,274,0
2022,6,4,9,30,23.700000000000003,869,123,837,0.2,251,0
2022,6,4,10,30,24.6,888,131,933,0.2,250,0
2022,6,4,11,30,25.3,896,135,978,0.2,249,0
2022,6,4,12,30,25.6,614,303,875,0.2,248,0
2022,6,4,13,30,25.6,716,225,853,0.2,247,0
2022,6,4,14,30,25.3,532,278,693,0.2,244,0
2022,6,4,15,30,24.8,729,138,610,0.2,240,0
2022,6,4,16,30,23.700000000000003,376,169,352,0.2,238,0
2022,6,4,17,30,21.8,43,90,103,0.2,251,0
2022,6,4,18,30,19.3,46,58,64,0.2,276,0
2022,6,4,19,30,17,0,0,0,0.19,296,0
2022,6,4,20,30,15.3,0,0,0,0.19,304,0
2022,6,4,21,30,14,0,0,0,0.19,310,0
2022,6,4,22,30,12.700000000000001,0,0,0,0.19,316,0
2022,6,4,23,30,11.700000000000001,0,0,0,0.19,318,0
2022,6,5,0,30,10.700000000000001,0,0,0,0.19,318,0
2022,6,5,1,30,9.600000000000001,0,0,0,0.19,316,0
2022,6,5,2,30,8.9,0,0,0,0.19,314,0
2022,6,5,3,30,8.6,0,0,0,0.19,315,0
2022,6,5,4,30,9.9,6,11,11,0.19,320,0
2022,6,5,5,30,12.4,238,94,142,0.19,327,0
2022,6,5,6,30,15.100000000000001,743,67,349,0.19,339,0
2022,6,5,7,30,17.3,839,78,540,0.19,346,0
2022,6,5,8,30,18.900000000000002,894,87,714,0.19,340,0
2022,6,5,9,30,20.3,931,91,856,0.19,328,0
2022,6,5,10,30,21.400000000000002,889,135,938,0.19,314,0
2022,6,5,11,30,22.3,958,96,998,0.19,303,0
2022,6,5,12,30,22.900000000000002,682,220,856,0.19,297,0
2022,6,5,13,30,23.1,858,131,884,0.19,293,0
2022,6,5,14,30,23,903,96,801,0.19,292,0
2022,6,5,15,30,22.700000000000003,738,137,615,0.19,292,0
2022,6,5,16,30,22,776,80,459,0.19,294,0
2022,6,5,17,30,20.1,640,65,266,0.19,295,0.1
2022,6,5,18,30,17.7,381,40,92,0.19,295,0.4
2022,6,5,19,30,16.3,0,0,0,0.18,296,0.8
2022,6,5,20,30,15.9,0,0,0,0.18,297,0.8
2022,6,5,21,30,15.5,0,0,0,0.18,298,0.9
2022,6,5,22,30,14.8,0,0,0,0.18,298,0.9
2022,6,5,23,30,13.8,0,0,0,0.18,300,0.8
2022,6,6,0,30,12.8,0,0,0,0.18,306,0.7000000000000001
2022,6,6,1,30,12.200000000000001,0,0,0,0.18,314,0.7000000000000001
2022,6,6,2,30,11.9,0,0,0,0.18,326,0.7000000000000001
2022,6,6,3,30,11.700000000000001,0,0,0,0.18,341,0.7000000000000001
2022,6,6,4,30,12.8,88,14,17,0.18,176,0.4
2022,6,6,5,30,15.3,472,55,150,0.18,10,0.1
2022,6,6,6,30,18.400000000000002,671,78,333,0.18,32,0
2022,6,6,7,30,21.200000000000003,779,92,521,0.18,49,0
2022,6,6,8,30,23,843,103,694,0.18,204,0
2022,6,6,9,30,24.3,879,110,833,0.18,331,0
2022,6,6,10,30,25.200000000000003,899,115,928,0.18,290,0
2022,6,6,11,30,25.8,905,117,970,0.18,267,0
2022,6,6,12,30,26.1,894,120,955,0.18,257,0
2022,6,6,13,30,26.1,865,126,886,0.18,251,0
2022,6,6,14,30,26.1,630,230,723,0.18,246,0
2022,6,6,15,30,25.700000000000003,76,302,351,0.18,235,0
2022,6,6,16,30,24.6,219,224,331,0.18,219,0
2022,6,6,17,30,22.6,95,155,185,0.18,203,0
2022,6,6,18,30,20.3,21,64,67,0.18,194,0
2022,6,6,19,30,18.900000000000002,0,0,0,0.18,195,0
2022,6,6,20,30,18.1,0,0,0,0.18,198,0
2022,6,6,21,30,17.3,0,0,0,0.18,200,0
2022,6,6,22,30,16.400000000000002,0,0,0,0.18,204,0
2022,6,6,23,30,15.9,0,0,0,0.18,209,0
2022,6,7,0,30,15.700000000000001,0,0,0,0.18,213,0
2022,6,7,1,30,15.3,0,0,0,0.18,215,0
2022,6,7,2,30,14.600000000000001,0,0,0,0.18,214,0
2022,6,7,3,30,14.100000000000001,0,0,0,0.18,210,0
2022,6,7,4,30,14.700000000000001,108,15,18,0.18,205,0
2022,6,7,5,30,16.6,415,62,146,0.18,202,0
2022,6,7,6,30,18.900000000000002,715,70,342,0.18,206,0
2022,6,7,7,30,21.1,817,83,533,0.18,206,0
2022,6,7,8,30,22.6,603,194,617,0.18,201,0
2022,6,7,9,30,23.8,808,135,800,0.18,197,0
2022,6,7,10,30,24.3,541,288,777,0.18,194,0
2022,6,7,11,30,24.400000000000002,194,440,623,0.18,192,0
2022,6,7,12,30,24,84,454,532,0.18,188,0.1
2022,6,7,13,30,23.3,128,400,513,0.18,185,0.1
2022,6,7,14,30,22.5,552,233,665,0.18,184,0.1
2022,6,7,15,30,21.8,286,264,450,0.18,183,0.1
2022,6,7,16,30,21,115,174,231,0.18,182,0.1
2022,6,7,17,30,20,41,109,122,0.18,182,0.1
2022,6,7,18,30,19.200000000000003,0,19,19,0.18,183,0
2022,6,7,19,30,18.5,0,0,0,0.18,184,0
2022,6,7,20,30,17.900000000000002,0,0,0,0.18,182,0
2022,6,7,21,30,17.5,0,0,0,0.18,178,0
2022,6,7,22,30,17.3,0,0,0,0.18,174,0
2022,6,7,23,30,17.2,0,0,0,0.18,171,0
2022,6,8,0,30,17.2,0,0,0,0.18,169,0
2022,6,8,1,30,17.3,0,0,0,0.18,173,0
2022,6,8,2,30,17.400000000000002,0,0,0,0.18,178,0
2022,6,8,3,30,17.6,0,0,0,0.18,183,0
2022,6,8,4,30,17.900000000000002,0,6,6,0.18,191,0
2022,6,8,5,30,18.5,101,29,49,0.18,200,0
2022,6,8,6,30,19.6,3,55,56,0.18,218,0
2022,6,8,7,30,20.900000000000002,525,142,432,0.18,247,0
2022,6,8,8,30,22.5,450,248,564,0.18,271,0
2022,6,8,9,30,23.8,512,309,730,0.18,281,0
2022,6,8,10,30,24.6,901,110,925,0.18,281,0
2022,6,8,11,30,25.1,922,106,976,0.18,279,0
2022,6,8,12,30,25.400000000000002,926,105,971,0.18,280,0
2022,6,8,13,30,25.5,917,102,909,0.18,284,0
2022,6,8,14,30,25.400000000000002,891,96,795,0.18,289,0
2022,6,8,15,30,24.900000000000002,843,91,640,0.18,294,0
2022,6,8,16,30,24.3,763,82,458,0.18,297,0
2022,6,8,17,30,22.8,546,86,260,0.18,300,0.2
2022,6,8,18,30,21.3,170,59,83,0.18,306,0.5
2022,6,8,19,30,20.5,0,0,0,0.19,316,0.6000000000000001
2022,6,8,20,30,20.1,0,0,0,0.19,167,0.5
2022,6,8,21,30,19.1,0,0,0,0.19,41,0.5
2022,6,8,22,30,17.8,0,0,0,0.19,81,0.5
2022,6,8,23,30,16.900000000000002,0,0,0,0.19,90,0.4
2022,6,9,0,30,16.400000000000002,0,0,0,0.19,87,0.2
2022,6,9,1,30,16.5,0,0,0,0.19,86,0.1
2022,6,9,2,30,16.400000000000002,0,0,0,0.19,89,0
2022,6,9,3,30,15.8,0,0,0,0.19,88,0
2022,6,9,4,30,15.700000000000001,0,3,3,0.19,89,0
2022,6,9,5,30,16.2,0,13,13,0.19,104,0
2022,6,9,6,30,17.3,0,41,41,0.19,145,0
2022,6,9,7,30,19.400000000000002,115,186,249,0.19,180,0
2022,6,9,8,30,22.1,285,120,320,0.19,189,0
2022,6,9,9,30,24.6,777,146,785,0.19,196,0.1
2022,6,9,10,30,26,580,223,748,0.19,209,0.1
2022,6,9,11,30,26.3,690,213,864,0.19,231,0.1
2022,6,9,12,30,25.6,634,239,832,0.19,256,0.1
2022,6,9,13,30,24.3,298,340,603,0.19,279,0.1
2022,6,9,14,30,23.3,510,274,674,0.19,293,0
2022,6,9,15,30,22.6,535,206,555,0.19,298,0
2022,6,9,16,30,21.900000000000002,490,145,387,0.19,299,0
2022,6,9,17,30,20.700000000000003,135,132,175,0.19,297,0
2022,6,9,18,30,19,413,38,97,0.19,296,0
2022,6,9,19,30,17.7,11,2,2,0.18,295,0
2022,6,9,20,30,16.8,0,0,0,0.18,294,0
2022,6,9,21,30,15.9,0,0,0,0.18,292,0
2022,6,9,22,30,15,0,0,0,0.18,287,0
2022,6,9,23,30,14.3,0,0,0,0.18,283,0
2022,6,10,0,30,13.5,0,0,0,0.18,276,0
2022,6,10,1,30,12.8,0,0,0,0.18,268,0
2022,6,10,2,30,12.4,0,0,0,0.18,262,0
2022,6,10,3,30,12.200000000000001,0,0,0,0.18,260,0
2022,6,10,4,30,13.100000000000001,102,15,18,0.18,258,0
2022,6,10,5,30,15.3,494,53,154,0.18,266,0
2022,6,10,6,30,17.6,692,74,338,0.18,281,0
2022,6,10,7,30,19.5,799,88,529,0.18,283,0
2022,6,10,8,30,21,860,98,702,0.18,278,0
2022,6,10,9,30,22.200000000000003,903,101,844,0.18,274,0
2022,6,10,10,30,23.1,366,349,680,0.18,269,0
2022,6,10,11,30,23.700000000000003,637,218,819,0.18,267,0
2022,6,10,12,30,24.1,413,380,767,0.18,266,0
2022,6,10,13,30,24.200000000000003,623,272,822,0.18,268,0
2022,6,10,14,30,24,347,258,531,0.18,272,0
2022,6,10,15,30,23.400000000000002,558,187,552,0.18,277,0
2022,6,10,16,30,22.6,377,190,377,0.18,283,0
2022,6,10,17,30,20.900000000000002,127,153,194,0.18,290,0
2022,6,10,18,30,18.400000000000002,47,70,77,0.18,299,0
2022,6,10,19,30,16.6,0,1,1,0.19,311,0.1
2022,6,10,20,30,15.9,0,0,0,0.19,324,0
2022,6,10,21,30,15.4,0,0,0,0.19,331,0
2022,6,10,22,30,14.9,0,0,0,0.19,338,0
2022,6,10,23,30,14.4,0,0,0,0.19,347,0.1
2022,6,11,0,30,14.200000000000001,0,0,0,0.19,351,0.1
2022,6,11,1,30,14,0,0,0,0.19,347,0.30000000000000004
2022,6,11,2,30,13.9,0,0,0,0.19,341,0.30000000000000004
2022,6,11,3,30,13.8,0,0,0,0.19,342,0.30000000000000004
2022,6,11,4,30,14.4,0,10,10,0.19,343,0.2
2022,6,11,5,30,16,30,45,51,0.19,341,0
2022,6,11,6,30,17.900000000000002,161,173,234,0.19,339,0
2022,6,11,7,30,19.8,334,219,403,0.19,330,0
2022,6,11,8,30,21.5,538,219,597,0.19,316,0
2022,6,11,9,30,22.6,656,198,738,0.19,304,0
2022,6,11,10,30,23.200000000000003,338,379,685,0.19,296,0
2022,6,11,11,30,23.5,50,418,465,0.19,290,0
2022,6,11,12,30,23.5,14,311,324,0.19,288,0
2022,6,11,13,30,23.6,470,307,722,0.19,287,0
2022,6,11,14,30,23.700000000000003,288,312,539,0.19,284,0
2022,6,11,15,30,23.700000000000003,64,196,238,0.19,278,0
2022,6,11,16,30,23.400000000000002,188,242,335,0.19,268,0
2022,6,11,17,30,22.1,81,132,158,0.19,249,0.2
2022,6,11,18,30,20.1,0,35,35,0.19,226,0.5
2022,6,11,19,30,17.900000000000002,0,0,0,0.19,209,0.7000000000000001
2022,6,11,20,30,16.2,0,0,0,0.19,207,0.4
2022,6,11,21,30,15.200000000000001,0,0,0,0.19,213,0.2
2022,6,11,22,30,14.5,0,0,0,0.19,223,0.1
2022,6,11,23,30,14,0,0,0,0.19,233,0.1
2022,6,12,0,30,13.600000000000001,0,0,0,0.19,240,0.1
2022,6,12,1,30,13.3,0,0,0,0.19,244,0
2022,6,12,2,30,12.9,0,0,0,0.19,246,0
2022,6,12,3,30,12.8,0,0,0,0.19,246,0.1
2022,6,12,4,30,13.9,0,11,11,0.19,231,0.1
2022,6,12,5,30,16.2,36,92,99,0.19,196,0
2022,6,12,6,30,18.400000000000002,175,176,243,0.19,180,0
2022,6,12,7,30,20.3,551,172,476,0.19,186,0
2022,6,12,8,30,21.700000000000003,553,222,610,0.19,191,0
2022,6,12,9,30,22.900000000000002,11,267,276,0.19,194,0
2022,6,12,10,30,23.400000000000002,122,368,479,0.19,193,0
2022,6,12,11,30,23.3,48,386,431,0.19,189,0
2022,6,12,12,30,23,501,315,784,0.19,186,0
2022,6,12,13,30,22.6,179,455,613,0.19,184,0
2022,6,12,14,30,21.900000000000002,4,205,208,0.19,181,0
2022,6,12,15,30,21.200000000000003,15,219,229,0.19,178,0
2022,6,12,16,30,20.6,2,115,116,0.19,173,0
2022,6,12,17,30,20,4,71,72,0.19,168,0
2022,6,12,18,30,19.200000000000003,2,38,38,0.19,163,0
2022,6,12,19,30,18.5,0,1,1,0.19,159,0
2022,6,12,20,30,18.1,0,0,0,0.19,155,0
2022,6,12,21,30,17.900000000000002,0,0,0,0.19,155,0
2022,6,12,22,30,17.7,0,0,0,0.19,160,0
2022,6,12,23,30,17.6,0,0,0,0.19,169,0
2022,6,13,0,30,17.5,0,0,0,0.19,181,0
2022,6,13,1,30,17.5,0,0,0,0.19,195,0
2022,6,13,2,30,17.400000000000002,0,0,0,0.19,208,0
2022,6,13,3,30,17.1,0,0,0,0.19,214,0
2022,6,13,4,30,17.6,4,10,10,0.19,219,0
2022,6,13,5,30,18.900000000000002,293,72,132,0.19,231,0
2022,6,13,6,30,20.6,627,84,323,0.19,261,0
2022,6,13,7,30,22.700000000000003,742,100,510,0.19,291,0
2022,6,13,8,30,24.6,575,197,601,0.19,300,0
2022,6,13,9,30,25.900000000000002,792,145,797,0.19,296,0
2022,6,13,10,30,26.5,308,421,700,0.19,289,0
2022,6,13,11,30,27,505,306,783,0.19,281,0
2022,6,13,12,30,27.6,785,176,912,0.19,272,0
2022,6,13,13,30,27.700000000000003,442,310,701,0.19,266,0
2022,6,13,14,30,27.5,839,119,780,0.19,267,0
2022,6,13,15,30,26.900000000000002,746,126,616,0.19,275,0
2022,6,13,16,30,25.900000000000002,281,209,349,0.19,287,0
2022,6,13,17,30,24.3,401,119,249,0.19,300,0
2022,6,13,18,30,21.8,239,50,85,0.19,311,0
2022,6,13,19,30,19.700000000000003,0,1,1,0.18,315,0
2022,6,13,20,30,18.400000000000002,0,0,0,0.18,316,0
2022,6,13,21,30,17.5,0,0,0,0.18,315,0
2022,6,13,22,30,17,0,0,0,0.18,314,0
2022,6,13,23,30,16.400000000000002,0,0,0,0.18,318,0
2022,6,14,0,30,15.600000000000001,0,0,0,0.18,325,0
2022,6,14,1,30,14.9,0,0,0,0.18,334,0
2022,6,14,2,30,14.4,0,0,0,0.18,336,0
2022,6,14,3,30,14.200000000000001,0,0,0,0.18,335,0
2022,6,14,4,30,15,0,11,11,0.18,334,0
2022,6,14,5,30,16.900000000000002,98,101,121,0.18,336,0
2022,6,14,6,30,19.200000000000003,218,180,263,0.18,347,0
2022,6,14,7,30,21,479,198,462,0.18,349,0
2022,6,14,8,30,22.400000000000002,790,124,679,0.18,343,0
2022,6,14,9,30,23.6,903,94,837,0.18,338,0
2022,6,14,10,30,24.8,900,107,922,0.18,336,0
2022,6,14,11,30,25.700000000000003,933,98,980,0.18,335,0
2022,6,14,12,30,26.400000000000002,933,97,972,0.18,334,0
2022,6,14,13,30,26.700000000000003,922,94,910,0.18,331,0
2022,6,14,14,30,26.6,897,90,798,0.18,329,0
2022,6,14,15,30,26.200000000000003,801,104,631,0.18,329,0
2022,6,14,16,30,25.3,675,100,437,0.18,332,0
2022,6,14,17,30,23.5,657,62,276,0.18,337,0
2022,6,14,18,30,20.900000000000002,428,39,103,0.18,345,0.1
2022,6,14,19,30,19.1,15,2,2,0.18,353,0.1
2022,6,14,20,30,18.5,0,0,0,0.18,178,0
2022,6,14,21,30,18.3,0,0,0,0.18,3,0
2022,6,14,22,30,18.3,0,0,0,0.18,7,0
2022,6,14,23,30,17.7,0,0,0,0.18,6,0
2022,6,15,0,30,16.7,0,0,0,0.18,4,0
2022,6,15,1,30,16.3,0,0,0,0.18,7,0
2022,6,15,2,30,16,0,0,0,0.18,16,0
2022,6,15,3,30,15.8,0,0,0,0.18,24,0
2022,6,15,4,30,16.5,89,13,16,0.18,28,0
2022,6,15,5,30,18.3,502,50,152,0.18,38,0
2022,6,15,6,30,20.200000000000003,688,71,333,0.18,46,0
2022,6,15,7,30,22,788,84,519,0.18,42,0
2022,6,15,8,30,23.6,847,95,690,0.18,39,0
2022,6,15,9,30,24.900000000000002,372,379,685,0.18,37,0
2022,6,15,10,30,25.900000000000002,606,245,794,0.18,39,0
2022,6,15,11,30,26.400000000000002,474,309,757,0.18,55,0
2022,6,15,12,30,26.6,807,160,917,0.18,73,0
2022,6,15,13,30,26.6,657,244,825,0.18,81,0
2022,6,15,14,30,26.1,730,158,735,0.18,97,0
2022,6,15,15,30,25.400000000000002,157,272,375,0.18,118,0
2022,6,15,16,30,24.3,9,150,155,0.18,135,0
2022,6,15,17,30,22.900000000000002,0,27,27,0.18,146,0
2022,6,15,18,30,21.3,0,17,17,0.18,154,0
2022,6,15,19,30,20.1,0,1,1,0.18,166,0
2022,6,15,20,30,19.1,0,0,0,0.18,177,0
2022,6,15,21,30,18.2,0,0,0,0.18,184,0
2022,6,15,22,30,17.400000000000002,0,0,0,0.18,188,0
2022,6,15,23,30,16.6,0,0,0,0.18,195,0
2022,6,16,0,30,16.2,0,0,0,0.18,201,0
2022,6,16,1,30,16,0,0,0,0.18,201,0
2022,6,16,2,30,15.9,0,0,0,0.18,197,0
2022,6,16,3,30,16,0,0,0,0.18,194,0
2022,6,16,4,30,16.6,24,12,13,0.18,189,0
2022,6,16,5,30,18,2,40,40,0.18,186,0
2022,6,16,6,30,19.5,5,72,74,0.18,189,0
2022,6,16,7,30,20.400000000000002,50,228,256,0.18,194,0
2022,6,16,8,30,20.5,100,324,394,0.18,195,0
2022,6,16,9,30,20.400000000000002,17,293,307,0.18,191,0
2022,6,16,10,30,20.700000000000003,84,458,534,0.18,187,0
2022,6,16,11,30,21.6,82,420,498,0.18,186,0
2022,6,16,12,30,22.400000000000002,44,393,434,0.18,187,0
2022,6,16,13,30,22.8,13,285,297,0.18,190,0
2022,6,16,14,30,22.6,2,238,240,0.18,193,0
2022,6,16,15,30,22.1,1,169,170,0.18,194,0
2022,6,16,16,30,21.400000000000002,420,106,317,0.18,194,0
2022,6,16,17,30,20.400000000000002,25,111,119,0.18,193,0
2022,6,16,18,30,19.200000000000003,0,30,30,0.18,193,0
2022,6,16,19,30,18.3,1,1,1,0.18,191,0
2022,6,16,20,30,17.8,0,0,0,0.18,189,0
2022,6,16,21,30,17.7,0,0,0,0.18,188,0
2022,6,16,22,30,17.7,0,0,0,0.18,190,0
2022,6,16,23,30,17.900000000000002,0,0,0,0.18,190,0
2022,6,17,0,30,18.1,0,0,0,0.18,190,0
2022,6,17,1,30,18.3,0,0,0,0.18,196,0
2022,6,17,2,30,18.400000000000002,0,0,0,0.18,204,0
2022,6,17,3,30,18.3,0,0,0,0.18,205,0
2022,6,17,4,30,18.6,72,15,17,0.18,199,0
2022,6,17,5,30,19.900000000000002,428,60,147,0.18,195,0
2022,6,17,6,30,21.900000000000002,612,88,321,0.18,205,0
2022,6,17,7,30,24.1,646,111,467,0.18,219,0
2022,6,17,8,30,26.200000000000003,0,184,184,0.18,227,0
2022,6,17,9,30,27.900000000000002,351,231,520,0.18,234,0
2022,6,17,10,30,29,428,261,649,0.18,246,0
2022,6,17,11,30,29.3,684,233,880,0.18,262,0
2022,6,17,12,30,29,21,182,202,0.18,275,0
2022,6,17,13,30,28.700000000000003,593,233,758,0.18,284,0
2022,6,17,14,30,28.3,804,127,763,0.18,291,0
2022,6,17,15,30,27.6,825,91,636,0.18,295,0
2022,6,17,16,30,26.5,682,99,442,0.18,296,0
2022,6,17,17,30,24.900000000000002,645,63,275,0.18,296,0
2022,6,17,18,30,22.5,422,40,104,0.18,296,0
2022,6,17,19,30,20.400000000000002,8,2,2,0.18,296,0
2022,6,17,20,30,19.200000000000003,0,0,0,0.18,296,0
2022,6,17,21,30,18.6,0,0,0,0.18,294,0
2022,6,17,22,30,18.1,0,0,0,0.18,293,0
2022,6,17,23,30,17.8,0,0,0,0.18,294,0
2022,6,18,0,30,18.1,0,0,0,0.18,297,0
2022,6,18,1,30,17.900000000000002,0,0,0,0.18,299,0
2022,6,18,2,30,17.2,0,0,0,0.18,301,0
2022,6,18,3,30,16.5,0,0,0,0.18,308,0
2022,6,18,4,30,16.1,0,8,8,0.18,315,0
2022,6,18,5,30,15.9,214,83,126,0.18,322,0
2022,6,18,6,30,15.9,569,93,309,0.18,324,0
2022,6,18,7,30,16.5,134,181,255,0.18,322,0
2022,6,18,8,30,17.400000000000002,279,229,425,0.18,320,0.1
2022,6,18,9,30,18.3,485,251,650,0.18,318,0.1
2022,6,18,10,30,19.200000000000003,405,331,698,0.18,318,0.1
2022,6,18,11,30,19.8,207,401,597,0.18,318,0.1
2022,6,18,12,30,19.900000000000002,132,417,541,0.18,318,0.1
2022,6,18,13,30,19.400000000000002,121,396,503,0.18,319,0.1
2022,6,18,14,30,18.6,7,308,314,0.18,321,0.1
2022,6,18,15,30,17.5,11,200,207,0.18,322,0.1
2022,6,18,16,30,16.1,3,113,115,0.18,323,0.1
2022,6,18,17,30,14.700000000000001,12,70,74,0.18,323,0
2022,6,18,18,30,13.200000000000001,10,38,40,0.18,323,0
2022,6,18,19,30,12,0,1,1,0.18,323,0
2022,6,18,20,30,11.200000000000001,0,0,0,0.18,323,0
2022,6,18,21,30,10.8,0,0,0,0.18,323,0
2022,6,18,22,30,10.600000000000001,0,0,0,0.18,323,0
2022,6,18,23,30,10.600000000000001,0,0,0,0.18,322,0
2022,6,19,0,30,10.5,0,0,0,0.18,321,0
2022,6,19,1,30,10.4,0,0,0,0.18,320,0
2022,6,19,2,30,10.200000000000001,0,0,0,0.18,321,0
2022,6,19,3,30,10,0,0,0,0.18,321,0
2022,6,19,4,30,10,0,9,9,0.18,321,0
2022,6,19,5,30,10.5,151,88,119,0.18,322,0
2022,6,19,6,30,11.5,716,70,342,0.18,324,0
2022,6,19,7,30,12.9,820,83,534,0.18,327,0
2022,6,19,8,30,14.600000000000001,864,101,707,0.18,330,0
2022,6,19,9,30,16.400000000000002,480,290,685,0.18,331,0
2022,6,19,10,30,18.1,717,198,847,0.18,332,0
2022,6,19,11,30,19.3,892,119,962,0.18,333,0
2022,6,19,12,30,20.1,962,91,994,0.18,335,0
2022,6,19,13,30,20.400000000000002,949,90,931,0.18,337,0
2022,6,19,14,30,20.400000000000002,924,85,817,0.18,340,0
2022,6,19,15,30,20,881,80,663,0.18,344,0
2022,6,19,16,30,19.3,588,139,435,0.18,348,0
2022,6,19,17,30,18,160,145,198,0.18,350,0
2022,6,19,18,30,16,3,53,53,0.18,351,0.1
2022,6,19,19,30,14.200000000000001,0,1,1,0.18,348,0.2
2022,6,19,20,30,13.3,0,0,0,0.18,338,0.2
2022,6,19,21,30,12.600000000000001,0,0,0,0.18,327,0.2
2022,6,19,22,30,12,0,0,0,0.18,315,0.1
2022,6,19,23,30,11.700000000000001,0,0,0,0.18,308,0
2022,6,20,0,30,11.600000000000001,0,0,0,0.18,305,0
2022,6,20,1,30,11.600000000000001,0,0,0,0.18,303,0
2022,6,20,2,30,11.5,0,0,0,0.18,302,0
2022,6,20,3,30,11.3,0,0,0,0.18,304,0
2022,6,20,4,30,11.9,145,14,19,0.18,306,0
2022,6,20,5,30,13.9,544,47,157,0.18,308,0
2022,6,20,6,30,16.6,726,68,343,0.18,312,0
2022,6,20,7,30,19.1,828,81,536,0.18,318,0
2022,6,20,8,30,21,889,89,712,0.18,322,0
2022,6,20,9,30,22.200000000000003,923,96,855,0.18,322,0
2022,6,20,10,30,23.200000000000003,943,101,955,0.18,321,0
2022,6,20,11,30,24,949,104,1001,0.18,320,0
2022,6,20,12,30,24.5,943,105,991,0.18,320,0
2022,6,20,13,30,24.8,877,128,906,0.18,321,0
2022,6,20,14,30,24.8,904,96,812,0.18,322,0
2022,6,20,15,30,24.5,862,88,659,0.18,322,0
2022,6,20,16,30,23.6,791,78,477,0.18,321,0
2022,6,20,17,30,21.400000000000002,498,99,264,0.18,319,0
2022,6,20,18,30,18.7,69,66,77,0.18,327,0.1
2022,6,20,19,30,17.3,0,1,1,0.18,340,0.4
2022,6,20,20,30,16.900000000000002,0,0,0,0.18,352,0.6000000000000001
2022,6,20,21,30,16.5,0,0,0,0.18,186,0.7000000000000001
2022,6,20,22,30,15.9,0,0,0,0.18,21,0.7000000000000001
2022,6,20,23,30,15.200000000000001,0,0,0,0.18,35,0.7000000000000001
2022,6,21,0,30,14.200000000000001,0,0,0,0.18,47,0.7000000000000001
2022,6,21,1,30,13.200000000000001,0,0,0,0.18,56,0.5
2022,6,21,2,30,12.700000000000001,0,0,0,0.18,66,0.30000000000000004
2022,6,21,3,30,12.700000000000001,0,0,0,0.18,77,0.2
2022,6,21,4,30,13.600000000000001,6,11,11,0.18,88,0.1
2022,6,21,5,30,14.9,49,95,105,0.18,74,0
2022,6,21,6,30,16.2,164,172,234,0.18,63,0
2022,6,21,7,30,17.7,190,250,354,0.18,96,0
2022,6,21,8,30,19.5,368,268,526,0.18,123,0
2022,6,21,9,30,21.700000000000003,6,240,245,0.18,131,0
2022,6,21,10,30,23.8,100,362,453,0.18,147,0
2022,6,21,11,30,25.1,1,229,230,0.18,160,0
2022,6,21,12,30,25.700000000000003,31,370,399,0.18,165,0
2022,6,21,13,30,26,125,439,550,0.18,162,0
2022,6,21,14,30,25.200000000000003,11,315,324,0.18,155,0
2022,6,21,15,30,23.6,0,145,145,0.18,151,0
2022,6,21,16,30,21.900000000000002,0,79,79,0.18,154,0
2022,6,21,17,30,20.3,2,58,59,0.18,160,0
2022,6,21,18,30,18.8,10,50,52,0.18,171,0
2022,6,21,19,30,17.5,0,1,1,0.18,182,0
2022,6,21,20,30,16.8,0,0,0,0.18,182,0
2022,6,21,21,30,16.3,0,0,0,0.18,175,0
2022,6,21,22,30,16.1,0,0,0,0.18,166,0
2022,6,21,23,30,15.9,0,0,0,0.18,157,0
2022,6,22,0,30,15.9,0,0,0,0.18,148,0
2022,6,22,1,30,16,0,0,0,0.18,139,0
2022,6,22,2,30,16,0,0,0,0.18,132,0
2022,6,22,3,30,15.9,0,0,0,0.18,125,0
2022,6,22,4,30,15.9,0,3,3,0.18,122,0
2022,6,22,5,30,16,0,7,7,0.18,123,0
2022,6,22,6,30,16.2,0,23,23,0.18,128,0
2022,6,22,7,30,16.400000000000002,1,65,66,0.18,134,0
2022,6,22,8,30,16.8,1,138,139,0.18,139,0
2022,6,22,9,30,17.8,1,163,164,0.18,147,0
2022,6,22,10,30,19.3,0,55,55,0.18,156,0
2022,6,22,11,30,20.8,0,70,70,0.18,161,0
2022,6,22,12,30,21.8,0,73,73,0.18,164,0
2022,6,22,13,30,22.200000000000003,0,87,87,0.18,166,0
2022,6,22,14,30,21.900000000000002,72,328,385,0.18,167,0
2022,6,22,15,30,21.3,2,113,114,0.18,166,0
2022,6,22,16,30,20.400000000000002,176,229,318,0.18,167,0
2022,6,22,17,30,19.200000000000003,75,151,176,0.18,167,0
2022,6,22,18,30,17,240,57,94,0.18,166,0
2022,6,22,19,30,15,0,1,1,0.17,161,0
2022,6,22,20,30,14,0,0,0,0.17,152,0
2022,6,22,21,30,13.3,0,0,0,0.17,141,0
2022,6,22,22,30,12.600000000000001,0,0,0,0.17,130,0
2022,6,22,23,30,12.100000000000001,0,0,0,0.17,121,0
2022,6,23,0,30,11.9,0,0,0,0.17,118,0
2022,6,23,1,30,11.700000000000001,0,0,0,0.17,122,0
2022,6,23,2,30,11.600000000000001,0,0,0,0.17,128,0
2022,6,23,3,30,11.8,0,0,0,0.17,130,0
2022,6,23,4,30,13.3,118,14,18,0.17,125,0
2022,6,23,5,30,15.4,507,50,151,0.17,124,0
2022,6,23,6,30,17.5,688,71,331,0.17,135,0
2022,6,23,7,30,19.900000000000002,728,95,494,0.17,147,0
2022,6,23,8,30,22,731,133,644,0.17,154,0
2022,6,23,9,30,23.400000000000002,283,349,581,0.17,158,0
2022,6,23,10,30,24.200000000000003,382,295,641,0.17,159,0
2022,6,23,11,30,24.8,75,332,403,0.17,159,0
2022,6,23,12,30,24.8,179,396,564,0.17,160,0
2022,6,23,13,30,24.5,368,408,735,0.17,162,0
2022,6,23,14,30,23.900000000000002,403,289,609,0.17,166,0
2022,6,23,15,30,23.1,364,241,483,0.17,170,0
2022,6,23,16,30,22.200000000000003,337,200,371,0.17,172,0
2022,6,23,17,30,21.1,36,128,140,0.17,170,0
2022,6,23,18,30,19.3,276,53,96,0.17,169,0
2022,6,23,19,30,17.5,0,2,2,0.17,170,0
2022,6,23,20,30,16.3,0,0,0,0.17,175,0
2022,6,23,21,30,15.4,0,0,0,0.17,182,0.1
2022,6,23,22,30,14.9,0,0,0,0.17,189,0.30000000000000004
2022,6,23,23,30,14.8,0,0,0,0.17,195,0.4
2022,6,24,0,30,14.700000000000001,0,0,0,0.17,196,0.4
2022,6,24,1,30,14.5,0,0,0,0.17,198,0.5
2022,6,24,2,30,14.200000000000001,0,0,0,0.17,206,0.5
2022,6,24,3,30,14,0,0,0,0.17,214,0.5
2022,6,24,4,30,14.9,67,12,14,0.17,218,0.2
2022,6,24,5,30,16.6,226,63,108,0.17,222,0
2022,6,24,6,30,18.400000000000002,606,86,314,0.17,231,0
2022,6,24,7,30,20.6,701,113,496,0.17,238,0
2022,6,24,8,30,22.700000000000003,751,137,662,0.17,245,0
2022,6,24,9,30,24.400000000000002,808,141,804,0.17,250,0
2022,6,24,10,30,25.6,611,262,815,0.17,255,0
2022,6,24,11,30,26.700000000000003,864,137,954,0.17,264,0
2022,6,24,12,30,27.5,726,206,888,0.17,275,0
2022,6,24,13,30,27.900000000000002,679,208,811,0.17,286,0
2022,6,24,14,30,28.200000000000003,832,119,780,0.17,297,0
2022,6,24,15,30,28.200000000000003,249,230,395,0.17,309,0
2022,6,24,16,30,27.5,583,132,428,0.17,319,0
2022,6,24,17,30,25.8,617,70,276,0.17,321,0.1
2022,6,24,18,30,23.700000000000003,399,44,106,0.17,320,0.4
2022,6,24,19,30,22.200000000000003,24,4,4,0.17,317,0.6000000000000001
2022,6,24,20,30,21.200000000000003,0,0,0,0.17,306,0.6000000000000001
2022,6,24,21,30,20.1,0,0,0,0.17,295,0.6000000000000001
2022,6,24,22,30,19,0,0,0,0.17,292,0.6000000000000001
2022,6,24,23,30,18,0,0,0,0.17,296,0.6000000000000001
2022,6,25,0,30,17.2,0,0,0,0.17,303,0.5
2022,6,25,1,30,16.6,0,0,0,0.17,311,0.4
2022,6,25,2,30,16.2,0,0,0,0.17,316,0.2
2022,6,25,3,30,16.1,0,0,0,0.17,326,0.1
2022,6,25,4,30,17.5,93,12,15,0.17,339,0.1
2022,6,25,5,30,19.900000000000002,488,49,146,0.17,343,0
2022,6,25,6,30,23.1,684,69,326,0.17,347,0
2022,6,25,7,30,26.5,790,82,514,0.17,345,0
2022,6,25,8,30,28.700000000000003,855,91,688,0.17,337,0
2022,6,25,9,30,29.900000000000002,895,96,830,0.17,339,0
2022,6,25,10,30,30.900000000000002,920,98,930,0.17,349,0
2022,6,25,11,30,31.700000000000003,928,100,977,0.17,181,0
2022,6,25,12,30,32.4,925,101,970,0.17,14,0
2022,6,25,13,30,32.7,914,97,909,0.17,31,0
2022,6,25,14,30,32.6,889,92,798,0.17,37,0
2022,6,25,15,30,32.4,847,85,648,0.17,29,0
2022,6,25,16,30,31.8,777,76,470,0.17,16,0
2022,6,25,17,30,29.5,661,61,282,0.17,106,0.1
2022,6,25,18,30,26.400000000000002,442,40,109,0.17,195,0.4
2022,6,25,19,30,23.700000000000003,32,5,4,0.17,185,0.7000000000000001
2022,6,25,20,30,21.3,0,0,0,0.17,187,0.4
2022,6,25,21,30,20.200000000000003,0,0,0,0.17,194,0.1
2022,6,25,22,30,19.5,0,0,0,0.17,203,0
2022,6,25,23,30,18.900000000000002,0,0,0,0.17,208,0
2022,6,26,0,30,18.3,0,0,0,0.17,211,0
2022,6,26,1,30,17.900000000000002,0,0,0,0.17,213,0
2022,6,26,2,30,17.5,0,0,0,0.17,216,0.1
2022,6,26,3,30,17.400000000000002,0,0,0,0.17,220,0.2
2022,6,26,4,30,18.8,85,12,14,0.17,216,0.1
2022,6,26,5,30,21.5,458,52,142,0.17,180,0
2022,6,26,6,30,24.900000000000002,655,74,319,0.17,178,0
2022,6,26,7,30,28.6,764,88,505,0.17,212,0
2022,6,26,8,30,31,826,100,676,0.17,210,0
2022,6,26,9,30,32.2,873,104,819,0.17,199,0
2022,6,26,10,30,32.800000000000004,902,104,919,0.17,192,0
2022,6,26,11,30,33.300000000000004,903,111,964,0.17,188,0
2022,6,26,12,30,33.4,859,125,932,0.17,186,0
2022,6,26,13,30,32.9,523,266,730,0.17,184,0
2022,6,26,14,30,32.1,445,232,585,0.17,183,0
2022,6,26,15,30,30.900000000000002,309,302,507,0.17,184,0
2022,6,26,16,30,29.5,697,101,455,0.17,186,0
2022,6,26,17,30,27.6,571,80,271,0.17,186,0
2022,6,26,18,30,25.6,358,48,104,0.17,184,0
2022,6,26,19,30,23.700000000000003,20,4,4,0.17,184,0
2022,6,26,20,30,22.200000000000003,0,0,0,0.17,187,0
2022,6,26,21,30,21.1,0,0,0,0.17,188,0
2022,6,26,22,30,20.5,0,0,0,0.17,188,0
2022,6,26,23,30,20.1,0,0,0,0.17,191,0
2022,6,27,0,30,20,0,0,0,0.17,195,0
2022,6,27,1,30,19.900000000000002,0,0,0,0.17,197,0
2022,6,27,2,30,19.900000000000002,0,0,0,0.17,198,0
2022,6,27,3,30,20,0,0,0,0.17,196,0
2022,6,27,4,30,20.3,0,4,4,0.17,195,0
2022,6,27,5,30,20.8,1,27,27,0.17,197,0
2022,6,27,6,30,21.400000000000002,12,115,119,0.17,200,0
2022,6,27,7,30,22,2,75,76,0.17,200,0
2022,6,27,8,30,22.5,1,116,117,0.17,199,0
2022,6,27,9,30,23.3,15,205,217,0.17,202,0
2022,6,27,10,30,24.1,0,53,53,0.17,209,0
2022,6,27,11,30,24.5,1,152,153,0.17,215,0
2022,6,27,12,30,24.400000000000002,0,139,139,0.17,220,0
2022,6,27,13,30,23.900000000000002,1,144,145,0.17,225,0
2022,6,27,14,30,23.400000000000002,0,110,110,0.17,243,0
2022,6,27,15,30,23.1,1,110,111,0.17,265,0
2022,6,27,16,30,22.900000000000002,0,34,34,0.17,279,0
2022,6,27,17,30,22.200000000000003,24,98,106,0.17,280,0
2022,6,27,18,30,20.900000000000002,5,34,35,0.17,282,0.1
2022,6,27,19,30,19.700000000000003,0,2,2,0.17,299,0.1
2022,6,27,20,30,18.7,0,0,0,0.17,319,0
2022,6,27,21,30,17.6,0,0,0,0.17,327,0
2022,6,27,22,30,16.5,0,0,0,0.17,323,0
2022,6,27,23,30,15.5,0,0,0,0.17,317,0
2022,6,28,0,30,14.8,0,0,0,0.17,314,0
2022,6,28,1,30,14.200000000000001,0,0,0,0.17,313,0
2022,6,28,2,30,14,0,0,0,0.17,312,0
2022,6,28,3,30,14.100000000000001,0,0,0,0.17,311,0
2022,6,28,4,30,14.9,0,7,7,0.17,311,0
2022,6,28,5,30,16.6,136,71,98,0.17,314,0
2022,6,28,6,30,18.8,265,158,257,0.17,321,0
2022,6,28,7,30,20.8,592,151,473,0.17,323,0
2022,6,28,8,30,22.400000000000002,692,169,650,0.17,317,0
2022,6,28,9,30,23.8,787,163,807,0.17,308,0
2022,6,28,10,30,24.8,924,104,938,0.17,305,0
2022,6,28,11,30,25.6,767,164,888,0.17,310,0
2022,6,28,12,30,26.1,810,166,927,0.17,319,0
2022,6,28,13,30,26.3,361,323,644,0.17,328,0
2022,6,28,14,30,26.200000000000003,871,109,801,0.17,334,0
2022,6,28,15,30,26,831,99,651,0.17,337,0
2022,6,28,16,30,25.5,765,85,473,0.17,340,0
2022,6,28,17,30,23.900000000000002,653,68,286,0.17,339,0.1
2022,6,28,18,30,21.8,436,43,111,0.17,335,0.4
2022,6,28,19,30,20.200000000000003,31,4,4,0.18,331,0.7000000000000001
2022,6,28,20,30,19.1,0,0,0,0.18,325,0.6000000000000001
2022,6,28,21,30,18.1,0,0,0,0.18,321,0.5
2022,6,28,22,30,17.3,0,0,0,0.18,323,0.30000000000000004
2022,6,28,23,30,16.7,0,0,0,0.18,329,0.2
2022,6,29,0,30,16.3,0,0,0,0.18,336,0.1
2022,6,29,1,30,16,0,0,0,0.18,346,0.2
2022,6,29,2,30,15.700000000000001,0,0,0,0.18,355,0.4
2022,6,29,3,30,15.9,0,0,0,0.18,182,0.6000000000000001
2022,6,29,4,30,16.900000000000002,1,10,10,0.18,4,0.4
2022,6,29,5,30,18.900000000000002,92,94,112,0.18,177,0.1
2022,6,29,6,30,21.900000000000002,511,121,311,0.18,298,0
2022,6,29,7,30,24.400000000000002,523,179,463,0.18,241,0
2022,6,29,8,30,25.700000000000003,784,128,673,0.18,235,0
2022,6,29,9,30,26.700000000000003,909,95,838,0.18,231,0
2022,6,29,10,30,27.5,925,102,937,0.18,226,0
2022,6,29,11,30,28.200000000000003,931,104,983,0.18,220,0
2022,6,29,12,30,28.6,925,107,975,0.18,215,0
2022,6,29,13,30,28.900000000000002,907,106,911,0.18,214,0
2022,6,29,14,30,28.8,870,106,797,0.18,214,0
2022,6,29,15,30,28.1,804,107,642,0.18,213,0
2022,6,29,16,30,26.8,440,165,389,0.18,210,0
2022,6,29,17,30,25.1,190,135,199,0.18,207,0
2022,6,29,18,30,23.200000000000003,129,62,82,0.18,208,0
2022,6,29,19,30,21.700000000000003,0,2,2,0.18,213,0
2022,6,29,20,30,20.700000000000003,0,0,0,0.18,223,0
2022,6,29,21,30,20,0,0,0,0.18,241,0
2022,6,29,22,30,19.3,0,0,0,0.18,264,0
2022,6,29,23,30,18.7,0,0,0,0.18,284,0
2022,6,30,0,30,18,0,0,0,0.18,301,0
2022,6,30,1,30,17.1,0,0,0,0.18,308,0.1
2022,6,30,2,30,16.6,0,0,0,0.18,315,0.1
2022,6,30,3,30,16.400000000000002,0,0,0,0.18,323,0
2022,6,30,4,30,17.1,69,11,13,0.18,326,0
2022,6,30,5,30,18.900000000000002,434,55,139,0.18,334,0
2022,6,30,6,30,21.1,213,170,249,0.18,342,0
2022,6,30,7,30,22.8,715,113,500,0.18,341,0
2022,6,30,8,30,24,697,153,636,0.18,337,0
2022,6,30,9,30,25.3,735,147,747,0.18,332,0
2022,6,30,10,30,26.5,715,173,818,0.18,326,0
2022,6,30,11,30,27.5,550,264,783,0.18,321,0
2022,6,30,12,30,28.1,445,327,745,0.18,315,0
2022,6,30,13,30,28.5,852,126,882,0.18,307,0
2022,6,30,14,30,28.900000000000002,876,98,794,0.18,300,0
2022,6,30,15,30,28.8,833,90,644,0.18,292,0
2022,6,30,16,30,28.1,761,79,466,0.18,279,0
2022,6,30,17,30,26.5,554,87,272,0.18,266,0.2
2022,6,30,18,30,24.700000000000003,166,65,91,0.18,240,0.4
2022,6,30,19,30,21.5,0,0,0,0.17,189,0
2022,6,30,20,30,20.700000000000003,0,0,0,0.17,187,0
2022,6,30,21,30,20,0,0,0,0.17,190,0
2022,6,30,22,30,19.6,0,0,0,0.17,196,0
2022,6,30,23,30,19.3,0,0,0,0.17,203,0
2014,7,1,0,30,19.1,0,0,0,0.17,209,0
2014,7,1,1,30,19,0,0,0,0.17,213,0
2014,7,1,2,30,18.8,0,0,0,0.17,213,0
2014,7,1,3,30,18.900000000000002,0,0,0,0.17,213,0
2014,7,1,4,30,19.900000000000002,0,5,5,0.17,208,0
2014,7,1,5,30,21.900000000000002,89,98,115,0.17,209,0
2014,7,1,6,30,24.200000000000003,148,190,245,0.17,215,0
2014,7,1,7,30,26.400000000000002,251,268,403,0.17,211,0
2014,7,1,8,30,28,767,125,656,0.17,203,0
2014,7,1,9,30,29.1,352,392,679,0.17,200,0
2014,7,1,10,30,29.8,584,275,802,0.17,200,0
2014,7,1,11,30,30.3,310,486,778,0.17,200,0
2014,7,1,12,30,30.400000000000002,306,484,771,0.17,200,0
2014,7,1,13,30,30.200000000000003,474,349,770,0.17,199,0
2014,7,1,14,30,29.700000000000003,195,446,601,0.17,198,0
2014,7,1,15,30,29.1,230,360,513,0.17,196,0
2014,7,1,16,30,28.3,498,166,419,0.17,194,0
2014,7,1,17,30,27.200000000000003,67,183,206,0.17,192,0
2014,7,1,18,30,25.700000000000003,11,76,78,0.17,191,0
2014,7,1,19,30,24.3,0,0,0,0.18,191,0
2014,7,1,20,30,23.3,0,0,0,0.18,193,0
2014,7,1,21,30,22.700000000000003,0,0,0,0.18,197,0
2014,7,1,22,30,22.3,0,0,0,0.18,200,0
2014,7,1,23,30,22,0,0,0,0.18,203,0
2014,7,2,0,30,21.8,0,0,0,0.18,203,0
2014,7,2,1,30,21.6,0,0,0,0.18,200,0
2014,7,2,2,30,21.5,0,0,0,0.18,200,0
2014,7,2,3,30,21.5,0,0,0,0.18,202,0
2014,7,2,4,30,22,0,4,4,0.18,196,0
2014,7,2,5,30,23.6,1,73,74,0.18,194,0
2014,7,2,6,30,25.700000000000003,530,97,292,0.18,198,0
2014,7,2,7,30,27.6,662,116,474,0.18,194,0
2014,7,2,8,30,28.900000000000002,738,130,641,0.18,186,0
2014,7,2,9,30,29.6,783,141,779,0.18,180,0
2014,7,2,10,30,29.8,796,156,873,0.18,179,0
2014,7,2,11,30,29.700000000000003,336,462,778,0.18,182,0
2014,7,2,12,30,29.5,788,171,911,0.18,186,0
2014,7,2,13,30,29.200000000000003,755,179,849,0.18,189,0
2014,7,2,14,30,28.6,365,327,617,0.18,191,0
2014,7,2,15,30,27.8,161,342,449,0.18,190,0
2014,7,2,16,30,26.700000000000003,1,97,97,0.18,186,0
2014,7,2,17,30,25.400000000000002,0,17,17,0.18,182,0
2014,7,2,18,30,24.1,0,33,33,0.18,179,0
2014,7,2,19,30,23.200000000000003,0,0,0,0.18,179,0
2014,7,2,20,30,22.8,0,0,0,0.18,182,0
2014,7,2,21,30,22.5,0,0,0,0.18,186,0
2014,7,2,22,30,22.3,0,0,0,0.18,189,0
2014,7,2,23,30,22.1,0,0,0,0.18,185,0
2014,7,3,0,30,22,0,0,0,0.18,180,0
2014,7,3,1,30,21.8,0,0,0,0.18,175,0
2014,7,3,2,30,21.700000000000003,0,0,0,0.18,172,0
2014,7,3,3,30,21.6,0,0,0,0.18,174,0
2014,7,3,4,30,21.8,0,3,3,0.18,170,0
2014,7,3,5,30,22.700000000000003,8,78,79,0.18,193,0
2014,7,3,6,30,24.3,1,109,109,0.18,244,0.1
2014,7,3,7,30,26.200000000000003,12,177,183,0.18,246,0.1
2014,7,3,8,30,27.6,85,361,420,0.18,215,0
2014,7,3,9,30,28.5,368,322,622,0.18,193,0
2014,7,3,10,30,28.400000000000002,230,397,604,0.18,184,0
2014,7,3,11,30,28.400000000000002,233,413,632,0.18,183,0
2014,7,3,12,30,28.700000000000003,250,497,732,0.18,185,0
2014,7,3,13,30,29.1,351,429,740,0.18,189,0
2014,7,3,14,30,29,705,179,739,0.18,191,0
2014,7,3,15,30,28.400000000000002,654,161,596,0.18,191,0
2014,7,3,16,30,27.400000000000002,613,122,433,0.18,190,0
2014,7,3,17,30,26.1,465,98,253,0.18,187,0
2014,7,3,18,30,24.8,1,43,44,0.18,181,0
2014,7,3,19,30,23.900000000000002,0,0,0,0.18,174,0
2014,7,3,20,30,23.400000000000002,0,0,0,0.18,165,0
2014,7,3,21,30,23,0,0,0,0.18,165,0
2014,7,3,22,30,22.700000000000003,0,0,0,0.18,172,0
2014,7,3,23,30,22.400000000000002,0,0,0,0.18,173,0
2014,7,4,0,30,22.3,0,0,0,0.18,176,0
2014,7,4,1,30,22.1,0,0,0,0.18,187,0
2014,7,4,2,30,21.900000000000002,0,0,0,0.18,208,0
2014,7,4,3,30,21.6,0,0,0,0.18,235,0
2014,7,4,4,30,21.5,0,1,1,0.18,261,0
2014,7,4,5,30,21.5,0,11,11,0.18,286,0
2014,7,4,6,30,21.5,1,70,70,0.18,309,0
2014,7,4,7,30,21.6,12,155,162,0.18,331,0
2014,7,4,8,30,21.900000000000002,103,301,372,0.18,350,0
2014,7,4,9,30,22.200000000000003,285,338,570,0.18,186,0
2014,7,4,10,30,22.400000000000002,18,359,375,0.18,16,0
2014,7,4,11,30,22.5,15,360,374,0.18,21,0
2014,7,4,12,30,22.3,1,217,217,0.18,22,0
2014,7,4,13,30,21.8,1,178,178,0.18,15,0
2014,7,4,14,30,21.3,3,205,208,0.18,184,0
2014,7,4,15,30,21,1,130,130,0.18,347,0
2014,7,4,16,30,20.6,0,47,47,0.18,331,0
2014,7,4,17,30,19.900000000000002,0,26,26,0.18,328,0
2014,7,4,18,30,19,0,29,30,0.18,334,0
2014,7,4,19,30,18.2,0,0,0,0.18,338,0.1
2014,7,4,20,30,17.400000000000002,0,0,0,0.18,340,0.1
2014,7,4,21,30,16.7,0,0,0,0.18,338,0
2014,7,4,22,30,16.1,0,0,0,0.18,331,0
2014,7,4,23,30,15.700000000000001,0,0,0,0.18,321,0
2014,7,5,0,30,15.3,0,0,0,0.18,314,0
2014,7,5,1,30,15,0,0,0,0.18,312,0
2014,7,5,2,30,14.600000000000001,0,0,0,0.18,312,0
2014,7,5,3,30,14.4,0,0,0,0.18,312,0
2014,7,5,4,30,14.600000000000001,0,0,0,0.18,314,0
2014,7,5,5,30,15.8,560,40,144,0.18,313,0
2014,7,5,6,30,17.6,753,58,332,0.18,312,0
2014,7,5,7,30,19.400000000000002,851,69,525,0.18,313,0
2014,7,5,8,30,20.8,908,77,703,0.18,315,0
2014,7,5,9,30,21.8,942,83,849,0.18,317,0
2014,7,5,10,30,22.700000000000003,959,87,948,0.18,315,0
2014,7,5,11,30,23.400000000000002,964,89,996,0.18,310,0
2014,7,5,12,30,23.900000000000002,956,90,986,0.18,302,0
2014,7,5,13,30,24.200000000000003,930,95,919,0.18,294,0
2014,7,5,14,30,24.200000000000003,901,92,807,0.18,287,0
2014,7,5,15,30,23.900000000000002,854,87,654,0.18,282,0
2014,7,5,16,30,23.3,789,76,475,0.18,277,0
2014,7,5,17,30,22.1,676,61,286,0.18,275,0
2014,7,5,18,30,20.5,461,38,109,0.18,276,0
2014,7,5,19,30,19.1,0,0,0,0.18,278,0
2014,7,5,20,30,18.2,0,0,0,0.18,278,0
2014,7,5,21,30,17.5,0,0,0,0.18,279,0
2014,7,5,22,30,16.7,0,0,0,0.18,278,0
2014,7,5,23,30,16,0,0,0,0.18,277,0
2014,7,6,0,30,15.5,0,0,0,0.18,278,0
2014,7,6,1,30,15.200000000000001,0,0,0,0.18,279,0
2014,7,6,2,30,14.700000000000001,0,0,0,0.18,276,0
2014,7,6,3,30,14.100000000000001,0,0,0,0.18,270,0
2014,7,6,4,30,14.700000000000001,0,0,0,0.18,266,0
2014,7,6,5,30,16.8,546,41,141,0.18,255,0
2014,7,6,6,30,19.6,726,61,325,0.18,256,0
2014,7,6,7,30,22,821,76,515,0.18,267,0
2014,7,6,8,30,23.6,875,88,690,0.18,264,0
2014,7,6,9,30,24.700000000000003,908,97,834,0.18,252,0
2014,7,6,10,30,25.5,931,99,935,0.18,241,0
2014,7,6,11,30,26.1,936,102,982,0.18,234,0
2014,7,6,12,30,26.5,934,102,977,0.18,230,0
2014,7,6,13,30,26.700000000000003,922,99,915,0.18,229,0
2014,7,6,14,30,26.6,890,97,803,0.18,228,0
2014,7,6,15,30,26.200000000000003,840,94,651,0.18,227,0
2014,7,6,16,30,25.400000000000002,758,86,469,0.18,226,0
2014,7,6,17,30,23.900000000000002,633,69,280,0.18,226,0
2014,7,6,18,30,21.900000000000002,0,49,50,0.18,225,0
2014,7,6,19,30,20.400000000000002,0,0,0,0.18,224,0
2014,7,6,20,30,19.6,0,0,0,0.18,221,0
2014,7,6,21,30,19,0,0,0,0.18,220,0
2014,7,6,22,30,18.5,0,0,0,0.18,221,0
2014,7,6,23,30,18,0,0,0,0.18,217,0
2014,7,7,0,30,17.5,0,0,0,0.18,213,0
2014,7,7,1,30,17.2,0,0,0,0.18,213,0
2014,7,7,2,30,17.1,0,0,0,0.18,215,0
2014,7,7,3,30,17.400000000000002,0,0,0,0.18,212,0
2014,7,7,4,30,18.3,0,0,0,0.18,205,0
2014,7,7,5,30,19.8,0,37,37,0.18,199,0
2014,7,7,6,30,21.8,0,101,102,0.18,199,0
2014,7,7,7,30,24,648,123,469,0.18,201,0
2014,7,7,8,30,25.8,332,330,557,0.18,199,0
2014,7,7,9,30,27.200000000000003,787,142,780,0.18,197,0
2014,7,7,10,30,28.200000000000003,855,120,886,0.18,199,0
2014,7,7,11,30,28.3,214,492,693,0.18,208,0
2014,7,7,12,30,27.400000000000002,801,161,911,0.18,213,0
2014,7,7,13,30,26.900000000000002,764,173,850,0.18,209,0
2014,7,7,14,30,27.3,758,150,750,0.18,204,0
2014,7,7,15,30,27.200000000000003,51,313,347,0.18,203,0
2014,7,7,16,30,26.3,57,223,252,0.18,202,0
2014,7,7,17,30,25,7,106,109,0.18,205,0
2014,7,7,18,30,24,189,58,87,0.18,214,0
2014,7,7,19,30,23.200000000000003,0,0,0,0.18,224,0
2014,7,7,20,30,22.700000000000003,0,0,0,0.18,228,0
2014,7,7,21,30,22.200000000000003,0,0,0,0.18,228,0
2014,7,7,22,30,21.900000000000002,0,0,0,0.18,223,0
2014,7,7,23,30,21.6,0,0,0,0.18,217,0
2014,7,8,0,30,21.5,0,0,0,0.18,219,0
2014,7,8,1,30,21.400000000000002,0,0,0,0.18,220,0
2014,7,8,2,30,20.900000000000002,0,0,0,0.18,210,0
2014,7,8,3,30,20.400000000000002,0,0,0,0.18,201,0
2014,7,8,4,30,20.900000000000002,0,0,0,0.18,195,0
2014,7,8,5,30,22.400000000000002,355,55,119,0.18,198,0
2014,7,8,6,30,24.400000000000002,331,150,269,0.18,209,0
2014,7,8,7,30,26.400000000000002,0,122,122,0.18,213,0
2014,7,8,8,30,27.8,1,216,217,0.18,212,0
2014,7,8,9,30,28.700000000000003,190,430,584,0.18,211,0
2014,7,8,10,30,29.400000000000002,481,300,731,0.18,208,0
2014,7,8,11,30,29.700000000000003,524,290,781,0.18,206,0
2014,7,8,12,30,29.8,578,275,815,0.18,203,0
2014,7,8,13,30,29.6,762,176,850,0.18,199,0
2014,7,8,14,30,29.200000000000003,269,355,568,0.18,194,0
2014,7,8,15,30,28.700000000000003,477,218,534,0.18,190,0
2014,7,8,16,30,27.8,185,265,358,0.18,186,0
2014,7,8,17,30,26.400000000000002,478,96,254,0.18,184,0
2014,7,8,18,30,24.900000000000002,259,52,92,0.18,183,0
2014,7,8,19,30,23.8,0,0,0,0.18,185,0
2014,7,8,20,30,23.200000000000003,0,0,0,0.18,190,0
2014,7,8,21,30,22.8,0,0,0,0.18,197,0
2014,7,8,22,30,22.6,0,0,0,0.18,207,0
2014,7,8,23,30,22.400000000000002,0,0,0,0.18,218,0
2014,7,9,0,30,22.200000000000003,0,0,0,0.18,228,0
2014,7,9,1,30,21.900000000000002,0,0,0,0.18,233,0
2014,7,9,2,30,21.5,0,0,0,0.18,235,0
2014,7,9,3,30,21.1,0,0,0,0.18,232,0
2014,7,9,4,30,21.3,0,0,0,0.18,226,0
2014,7,9,5,30,22.6,5,79,80,0.18,230,0
2014,7,9,6,30,23.900000000000002,656,67,302,0.18,242,0
2014,7,9,7,30,25,780,78,492,0.18,244,0
2014,7,9,8,30,26,841,90,665,0.18,239,0
2014,7,9,9,30,26.6,863,106,803,0.18,232,0
2014,7,9,10,30,26.900000000000002,896,103,905,0.18,225,0
2014,7,9,11,30,27.700000000000003,671,228,857,0.18,220,0
2014,7,9,12,30,28.5,694,258,906,0.18,214,0
2014,7,9,13,30,28.6,619,240,788,0.18,211,0
2014,7,9,14,30,28.200000000000003,848,108,780,0.18,209,0
2014,7,9,15,30,27.200000000000003,789,107,629,0.18,205,0
2014,7,9,16,30,26,706,96,452,0.18,198,0
2014,7,9,17,30,24.5,277,138,230,0.18,191,0
2014,7,9,18,30,22.700000000000003,52,55,63,0.18,186,0
2014,7,9,19,30,21.3,0,0,0,0.18,187,0
2014,7,9,20,30,20.6,0,0,0,0.18,196,0
2014,7,9,21,30,20.1,0,0,0,0.18,212,0
2014,7,9,22,30,19.8,0,0,0,0.18,237,0
2014,7,9,23,30,19.5,0,0,0,0.18,269,0
2014,7,10,0,30,19.3,0,0,0,0.18,298,0
2014,7,10,1,30,18.8,0,0,0,0.18,319,0
2014,7,10,2,30,18,0,0,0,0.18,332,0
2014,7,10,3,30,17.2,0,0,0,0.18,338,0
2014,7,10,4,30,17.2,0,0,0,0.18,339,0
2014,7,10,5,30,18.2,9,66,68,0.18,340,0
2014,7,10,6,30,19.8,395,141,281,0.18,342,0
2014,7,10,7,30,21.6,604,158,477,0.18,341,0
2014,7,10,8,30,23,370,322,574,0.18,335,0
2014,7,10,9,30,24,538,251,685,0.18,326,0
2014,7,10,10,30,24.700000000000003,585,246,769,0.18,316,0
2014,7,10,11,30,25.3,176,486,651,0.18,305,0
2014,7,10,12,30,25.900000000000002,254,465,702,0.18,293,0
2014,7,10,13,30,26.400000000000002,393,355,703,0.18,284,0
2014,7,10,14,30,26.6,876,100,793,0.18,283,0
2014,7,10,15,30,26.5,830,93,642,0.18,289,0
2014,7,10,16,30,25.900000000000002,755,84,464,0.18,297,0
2014,7,10,17,30,24.200000000000003,618,70,273,0.18,309,0.1
2014,7,10,18,30,21.700000000000003,154,73,96,0.18,326,0.2
2014,7,10,19,30,20.1,0,0,0,0.18,345,0.2
2014,7,10,20,30,19.400000000000002,0,0,0,0.18,181,0.2
2014,7,10,21,30,18.7,0,0,0,0.18,10,0.1
2014,7,10,22,30,18,0,0,0,0.18,10,0.1
2014,7,10,23,30,17.400000000000002,0,0,0,0.18,184,0.1
2014,7,11,0,30,17.2,0,0,0,0.18,353,0
2014,7,11,1,30,17.2,0,0,0,0.18,348,0
2014,7,11,2,30,17.2,0,0,0,0.18,350,0
2014,7,11,3,30,16.900000000000002,0,0,0,0.18,356,0
2014,7,11,4,30,17,0,0,0,0.18,184,0
2014,7,11,5,30,18.3,25,80,84,0.18,13,0
2014,7,11,6,30,20.700000000000003,642,71,299,0.18,25,0
2014,7,11,7,30,23,765,85,489,0.18,35,0
2014,7,11,8,30,24.700000000000003,837,94,664,0.18,30,0
2014,7,11,9,30,26,880,99,808,0.18,191,0
2014,7,11,10,30,26.8,907,101,911,0.18,346,0
2014,7,11,11,30,27.400000000000002,916,104,962,0.18,323,0
2014,7,11,12,30,27.6,917,105,960,0.18,306,0
2014,7,11,13,30,27.5,898,106,900,0.18,294,0
2014,7,11,14,30,27.200000000000003,872,102,791,0.18,285,0
2014,7,11,15,30,26.900000000000002,94,351,413,0.18,280,0
2014,7,11,16,30,26.3,181,263,354,0.18,278,0
2014,7,11,17,30,24.6,648,64,276,0.18,273,0.1
2014,7,11,18,30,22.400000000000002,429,38,102,0.18,273,0.30000000000000004
2014,7,11,19,30,21.200000000000003,0,0,0,0.18,273,0.5
2014,7,11,20,30,20.400000000000002,0,0,0,0.18,266,0.5
2014,7,11,21,30,19.5,0,0,0,0.18,257,0.5
2014,7,11,22,30,18.5,0,0,0,0.18,246,0.5
2014,7,11,23,30,17.400000000000002,0,0,0,0.18,238,0.5
2014,7,12,0,30,16.400000000000002,0,0,0,0.18,239,0.4
2014,7,12,1,30,15.8,0,0,0,0.18,244,0.30000000000000004
2014,7,12,2,30,15.3,0,0,0,0.18,248,0.2
2014,7,12,3,30,15,0,0,0,0.18,253,0.2
2014,7,12,4,30,16.1,0,0,0,0.18,260,0.1
2014,7,12,5,30,18.6,458,44,124,0.18,267,0
2014,7,12,6,30,21.6,666,69,304,0.18,262,0
2014,7,12,7,30,24.400000000000002,775,85,492,0.18,255,0
2014,7,12,8,30,26.1,837,98,666,0.18,256,0
2014,7,12,9,30,27.400000000000002,870,109,809,0.18,253,0
2014,7,12,10,30,28.400000000000002,915,100,916,0.18,240,0
2014,7,12,11,30,29,921,103,964,0.18,220,0
2014,7,12,12,30,29.3,918,103,959,0.18,206,0
2014,7,12,13,30,29.5,882,114,893,0.18,207,0
2014,7,12,14,30,29.400000000000002,836,118,778,0.18,211,0
2014,7,12,15,30,28.700000000000003,764,120,624,0.18,209,0
2014,7,12,16,30,27.400000000000002,651,117,443,0.18,202,0
2014,7,12,17,30,25.700000000000003,508,92,258,0.18,196,0
2014,7,12,18,30,23.400000000000002,280,51,92,0.18,192,0
2014,7,12,19,30,21.700000000000003,0,0,0,0.18,192,0
2014,7,12,20,30,20.5,0,0,0,0.18,192,0
2014,7,12,21,30,19.5,0,0,0,0.18,192,0
2014,7,12,22,30,18.900000000000002,0,0,0,0.18,191,0
2014,7,12,23,30,18.7,0,0,0,0.18,192,0
2014,7,13,0,30,18.8,0,0,0,0.18,194,0
2014,7,13,1,30,19,0,0,0,0.18,195,0
2014,7,13,2,30,19.3,0,0,0,0.18,194,0
2014,7,13,3,30,19.5,0,0,0,0.18,189,0
2014,7,13,4,30,20,0,0,0,0.18,184,0
2014,7,13,5,30,20.900000000000002,2,73,73,0.18,183,0
2014,7,13,6,30,22.200000000000003,482,106,275,0.18,187,0
2014,7,13,7,30,24,56,278,307,0.18,190,0
2014,7,13,8,30,25.6,696,153,625,0.18,189,0
2014,7,13,9,30,26.6,741,169,764,0.18,189,0
2014,7,13,10,30,27,211,414,602,0.18,190,0
2014,7,13,11,30,27.200000000000003,64,455,515,0.18,192,0
2014,7,13,12,30,27.400000000000002,216,510,712,0.18,192,0
2014,7,13,13,30,27.400000000000002,194,484,656,0.18,189,0.1
2014,7,13,14,30,26.900000000000002,364,377,665,0.18,188,0.1
2014,7,13,15,30,26.1,249,293,457,0.18,189,0
2014,7,13,16,30,25.1,409,194,399,0.18,187,0
2014,7,13,17,30,23.8,321,139,244,0.18,185,0
2014,7,13,18,30,22.5,1,34,34,0.18,184,0
2014,7,13,19,30,21.5,0,0,0,0.18,183,0
2014,7,13,20,30,21.3,0,0,0,0.18,184,0
2014,7,13,21,30,21.3,0,0,0,0.18,187,0
2014,7,13,22,30,21.400000000000002,0,0,0,0.18,191,0
2014,7,13,23,30,21.400000000000002,0,0,0,0.18,193,0
2014,7,14,0,30,21.400000000000002,0,0,0,0.18,193,0
2014,7,14,1,30,21.400000000000002,0,0,0,0.18,191,0
2014,7,14,2,30,21.400000000000002,0,0,0,0.18,189,0
2014,7,14,3,30,21.400000000000002,0,0,0,0.18,192,0
2014,7,14,4,30,21.6,0,0,0,0.18,205,0
2014,7,14,5,30,22.200000000000003,0,33,33,0.18,225,0
2014,7,14,6,30,23.3,526,94,278,0.18,251,0
2014,7,14,7,30,24.6,151,277,356,0.18,282,0
2014,7,14,8,30,26.3,203,355,492,0.18,295,0
2014,7,14,9,30,27.900000000000002,4,321,323,0.18,256,0
2014,7,14,10,30,28.700000000000003,46,375,416,0.18,213,0
2014,7,14,11,30,28.900000000000002,0,246,246,0.18,205,0
2014,7,14,12,30,28.8,0,257,257,0.18,199,0
2014,7,14,13,30,28.5,36,411,443,0.18,194,0
2014,7,14,14,30,27.8,15,283,295,0.18,191,0
2014,7,14,15,30,26.8,0,52,52,0.18,185,0
2014,7,14,16,30,25.5,4,189,191,0.18,175,0
2014,7,14,17,30,24.3,0,34,34,0.18,164,0
2014,7,14,18,30,23.5,0,3,3,0.18,156,0
2014,7,14,19,30,23,0,0,0,0.18,150,0
2014,7,14,20,30,22.8,0,0,0,0.18,151,0
2014,7,14,21,30,22.5,0,0,0,0.18,159,0
2014,7,14,22,30,22.3,0,0,0,0.18,166,0
2014,7,14,23,30,22.1,0,0,0,0.18,174,0
2014,7,15,0,30,22,0,0,0,0.18,182,0
2014,7,15,1,30,21.900000000000002,0,0,0,0.18,191,0
2014,7,15,2,30,21.8,0,0,0,0.18,195,0
2014,7,15,3,30,21.6,0,0,0,0.18,192,0
2014,7,15,4,30,21.8,0,0,0,0.18,187,0
2014,7,15,5,30,22.5,0,27,27,0.18,179,0
2014,7,15,6,30,23.400000000000002,0,90,90,0.18,176,0
2014,7,15,7,30,24.6,20,226,236,0.18,181,0
2014,7,15,8,30,26,69,346,393,0.18,187,0
2014,7,15,9,30,27.200000000000003,7,334,340,0.18,190,0
2014,7,15,10,30,28,144,469,597,0.18,192,0
2014,7,15,11,30,28.1,114,457,563,0.18,192,0
2014,7,15,12,30,27.8,0,289,289,0.18,190,0
2014,7,15,13,30,27.3,59,391,443,0.18,187,0
2014,7,15,14,30,26.6,15,270,282,0.18,182,0
2014,7,15,15,30,25.8,1,139,139,0.18,174,0
2014,7,15,16,30,25.1,1,101,101,0.18,165,0
2014,7,15,17,30,24.400000000000002,1,62,63,0.18,158,0
2014,7,15,18,30,23.700000000000003,1,42,42,0.18,156,0
2014,7,15,19,30,23.3,0,0,0,0.18,163,0
2014,7,15,20,30,23,0,0,0,0.18,181,0
2014,7,15,21,30,22.900000000000002,0,0,0,0.18,196,0
2014,7,15,22,30,22.6,0,0,0,0.18,201,0
2014,7,15,23,30,22.3,0,0,0,0.18,195,0
2014,7,16,0,30,22.1,0,0,0,0.18,185,0
2014,7,16,1,30,21.900000000000002,0,0,0,0.18,177,0
2014,7,16,2,30,21.700000000000003,0,0,0,0.18,170,0
2014,7,16,3,30,21.6,0,0,0,0.18,164,0
2014,7,16,4,30,21.6,0,0,0,0.18,164,0
2014,7,16,5,30,21.700000000000003,0,27,27,0.18,181,0
2014,7,16,6,30,21.700000000000003,0,55,55,0.18,213,0
2014,7,16,7,30,21.200000000000003,1,90,90,0.18,250,0
2014,7,16,8,30,20.700000000000003,0,79,79,0.18,283,0
2014,7,16,9,30,20.700000000000003,1,289,290,0.18,307,0
2014,7,16,10,30,21.5,72,432,496,0.18,327,0
2014,7,16,11,30,23.400000000000002,5,390,396,0.18,314,0
2014,7,16,12,30,24.5,106,466,564,0.18,266,0
2014,7,16,13,30,24,299,395,658,0.18,240,0
2014,7,16,14,30,23.400000000000002,10,275,282,0.18,250,0
2014,7,16,15,30,23.200000000000003,170,334,445,0.18,268,0
2014,7,16,16,30,23.1,340,203,372,0.18,279,0
2014,7,16,17,30,22.5,31,166,176,0.18,274,0.1
2014,7,16,18,30,21.3,2,46,46,0.18,262,0.4
2014,7,16,19,30,20.400000000000002,0,0,0,0.18,259,0.5
2014,7,16,20,30,19.700000000000003,0,0,0,0.18,269,0.4
2014,7,16,21,30,19.1,0,0,0,0.18,279,0.2
2014,7,16,22,30,18.6,0,0,0,0.18,292,0.1
2014,7,16,23,30,18.2,0,0,0,0.18,317,0.1
2014,7,17,0,30,17.900000000000002,0,0,0,0.18,335,0
2014,7,17,1,30,17.400000000000002,0,0,0,0.18,341,0
2014,7,17,2,30,16.8,0,0,0,0.18,342,0
2014,7,17,3,30,16.2,0,0,0,0.18,342,0
2014,7,17,4,30,16.3,0,0,0,0.18,341,0
2014,7,17,5,30,17.3,13,69,71,0.18,338,0
2014,7,17,6,30,19.1,232,163,242,0.18,340,0
2014,7,17,7,30,21,403,201,409,0.18,341,0
2014,7,17,8,30,22.700000000000003,624,165,585,0.18,331,0
2014,7,17,9,30,24.3,643,182,695,0.18,313,0
2014,7,17,10,30,25.3,639,199,765,0.18,289,0
2014,7,17,11,30,25.900000000000002,703,224,878,0.18,267,0
2014,7,17,12,30,25.6,662,244,858,0.18,257,0
2014,7,17,13,30,25,378,422,754,0.18,259,0
2014,7,17,14,30,24.5,48,377,415,0.18,266,0
2014,7,17,15,30,24,464,235,539,0.18,272,0
2014,7,17,16,30,23.5,26,231,244,0.18,273,0
2014,7,17,17,30,22.1,0,62,62,0.18,272,0
2014,7,17,18,30,19.900000000000002,344,42,90,0.18,274,0.1
2014,7,17,19,30,18.2,0,0,0,0.18,278,0.1
2014,7,17,20,30,17.6,0,0,0,0.18,286,0.1
2014,7,17,21,30,17.1,0,0,0,0.18,300,0
2014,7,17,22,30,16.5,0,0,0,0.18,310,0
2014,7,17,23,30,15.9,0,0,0,0.18,314,0
2014,7,18,0,30,15.4,0,0,0,0.18,319,0
2014,7,18,1,30,14.8,0,0,0,0.18,322,0
2014,7,18,2,30,14.3,0,0,0,0.18,326,0
2014,7,18,3,30,13.9,0,0,0,0.18,329,0
2014,7,18,4,30,14.5,0,0,0,0.18,331,0
2014,7,18,5,30,16.5,448,42,114,0.18,332,0
2014,7,18,6,30,19.200000000000003,674,66,296,0.18,172,0
2014,7,18,7,30,21.8,792,80,488,0.18,8,0
2014,7,18,8,30,23.400000000000002,861,90,668,0.18,169,0
2014,7,18,9,30,24.5,903,96,816,0.18,325,0
2014,7,18,10,30,25.3,898,116,911,0.18,312,0
2014,7,18,11,30,25.900000000000002,905,121,962,0.18,305,0
2014,7,18,12,30,26.1,898,124,956,0.18,303,0
2014,7,18,13,30,26.1,808,167,875,0.18,305,0
2014,7,18,14,30,25.900000000000002,771,159,763,0.18,307,0
2014,7,18,15,30,25.6,280,347,530,0.18,309,0
2014,7,18,16,30,25.3,363,245,425,0.18,314,0
2014,7,18,17,30,24,498,91,250,0.18,312,0.2
2014,7,18,18,30,22.5,5,65,66,0.18,300,0.6000000000000001
2014,7,18,19,30,21.6,0,0,0,0.18,286,0.6000000000000001
2014,7,18,20,30,20.900000000000002,0,0,0,0.18,278,0.4
2014,7,18,21,30,20.1,0,0,0,0.18,253,0.30000000000000004
2014,7,18,22,30,19.200000000000003,0,0,0,0.18,233,0.30000000000000004
2014,7,18,23,30,18.400000000000002,0,0,0,0.18,235,0.30000000000000004
2014,7,19,0,30,17.8,0,0,0,0.18,234,0.30000000000000004
2014,7,19,1,30,17.400000000000002,0,0,0,0.18,234,0.2
2014,7,19,2,30,17.1,0,0,0,0.18,247,0.1
2014,7,19,3,30,17,0,0,0,0.18,281,0.1
2014,7,19,4,30,17.1,0,0,0,0.18,329,0.2
2014,7,19,5,30,17.5,4,57,57,0.18,190,0.2
2014,7,19,6,30,18.2,93,157,189,0.18,38,0
2014,7,19,7,30,19.200000000000003,15,186,193,0.18,60,0
2014,7,19,8,30,21,39,286,312,0.18,83,0
2014,7,19,9,30,23.1,71,364,420,0.18,108,0
2014,7,19,10,30,24.1,171,422,574,0.18,132,0
2014,7,19,11,30,24.1,453,320,740,0.18,143,0
2014,7,19,12,30,24,12,325,336,0.18,137,0
2014,7,19,13,30,24.1,156,405,542,0.18,135,0
2014,7,19,14,30,24.200000000000003,83,367,431,0.18,141,0
2014,7,19,15,30,23.900000000000002,25,266,282,0.18,146,0
2014,7,19,16,30,23,105,241,293,0.18,150,0
2014,7,19,17,30,21.200000000000003,367,126,243,0.18,153,0
2014,7,19,18,30,18.8,45,68,74,0.18,156,0.1
2014,7,19,19,30,17.400000000000002,0,0,0,0.18,157,0.2
2014,7,19,20,30,16.900000000000002,0,0,0,0.18,154,0.2
2014,7,19,21,30,16.5,0,0,0,0.18,150,0.30000000000000004
2014,7,19,22,30,16.3,0,0,0,0.18,139,0.4
2014,7,19,23,30,16.2,0,0,0,0.18,114,0.4
2014,7,20,0,30,15.700000000000001,0,0,0,0.18,85,0.4
2014,7,20,1,30,15.200000000000001,0,0,0,0.18,67,0.2
2014,7,20,2,30,15,0,0,0,0.18,62,0.1
2014,7,20,3,30,15.100000000000001,0,0,0,0.18,62,0
2014,7,20,4,30,15.5,0,0,0,0.18,60,0
2014,7,20,5,30,16.3,0,24,24,0.18,61,0
2014,7,20,6,30,17.5,28,169,179,0.18,77,0
2014,7,20,7,30,19.200000000000003,0,125,125,0.18,93,0
2014,7,20,8,30,21.1,78,327,379,0.18,94,0
2014,7,20,9,30,22.400000000000002,147,418,535,0.18,93,0
2014,7,20,10,30,23.400000000000002,861,118,878,0.18,94,0
2014,7,20,11,30,24.3,870,122,929,0.18,95,0
2014,7,20,12,30,25,867,123,925,0.18,96,0
2014,7,20,13,30,25.5,848,124,866,0.18,97,0
2014,7,20,14,30,25.6,816,121,758,0.18,100,0
2014,7,20,15,30,25.200000000000003,759,115,609,0.18,104,0
2014,7,20,16,30,24.400000000000002,664,104,431,0.18,107,0
2014,7,20,17,30,22.700000000000003,516,84,247,0.18,110,0
2014,7,20,18,30,20.700000000000003,269,45,81,0.18,111,0
2014,7,20,19,30,19.3,0,0,0,0.18,109,0
2014,7,20,20,30,18.2,0,0,0,0.18,102,0
2014,7,20,21,30,17,0,0,0,0.18,89,0
2014,7,20,22,30,16.1,0,0,0,0.18,84,0
2014,7,20,23,30,15.4,0,0,0,0.18,75,0.1
2014,7,21,0,30,14.9,0,0,0,0.18,53,0.1
2014,7,21,1,30,14.4,0,0,0,0.18,34,0.1
2014,7,21,2,30,14.100000000000001,0,0,0,0.18,22,0
2014,7,21,3,30,13.9,0,0,0,0.18,15,0
2014,7,21,4,30,14.600000000000001,0,0,0,0.18,9,0
2014,7,21,5,30,16.6,321,48,98,0.18,4,0
2014,7,21,6,30,19.3,557,83,270,0.18,2,0
2014,7,21,7,30,21.8,695,103,457,0.18,3,0
2014,7,21,8,30,23.8,776,116,632,0.18,7,0
2014,7,21,9,30,25.400000000000002,825,124,778,0.18,15,0
2014,7,21,10,30,26.6,892,106,891,0.18,22,0
2014,7,21,11,30,27.6,901,108,942,0.18,24,0
2014,7,21,12,30,28.200000000000003,897,110,938,0.18,23,0
2014,7,21,13,30,28.5,861,121,873,0.18,23,0
2014,7,21,14,30,28.700000000000003,826,118,762,0.18,184,0
2014,7,21,15,30,28.700000000000003,770,112,612,0.18,332,0
2014,7,21,16,30,28,675,101,432,0.18,298,0
2014,7,21,17,30,26.1,523,82,246,0.18,236,0.2
2014,7,21,18,30,23.1,271,43,79,0.18,189,0.4
2014,7,21,19,30,21,0,0,0,0.18,184,0.30000000000000004
2014,7,21,20,30,20,0,0,0,0.18,187,0
2014,7,21,21,30,19.5,0,0,0,0.18,190,0
2014,7,21,22,30,18.900000000000002,0,0,0,0.18,198,0
2014,7,21,23,30,18.400000000000002,0,0,0,0.18,208,0
2014,7,22,0,30,18,0,0,0,0.18,218,0
2014,7,22,1,30,17.7,0,0,0,0.18,226,0
2014,7,22,2,30,17.2,0,0,0,0.18,235,0
2014,7,22,3,30,16.900000000000002,0,0,0,0.18,246,0
2014,7,22,4,30,17.8,0,0,0,0.18,255,0
2014,7,22,5,30,19.8,236,53,89,0.18,255,0
2014,7,22,6,30,22.6,465,100,255,0.18,259,0
2014,7,22,7,30,25.900000000000002,608,128,437,0.18,271,0
2014,7,22,8,30,28.5,695,148,610,0.18,265,0
2014,7,22,9,30,29.900000000000002,748,160,752,0.18,249,0
2014,7,22,10,30,30.6,779,169,854,0.18,239,0
2014,7,22,11,30,31.200000000000003,791,173,904,0.18,234,0
2014,7,22,12,30,31.400000000000002,792,172,901,0.18,230,0
2014,7,22,13,30,31.400000000000002,773,169,844,0.18,227,0
2014,7,22,14,30,31.1,143,428,539,0.18,225,0
2014,7,22,15,30,30.400000000000002,50,316,348,0.18,222,0
2014,7,22,16,30,29.200000000000003,568,134,412,0.18,218,0
2014,7,22,17,30,27.3,409,103,230,0.18,213,0
2014,7,22,18,30,25.3,0,40,40,0.18,209,0
2014,7,22,19,30,23.900000000000002,0,0,0,0.18,207,0
2014,7,22,20,30,22.8,0,0,0,0.18,205,0
2014,7,22,21,30,22,0,0,0,0.18,204,0
2014,7,22,22,30,21.400000000000002,0,0,0,0.18,205,0
2014,7,22,23,30,21.1,0,0,0,0.18,207,0
2014,7,23,0,30,20.900000000000002,0,0,0,0.18,210,0
2014,7,23,1,30,20.700000000000003,0,0,0,0.18,212,0
2014,7,23,2,30,20.6,0,0,0,0.18,214,0
2014,7,23,3,30,20.8,0,0,0,0.18,220,0
2014,7,23,4,30,21.3,0,0,0,0.18,219,0
2014,7,23,5,30,22.6,183,57,84,0.18,217,0
2014,7,23,6,30,24.6,30,176,185,0.18,224,0
2014,7,23,7,30,26.5,514,163,423,0.18,228,0
2014,7,23,8,30,28.3,617,184,593,0.18,222,0
2014,7,23,9,30,29.700000000000003,701,187,741,0.18,213,0
2014,7,23,10,30,30.700000000000003,838,129,865,0.18,210,0
2014,7,23,11,30,31.200000000000003,841,137,914,0.18,210,0
2014,7,23,12,30,31.3,830,145,909,0.18,210,0
2014,7,23,13,30,31,796,153,846,0.18,211,0
2014,7,23,14,30,30.400000000000002,751,153,736,0.18,211,0
2014,7,23,15,30,29.5,693,141,588,0.18,209,0
2014,7,23,16,30,28.3,349,203,372,0.18,208,0
2014,7,23,17,30,26.700000000000003,167,148,200,0.18,207,0
2014,7,23,18,30,25.1,4,51,51,0.18,205,0
2014,7,23,19,30,24.1,0,0,0,0.18,208,0
2014,7,23,20,30,23.5,0,0,0,0.18,223,0
2014,7,23,21,30,23.1,0,0,0,0.18,248,0
2014,7,23,22,30,22.8,0,0,0,0.18,275,0
2014,7,23,23,30,22.5,0,0,0,0.18,306,0
2014,7,24,0,30,22,0,0,0,0.18,330,0
2014,7,24,1,30,21.3,0,0,0,0.18,338,0
2014,7,24,2,30,20.400000000000002,0,0,0,0.18,344,0
2014,7,24,3,30,19.6,0,0,0,0.18,351,0
2014,7,24,4,30,19.400000000000002,0,0,0,0.18,349,0
2014,7,24,5,30,20.1,9,61,62,0.18,346,0
2014,7,24,6,30,21.5,211,146,215,0.18,345,0
2014,7,24,7,30,23.1,135,267,335,0.18,345,0
2014,7,24,8,30,24.5,465,227,535,0.18,341,0
2014,7,24,9,30,25.6,203,419,579,0.18,336,0
2014,7,24,10,30,26.1,885,112,889,0.18,333,0
2014,7,24,11,30,26.400000000000002,627,250,828,0.18,332,0
2014,7,24,12,30,26.400000000000002,492,328,780,0.18,334,0
2014,7,24,13,30,26.200000000000003,321,380,659,0.18,337,0
2014,7,24,14,30,25.900000000000002,343,317,583,0.18,340,0
2014,7,24,15,30,25.400000000000002,1,236,237,0.18,343,0
2014,7,24,16,30,24.5,182,253,341,0.18,345,0
2014,7,24,17,30,23,635,61,256,0.18,346,0
2014,7,24,18,30,21,398,33,83,0.18,347,0
2014,7,24,19,30,19.6,0,0,0,0.18,351,0
2014,7,24,20,30,18.900000000000002,0,0,0,0.18,357,0
2014,7,24,21,30,18.1,0,0,0,0.18,357,0
2014,7,24,22,30,17.6,0,0,0,0.18,356,0
2014,7,24,23,30,17.1,0,0,0,0.18,353,0
2014,7,25,0,30,16.5,0,0,0,0.18,347,0
2014,7,25,1,30,16,0,0,0,0.18,342,0
2014,7,25,2,30,15.4,0,0,0,0.18,338,0
2014,7,25,3,30,14.5,0,0,0,0.18,334,0
2014,7,25,4,30,14.700000000000001,0,0,0,0.18,331,0
2014,7,25,5,30,16.6,446,37,102,0.18,332,0
2014,7,25,6,30,19.200000000000003,663,64,280,0.18,346,0
2014,7,25,7,30,21.6,767,85,470,0.18,356,0
2014,7,25,8,30,23.3,818,104,643,0.18,351,0
2014,7,25,9,30,24.700000000000003,843,122,785,0.18,344,0
2014,7,25,10,30,25.8,818,158,874,0.18,334,0
2014,7,25,11,30,26.6,823,166,923,0.18,323,0
2014,7,25,12,30,27.1,817,169,918,0.18,312,0
2014,7,25,13,30,27.200000000000003,728,207,838,0.18,302,0
2014,7,25,14,30,27.200000000000003,699,191,732,0.18,292,0
2014,7,25,15,30,26.8,648,169,585,0.18,282,0
2014,7,25,16,30,25.900000000000002,559,140,410,0.18,270,0
2014,7,25,17,30,23.700000000000003,416,100,227,0.18,259,0.2
2014,7,25,18,30,20.8,192,41,65,0.18,253,0.4
2014,7,25,19,30,19.1,0,0,0,0.18,247,0.30000000000000004
2014,7,25,20,30,18.3,0,0,0,0.18,241,0.1
2014,7,25,21,30,17.7,0,0,0,0.18,237,0.1
2014,7,25,22,30,17.3,0,0,0,0.18,233,0
2014,7,25,23,30,17,0,0,0,0.18,231,0
2014,7,26,0,30,16.8,0,0,0,0.18,233,0
2014,7,26,1,30,16.5,0,0,0,0.18,236,0
2014,7,26,2,30,16.2,0,0,0,0.18,236,0
2014,7,26,3,30,15.9,0,0,0,0.18,234,0
2014,7,26,4,30,16.7,0,0,0,0.18,226,0
2014,7,26,5,30,18.5,4,64,64,0.18,212,0
2014,7,26,6,30,20.200000000000003,555,82,262,0.18,208,0
2014,7,26,7,30,22,697,102,451,0.18,218,0
2014,7,26,8,30,23.8,778,116,627,0.18,224,0
2014,7,26,9,30,25.400000000000002,829,124,775,0.18,226,0
2014,7,26,10,30,26.5,887,109,885,0.18,227,0
2014,7,26,11,30,27,311,464,750,0.18,227,0
2014,7,26,12,30,27.200000000000003,89,449,530,0.18,228,0
2014,7,26,13,30,27.1,21,338,356,0.18,230,0
2014,7,26,14,30,26.8,87,384,452,0.18,232,0
2014,7,26,15,30,26.200000000000003,207,341,473,0.18,232,0
2014,7,26,16,30,25.3,329,232,391,0.18,229,0
2014,7,26,17,30,23.8,482,88,234,0.18,220,0
2014,7,26,18,30,21.6,241,42,71,0.18,210,0
2014,7,26,19,30,20.1,0,0,0,0.18,203,0
2014,7,26,20,30,19.400000000000002,0,0,0,0.18,197,0
2014,7,26,21,30,19,0,0,0,0.18,192,0
2014,7,26,22,30,18.7,0,0,0,0.18,196,0
2014,7,26,23,30,18.7,0,0,0,0.18,202,0
2014,7,27,0,30,18.7,0,0,0,0.18,203,0
2014,7,27,1,30,18.6,0,0,0,0.18,202,0
2014,7,27,2,30,18.7,0,0,0,0.18,195,0
2014,7,27,3,30,18.900000000000002,0,0,0,0.18,186,0
2014,7,27,4,30,19.700000000000003,0,0,0,0.18,178,0
2014,7,27,5,30,21.400000000000002,232,49,82,0.18,178,0
2014,7,27,6,30,23.1,19,159,165,0.18,185,0
2014,7,27,7,30,23.700000000000003,54,220,247,0.18,184,0
2014,7,27,8,30,23.3,0,45,45,0.18,179,0
2014,7,27,9,30,23,0,169,170,0.18,175,0
2014,7,27,10,30,23.3,19,338,355,0.18,176,0
2014,7,27,11,30,24.400000000000002,0,168,168,0.18,181,0
2014,7,27,12,30,25.5,2,342,343,0.18,187,0
2014,7,27,13,30,26.200000000000003,151,486,617,0.18,190,0
2014,7,27,14,30,26.5,153,439,557,0.18,191,0
2014,7,27,15,30,26.5,615,178,571,0.18,186,0
2014,7,27,16,30,26.1,533,145,400,0.18,180,0
2014,7,27,17,30,24.8,406,101,223,0.18,176,0
2014,7,27,18,30,23.1,0,39,39,0.18,177,0
2014,7,27,19,30,22.1,0,0,0,0.18,179,0
2014,7,27,20,30,21.6,0,0,0,0.18,179,0
2014,7,27,21,30,21.3,0,0,0,0.18,179,0
2014,7,27,22,30,21.1,0,0,0,0.18,179,0
2014,7,27,23,30,21,0,0,0,0.18,179,0
2014,7,28,0,30,21,0,0,0,0.18,185,0
2014,7,28,1,30,21,0,0,0,0.18,190,0
2014,7,28,2,30,20.900000000000002,0,0,0,0.18,183,0
2014,7,28,3,30,21,0,0,0,0.18,172,0
2014,7,28,4,30,21.200000000000003,0,0,0,0.18,156,0
2014,7,28,5,30,21.400000000000002,0,14,14,0.18,137,0
2014,7,28,6,30,21.700000000000003,0,8,8,0.18,128,0
2014,7,28,7,30,22.3,8,159,163,0.18,132,0
2014,7,28,8,30,23.200000000000003,11,218,225,0.18,147,0
2014,7,28,9,30,24.3,1,292,293,0.18,167,0
2014,7,28,10,30,25.700000000000003,64,421,477,0.18,184,0
2014,7,28,11,30,27,0,82,82,0.18,195,0
2014,7,28,12,30,27.8,79,444,516,0.18,201,0
2014,7,28,13,30,27.900000000000002,401,395,740,0.18,206,0
2014,7,28,14,30,27.400000000000002,0,163,163,0.18,212,0
2014,7,28,15,30,26.3,683,144,579,0.18,219,0
2014,7,28,16,30,24.900000000000002,491,158,391,0.18,230,0
2014,7,28,17,30,23.5,324,115,212,0.18,244,0
2014,7,28,18,30,22.1,183,42,63,0.18,254,0
2014,7,28,19,30,21,0,0,0,0.18,260,0
2014,7,28,20,30,19.900000000000002,0,0,0,0.18,270,0
2014,7,28,21,30,18.8,0,0,0,0.18,281,0
2014,7,28,22,30,17.7,0,0,0,0.18,289,0
2014,7,28,23,30,16.900000000000002,0,0,0,0.18,293,0
2014,7,29,0,30,16.400000000000002,0,0,0,0.18,294,0
2014,7,29,1,30,15.9,0,0,0,0.18,295,0
2014,7,29,2,30,15.5,0,0,0,0.18,296,0
2014,7,29,3,30,15.100000000000001,0,0,0,0.18,293,0
2014,7,29,4,30,15.200000000000001,0,0,0,0.18,286,0
2014,7,29,5,30,16.400000000000002,2,56,57,0.18,296,0
2014,7,29,6,30,18.2,670,59,271,0.18,313,0
2014,7,29,7,30,20.1,793,73,465,0.18,314,0
2014,7,29,8,30,21.8,861,83,644,0.18,298,0
2014,7,29,9,30,23.200000000000003,900,92,794,0.18,283,0
2014,7,29,10,30,24.1,891,118,893,0.18,276,0
2014,7,29,11,30,24.6,876,139,940,0.18,273,0
2014,7,29,12,30,24.6,246,509,733,0.18,271,0
2014,7,29,13,30,24.200000000000003,154,509,641,0.18,274,0
2014,7,29,14,30,23.5,72,409,464,0.18,282,0
2014,7,29,15,30,22.900000000000002,172,376,485,0.18,292,0
2014,7,29,16,30,22.200000000000003,491,164,397,0.18,302,0
2014,7,29,17,30,20.700000000000003,344,113,214,0.18,306,0.1
2014,7,29,18,30,18.8,111,44,56,0.18,303,0.2
2014,7,29,19,30,17.7,0,0,0,0.18,303,0.2
2014,7,29,20,30,17.1,0,0,0,0.18,302,0.1
2014,7,29,21,30,16.6,0,0,0,0.18,302,0
2014,7,29,22,30,15.9,0,0,0,0.18,307,0
2014,7,29,23,30,15.200000000000001,0,0,0,0.18,308,0
2014,7,30,0,30,14.5,0,0,0,0.18,309,0
2014,7,30,1,30,13.9,0,0,0,0.18,313,0
2014,7,30,2,30,13.600000000000001,0,0,0,0.18,319,0
2014,7,30,3,30,13.3,0,0,0,0.18,317,0.2
2014,7,30,4,30,13.9,0,0,0,0.18,310,0.2
2014,7,30,5,30,15.8,0,49,49,0.18,299,0
2014,7,30,6,30,18.6,0,92,92,0.18,272,0
2014,7,30,7,30,21.200000000000003,21,233,243,0.18,253,0
2014,7,30,8,30,22.700000000000003,719,145,612,0.18,253,0
2014,7,30,9,30,23.8,771,161,761,0.18,255,0
2014,7,30,10,30,24.700000000000003,829,154,874,0.18,253,0
2014,7,30,11,30,25.3,856,148,929,0.18,247,0
2014,7,30,12,30,25.700000000000003,279,491,745,0.18,241,0
2014,7,30,13,30,25.700000000000003,520,370,817,0.18,240,0
2014,7,30,14,30,25.6,81,392,454,0.18,243,0
2014,7,30,15,30,25.200000000000003,255,339,501,0.18,247,0
2014,7,30,16,30,24.1,622,120,413,0.18,254,0
2014,7,30,17,30,22.200000000000003,475,87,227,0.18,264,0.2
2014,7,30,18,30,20.200000000000003,201,39,61,0.18,263,0.5
2014,7,30,19,30,18.900000000000002,0,0,0,0.21,246,0.7000000000000001
2014,7,30,20,30,17.6,0,0,0,0.21,227,0.6000000000000001
2014,7,30,21,30,16.3,0,0,0,0.21,217,0.4
2014,7,30,22,30,15.600000000000001,0,0,0,0.21,211,0.1
2014,7,30,23,30,15.3,0,0,0,0.21,205,0
2014,7,31,0,30,15,0,0,0,0.21,201,0
2014,7,31,1,30,14.700000000000001,0,0,0,0.21,201,0
2014,7,31,2,30,14.4,0,0,0,0.21,210,0.1
2014,7,31,3,30,14.3,0,0,0,0.21,219,0.2
2014,7,31,4,30,15.200000000000001,0,0,0,0.21,220,0.2
2014,7,31,5,30,17.5,6,54,55,0.21,203,0
2014,7,31,6,30,20.5,146,157,203,0.21,198,0
2014,7,31,7,30,23,587,135,423,0.21,208,0
2014,7,31,8,30,24.5,664,165,595,0.21,207,0
2014,7,31,9,30,25.400000000000002,521,297,701,0.21,206,0
2014,7,31,10,30,26.1,320,397,674,0.21,205,0
2014,7,31,11,30,26.8,594,303,844,0.21,204,0
2014,7,31,12,30,27.1,334,477,780,0.21,204,0
2014,7,31,13,30,27.1,167,483,626,0.21,206,0
2014,7,31,14,30,26.6,302,404,634,0.21,208,0
2014,7,31,15,30,25.900000000000002,307,331,524,0.21,207,0
2014,7,31,16,30,25,501,157,392,0.21,202,0
2014,7,31,17,30,23.3,0,72,72,0.21,195,0
2014,7,31,18,30,21.200000000000003,0,42,42,0.21,188,0
2014,7,31,19,30,23.1,0,0,0,0.18,295,0.30000000000000004
2014,7,31,20,30,22.5,0,0,0,0.18,272,0.2
2014,7,31,21,30,22,0,0,0,0.18,268,0.1
2014,7,31,22,30,21.700000000000003,0,0,0,0.18,290,0
2014,7,31,23,30,21.400000000000002,0,0,0,0.18,305,0
2019,8,1,0,30,21,0,0,0,0.18,311,0
2019,8,1,1,30,20.6,0,0,0,0.18,317,0
2019,8,1,2,30,20.200000000000003,0,0,0,0.18,321,0
2019,8,1,3,30,19.8,0,0,0,0.18,325,0
2019,8,1,4,30,19.8,0,0,0,0.18,331,0
2019,8,1,5,30,20.400000000000002,118,50,65,0.18,338,0
2019,8,1,6,30,22,41,139,152,0.18,348,0
2019,8,1,7,30,24.200000000000003,191,228,321,0.18,181,0
2019,8,1,8,30,26.200000000000003,361,261,494,0.18,5,0
2019,8,1,9,30,27.700000000000003,426,288,618,0.18,178,0
2019,8,1,10,30,28.900000000000002,685,192,784,0.18,346,0
2019,8,1,11,30,29.700000000000003,890,121,930,0.18,334,0
2019,8,1,12,30,30.3,896,116,928,0.18,326,0
2019,8,1,13,30,30.6,638,236,782,0.18,322,0
2019,8,1,14,30,30.3,734,165,724,0.18,321,0
2019,8,1,15,30,29.6,813,94,605,0.18,323,0
2019,8,1,16,30,28.3,734,81,424,0.18,328,0
2019,8,1,17,30,25.900000000000002,596,62,234,0.18,337,0.1
2019,8,1,18,30,23,317,32,65,0.18,345,0.1
2019,8,1,19,30,21.200000000000003,0,0,0,0.18,352,0.1
2019,8,1,20,30,20.400000000000002,0,0,0,0.18,182,0
2019,8,1,21,30,19.6,0,0,0,0.18,12,0
2019,8,1,22,30,19,0,0,0,0.18,19,0
2019,8,1,23,30,18.400000000000002,0,0,0,0.18,24,0
2019,8,2,0,30,18,0,0,0,0.18,26,0
2019,8,2,1,30,17.5,0,0,0,0.18,29,0
2019,8,2,2,30,17.1,0,0,0,0.18,31,0
2019,8,2,3,30,16.5,0,0,0,0.18,31,0
2019,8,2,4,30,16.900000000000002,0,0,0,0.18,31,0
2019,8,2,5,30,18.6,339,38,80,0.18,27,0
2019,8,2,6,30,21.5,601,69,254,0.18,31,0
2019,8,2,7,30,25.200000000000003,735,88,445,0.18,197,0
2019,8,2,8,30,27.8,811,102,624,0.18,340,0
2019,8,2,9,30,29.200000000000003,857,110,772,0.18,319,0
2019,8,2,10,30,29.900000000000002,885,115,878,0.18,307,0
2019,8,2,11,30,30.3,893,117,928,0.18,286,0
2019,8,2,12,30,30.900000000000002,880,124,920,0.18,261,0
2019,8,2,13,30,31.200000000000003,850,128,854,0.18,244,0
2019,8,2,14,30,31,813,124,741,0.18,236,0
2019,8,2,15,30,30.200000000000003,486,214,518,0.18,227,0
2019,8,2,16,30,28.6,206,216,312,0.18,212,0
2019,8,2,17,30,26.400000000000002,193,133,188,0.18,201,0
2019,8,2,18,30,24.200000000000003,79,41,49,0.18,198,0
2019,8,2,19,30,22.700000000000003,0,0,0,0.18,200,0
2019,8,2,20,30,21.8,0,0,0,0.18,202,0
2019,8,2,21,30,21.1,0,0,0,0.18,205,0
2019,8,2,22,30,20.6,0,0,0,0.18,209,0
2019,8,2,23,30,20.200000000000003,0,0,0,0.18,213,0
2019,8,3,0,30,19.8,0,0,0,0.18,215,0
2019,8,3,1,30,19.6,0,0,0,0.18,217,0
2019,8,3,2,30,19.5,0,0,0,0.18,216,0
2019,8,3,3,30,19.400000000000002,0,0,0,0.18,214,0
2019,8,3,4,30,20.3,0,0,0,0.18,215,0
2019,8,3,5,30,22.1,0,32,32,0.18,220,0
2019,8,3,6,30,24.1,19,139,145,0.18,225,0
2019,8,3,7,30,25.900000000000002,173,220,304,0.18,225,0
2019,8,3,8,30,27.400000000000002,51,289,322,0.18,220,0
2019,8,3,9,30,28.6,1,227,228,0.18,216,0
2019,8,3,10,30,29.400000000000002,490,325,747,0.18,215,0
2019,8,3,11,30,29.700000000000003,791,170,886,0.18,214,0
2019,8,3,12,30,29.8,454,347,757,0.18,212,0
2019,8,3,13,30,29.8,791,153,827,0.18,210,0
2019,8,3,14,30,29.700000000000003,579,228,666,0.18,210,0
2019,8,3,15,30,29.1,144,259,349,0.18,208,0
2019,8,3,16,30,28.1,17,148,156,0.18,205,0
2019,8,3,17,30,26.400000000000002,1,37,37,0.18,202,0
2019,8,3,18,30,24.5,2,35,35,0.18,203,0
2019,8,3,19,30,23.1,0,0,0,0.18,207,0
2019,8,3,20,30,22.400000000000002,0,0,0,0.18,212,0
2019,8,3,21,30,21.900000000000002,0,0,0,0.18,220,0
2019,8,3,22,30,21.6,0,0,0,0.18,226,0
2019,8,3,23,30,21.400000000000002,0,0,0,0.18,234,0
2019,8,4,0,30,21.200000000000003,0,0,0,0.18,245,0
2019,8,4,1,30,21,0,0,0,0.18,259,0
2019,8,4,2,30,20.8,0,0,0,0.18,273,0
2019,8,4,3,30,20.400000000000002,0,0,0,0.18,286,0
2019,8,4,4,30,20.3,0,0,0,0.18,297,0
2019,8,4,5,30,20.8,303,38,74,0.18,308,0
2019,8,4,6,30,22,543,77,241,0.18,327,0
2019,8,4,7,30,24.1,394,175,364,0.18,339,0
2019,8,4,8,30,26.6,769,112,604,0.18,337,0
2019,8,4,9,30,28.5,824,119,752,0.18,331,0
2019,8,4,10,30,29.700000000000003,841,131,853,0.18,325,0
2019,8,4,11,30,30.400000000000002,842,141,902,0.18,320,0
2019,8,4,12,30,30.6,838,142,897,0.18,318,0
2019,8,4,13,30,30.700000000000003,827,136,839,0.18,315,0
2019,8,4,14,30,30.5,92,266,335,0.18,313,0
2019,8,4,15,30,29.700000000000003,604,171,546,0.18,313,0
2019,8,4,16,30,28.400000000000002,579,120,386,0.18,318,0
2019,8,4,17,30,26.3,50,118,132,0.18,328,0
2019,8,4,18,30,23.900000000000002,175,33,50,0.18,339,0
2019,8,4,19,30,22.200000000000003,0,0,0,0.18,349,0
2019,8,4,20,30,21.200000000000003,0,0,0,0.18,179,0
2019,8,4,21,30,20.3,0,0,0,0.18,5,0
2019,8,4,22,30,19.6,0,0,0,0.18,9,0
2019,8,4,23,30,19.1,0,0,0,0.18,13,0
2019,8,5,0,30,18.6,0,0,0,0.18,17,0
2019,8,5,1,30,17.900000000000002,0,0,0,0.18,20,0
2019,8,5,2,30,17.3,0,0,0,0.18,24,0
2019,8,5,3,30,16.6,0,0,0,0.18,25,0
2019,8,5,4,30,16.5,0,0,0,0.18,25,0
2019,8,5,5,30,17.8,374,34,77,0.18,31,0
2019,8,5,6,30,20.400000000000002,421,107,233,0.18,41,0
2019,8,5,7,30,23.200000000000003,706,101,439,0.18,194,0
2019,8,5,8,30,25.400000000000002,849,90,631,0.18,320,0
2019,8,5,9,30,27.1,909,94,791,0.18,286,0
2019,8,5,10,30,28.3,859,131,867,0.18,266,0
2019,8,5,11,30,29.200000000000003,941,100,949,0.18,253,0
2019,8,5,12,30,29.900000000000002,752,190,866,0.18,246,0
2019,8,5,13,30,30.3,756,155,796,0.18,242,0
2019,8,5,14,30,30.3,883,99,763,0.18,241,0
2019,8,5,15,30,29.6,631,162,552,0.18,242,0
2019,8,5,16,30,28.400000000000002,766,75,424,0.18,236,0
2019,8,5,17,30,25.8,615,58,228,0.18,227,0.2
2019,8,5,18,30,22.6,11,43,44,0.18,218,0.4
2019,8,5,19,30,20.6,0,0,0,0.18,209,0.30000000000000004
2019,8,5,20,30,19.5,0,0,0,0.18,206,0.2
2019,8,5,21,30,18.6,0,0,0,0.18,206,0.1
2019,8,5,22,30,17.900000000000002,0,0,0,0.18,202,0.1
2019,8,5,23,30,17.5,0,0,0,0.18,194,0
2019,8,6,0,30,17.1,0,0,0,0.18,188,0
2019,8,6,1,30,16.900000000000002,0,0,0,0.18,184,0
2019,8,6,2,30,16.7,0,0,0,0.18,185,0
2019,8,6,3,30,16.6,0,0,0,0.18,184,0.2
2019,8,6,4,30,17.400000000000002,0,0,0,0.18,176,0.30000000000000004
2019,8,6,5,30,19.700000000000003,222,39,64,0.18,156,0.1
2019,8,6,6,30,22.3,75,140,162,0.18,142,0
2019,8,6,7,30,24.6,138,224,290,0.18,142,0
2019,8,6,8,30,26,384,243,487,0.18,144,0
2019,8,6,9,30,26.700000000000003,91,343,413,0.18,152,0
2019,8,6,10,30,26.900000000000002,223,400,591,0.18,155,0
2019,8,6,11,30,26.900000000000002,62,410,466,0.18,160,0
2019,8,6,12,30,26.8,67,392,452,0.18,170,0
2019,8,6,13,30,26.8,5,240,244,0.18,176,0
2019,8,6,14,30,26.6,285,338,552,0.18,178,0
2019,8,6,15,30,26,228,284,424,0.18,176,0
2019,8,6,16,30,25.1,24,178,189,0.18,172,0
2019,8,6,17,30,23.8,3,77,78,0.18,171,0
2019,8,6,18,30,22.3,60,32,37,0.18,175,0
2019,8,6,19,30,21.3,0,0,0,0.18,182,0
2019,8,6,20,30,20.700000000000003,0,0,0,0.18,188,0
2019,8,6,21,30,20.200000000000003,0,0,0,0.18,191,0
2019,8,6,22,30,19.900000000000002,0,0,0,0.18,192,0
2019,8,6,23,30,19.700000000000003,0,0,0,0.18,193,0
2019,8,7,0,30,19.700000000000003,0,0,0,0.18,195,0
2019,8,7,1,30,19.900000000000002,0,0,0,0.18,197,0
2019,8,7,2,30,20.3,0,0,0,0.18,198,0
2019,8,7,3,30,20.5,0,0,0,0.18,198,0
2019,8,7,4,30,20.8,0,0,0,0.18,193,0
2019,8,7,5,30,21.8,185,41,61,0.18,187,0
2019,8,7,6,30,23.400000000000002,285,112,196,0.18,187,0
2019,8,7,7,30,25,31,197,212,0.18,191,0
2019,8,7,8,30,26.5,7,165,169,0.18,191,0
2019,8,7,9,30,27.6,54,311,352,0.18,188,0
2019,8,7,10,30,28.400000000000002,46,343,382,0.18,183,0
2019,8,7,11,30,28.8,183,408,572,0.18,182,0
2019,8,7,12,30,28.8,751,189,861,0.18,182,0
2019,8,7,13,30,28.5,675,212,781,0.18,183,0
2019,8,7,14,30,27.8,256,344,535,0.18,181,0
2019,8,7,15,30,26.700000000000003,53,264,296,0.18,178,0
2019,8,7,16,30,25.400000000000002,0,23,23,0.18,174,0
2019,8,7,17,30,24,0,35,35,0.18,170,0
2019,8,7,18,30,23.1,0,9,9,0.18,169,0
2019,8,7,19,30,22.700000000000003,0,0,0,0.18,169,0
2019,8,7,20,30,22.5,0,0,0,0.18,170,0
2019,8,7,21,30,22.400000000000002,0,0,0,0.18,176,0
2019,8,7,22,30,22.1,0,0,0,0.18,186,0
2019,8,7,23,30,21.8,0,0,0,0.18,195,0
2019,8,8,0,30,21.5,0,0,0,0.18,199,0
2019,8,8,1,30,21.1,0,0,0,0.18,203,0
2019,8,8,2,30,20.6,0,0,0,0.18,204,0
2019,8,8,3,30,20.1,0,0,0,0.18,202,0
2019,8,8,4,30,20.1,0,0,0,0.18,205,0
2019,8,8,5,30,20.8,76,27,35,0.18,212,0
2019,8,8,6,30,21.700000000000003,530,73,228,0.18,225,0
2019,8,8,7,30,22.8,673,96,413,0.18,239,0
2019,8,8,8,30,24.8,761,111,591,0.18,244,0
2019,8,8,9,30,26.900000000000002,817,120,741,0.18,243,0
2019,8,8,10,30,28.200000000000003,847,125,846,0.18,237,0
2019,8,8,11,30,29.1,856,130,897,0.18,232,0
2019,8,8,12,30,29.700000000000003,856,128,892,0.18,228,0
2019,8,8,13,30,29.8,845,123,833,0.18,226,0
2019,8,8,14,30,29.5,811,117,721,0.18,225,0
2019,8,8,15,30,28.900000000000002,752,109,568,0.18,227,0
2019,8,8,16,30,27.700000000000003,655,95,387,0.18,227,0
2019,8,8,17,30,25.700000000000003,414,85,195,0.18,227,0
2019,8,8,18,30,23.700000000000003,0,22,22,0.18,231,0
2019,8,8,19,30,22.5,0,0,0,0.18,236,0
2019,8,8,20,30,21.6,0,0,0,0.18,239,0
2019,8,8,21,30,20.900000000000002,0,0,0,0.18,240,0
2019,8,8,22,30,20.400000000000002,0,0,0,0.18,240,0
2019,8,8,23,30,20,0,0,0,0.18,241,0
2019,8,9,0,30,19.8,0,0,0,0.18,245,0
2019,8,9,1,30,19.5,0,0,0,0.18,251,0
2019,8,9,2,30,19.1,0,0,0,0.18,257,0
2019,8,9,3,30,18.5,0,0,0,0.18,264,0
2019,8,9,4,30,18.6,0,0,0,0.18,271,0
2019,8,9,5,30,19.700000000000003,254,35,62,0.18,282,0
2019,8,9,6,30,21.5,630,60,243,0.18,295,0
2019,8,9,7,30,23.6,776,75,439,0.18,301,0
2019,8,9,8,30,25.3,855,84,622,0.18,298,0
2019,8,9,9,30,26.5,897,93,773,0.18,294,0
2019,8,9,10,30,27.400000000000002,918,98,877,0.18,290,0
2019,8,9,11,30,28,924,102,928,0.18,283,0
2019,8,9,12,30,28.5,911,108,919,0.18,275,0
2019,8,9,13,30,28.700000000000003,882,113,852,0.18,269,0
2019,8,9,14,30,28.400000000000002,393,283,575,0.18,267,0
2019,8,9,15,30,27.700000000000003,400,169,412,0.18,269,0
2019,8,9,16,30,26.200000000000003,676,93,393,0.18,274,0
2019,8,9,17,30,24.1,348,86,177,0.18,284,0
2019,8,9,18,30,22,92,28,35,0.18,296,0
2019,8,9,19,30,20.6,0,0,0,0.18,305,0
2019,8,9,20,30,19.400000000000002,0,0,0,0.18,309,0
2019,8,9,21,30,18.1,0,0,0,0.18,309,0
2019,8,9,22,30,17.3,0,0,0,0.18,310,0
2019,8,9,23,30,16.8,0,0,0,0.18,305,0.1
2019,8,10,0,30,16.6,0,0,0,0.18,294,0.1
2019,8,10,1,30,16.6,0,0,0,0.18,283,0
2019,8,10,2,30,16.5,0,0,0,0.18,275,0
2019,8,10,3,30,16.1,0,0,0,0.18,272,0
2019,8,10,4,30,16.2,0,0,0,0.18,270,0
2019,8,10,5,30,17.7,330,31,65,0.18,271,0
2019,8,10,6,30,20,626,60,240,0.18,280,0
2019,8,10,7,30,22,763,78,434,0.18,285,0
2019,8,10,8,30,23.5,836,91,615,0.18,283,0
2019,8,10,9,30,24.700000000000003,863,107,760,0.18,281,0
2019,8,10,10,30,25.6,867,124,858,0.18,280,0
2019,8,10,11,30,26.200000000000003,835,151,895,0.18,281,0
2019,8,10,12,30,26.400000000000002,450,301,701,0.18,285,0
2019,8,10,13,30,26.200000000000003,434,244,607,0.18,292,0
2019,8,10,14,30,25.6,670,193,688,0.18,300,0
2019,8,10,15,30,24.8,2,152,153,0.18,308,0
2019,8,10,16,30,23.6,496,132,350,0.18,312,0
2019,8,10,17,30,22,432,82,194,0.18,313,0
2019,8,10,18,30,19.900000000000002,261,25,44,0.18,310,0
2019,8,10,19,30,18,0,0,0,0.18,305,0
2019,8,10,20,30,16.8,0,0,0,0.18,298,0
2019,8,10,21,30,16.1,0,0,0,0.18,292,0
2019,8,10,22,30,15.5,0,0,0,0.18,290,0
2019,8,10,23,30,15,0,0,0,0.18,293,0
2019,8,11,0,30,14.600000000000001,0,0,0,0.18,295,0
2019,8,11,1,30,14.100000000000001,0,0,0,0.18,296,0
2019,8,11,2,30,13.700000000000001,0,0,0,0.18,297,0
2019,8,11,3,30,13.3,0,0,0,0.18,299,0
2019,8,11,4,30,13.600000000000001,0,0,0,0.18,300,0
2019,8,11,5,30,15.3,374,29,66,0.18,302,0
2019,8,11,6,30,18.3,668,52,242,0.18,314,0
2019,8,11,7,30,21.1,800,65,436,0.18,324,0
2019,8,11,8,30,23,871,74,618,0.18,318,0
2019,8,11,9,30,24.400000000000002,906,84,767,0.18,309,0
2019,8,11,10,30,25.6,627,215,744,0.18,301,0
2019,8,11,11,30,26.400000000000002,319,300,584,0.18,297,0
2019,8,11,12,30,27,549,237,723,0.18,295,0
2019,8,11,13,30,27.200000000000003,780,164,814,0.18,296,0
2019,8,11,14,30,27,492,244,606,0.18,299,0
2019,8,11,15,30,26.1,438,213,476,0.18,303,0
2019,8,11,16,30,24.8,491,138,352,0.18,306,0
2019,8,11,17,30,22.700000000000003,494,68,194,0.18,310,0
2019,8,11,18,30,20.3,196,25,39,0.18,314,0.1
2019,8,11,19,30,18.7,0,0,0,0.18,317,0.1
2019,8,11,20,30,18,0,0,0,0.18,315,0.30000000000000004
2019,8,11,21,30,17.6,0,0,0,0.18,305,0.30000000000000004
2019,8,11,22,30,17.1,0,0,0,0.18,291,0.30000000000000004
2019,8,11,23,30,16.7,0,0,0,0.18,279,0.30000000000000004
2019,8,12,0,30,16.2,0,0,0,0.18,273,0.30000000000000004
2019,8,12,1,30,15.700000000000001,0,0,0,0.18,272,0.2
2019,8,12,2,30,15.4,0,0,0,0.18,275,0.1
2019,8,12,3,30,15.100000000000001,0,0,0,0.18,280,0.1
2019,8,12,4,30,15.5,0,0,0,0.18,281,0.1
2019,8,12,5,30,17.6,312,31,61,0.18,275,0
2019,8,12,6,30,20.900000000000002,606,60,231,0.18,267,0
2019,8,12,7,30,24.1,745,78,422,0.18,269,0
2019,8,12,8,30,26.3,822,91,602,0.18,271,0
2019,8,12,9,30,27.6,868,98,751,0.18,266,0
2019,8,12,10,30,28.5,896,101,856,0.18,262,0
2019,8,12,11,30,29.3,905,103,906,0.18,261,0
2019,8,12,12,30,30.200000000000003,748,186,846,0.18,259,0
2019,8,12,13,30,30.700000000000003,671,218,775,0.18,256,0
2019,8,12,14,30,30.5,448,261,589,0.18,255,0
2019,8,12,15,30,29.700000000000003,768,100,559,0.18,251,0
2019,8,12,16,30,28.3,619,101,369,0.18,243,0
2019,8,12,17,30,25.900000000000002,255,99,163,0.18,235,0.1
2019,8,12,18,30,23.700000000000003,0,22,22,0.18,226,0.1
2019,8,12,19,30,22.900000000000002,0,0,0,0.18,221,0
2019,8,12,20,30,22.400000000000002,0,0,0,0.18,223,0
2019,8,12,21,30,21.700000000000003,0,0,0,0.18,223,0
2019,8,12,22,30,21.3,0,0,0,0.18,221,0
2019,8,12,23,30,21.200000000000003,0,0,0,0.18,219,0
2019,8,13,0,30,21.1,0,0,0,0.18,217,0
2019,8,13,1,30,20.900000000000002,0,0,0,0.18,215,0
2019,8,13,2,30,20.6,0,0,0,0.18,217,0
2019,8,13,3,30,20.6,0,0,0,0.18,222,0
2019,8,13,4,30,20.700000000000003,0,0,0,0.18,223,0
2019,8,13,5,30,21.200000000000003,89,26,34,0.18,210,0
2019,8,13,6,30,22.400000000000002,0,41,41,0.18,199,0
2019,8,13,7,30,24,6,99,102,0.18,204,0
2019,8,13,8,30,25.5,4,183,185,0.18,210,0
2019,8,13,9,30,26.400000000000002,1,133,134,0.18,212,0
2019,8,13,10,30,26.3,0,151,151,0.18,213,0
2019,8,13,11,30,25.8,1,161,162,0.18,213,0
2019,8,13,12,30,25.6,0,146,146,0.18,213,0
2019,8,13,13,30,25.700000000000003,1,177,178,0.18,212,0
2019,8,13,14,30,25.700000000000003,0,113,113,0.18,212,0
2019,8,13,15,30,25.5,174,282,385,0.18,211,0
2019,8,13,16,30,24.900000000000002,146,191,254,0.18,206,0
2019,8,13,17,30,23.8,16,77,81,0.18,200,0
2019,8,13,18,30,22.6,0,15,15,0.18,200,0
2019,8,13,19,30,21.900000000000002,0,0,0,0.18,202,0
2019,8,13,20,30,21.400000000000002,0,0,0,0.18,208,0
2019,8,13,21,30,20.900000000000002,0,0,0,0.18,223,0
2019,8,13,22,30,20.400000000000002,0,0,0,0.18,249,0.1
2019,8,13,23,30,20.200000000000003,0,0,0,0.18,280,0.2
2019,8,14,0,30,19.900000000000002,0,0,0,0.18,314,0.2
2019,8,14,1,30,19.700000000000003,0,0,0,0.18,167,0.1
2019,8,14,2,30,19.700000000000003,0,0,0,0.18,9,0
2019,8,14,3,30,19.700000000000003,0,0,0,0.18,15,0
2019,8,14,4,30,19.900000000000002,0,0,0,0.18,19,0
2019,8,14,5,30,20.400000000000002,0,15,15,0.18,24,0
2019,8,14,6,30,21.1,179,73,122,0.18,32,0
2019,8,14,7,30,22.1,50,132,155,0.18,40,0
2019,8,14,8,30,23.700000000000003,0,144,144,0.18,39,0
2019,8,14,9,30,25.6,50,337,374,0.18,36,0
2019,8,14,10,30,27,382,345,665,0.18,35,0
2019,8,14,11,30,28.1,376,360,692,0.18,36,0
2019,8,14,12,30,28.700000000000003,165,449,594,0.18,37,0
2019,8,14,13,30,28.900000000000002,4,226,229,0.18,40,0
2019,8,14,14,30,28.900000000000002,39,278,306,0.18,50,0
2019,8,14,15,30,28.5,68,286,326,0.18,66,0
2019,8,14,16,30,27.700000000000003,317,147,282,0.18,76,0
2019,8,14,17,30,25.900000000000002,401,75,172,0.18,78,0.2
2019,8,14,18,30,23.900000000000002,115,21,28,0.18,81,0.30000000000000004
2019,8,14,19,30,22.700000000000003,0,0,0,0.18,94,0.30000000000000004
2019,8,14,20,30,21.900000000000002,0,0,0,0.18,116,0.2
2019,8,14,21,30,21,0,0,0,0.18,134,0.2
2019,8,14,22,30,20.3,0,0,0,0.18,136,0.1
2019,8,14,23,30,19.700000000000003,0,0,0,0.18,133,0.1
2019,8,15,0,30,19.3,0,0,0,0.18,120,0
2019,8,15,1,30,19,0,0,0,0.18,110,0
2019,8,15,2,30,18.400000000000002,0,0,0,0.18,108,0.1
2019,8,15,3,30,17.7,0,0,0,0.18,90,0.2
2019,8,15,4,30,17.5,0,0,0,0.18,68,0.1
2019,8,15,5,30,18.8,0,27,27,0.18,54,0
2019,8,15,6,30,21.3,2,87,88,0.18,54,0
2019,8,15,7,30,23.900000000000002,655,100,397,0.18,69,0
2019,8,15,8,30,26.1,746,115,574,0.18,91,0
2019,8,15,9,30,27.8,811,121,725,0.18,116,0
2019,8,15,10,30,29,850,120,830,0.18,134,0
2019,8,15,11,30,29.6,857,127,881,0.18,144,0
2019,8,15,12,30,30,853,129,876,0.18,154,0
2019,8,15,13,30,30.400000000000002,750,171,788,0.18,160,0
2019,8,15,14,30,30.3,792,124,697,0.18,158,0
2019,8,15,15,30,29.5,726,115,542,0.18,154,0
2019,8,15,16,30,28.200000000000003,530,121,345,0.18,150,0
2019,8,15,17,30,25.900000000000002,355,77,162,0.18,142,0.1
2019,8,15,18,30,23.6,94,21,26,0.18,146,0.1
2019,8,15,19,30,22.3,0,0,0,0.18,160,0
2019,8,15,20,30,21.3,0,0,0,0.18,164,0
2019,8,15,21,30,20.200000000000003,0,0,0,0.18,162,0
2019,8,15,22,30,19.200000000000003,0,0,0,0.18,153,0
2019,8,15,23,30,18.3,0,0,0,0.18,145,0.2
2019,8,16,0,30,17.7,0,0,0,0.18,140,0.30000000000000004
2019,8,16,1,30,17.3,0,0,0,0.18,131,0.4
2019,8,16,2,30,16.8,0,0,0,0.18,126,0.30000000000000004
2019,8,16,3,30,16.400000000000002,0,0,0,0.18,126,0.30000000000000004
2019,8,16,4,30,16.7,0,0,0,0.18,125,0.2
2019,8,16,5,30,18.400000000000002,225,30,49,0.18,126,0.1
2019,8,16,6,30,20.700000000000003,550,65,214,0.18,137,0
2019,8,16,7,30,23.3,713,83,405,0.18,157,0
2019,8,16,8,30,25.900000000000002,796,96,584,0.18,169,0
2019,8,16,9,30,28,841,107,731,0.18,168,0
2019,8,16,10,30,29.5,864,113,833,0.18,162,0
2019,8,16,11,30,30.5,870,118,881,0.18,160,0
2019,8,16,12,30,31.1,855,125,871,0.18,160,0
2019,8,16,13,30,31.3,796,143,795,0.18,160,0
2019,8,16,14,30,30.700000000000003,740,145,678,0.18,160,0
2019,8,16,15,30,29.5,712,116,532,0.18,162,0
2019,8,16,16,30,28,608,98,352,0.18,162,0
2019,8,16,17,30,26,429,68,169,0.18,161,0
2019,8,16,18,30,23.8,98,20,25,0.18,159,0
2019,8,16,19,30,22.3,0,0,0,0.18,157,0
2019,8,16,20,30,21.200000000000003,0,0,0,0.18,155,0
2019,8,16,21,30,20.3,0,0,0,0.18,152,0
2019,8,16,22,30,19.6,0,0,0,0.18,149,0
2019,8,16,23,30,19.200000000000003,0,0,0,0.18,148,0
2019,8,17,0,30,18.900000000000002,0,0,0,0.18,149,0
2019,8,17,1,30,18.8,0,0,0,0.18,150,0
2019,8,17,2,30,18.8,0,0,0,0.18,150,0
2019,8,17,3,30,18.8,0,0,0,0.18,148,0
2019,8,17,4,30,19.1,0,0,0,0.18,144,0
2019,8,17,5,30,20,166,31,44,0.18,136,0
2019,8,17,6,30,21.900000000000002,298,59,139,0.18,140,0
2019,8,17,7,30,24,0,86,86,0.18,155,0
2019,8,17,8,30,25.900000000000002,648,127,522,0.18,163,0
2019,8,17,9,30,27.700000000000003,470,220,568,0.18,166,0
2019,8,17,10,30,29,20,335,352,0.18,167,0
2019,8,17,11,30,29.700000000000003,1,237,238,0.18,167,0
2019,8,17,12,30,29.700000000000003,24,292,313,0.18,167,0
2019,8,17,13,30,29.200000000000003,517,258,680,0.18,166,0
2019,8,17,14,30,28.3,761,130,676,0.18,164,0
2019,8,17,15,30,27.3,686,123,521,0.18,164,0
2019,8,17,16,30,26.3,477,131,329,0.18,164,0
2019,8,17,17,30,24.900000000000002,253,91,149,0.18,162,0
2019,8,17,18,30,23.6,0,15,15,0.18,159,0
2019,8,17,19,30,22.8,0,0,0,0.18,160,0
2019,8,17,20,30,22.200000000000003,0,0,0,0.18,163,0
2019,8,17,21,30,21.700000000000003,0,0,0,0.18,170,0
2019,8,17,22,30,21.5,0,0,0,0.18,186,0
2019,8,17,23,30,21.400000000000002,0,0,0,0.18,201,0
2019,8,18,0,30,21.1,0,0,0,0.18,213,0
2019,8,18,1,30,20.8,0,0,0,0.18,224,0
2019,8,18,2,30,20.400000000000002,0,0,0,0.18,234,0
2019,8,18,3,30,20.1,0,0,0,0.18,238,0
2019,8,18,4,30,20.200000000000003,0,0,0,0.18,241,0
2019,8,18,5,30,21.200000000000003,1,28,28,0.18,245,0
2019,8,18,6,30,23.1,58,108,123,0.18,253,0
2019,8,18,7,30,25.400000000000002,110,202,251,0.18,257,0
2019,8,18,8,30,27.3,536,184,510,0.18,252,0
2019,8,18,9,30,29.1,617,181,636,0.18,245,0
2019,8,18,10,30,30.6,802,139,803,0.18,236,0
2019,8,18,11,30,31.400000000000002,839,128,860,0.18,227,0
2019,8,18,12,30,31.900000000000002,820,137,848,0.18,222,0
2019,8,18,13,30,32.1,780,146,780,0.18,220,0
2019,8,18,14,30,31.900000000000002,605,204,636,0.18,219,0
2019,8,18,15,30,31.200000000000003,146,298,382,0.18,216,0
2019,8,18,16,30,30,108,187,231,0.18,208,0
2019,8,18,17,30,27.8,12,67,70,0.18,198,0.1
2019,8,18,18,30,25.6,0,9,9,0.18,188,0
2019,8,18,19,30,24.5,0,0,0,0.18,184,0
2019,8,18,20,30,23.700000000000003,0,0,0,0.18,186,0
2019,8,18,21,30,23.200000000000003,0,0,0,0.18,187,0
2019,8,18,22,30,22.8,0,0,0,0.18,189,0
2019,8,18,23,30,22.5,0,0,0,0.18,197,0
2019,8,19,0,30,22.3,0,0,0,0.18,206,0
2019,8,19,1,30,22.1,0,0,0,0.18,212,0
2019,8,19,2,30,21.8,0,0,0,0.18,215,0
2019,8,19,3,30,21.700000000000003,0,0,0,0.18,216,0
2019,8,19,4,30,21.900000000000002,0,0,0,0.18,214,0
2019,8,19,5,30,22.900000000000002,0,12,12,0.18,209,0
2019,8,19,6,30,24.1,132,91,126,0.18,209,0
2019,8,19,7,30,25.5,565,119,370,0.18,218,0
2019,8,19,8,30,27.400000000000002,667,140,544,0.18,223,0
2019,8,19,9,30,29.5,748,143,693,0.18,221,0
2019,8,19,10,30,31.1,797,141,799,0.18,217,0
2019,8,19,11,30,31.8,797,153,846,0.18,217,0
2019,8,19,12,30,32,800,151,842,0.18,219,0
2019,8,19,13,30,32.1,468,269,648,0.18,221,0
2019,8,19,14,30,31.700000000000003,678,166,648,0.18,224,0
2019,8,19,15,30,30.700000000000003,175,232,332,0.18,226,0
2019,8,19,16,30,29.1,1,39,39,0.18,224,0
2019,8,19,17,30,27.1,225,87,137,0.18,227,0
2019,8,19,18,30,25.200000000000003,0,11,11,0.18,237,0
2019,8,19,19,30,24.1,0,0,0,0.18,250,0
2019,8,19,20,30,23.200000000000003,0,0,0,0.18,266,0
2019,8,19,21,30,22.6,0,0,0,0.18,281,0
2019,8,19,22,30,22.200000000000003,0,0,0,0.18,296,0
2019,8,19,23,30,22,0,0,0,0.18,310,0
2019,8,20,0,30,21.400000000000002,0,0,0,0.18,321,0
2019,8,20,1,30,20.700000000000003,0,0,0,0.18,327,0
2019,8,20,2,30,20,0,0,0,0.18,329,0
2019,8,20,3,30,19.3,0,0,0,0.18,328,0
2019,8,20,4,30,19.3,0,0,0,0.18,325,0
2019,8,20,5,30,20.400000000000002,232,26,43,0.18,323,0
2019,8,20,6,30,22.900000000000002,575,59,208,0.18,333,0
2019,8,20,7,30,25.900000000000002,739,76,402,0.18,345,0
2019,8,20,8,30,28.3,829,88,587,0.18,334,0
2019,8,20,9,30,29.900000000000002,887,91,741,0.18,314,0
2019,8,20,10,30,30.900000000000002,923,92,851,0.18,298,0
2019,8,20,11,30,31.700000000000003,934,94,903,0.18,286,0
2019,8,20,12,30,32.300000000000004,932,93,896,0.18,276,0
2019,8,20,13,30,32.4,917,91,831,0.18,269,0
2019,8,20,14,30,32.1,885,86,712,0.18,264,0
2019,8,20,15,30,31.5,831,79,552,0.18,257,0
2019,8,20,16,30,30.1,735,67,363,0.18,250,0.1
2019,8,20,17,30,27.8,548,50,169,0.18,238,0.4
2019,8,20,18,30,25.8,126,14,18,0.18,221,0.6000000000000001
2019,8,20,19,30,24.5,0,0,0,0.18,203,0.5
2019,8,20,20,30,23.200000000000003,0,0,0,0.18,191,0.4
2019,8,20,21,30,22.1,0,0,0,0.18,192,0.30000000000000004
2019,8,20,22,30,21.3,0,0,0,0.18,197,0.2
2019,8,20,23,30,20.900000000000002,0,0,0,0.18,202,0.1
2019,8,21,0,30,20.6,0,0,0,0.18,203,0
2019,8,21,1,30,20.5,0,0,0,0.18,201,0
2019,8,21,2,30,20.400000000000002,0,0,0,0.18,197,0
2019,8,21,3,30,20.400000000000002,0,0,0,0.18,196,0
2019,8,21,4,30,20.700000000000003,0,0,0,0.18,193,0
2019,8,21,5,30,21.5,0,14,14,0.18,181,0
2019,8,21,6,30,22.6,1,49,49,0.18,166,0
2019,8,21,7,30,23.8,22,164,174,0.18,162,0
2019,8,21,8,30,24.900000000000002,164,270,368,0.18,165,0
2019,8,21,9,30,25.8,138,381,482,0.18,168,0
2019,8,21,10,30,26.6,133,380,489,0.18,171,0
2019,8,21,11,30,27.3,180,415,570,0.18,174,0
2019,8,21,12,30,27.8,1,117,118,0.18,179,0
2019,8,21,13,30,27.900000000000002,0,30,30,0.18,184,0
2019,8,21,14,30,27.5,33,317,340,0.18,187,0
2019,8,21,15,30,26.6,8,177,182,0.18,188,0
2019,8,21,16,30,25.400000000000002,40,82,98,0.18,187,0
2019,8,21,17,30,24.200000000000003,1,37,37,0.18,181,0
2019,8,21,18,30,23.5,0,3,3,0.18,183,0
2019,8,21,19,30,23.1,0,0,0,0.18,197,0
2019,8,21,20,30,22.900000000000002,0,0,0,0.18,213,0
2019,8,21,21,30,22.700000000000003,0,0,0,0.18,228,0
2019,8,21,22,30,22.400000000000002,0,0,0,0.18,236,0
2019,8,21,23,30,22,0,0,0,0.18,234,0
2019,8,22,0,30,21.700000000000003,0,0,0,0.18,227,0
2019,8,22,1,30,21.6,0,0,0,0.18,223,0
2019,8,22,2,30,21.400000000000002,0,0,0,0.18,222,0
2019,8,22,3,30,21.400000000000002,0,0,0,0.18,220,0
2019,8,22,4,30,21.6,0,0,0,0.18,220,0
2019,8,22,5,30,22.400000000000002,4,21,21,0.18,218,0
2019,8,22,6,30,24.5,5,94,95,0.18,235,0
2019,8,22,7,30,27,18,184,192,0.18,261,0
2019,8,22,8,30,28.5,425,185,439,0.18,267,0
2019,8,22,9,30,29.8,407,261,557,0.18,268,0
2019,8,22,10,30,30.900000000000002,608,214,711,0.18,271,0
2019,8,22,11,30,31.6,782,153,826,0.18,273,0
2019,8,22,12,30,32,298,240,495,0.18,274,0
2019,8,22,13,30,31.900000000000002,783,143,770,0.18,273,0
2019,8,22,14,30,31.3,301,295,506,0.18,272,0
2019,8,22,15,30,30.1,443,165,414,0.18,273,0
2019,8,22,16,30,28.6,3,88,89,0.18,276,0
2019,8,22,17,30,26.6,10,83,85,0.18,283,0
2019,8,22,18,30,25,21,9,9,0.18,295,0
2019,8,22,19,30,24.1,0,0,0,0.18,307,0
2019,8,22,20,30,23.200000000000003,0,0,0,0.18,319,0
2019,8,22,21,30,22.200000000000003,0,0,0,0.18,327,0
2019,8,22,22,30,21.3,0,0,0,0.18,326,0
2019,8,22,23,30,20.400000000000002,0,0,0,0.18,328,0
2019,8,23,0,30,19.400000000000002,0,0,0,0.18,327,0
2019,8,23,1,30,18.5,0,0,0,0.18,321,0
2019,8,23,2,30,18,0,0,0,0.18,324,0
2019,8,23,3,30,17.8,0,0,0,0.18,327,0
2019,8,23,4,30,17.6,0,0,0,0.18,324,0
2019,8,23,5,30,17.900000000000002,0,9,9,0.18,327,0
2019,8,23,6,30,18.7,0,24,24,0.18,339,0
2019,8,23,7,30,20.1,1,71,71,0.18,347,0
2019,8,23,8,30,22.1,14,215,223,0.18,348,0
2019,8,23,9,30,24.1,228,371,536,0.18,347,0
2019,8,23,10,30,25.400000000000002,2,253,255,0.18,343,0
2019,8,23,11,30,26.1,7,310,316,0.18,338,0
2019,8,23,12,30,26.3,157,439,573,0.18,331,0
2019,8,23,13,30,26,51,343,384,0.18,324,0
2019,8,23,14,30,25.400000000000002,265,342,527,0.18,323,0
2019,8,23,15,30,24.400000000000002,12,167,174,0.18,328,0
2019,8,23,16,30,23.3,1,68,68,0.18,332,0
2019,8,23,17,30,21.6,1,59,59,0.18,337,0
2019,8,23,18,30,20,0,7,7,0.18,343,0
2019,8,23,19,30,19.200000000000003,0,0,0,0.18,347,0
2019,8,23,20,30,18.3,0,0,0,0.18,350,0
2019,8,23,21,30,17.400000000000002,0,0,0,0.18,176,0
2019,8,23,22,30,17,0,0,0,0.18,1,0
2019,8,23,23,30,16.5,0,0,0,0.18,181,0
2019,8,24,0,30,15.700000000000001,0,0,0,0.18,356,0
2019,8,24,1,30,15,0,0,0,0.18,351,0
2019,8,24,2,30,14.600000000000001,0,0,0,0.18,349,0
2019,8,24,3,30,14,0,0,0,0.18,346,0
2019,8,24,4,30,13.700000000000001,0,0,0,0.18,341,0
2019,8,24,5,30,14.600000000000001,250,22,37,0.18,341,0
2019,8,24,6,30,17,630,52,208,0.18,174,0
2019,8,24,7,30,19.3,790,67,407,0.18,6,0
2019,8,24,8,30,21.1,871,76,592,0.18,6,0
2019,8,24,9,30,22.5,912,85,744,0.18,10,0
2019,8,24,10,30,23.700000000000003,932,92,849,0.18,17,0
2019,8,24,11,30,24.700000000000003,939,95,898,0.18,25,0
2019,8,24,12,30,25.400000000000002,931,97,887,0.18,33,0
2019,8,24,13,30,25.700000000000003,907,98,818,0.18,41,0
2019,8,24,14,30,25.5,355,289,535,0.18,47,0
2019,8,24,15,30,24.900000000000002,52,283,312,0.18,52,0
2019,8,24,16,30,23.6,304,149,266,0.18,58,0
2019,8,24,17,30,21.700000000000003,337,67,134,0.18,65,0
2019,8,24,18,30,20.200000000000003,30,8,8,0.18,73,0
2019,8,24,19,30,19.5,0,0,0,0.18,82,0
2019,8,24,20,30,18.8,0,0,0,0.18,88,0
2019,8,24,21,30,17.7,0,0,0,0.18,87,0
2019,8,24,22,30,16.7,0,0,0,0.18,79,0
2019,8,24,23,30,15.8,0,0,0,0.18,66,0
2019,8,25,0,30,15.100000000000001,0,0,0,0.18,51,0
2019,8,25,1,30,14.600000000000001,0,0,0,0.18,38,0
2019,8,25,2,30,14.100000000000001,0,0,0,0.18,29,0
2019,8,25,3,30,13.8,0,0,0,0.18,24,0
2019,8,25,4,30,14,0,0,0,0.18,23,0
2019,8,25,5,30,15.4,175,22,32,0.18,27,0
2019,8,25,6,30,17.5,600,54,201,0.18,36,0
2019,8,25,7,30,19.3,765,71,398,0.18,43,0
2019,8,25,8,30,20.900000000000002,849,82,582,0.18,45,0
2019,8,25,9,30,22.400000000000002,887,95,733,0.18,48,0
2019,8,25,10,30,23.5,900,109,837,0.18,52,0
2019,8,25,11,30,24.200000000000003,908,112,886,0.18,56,0
2019,8,25,12,30,24.6,47,395,435,0.18,62,0
2019,8,25,13,30,24.6,137,384,492,0.18,67,0
2019,8,25,14,30,24.200000000000003,150,288,391,0.18,70,0
2019,8,25,15,30,23.3,774,101,526,0.18,72,0
2019,8,25,16,30,22,441,110,278,0.18,74,0
2019,8,25,17,30,19.8,469,56,147,0.18,75,0
2019,8,25,18,30,17.5,53,8,9,0.18,75,0
2019,8,25,19,30,15.9,0,0,0,0.18,69,0
2019,8,25,20,30,14.600000000000001,0,0,0,0.18,60,0
2019,8,25,21,30,13.3,0,0,0,0.18,49,0
2019,8,25,22,30,12.3,0,0,0,0.18,39,0
2019,8,25,23,30,11.700000000000001,0,0,0,0.18,34,0
2019,8,26,0,30,11.3,0,0,0,0.18,33,0
2019,8,26,1,30,11,0,0,0,0.18,29,0
2019,8,26,2,30,10.700000000000001,0,0,0,0.18,22,0
2019,8,26,3,30,10.4,0,0,0,0.18,16,0
2019,8,26,4,30,10.4,0,0,0,0.18,11,0
2019,8,26,5,30,11.8,204,22,33,0.18,14,0
2019,8,26,6,30,14.600000000000001,598,55,200,0.18,30,0
2019,8,26,7,30,17.7,770,71,398,0.18,47,0
2019,8,26,8,30,20.200000000000003,856,82,584,0.18,54,0
2019,8,26,9,30,22.1,902,90,736,0.18,58,0
2019,8,26,10,30,23.5,923,96,840,0.18,62,0
2019,8,26,11,30,24.6,932,99,890,0.18,67,0
2019,8,26,12,30,25.400000000000002,927,99,880,0.18,72,0
2019,8,26,13,30,25.700000000000003,857,121,795,0.18,76,0
2019,8,26,14,30,25.5,875,92,691,0.18,79,0
2019,8,26,15,30,25,817,83,528,0.18,81,0
2019,8,26,16,30,23.6,717,69,339,0.18,84,0
2019,8,26,17,30,20.5,517,48,146,0.18,88,0.2
2019,8,26,18,30,17.7,52,7,7,0.18,95,0.30000000000000004
2019,8,26,19,30,16.400000000000002,0,0,0,0.18,108,0.2
2019,8,26,20,30,15.4,0,0,0,0.18,129,0.2
2019,8,26,21,30,14.4,0,0,0,0.18,147,0.2
2019,8,26,22,30,13.700000000000001,0,0,0,0.18,159,0.30000000000000004
2019,8,26,23,30,13.3,0,0,0,0.18,173,0.4
2019,8,27,0,30,13,0,0,0,0.18,194,0.5
2019,8,27,1,30,12.9,0,0,0,0.18,216,0.6000000000000001
2019,8,27,2,30,12.600000000000001,0,0,0,0.18,234,0.6000000000000001
2019,8,27,3,30,12.4,0,0,0,0.18,247,0.6000000000000001
2019,8,27,4,30,12.4,0,0,0,0.18,257,0.5
2019,8,27,5,30,13.8,189,21,31,0.18,265,0.2
2019,8,27,6,30,16.1,581,56,195,0.18,196,0
2019,8,27,7,30,18,561,117,354,0.18,134,0
2019,8,27,8,30,19.3,315,251,435,0.18,150,0
2019,8,27,9,30,20.5,514,226,593,0.18,156,0
2019,8,27,10,30,21.6,282,351,578,0.18,157,0
2019,8,27,11,30,22,282,357,596,0.18,161,0
2019,8,27,12,30,22.1,116,326,423,0.18,168,0
2019,8,27,13,30,22.200000000000003,645,208,713,0.18,171,0
2019,8,27,14,30,22.400000000000002,284,281,474,0.18,172,0
2019,8,27,15,30,22.400000000000002,76,274,315,0.18,174,0
2019,8,27,16,30,21.6,22,166,174,0.18,173,0
2019,8,27,17,30,19.400000000000002,464,49,135,0.18,171,0
2019,8,27,18,30,17.900000000000002,0,3,3,0.18,171,0
2019,8,27,19,30,17.5,0,0,0,0.18,174,0
2019,8,27,20,30,16.900000000000002,0,0,0,0.18,178,0
2019,8,27,21,30,16.2,0,0,0,0.18,183,0
2019,8,27,22,30,15.600000000000001,0,0,0,0.18,183,0
2019,8,27,23,30,15.200000000000001,0,0,0,0.18,177,0.1
2019,8,28,0,30,14.8,0,0,0,0.18,172,0.1
2019,8,28,1,30,14.5,0,0,0,0.18,170,0.2
2019,8,28,2,30,14.200000000000001,0,0,0,0.18,169,0.1
2019,8,28,3,30,14.200000000000001,0,0,0,0.18,166,0
2019,8,28,4,30,14.600000000000001,0,0,0,0.18,163,0
2019,8,28,5,30,16.6,34,13,15,0.18,155,0
2019,8,28,6,30,19.700000000000003,494,60,177,0.18,155,0
2019,8,28,7,30,22.200000000000003,583,91,335,0.18,162,0
2019,8,28,8,30,23.5,465,174,444,0.18,160,0
2019,8,28,9,30,23.700000000000003,491,231,580,0.18,156,0
2019,8,28,10,30,23.5,375,283,583,0.18,150,0
2019,8,28,11,30,23.400000000000002,2,277,279,0.18,143,0
2019,8,28,12,30,23.700000000000003,1,203,204,0.18,136,0
2019,8,28,13,30,24,3,181,183,0.18,132,0
2019,8,28,14,30,23.6,1,130,131,0.18,129,0
2019,8,28,15,30,23,3,103,105,0.18,129,0
2019,8,28,16,30,22.6,0,15,15,0.18,129,0
2019,8,28,17,30,21.700000000000003,0,11,11,0.18,223,0
2019,8,28,18,30,21,0,1,1,0.18,334,0.1
2019,8,28,19,30,20.5,0,0,0,0.18,336,0.1
2019,8,28,20,30,20.1,0,0,0,0.18,276,0.1
2019,8,28,21,30,19.8,0,0,0,0.18,249,0
2019,8,28,22,30,19.6,0,0,0,0.18,298,0
2019,8,28,23,30,19.3,0,0,0,0.18,327,0
2019,8,29,0,30,18.900000000000002,0,0,0,0.18,330,0
2019,8,29,1,30,18.6,0,0,0,0.18,331,0
2019,8,29,2,30,18.400000000000002,0,0,0,0.18,329,0
2019,8,29,3,30,18.1,0,0,0,0.18,329,0
2019,8,29,4,30,17.8,0,0,0,0.18,329,0
2019,8,29,5,30,18.1,151,18,25,0.18,326,0
2019,8,29,6,30,19.200000000000003,298,53,123,0.18,325,0
2019,8,29,7,30,20.900000000000002,732,73,377,0.18,328,0
2019,8,29,8,30,23.200000000000003,830,84,564,0.18,334,0
2019,8,29,9,30,25.400000000000002,888,90,719,0.18,333,0
2019,8,29,10,30,26.8,919,93,826,0.18,325,0
2019,8,29,11,30,27.6,926,96,873,0.18,313,0
2019,8,29,12,30,27.900000000000002,921,98,864,0.18,303,0
2019,8,29,13,30,27.8,900,97,795,0.18,299,0
2019,8,29,14,30,27.3,858,95,672,0.18,299,0
2019,8,29,15,30,26.5,784,89,506,0.18,301,0
2019,8,29,16,30,25,662,76,316,0.18,305,0
2019,8,29,17,30,22.400000000000002,432,51,127,0.18,308,0
2019,8,29,18,30,20.3,25,4,4,0.18,310,0
2019,8,29,19,30,19.200000000000003,0,0,0,0.18,309,0
2019,8,29,20,30,18.400000000000002,0,0,0,0.18,305,0
2019,8,29,21,30,17.5,0,0,0,0.18,298,0
2019,8,29,22,30,16.6,0,0,0,0.18,292,0
2019,8,29,23,30,15.9,0,0,0,0.18,283,0.1
2019,8,30,0,30,15.4,0,0,0,0.18,274,0.1
2019,8,30,1,30,15,0,0,0,0.18,263,0.1
2019,8,30,2,30,14.700000000000001,0,0,0,0.18,249,0.1
2019,8,30,3,30,14.5,0,0,0,0.18,238,0.1
2019,8,30,4,30,14.5,0,0,0,0.18,228,0
2019,8,30,5,30,15.8,173,18,25,0.18,216,0
2019,8,30,6,30,18.8,587,52,187,0.18,203,0
2019,8,30,7,30,22.1,753,71,382,0.18,208,0
2019,8,30,8,30,24.8,832,84,562,0.18,218,0
2019,8,30,9,30,26.5,875,92,709,0.18,217,0
2019,8,30,10,30,27.700000000000003,895,97,808,0.18,214,0
2019,8,30,11,30,28.6,891,105,850,0.18,212,0
2019,8,30,12,30,29.200000000000003,869,113,833,0.18,213,0
2019,8,30,13,30,29.400000000000002,267,314,520,0.18,217,0
2019,8,30,14,30,28.900000000000002,502,199,535,0.18,221,0
2019,8,30,15,30,28.1,433,178,406,0.18,228,0
2019,8,30,16,30,26.700000000000003,31,85,96,0.18,242,0
2019,8,30,17,30,24.6,244,65,107,0.18,265,0
2019,8,30,18,30,22.8,4,2,2,0.18,286,0
2019,8,30,19,30,21.8,0,0,0,0.18,300,0
2019,8,30,20,30,20.700000000000003,0,0,0,0.18,311,0
2019,8,30,21,30,19.8,0,0,0,0.18,318,0
2019,8,30,22,30,18.900000000000002,0,0,0,0.18,328,0
2019,8,30,23,30,18,0,0,0,0.18,337,0
2019,8,31,0,30,17.3,0,0,0,0.18,339,0
2019,8,31,1,30,16.7,0,0,0,0.18,338,0
2019,8,31,2,30,16.2,0,0,0,0.18,336,0
2019,8,31,3,30,15.9,0,0,0,0.18,334,0
2019,8,31,4,30,15.600000000000001,0,0,0,0.18,331,0
2019,8,31,5,30,16.5,0,13,13,0.18,326,0
2019,8,31,6,30,18.7,473,65,173,0.18,327,0
2019,8,31,7,30,21,740,74,377,0.18,327,0
2019,8,31,8,30,22.700000000000003,841,83,564,0.18,319,0
2019,8,31,9,30,24,896,90,719,0.18,310,0
2019,8,31,10,30,25,921,97,826,0.18,306,0
2019,8,31,11,30,25.6,761,172,806,0.18,305,0
2019,8,31,12,30,25.700000000000003,708,178,762,0.18,307,0
2019,8,31,13,30,25.5,833,126,765,0.18,311,0
2019,8,31,14,30,24.900000000000002,516,219,562,0.18,316,0
2019,8,31,15,30,23.8,86,248,293,0.18,321,0
2019,8,31,16,30,22.1,49,162,179,0.18,326,0
2019,8,31,17,30,20,10,74,76,0.18,331,0
2019,8,31,18,30,18.3,0,1,1,0.18,336,0
2019,8,31,19,30,22.3,0,0,0,0.17,232,0.1
2019,8,31,20,30,21.900000000000002,0,0,0,0.17,222,0
2019,8,31,21,30,21.400000000000002,0,0,0,0.17,219,0
2019,8,31,22,30,21.1,0,0,0,0.17,222,0
2019,8,31,23,30,20.900000000000002,0,0,0,0.17,230,0
2016,9,1,0,30,20.700000000000003,0,0,0,0.17,240,0
2016,9,1,1,30,20.400000000000002,0,0,0,0.17,249,0
2016,9,1,2,30,20.1,0,0,0,0.17,261,0.1
2016,9,1,3,30,19.8,0,0,0,0.17,272,0.1
2016,9,1,4,30,19.6,0,0,0,0.17,280,0.1
2016,9,1,5,30,20.1,0,6,6,0.17,295,0.1
2016,9,1,6,30,21.400000000000002,0,34,34,0.17,315,0.1
2016,9,1,7,30,23.400000000000002,18,150,157,0.17,327,0.1
2016,9,1,8,30,25.400000000000002,1,95,95,0.17,326,0.1
2016,9,1,9,30,26.200000000000003,7,218,223,0.17,330,0
2016,9,1,10,30,26.3,3,208,210,0.17,338,0
2016,9,1,11,30,26.700000000000003,8,278,285,0.17,335,0
2016,9,1,12,30,27.1,268,366,585,0.17,332,0
2016,9,1,13,30,27.400000000000002,309,330,565,0.17,336,0
2016,9,1,14,30,27,0,127,127,0.17,344,0
2016,9,1,15,30,26.3,464,173,411,0.17,348,0
2016,9,1,16,30,25.200000000000003,0,13,13,0.17,347,0
2016,9,1,17,30,23.400000000000002,387,45,105,0.17,344,0.1
2016,9,1,18,30,22,0,0,0,0.17,342,0.1
2016,9,1,19,30,21.400000000000002,0,0,0,0.18,346,0
2016,9,1,20,30,20.8,0,0,0,0.18,352,0
2016,9,1,21,30,19.8,0,0,0,0.18,352,0
2016,9,1,22,30,18.8,0,0,0,0.18,350,0
2016,9,1,23,30,18,0,0,0,0.18,346,0
2016,9,2,0,30,17.3,0,0,0,0.18,343,0
2016,9,2,1,30,16.7,0,0,0,0.18,340,0
2016,9,2,2,30,16.1,0,0,0,0.18,336,0
2016,9,2,3,30,15.5,0,0,0,0.18,331,0
2016,9,2,4,30,15.200000000000001,0,0,0,0.18,328,0
2016,9,2,5,30,15.9,201,12,19,0.18,328,0
2016,9,2,6,30,18.5,608,44,177,0.18,342,0
2016,9,2,7,30,21.5,777,60,372,0.18,178,0
2016,9,2,8,30,23.6,860,70,555,0.18,0,0
2016,9,2,9,30,25.200000000000003,905,76,704,0.18,1,0
2016,9,2,10,30,26.400000000000002,927,81,806,0.18,2,0
2016,9,2,11,30,27.3,937,84,855,0.18,180,0
2016,9,2,12,30,27.900000000000002,930,85,842,0.18,357,0
2016,9,2,13,30,28,913,85,775,0.18,352,0
2016,9,2,14,30,27.8,320,319,527,0.18,348,0
2016,9,2,15,30,27.1,420,184,398,0.18,348,0
2016,9,2,16,30,25.700000000000003,73,160,185,0.18,352,0
2016,9,2,17,30,22.8,3,66,67,0.18,186,0.1
2016,9,2,18,30,20.3,0,0,0,0.18,24,0.1
2016,9,2,19,30,19.1,0,0,0,0.18,43,0.1
2016,9,2,20,30,17.900000000000002,0,0,0,0.18,58,0.1
2016,9,2,21,30,16.8,0,0,0,0.18,64,0.1
2016,9,2,22,30,16.2,0,0,0,0.18,63,0.1
2016,9,2,23,30,15.700000000000001,0,0,0,0.18,57,0.2
2016,9,3,0,30,15.3,0,0,0,0.18,46,0.2
2016,9,3,1,30,14.9,0,0,0,0.18,40,0.1
2016,9,3,2,30,14.600000000000001,0,0,0,0.18,34,0.1
2016,9,3,3,30,14.200000000000001,0,0,0,0.18,21,0
2016,9,3,4,30,14,0,0,0,0.18,12,0
2016,9,3,5,30,14.600000000000001,0,9,9,0.18,12,0
2016,9,3,6,30,16.5,12,86,88,0.18,23,0
2016,9,3,7,30,19.200000000000003,350,173,312,0.18,37,0
2016,9,3,8,30,21.5,220,266,390,0.18,39,0
2016,9,3,9,30,23.1,357,303,550,0.18,39,0
2016,9,3,10,30,24.200000000000003,469,296,661,0.18,41,0
2016,9,3,11,30,24.8,547,269,717,0.18,44,0
2016,9,3,12,30,24.900000000000002,303,373,618,0.18,49,0
2016,9,3,13,30,24.8,201,374,525,0.18,54,0
2016,9,3,14,30,24.5,194,330,455,0.18,57,0
2016,9,3,15,30,24,383,206,400,0.18,59,0
2016,9,3,16,30,22.8,93,166,198,0.18,65,0
2016,9,3,17,30,20.3,12,65,67,0.18,74,0.2
2016,9,3,18,30,17.900000000000002,0,0,0,0.18,79,0.4
2016,9,3,19,30,17,0,0,0,0.18,81,0.30000000000000004
2016,9,3,20,30,16.3,0,0,0,0.18,78,0.30000000000000004
2016,9,3,21,30,15.5,0,0,0,0.18,74,0.30000000000000004
2016,9,3,22,30,14.8,0,0,0,0.18,70,0.2
2016,9,3,23,30,14.5,0,0,0,0.18,57,0
2016,9,4,0,30,14.200000000000001,0,0,0,0.18,40,0
2016,9,4,1,30,13.9,0,0,0,0.18,28,0
2016,9,4,2,30,13.700000000000001,0,0,0,0.18,20,0
2016,9,4,3,30,13.5,0,0,0,0.18,16,0
2016,9,4,4,30,13.200000000000001,0,0,0,0.18,15,0
2016,9,4,5,30,14.200000000000001,99,11,14,0.18,15,0
2016,9,4,6,30,16.900000000000002,509,54,162,0.18,30,0
2016,9,4,7,30,19.8,706,74,354,0.18,47,0
2016,9,4,8,30,22.200000000000003,807,86,537,0.18,47,0
2016,9,4,9,30,24.1,862,94,687,0.18,46,0
2016,9,4,10,30,25.6,889,101,790,0.18,51,0
2016,9,4,11,30,26.5,896,105,836,0.18,58,0
2016,9,4,12,30,26.8,890,107,825,0.18,62,0
2016,9,4,13,30,26.6,863,108,753,0.18,64,0
2016,9,4,14,30,25.900000000000002,807,109,628,0.18,64,0
2016,9,4,15,30,24.900000000000002,711,105,461,0.18,62,0
2016,9,4,16,30,23.400000000000002,563,88,273,0.18,60,0
2016,9,4,17,30,21,311,48,92,0.18,62,0
2016,9,4,18,30,18.8,0,0,0,0.18,67,0
2016,9,4,19,30,17.7,0,0,0,0.18,69,0
2016,9,4,20,30,16.6,0,0,0,0.18,69,0
2016,9,4,21,30,15.5,0,0,0,0.18,66,0
2016,9,4,22,30,15,0,0,0,0.18,51,0
2016,9,4,23,30,14.8,0,0,0,0.18,35,0
2016,9,5,0,30,14.600000000000001,0,0,0,0.18,26,0
2016,9,5,1,30,14.4,0,0,0,0.18,19,0
2016,9,5,2,30,14.200000000000001,0,0,0,0.18,16,0
2016,9,5,3,30,14,0,0,0,0.18,12,0
2016,9,5,4,30,13.9,0,0,0,0.18,184,0
2016,9,5,5,30,14.4,0,7,7,0.18,358,0
2016,9,5,6,30,15.9,24,95,100,0.18,184,0
2016,9,5,7,30,18.1,83,193,226,0.18,18,0
2016,9,5,8,30,20.700000000000003,47,245,271,0.18,25,0
2016,9,5,9,30,23.1,52,320,356,0.18,25,0
2016,9,5,10,30,24.700000000000003,72,371,427,0.18,25,0
2016,9,5,11,30,25.6,927,95,849,0.18,27,0.1
2016,9,5,12,30,26.1,627,212,716,0.18,29,0.1
2016,9,5,13,30,26.200000000000003,907,89,764,0.18,29,0.1
2016,9,5,14,30,25.900000000000002,437,245,524,0.18,26,0.1
2016,9,5,15,30,25.3,237,231,348,0.18,23,0.1
2016,9,5,16,30,24.3,237,146,223,0.18,22,0.1
2016,9,5,17,30,23.1,5,46,46,0.18,21,0.1
2016,9,5,18,30,22.1,0,0,0,0.18,19,0
2016,9,5,19,30,21.3,0,0,0,0.18,18,0.1
2016,9,5,20,30,20.6,0,0,0,0.18,18,0.1
2016,9,5,21,30,19.900000000000002,0,0,0,0.18,21,0.1
2016,9,5,22,30,19.200000000000003,0,0,0,0.18,23,0.1
2016,9,5,23,30,18.400000000000002,0,0,0,0.18,24,0.1
2016,9,6,0,30,17.7,0,0,0,0.18,21,0
2016,9,6,1,30,17.1,0,0,0,0.18,17,0
2016,9,6,2,30,16.8,0,0,0,0.18,14,0
2016,9,6,3,30,16.5,0,0,0,0.18,12,0
2016,9,6,4,30,16.400000000000002,0,0,0,0.18,11,0
2016,9,6,5,30,16.7,63,10,12,0.18,13,0
2016,9,6,6,30,17.900000000000002,505,50,154,0.18,17,0
2016,9,6,7,30,19.8,693,72,342,0.18,23,0
2016,9,6,8,30,21.900000000000002,16,237,246,0.18,31,0
2016,9,6,9,30,23.8,0,137,137,0.18,40,0
2016,9,6,10,30,25.400000000000002,0,217,218,0.18,48,0
2016,9,6,11,30,26.700000000000003,0,190,190,0.18,54,0
2016,9,6,12,30,27.400000000000002,1,244,245,0.18,59,0
2016,9,6,13,30,27.5,1,239,240,0.18,63,0
2016,9,6,14,30,27.200000000000003,0,143,143,0.18,66,0
2016,9,6,15,30,26.3,0,134,135,0.18,67,0
2016,9,6,16,30,25,602,69,261,0.18,64,0
2016,9,6,17,30,23.3,0,28,28,0.18,59,0
2016,9,6,18,30,21.900000000000002,0,0,0,0.18,55,0
2016,9,6,19,30,21.1,0,0,0,0.18,54,0
2016,9,6,20,30,20.400000000000002,0,0,0,0.18,52,0
2016,9,6,21,30,19.900000000000002,0,0,0,0.18,48,0
2016,9,6,22,30,19.5,0,0,0,0.18,44,0
2016,9,6,23,30,19.200000000000003,0,0,0,0.18,41,0
2016,9,7,0,30,18.900000000000002,0,0,0,0.18,41,0
2016,9,7,1,30,18.7,0,0,0,0.18,43,0
2016,9,7,2,30,18.6,0,0,0,0.18,42,0
2016,9,7,3,30,18.5,0,0,0,0.18,37,0
2016,9,7,4,30,18.400000000000002,0,0,0,0.18,32,0
2016,9,7,5,30,18.8,0,0,0,0.18,30,0
2016,9,7,6,30,20.1,441,56,145,0.18,35,0
2016,9,7,7,30,22.3,0,32,32,0.18,47,0
2016,9,7,8,30,24.900000000000002,0,101,101,0.18,60,0
2016,9,7,9,30,26.900000000000002,5,274,278,0.18,70,0
2016,9,7,10,30,28.3,32,358,382,0.18,77,0
2016,9,7,11,30,29.3,6,339,344,0.18,82,0
2016,9,7,12,30,29.8,0,100,100,0.18,84,0
2016,9,7,13,30,29.700000000000003,810,121,716,0.18,81,0
2016,9,7,14,30,29.1,767,112,595,0.18,75,0
2016,9,7,15,30,28.200000000000003,7,193,196,0.18,72,0
2016,9,7,16,30,26.900000000000002,0,75,75,0.18,77,0
2016,9,7,17,30,24.8,269,42,76,0.18,80,0
2016,9,7,18,30,22.8,0,0,0,0.18,76,0
2016,9,7,19,30,21.900000000000002,0,0,0,0.16,68,0
2016,9,7,20,30,21.200000000000003,0,0,0,0.16,62,0
2016,9,7,21,30,20.5,0,0,0,0.16,63,0
2016,9,7,22,30,19.700000000000003,0,0,0,0.16,66,0
2016,9,7,23,30,19.1,0,0,0,0.16,67,0
2016,9,8,0,30,18.400000000000002,0,0,0,0.16,61,0
2016,9,8,1,30,18,0,0,0,0.16,49,0
2016,9,8,2,30,17.8,0,0,0,0.16,43,0
2016,9,8,3,30,17.6,0,0,0,0.16,48,0
2016,9,8,4,30,17.400000000000002,0,0,0,0.16,56,0
2016,9,8,5,30,18.400000000000002,0,0,0,0.16,60,0
2016,9,8,6,30,20.900000000000002,475,51,147,0.16,63,0
2016,9,8,7,30,23.400000000000002,13,172,177,0.16,196,0
2016,9,8,8,30,25.900000000000002,761,91,506,0.16,311,0
2016,9,8,9,30,28.400000000000002,822,97,652,0.16,288,0
2016,9,8,10,30,30.200000000000003,548,191,608,0.16,279,0
2016,9,8,11,30,31.400000000000002,856,107,793,0.16,272,0
2016,9,8,12,30,32.1,846,109,778,0.16,258,0
2016,9,8,13,30,32.4,808,115,705,0.16,245,0
2016,9,8,14,30,32.1,750,114,582,0.16,237,0
2016,9,8,15,30,31.200000000000003,660,104,421,0.16,227,0
2016,9,8,16,30,29.700000000000003,244,134,209,0.16,214,0
2016,9,8,17,30,27.5,4,45,46,0.16,201,0
2016,9,8,18,30,25.900000000000002,0,0,0,0.16,194,0
2016,9,8,19,30,24.8,0,0,0,0.16,196,0
2016,9,8,20,30,23.6,0,0,0,0.16,194,0
2016,9,8,21,30,22.400000000000002,0,0,0,0.16,183,0
2016,9,8,22,30,21.8,0,0,0,0.16,176,0
2016,9,8,23,30,21.5,0,0,0,0.16,179,0
2016,9,9,0,30,21.3,0,0,0,0.16,189,0
2016,9,9,1,30,21.3,0,0,0,0.16,200,0
2016,9,9,2,30,21.400000000000002,0,0,0,0.16,211,0
2016,9,9,3,30,21.400000000000002,0,0,0,0.16,227,0
2016,9,9,4,30,21.5,0,0,0,0.16,246,0
2016,9,9,5,30,21.900000000000002,0,0,0,0.16,258,0
2016,9,9,6,30,23,0,46,46,0.16,268,0
2016,9,9,7,30,24.700000000000003,11,118,122,0.16,289,0
2016,9,9,8,30,27.3,482,168,429,0.16,310,0
2016,9,9,9,30,30,844,82,648,0.16,315,0
2016,9,9,10,30,31.700000000000003,876,84,748,0.16,309,0
2016,9,9,11,30,32.7,886,87,793,0.16,298,0
2016,9,9,12,30,33.1,879,87,779,0.16,290,0
2016,9,9,13,30,33.1,860,84,708,0.16,286,0
2016,9,9,14,30,32.6,46,275,303,0.16,284,0
2016,9,9,15,30,31.8,120,246,303,0.16,286,0
2016,9,9,16,30,30.5,105,151,183,0.16,289,0
2016,9,9,17,30,28.1,0,38,38,0.16,297,0.1
2016,9,9,18,30,25.900000000000002,0,0,0,0.16,310,0.1
2016,9,9,19,30,25.200000000000003,0,0,0,0.16,322,0
2016,9,9,20,30,24.6,0,0,0,0.16,329,0
2016,9,9,21,30,23.8,0,0,0,0.16,335,0
2016,9,9,22,30,23.1,0,0,0,0.16,344,0.1
2016,9,9,23,30,22.8,0,0,0,0.16,354,0.1
2016,9,10,0,30,22.6,0,0,0,0.16,185,0.2
2016,9,10,1,30,22.400000000000002,0,0,0,0.16,19,0.30000000000000004
2016,9,10,2,30,22.1,0,0,0,0.16,47,0.30000000000000004
2016,9,10,3,30,21.700000000000003,0,0,0,0.16,81,0.1
2016,9,10,4,30,21.5,0,0,0,0.16,103,0
2016,9,10,5,30,22.1,0,0,0,0.16,109,0
2016,9,10,6,30,23.6,0,44,44,0.16,111,0
2016,9,10,7,30,25.5,4,94,96,0.16,122,0
2016,9,10,8,30,27.200000000000003,78,241,283,0.16,134,0
2016,9,10,9,30,29.1,0,139,139,0.16,147,0
2016,9,10,10,30,30.8,1,236,236,0.16,159,0
2016,9,10,11,30,32.1,270,411,625,0.16,169,0
2016,9,10,12,30,32.7,514,234,636,0.16,175,0
2016,9,10,13,30,32.7,690,172,670,0.16,179,0
2016,9,10,14,30,32.2,80,270,320,0.16,180,0
2016,9,10,15,30,31.3,587,124,400,0.16,180,0
2016,9,10,16,30,29.900000000000002,5,123,124,0.16,176,0
2016,9,10,17,30,28.1,0,30,30,0.16,170,0
2016,9,10,18,30,26.3,0,0,0,0.16,166,0
2016,9,10,19,30,25,0,0,0,0.16,169,0
2016,9,10,20,30,23.900000000000002,0,0,0,0.16,175,0
2016,9,10,21,30,23,0,0,0,0.16,181,0
2016,9,10,22,30,22.5,0,0,0,0.16,185,0
2016,9,10,23,30,22.200000000000003,0,0,0,0.16,186,0
2016,9,11,0,30,21.900000000000002,0,0,0,0.16,185,0
2016,9,11,1,30,21.8,0,0,0,0.16,186,0
2016,9,11,2,30,21.900000000000002,0,0,0,0.16,188,0
2016,9,11,3,30,22.1,0,0,0,0.16,189,0
2016,9,11,4,30,22.3,0,0,0,0.16,191,0
2016,9,11,5,30,22.700000000000003,0,0,0,0.16,196,0
2016,9,11,6,30,23.200000000000003,1,68,68,0.16,205,0
2016,9,11,7,30,23.700000000000003,71,185,212,0.16,231,0
2016,9,11,8,30,23.8,0,9,9,0.16,271,0
2016,9,11,9,30,24.3,0,190,190,0.16,297,0
2016,9,11,10,30,25.6,171,408,536,0.16,303,0
2016,9,11,11,30,26.8,141,423,535,0.16,303,0
2016,9,11,12,30,27.400000000000002,946,79,815,0.16,304,0
2016,9,11,13,30,27.3,945,72,749,0.16,308,0
2016,9,11,14,30,26.700000000000003,596,173,537,0.16,312,0
2016,9,11,15,30,25.700000000000003,847,62,456,0.16,315,0
2016,9,11,16,30,24.200000000000003,724,50,262,0.16,316,0
2016,9,11,17,30,21.8,439,28,73,0.16,317,0
2016,9,11,18,30,19.6,0,0,0,0.16,320,0
2016,9,11,19,30,18.3,0,0,0,0.16,322,0
2016,9,11,20,30,17.1,0,0,0,0.16,323,0
2016,9,11,21,30,16.2,0,0,0,0.16,327,0
2016,9,11,22,30,15.200000000000001,0,0,0,0.16,334,0
2016,9,11,23,30,14.100000000000001,0,0,0,0.16,341,0
2016,9,12,0,30,13.200000000000001,0,0,0,0.16,346,0
2016,9,12,1,30,12.3,0,0,0,0.16,352,0
2016,9,12,2,30,11.700000000000001,0,0,0,0.16,355,0
2016,9,12,3,30,11.100000000000001,0,0,0,0.16,357,0
2016,9,12,4,30,10.600000000000001,0,0,0,0.16,354,0
2016,9,12,5,30,11.8,0,0,0,0.16,349,0
2016,9,12,6,30,14.9,619,38,154,0.16,179,0
2016,9,12,7,30,18.400000000000002,799,53,349,0.16,14,0
2016,9,12,8,30,21,886,62,534,0.16,183,0
2016,9,12,9,30,22.900000000000002,935,68,685,0.16,337,0
2016,9,12,10,30,24.3,957,71,786,0.16,314,0
2016,9,12,11,30,25.3,967,73,833,0.16,296,0
2016,9,12,12,30,26,964,72,819,0.16,285,0
2016,9,12,13,30,26.400000000000002,942,72,743,0.16,277,0
2016,9,12,14,30,26.400000000000002,907,67,616,0.16,272,0
2016,9,12,15,30,25.8,843,59,447,0.16,268,0
2016,9,12,16,30,24,722,47,254,0.16,257,0.2
2016,9,12,17,30,21.400000000000002,440,25,68,0.16,239,0.6000000000000001
2016,9,12,18,30,19.1,0,0,0,0.16,226,0.7000000000000001
2016,9,12,19,30,17.3,0,0,0,0.16,223,0.5
2016,9,12,20,30,16.1,0,0,0,0.16,225,0.30000000000000004
2016,9,12,21,30,15.200000000000001,0,0,0,0.16,230,0.30000000000000004
2016,9,12,22,30,14.4,0,0,0,0.16,236,0.2
2016,9,12,23,30,13.700000000000001,0,0,0,0.16,240,0.1
2016,9,13,0,30,13.200000000000001,0,0,0,0.16,247,0
2016,9,13,1,30,12.8,0,0,0,0.16,255,0
2016,9,13,2,30,12.4,0,0,0,0.16,259,0
2016,9,13,3,30,12.100000000000001,0,0,0,0.16,259,0
2016,9,13,4,30,11.8,0,0,0,0.16,256,0
2016,9,13,5,30,13.100000000000001,0,0,0,0.16,251,0
2016,9,13,6,30,16.2,553,42,144,0.16,239,0
2016,9,13,7,30,20,755,61,338,0.16,231,0
2016,9,13,8,30,23.400000000000002,850,71,521,0.16,231,0
2016,9,13,9,30,25.5,901,79,671,0.16,225,0
2016,9,13,10,30,26.900000000000002,934,80,774,0.16,219,0
2016,9,13,11,30,27.900000000000002,943,83,820,0.16,215,0
2016,9,13,12,30,28.5,937,84,805,0.16,213,0
2016,9,13,13,30,28.700000000000003,919,81,731,0.16,211,0
2016,9,13,14,30,28.400000000000002,876,77,602,0.16,209,0
2016,9,13,15,30,27.6,799,69,432,0.16,207,0
2016,9,13,16,30,25.900000000000002,655,56,240,0.16,203,0
2016,9,13,17,30,23.1,337,28,59,0.16,196,0
2016,9,13,18,30,21,0,0,0,0.16,192,0
2016,9,13,19,30,19.8,0,0,0,0.16,190,0
2016,9,13,20,30,18.900000000000002,0,0,0,0.16,190,0
2016,9,13,21,30,18.2,0,0,0,0.16,192,0
2016,9,13,22,30,17.8,0,0,0,0.16,195,0
2016,9,13,23,30,17.6,0,0,0,0.16,199,0
2016,9,14,0,30,17.400000000000002,0,0,0,0.16,203,0
2016,9,14,1,30,17.400000000000002,0,0,0,0.16,207,0
2016,9,14,2,30,17.400000000000002,0,0,0,0.16,211,0
2016,9,14,3,30,17.3,0,0,0,0.16,215,0
2016,9,14,4,30,17.1,0,0,0,0.16,220,0
2016,9,14,5,30,17.7,0,0,0,0.16,220,0
2016,9,14,6,30,19.900000000000002,459,48,131,0.16,224,0
2016,9,14,7,30,23.200000000000003,678,71,318,0.16,235,0
2016,9,14,8,30,26.5,785,85,497,0.16,240,0
2016,9,14,9,30,28.900000000000002,837,93,640,0.16,243,0
2016,9,14,10,30,30.400000000000002,882,89,742,0.16,246,0
2016,9,14,11,30,31.400000000000002,887,94,783,0.16,252,0
2016,9,14,12,30,31.700000000000003,198,407,559,0.16,262,0
2016,9,14,13,30,31,800,118,680,0.16,276,0
2016,9,14,14,30,29.700000000000003,1,197,197,0.16,293,0
2016,9,14,15,30,28,0,10,10,0.16,308,0
2016,9,14,16,30,26,3,71,72,0.16,318,0
2016,9,14,17,30,24.200000000000003,0,19,19,0.16,325,0
2016,9,14,18,30,22.700000000000003,0,0,0,0.16,335,0
2016,9,14,19,30,21.400000000000002,0,0,0,0.16,345,0
2016,9,14,20,30,19.900000000000002,0,0,0,0.16,354,0
2016,9,14,21,30,18.5,0,0,0,0.16,181,0
2016,9,14,22,30,17.3,0,0,0,0.16,6,0
2016,9,14,23,30,16.3,0,0,0,0.16,8,0
2016,9,15,0,30,15.3,0,0,0,0.16,7,0
2016,9,15,1,30,14.3,0,0,0,0.16,183,0
2016,9,15,2,30,13.3,0,0,0,0.16,355,0
2016,9,15,3,30,12.5,0,0,0,0.16,348,0
2016,9,15,4,30,11.9,0,0,0,0.16,345,0
2016,9,15,5,30,12.100000000000001,0,0,0,0.16,349,0
2016,9,15,6,30,14,606,37,144,0.16,189,0
2016,9,15,7,30,16.6,795,53,340,0.16,31,0
2016,9,15,8,30,18.7,886,62,525,0.16,37,0
2016,9,15,9,30,20.5,931,69,674,0.16,34,0
2016,9,15,10,30,22,957,72,776,0.16,30,0
2016,9,15,11,30,23.1,963,74,819,0.16,24,0
2016,9,15,12,30,23.900000000000002,961,73,804,0.16,19,0
2016,9,15,13,30,24.3,943,70,729,0.16,16,0
2016,9,15,14,30,24.1,906,66,601,0.16,15,0
2016,9,15,15,30,23.6,839,58,431,0.16,18,0
2016,9,15,16,30,22.1,707,46,237,0.16,40,0.1
2016,9,15,17,30,19.900000000000002,400,22,55,0.16,83,0.30000000000000004
2016,9,15,18,30,18,0,0,0,0.16,115,0.4
2016,9,15,19,30,16.900000000000002,0,0,0,0.16,140,0.4
2016,9,15,20,30,15.700000000000001,0,0,0,0.16,162,0.5
2016,9,15,21,30,14.4,0,0,0,0.16,171,0.4
2016,9,15,22,30,13.3,0,0,0,0.16,177,0.2
2016,9,15,23,30,12.5,0,0,0,0.16,182,0.1
2016,9,16,0,30,11.9,0,0,0,0.16,186,0
2016,9,16,1,30,11.5,0,0,0,0.16,188,0.1
2016,9,16,2,30,11.200000000000001,0,0,0,0.16,194,0.2
2016,9,16,3,30,11.200000000000001,0,0,0,0.16,206,0.4
2016,9,16,4,30,11.3,0,0,0,0.16,217,0.6000000000000001
2016,9,16,5,30,12.5,0,0,0,0.16,220,0.4
2016,9,16,6,30,15.100000000000001,524,42,134,0.16,217,0.1
2016,9,16,7,30,18,734,63,326,0.16,217,0
2016,9,16,8,30,20.3,840,75,510,0.16,208,0
2016,9,16,9,30,22.1,897,81,661,0.16,195,0
2016,9,16,10,30,23.5,940,77,765,0.16,189,0
2016,9,16,11,30,24.6,263,414,616,0.16,187,0
2016,9,16,12,30,25.3,944,79,792,0.16,184,0
2016,9,16,13,30,25.6,924,77,717,0.16,182,0
2016,9,16,14,30,25.3,885,71,589,0.16,179,0
2016,9,16,15,30,24.400000000000002,814,63,420,0.16,178,0
2016,9,16,16,30,22.6,676,49,228,0.16,176,0
2016,9,16,17,30,19.8,351,23,49,0.16,175,0
2016,9,16,18,30,17.6,0,0,0,0.16,177,0
2016,9,16,19,30,16.1,0,0,0,0.16,180,0
2016,9,16,20,30,14.8,0,0,0,0.16,183,0
2016,9,16,21,30,13.700000000000001,0,0,0,0.16,186,0
2016,9,16,22,30,12.600000000000001,0,0,0,0.16,186,0
2016,9,16,23,30,11.9,0,0,0,0.16,186,0
2016,9,17,0,30,11.4,0,0,0,0.16,184,0
2016,9,17,1,30,11,0,0,0,0.16,181,0.1
2016,9,17,2,30,10.700000000000001,0,0,0,0.16,188,0.2
2016,9,17,3,30,10.5,0,0,0,0.16,201,0.4
2016,9,17,4,30,10.5,0,0,0,0.16,202,0.6000000000000001
2016,9,17,5,30,11.5,0,0,0,0.16,190,0.4
2016,9,17,6,30,14.5,550,41,135,0.16,182,0.1
2016,9,17,7,30,17.7,757,60,328,0.16,183,0
2016,9,17,8,30,20.400000000000002,847,72,508,0.16,186,0
2016,9,17,9,30,22.700000000000003,894,82,656,0.16,187,0
2016,9,17,10,30,24.400000000000002,912,89,753,0.16,188,0
2016,9,17,11,30,25.6,916,94,794,0.16,189,0
2016,9,17,12,30,26.400000000000002,901,96,773,0.16,189,0
2016,9,17,13,30,26.400000000000002,872,96,696,0.16,189,0
2016,9,17,14,30,25.8,821,92,568,0.16,189,0
2016,9,17,15,30,24.6,734,81,399,0.16,191,0
2016,9,17,16,30,23.1,140,133,169,0.16,192,0
2016,9,17,17,30,21.400000000000002,3,29,29,0.16,190,0
2016,9,17,18,30,20,0,0,0,0.16,187,0
2016,9,17,19,30,18.900000000000002,0,0,0,0.16,185,0
2016,9,17,20,30,18.2,0,0,0,0.16,187,0
2016,9,17,21,30,17.7,0,0,0,0.16,190,0
2016,9,17,22,30,17.5,0,0,0,0.16,193,0
2016,9,17,23,30,17.5,0,0,0,0.16,194,0
2016,9,18,0,30,17.6,0,0,0,0.16,198,0
2016,9,18,1,30,17.7,0,0,0,0.16,203,0
2016,9,18,2,30,17.8,0,0,0,0.16,207,0
2016,9,18,3,30,17.900000000000002,0,0,0,0.16,209,0
2016,9,18,4,30,18,0,0,0,0.16,209,0
2016,9,18,5,30,18.400000000000002,0,0,0,0.16,207,0
2016,9,18,6,30,19.6,0,32,32,0.16,206,0
2016,9,18,7,30,21.400000000000002,0,41,41,0.16,211,0
2016,9,18,8,30,23.1,0,84,84,0.16,216,0
2016,9,18,9,30,24.200000000000003,14,221,229,0.16,217,0
2016,9,18,10,30,25,60,316,359,0.16,216,0
2016,9,18,11,30,25.900000000000002,121,338,430,0.16,214,0
2016,9,18,12,30,26.8,124,333,426,0.16,212,0
2016,9,18,13,30,27.200000000000003,54,301,338,0.16,210,0
2016,9,18,14,30,27,67,248,287,0.16,206,0
2016,9,18,15,30,26.3,7,129,132,0.16,202,0
2016,9,18,16,30,25,1,57,58,0.16,195,0
2016,9,18,17,30,23.400000000000002,0,18,18,0.16,189,0
2016,9,18,18,30,22.3,0,0,0,0.16,188,0
2016,9,18,19,30,21.700000000000003,0,0,0,0.16,187,0
2016,9,18,20,30,21.3,0,0,0,0.16,185,0
2016,9,18,21,30,21.1,0,0,0,0.16,178,0
2016,9,18,22,30,21,0,0,0,0.16,171,0
2016,9,18,23,30,20.900000000000002,0,0,0,0.16,168,0
2016,9,19,0,30,20.700000000000003,0,0,0,0.16,170,0
2016,9,19,1,30,20.6,0,0,0,0.16,175,0
2016,9,19,2,30,20.6,0,0,0,0.16,179,0
2016,9,19,3,30,20.6,0,0,0,0.16,178,0
2016,9,19,4,30,20.5,0,0,0,0.16,175,0
2016,9,19,5,30,20.700000000000003,0,0,0,0.16,173,0
2016,9,19,6,30,21.3,0,15,15,0.16,172,0
2016,9,19,7,30,22,0,41,41,0.16,174,0
2016,9,19,8,30,23,39,210,230,0.16,201,0
2016,9,19,9,30,23.900000000000002,1,110,110,0.16,237,0.1
2016,9,19,10,30,24.5,1,136,137,0.16,254,0.1
2016,9,19,11,30,24.8,0,78,79,0.16,251,0.1
2016,9,19,12,30,24.8,0,112,113,0.16,237,0
2016,9,19,13,30,24.6,43,288,317,0.16,237,0
2016,9,19,14,30,24.200000000000003,3,135,136,0.16,235,0
2016,9,19,15,30,23.400000000000002,18,157,165,0.16,167,0
2016,9,19,16,30,22.400000000000002,3,60,61,0.16,84,0
2016,9,19,17,30,21.5,0,10,10,0.16,53,0.1
2016,9,19,18,30,21,0,0,0,0.16,27,0.1
2016,9,19,19,30,20.6,0,0,0,0.16,178,0.1
2016,9,19,20,30,20.200000000000003,0,0,0,0.16,223,0.1
2016,9,19,21,30,19.900000000000002,0,0,0,0.16,106,0.1
2016,9,19,22,30,19.6,0,0,0,0.16,59,0.1
2016,9,19,23,30,19.3,0,0,0,0.16,174,0.1
2016,9,20,0,30,19.1,0,0,0,0.16,178,0.1
2016,9,20,1,30,18.900000000000002,0,0,0,0.16,32,0.2
2016,9,20,2,30,18.7,0,0,0,0.16,59,0.30000000000000004
2016,9,20,3,30,18.6,0,0,0,0.16,66,0.4
2016,9,20,4,30,18.400000000000002,0,0,0,0.16,62,0.30000000000000004
2016,9,20,5,30,18.6,0,0,0,0.16,52,0.2
2016,9,20,6,30,19.400000000000002,7,55,56,0.16,29,0.1
2016,9,20,7,30,21.200000000000003,29,139,148,0.16,185,0.1
2016,9,20,8,30,23.900000000000002,134,233,301,0.16,347,0.1
2016,9,20,9,30,26.6,128,277,358,0.16,328,0
2016,9,20,10,30,28.200000000000003,274,306,503,0.16,310,0
2016,9,20,11,30,29,301,301,528,0.16,292,0
2016,9,20,12,30,29.700000000000003,602,185,630,0.16,262,0
2016,9,20,13,30,30.1,423,257,542,0.16,240,0
2016,9,20,14,30,29.900000000000002,434,206,451,0.16,239,0
2016,9,20,15,30,29.1,234,193,291,0.16,238,0
2016,9,20,16,30,27.1,82,117,137,0.16,238,0.30000000000000004
2016,9,20,17,30,24.400000000000002,2,21,21,0.16,232,0.6000000000000001
2016,9,20,18,30,22.200000000000003,0,0,0,0.16,225,0.6000000000000001
2016,9,20,19,30,20.8,0,0,0,0.16,228,0.30000000000000004
2016,9,20,20,30,19.700000000000003,0,0,0,0.16,235,0.1
2016,9,20,21,30,18.900000000000002,0,0,0,0.16,243,0
2016,9,20,22,30,18.400000000000002,0,0,0,0.16,255,0
2016,9,20,23,30,18,0,0,0,0.16,270,0
2016,9,21,0,30,17.7,0,0,0,0.16,288,0
2016,9,21,1,30,17.5,0,0,0,0.16,304,0
2016,9,21,2,30,17.5,0,0,0,0.16,315,0
2016,9,21,3,30,17.400000000000002,0,0,0,0.16,323,0
2016,9,21,4,30,17.1,0,0,0,0.16,328,0
2016,9,21,5,30,17.5,0,0,0,0.16,332,0
2016,9,21,6,30,19.200000000000003,38,77,83,0.16,337,0
2016,9,21,7,30,21.8,162,161,217,0.16,348,0
2016,9,21,8,30,24.3,531,169,435,0.16,352,0
2016,9,21,9,30,26.200000000000003,901,75,640,0.16,345,0
2016,9,21,10,30,27.700000000000003,927,80,739,0.16,337,0
2016,9,21,11,30,28.8,934,82,780,0.16,333,0
2016,9,21,12,30,29.400000000000002,465,267,608,0.16,331,0
2016,9,21,13,30,29.5,260,339,513,0.16,330,0
2016,9,21,14,30,29,328,246,429,0.16,331,0
2016,9,21,15,30,27.700000000000003,202,201,284,0.16,336,0
2016,9,21,16,30,24.8,64,116,131,0.16,345,0.2
2016,9,21,17,30,21.400000000000002,2,19,19,0.16,353,0.30000000000000004
2016,9,21,18,30,19.5,0,0,0,0.16,181,0.2
2016,9,21,19,30,18.7,0,0,0,0.16,3,0.2
2016,9,21,20,30,17.900000000000002,0,0,0,0.16,2,0.2
2016,9,21,21,30,17.2,0,0,0,0.16,1,0.30000000000000004
2016,9,21,22,30,16.6,0,0,0,0.16,1,0.30000000000000004
2016,9,21,23,30,16.1,0,0,0,0.16,1,0.2
2016,9,22,0,30,15.5,0,0,0,0.16,2,0.30000000000000004
2016,9,22,1,30,15.100000000000001,0,0,0,0.16,3,0.4
2016,9,22,2,30,14.600000000000001,0,0,0,0.16,4,0.4
2016,9,22,3,30,14.200000000000001,0,0,0,0.16,5,0.30000000000000004
2016,9,22,4,30,13.9,0,0,0,0.16,6,0.30000000000000004
2016,9,22,5,30,14.8,0,0,0,0.16,5,0.1
2016,9,22,6,30,17.6,493,38,115,0.16,6,0
2016,9,22,7,30,21.5,713,60,300,0.16,54,0
2016,9,22,8,30,26,815,73,478,0.16,120,0
2016,9,22,9,30,29.1,870,81,623,0.16,147,0
2016,9,22,10,30,30.5,897,86,720,0.16,160,0
2016,9,22,11,30,31.1,906,88,762,0.16,168,0
2016,9,22,12,30,31.3,901,88,744,0.16,176,0
2016,9,22,13,30,31.1,881,83,668,0.16,184,0
2016,9,22,14,30,30.400000000000002,837,77,540,0.16,185,0
2016,9,22,15,30,29.1,758,66,374,0.16,184,0
2016,9,22,16,30,26.3,604,48,188,0.16,183,0
2016,9,22,17,30,22.900000000000002,229,15,25,0.16,184,0
2016,9,22,18,30,21,0,0,0,0.16,186,0
2016,9,22,19,30,19.6,0,0,0,0.16,188,0
2016,9,22,20,30,18.2,0,0,0,0.16,190,0
2016,9,22,21,30,17,0,0,0,0.16,193,0
2016,9,22,22,30,15.9,0,0,0,0.16,201,0
2016,9,22,23,30,15.100000000000001,0,0,0,0.16,209,0.1
2016,9,23,0,30,14.600000000000001,0,0,0,0.16,221,0.1
2016,9,23,1,30,14.4,0,0,0,0.16,237,0.1
2016,9,23,2,30,14.100000000000001,0,0,0,0.16,241,0.1
2016,9,23,3,30,14,0,0,0,0.16,240,0.1
2016,9,23,4,30,14.100000000000001,0,0,0,0.16,241,0.1
2016,9,23,5,30,15.200000000000001,0,0,0,0.16,244,0.1
2016,9,23,6,30,17.8,2,63,63,0.16,240,0
2016,9,23,7,30,21,32,172,182,0.16,233,0
2016,9,23,8,30,24.3,256,210,336,0.16,239,0
2016,9,23,9,30,26.900000000000002,208,270,399,0.16,249,0
2016,9,23,10,30,28.900000000000002,33,288,311,0.16,254,0
2016,9,23,11,30,30.200000000000003,60,319,364,0.16,257,0
2016,9,23,12,30,31.1,194,393,533,0.16,259,0
2016,9,23,13,30,31.3,203,354,488,0.16,266,0
2016,9,23,14,30,30.8,767,96,517,0.16,276,0
2016,9,23,15,30,29.400000000000002,660,86,350,0.16,298,0
2016,9,23,16,30,27.1,432,68,166,0.16,172,0.1
2016,9,23,17,30,24.200000000000003,63,15,17,0.16,31,0.1
2016,9,23,18,30,21.5,0,0,0,0.16,30,0
2016,9,23,19,30,19.1,0,0,0,0.16,29,0
2016,9,23,20,30,17.2,0,0,0,0.16,30,0
2016,9,23,21,30,15.8,0,0,0,0.16,29,0
2016,9,23,22,30,14.9,0,0,0,0.16,24,0
2016,9,23,23,30,14.3,0,0,0,0.16,21,0
2016,9,24,0,30,13.700000000000001,0,0,0,0.16,22,0
2016,9,24,1,30,13.3,0,0,0,0.16,25,0
2016,9,24,2,30,12.8,0,0,0,0.16,26,0
2016,9,24,3,30,12.5,0,0,0,0.16,25,0
2016,9,24,4,30,12.100000000000001,0,0,0,0.16,16,0
2016,9,24,5,30,11.9,0,0,0,0.16,5,0
2016,9,24,6,30,12.4,468,40,109,0.16,4,0
2016,9,24,7,30,13.9,730,59,300,0.16,8,0
2016,9,24,8,30,16,853,69,486,0.16,183,0
2016,9,24,9,30,17.8,917,73,638,0.16,355,0
2016,9,24,10,30,19,950,75,738,0.16,349,0
2016,9,24,11,30,19.900000000000002,964,74,781,0.16,345,0
2016,9,24,12,30,20.400000000000002,961,72,763,0.16,343,0
2016,9,24,13,30,20.5,942,69,684,0.16,341,0
2016,9,24,14,30,20.1,900,64,553,0.16,341,0
2016,9,24,15,30,19.400000000000002,822,56,381,0.16,340,0
2016,9,24,16,30,17.7,662,43,189,0.16,339,0
2016,9,24,17,30,15.200000000000001,235,14,21,0.16,341,0
2016,9,24,18,30,13.4,0,0,0,0.16,344,0
2016,9,24,19,30,12.5,0,0,0,0.16,345,0
2016,9,24,20,30,11.600000000000001,0,0,0,0.16,343,0
2016,9,24,21,30,10.700000000000001,0,0,0,0.16,337,0
2016,9,24,22,30,10.100000000000001,0,0,0,0.16,332,0
2016,9,24,23,30,9.8,0,0,0,0.16,331,0
2016,9,25,0,30,9.600000000000001,0,0,0,0.16,332,0
2016,9,25,1,30,9,0,0,0,0.16,332,0
2016,9,25,2,30,8.3,0,0,0,0.16,333,0
2016,9,25,3,30,7.6000000000000005,0,0,0,0.16,330,0
2016,9,25,4,30,6.9,0,0,0,0.16,325,0
2016,9,25,5,30,7.1000000000000005,0,0,0,0.16,320,0
2016,9,25,6,30,9.200000000000001,579,31,115,0.16,328,0
2016,9,25,7,30,11.9,798,47,308,0.16,341,0
2016,9,25,8,30,14.100000000000001,896,56,491,0.16,341,0
2016,9,25,9,30,15.9,948,61,641,0.16,337,0
2016,9,25,10,30,17.400000000000002,975,63,741,0.16,334,0
2016,9,25,11,30,18.5,990,65,787,0.16,332,0
2016,9,25,12,30,19.200000000000003,986,64,767,0.16,330,0
2016,9,25,13,30,19.5,966,62,688,0.16,330,0
2016,9,25,14,30,19.400000000000002,926,57,555,0.16,332,0
2016,9,25,15,30,18.6,851,50,382,0.16,334,0
2016,9,25,16,30,16.5,699,37,187,0.16,336,0
2016,9,25,17,30,13.200000000000001,274,12,19,0.16,337,0
2016,9,25,18,30,11.100000000000001,0,0,0,0.16,340,0
2016,9,25,19,30,10.200000000000001,0,0,0,0.16,345,0
2016,9,25,20,30,9.5,0,0,0,0.16,353,0
2016,9,25,21,30,8.8,0,0,0,0.16,182,0
2016,9,25,22,30,8.1,0,0,0,0.16,14,0
2016,9,25,23,30,7.6000000000000005,0,0,0,0.16,24,0
2016,9,26,0,30,7,0,0,0,0.16,32,0
2016,9,26,1,30,6.5,0,0,0,0.16,37,0.1
2016,9,26,2,30,6,0,0,0,0.16,37,0.2
2016,9,26,3,30,5.5,0,0,0,0.16,34,0.4
2016,9,26,4,30,5.2,0,0,0,0.16,33,0.5
2016,9,26,5,30,5.9,0,0,0,0.16,35,0.30000000000000004
2016,9,26,6,30,8.6,569,32,112,0.16,44,0.1
2016,9,26,7,30,12.5,792,50,305,0.16,78,0
2016,9,26,8,30,15.9,894,59,490,0.16,154,0
2016,9,26,9,30,18,940,66,637,0.16,201,0
2016,9,26,10,30,19.5,960,72,735,0.16,198,0
2016,9,26,11,30,20.5,961,74,771,0.16,197,0
2016,9,26,12,30,21.200000000000003,562,223,621,0.16,196,0
2016,9,26,13,30,21.3,583,185,560,0.16,196,0
2016,9,26,14,30,20.8,491,180,441,0.16,194,0
2016,9,26,15,30,19.8,108,210,251,0.16,189,0
2016,9,26,16,30,18.3,36,98,106,0.16,182,0
2016,9,26,17,30,16.6,0,6,6,0.16,175,0
2016,9,26,18,30,15.200000000000001,0,0,0,0.16,171,0
2016,9,26,19,30,14.4,0,0,0,0.16,171,0
2016,9,26,20,30,13.9,0,0,0,0.16,174,0
2016,9,26,21,30,13.700000000000001,0,0,0,0.16,178,0
2016,9,26,22,30,13.8,0,0,0,0.16,182,0
2016,9,26,23,30,14.3,0,0,0,0.16,185,0
2016,9,27,0,30,14.9,0,0,0,0.16,190,0
2016,9,27,1,30,15.100000000000001,0,0,0,0.16,197,0
2016,9,27,2,30,15.3,0,0,0,0.16,199,0
2016,9,27,3,30,15.5,0,0,0,0.16,211,0
2016,9,27,4,30,15.5,0,0,0,0.16,236,0.2
2016,9,27,5,30,15.600000000000001,0,0,0,0.16,254,0.30000000000000004
2016,9,27,6,30,16.2,0,24,24,0.16,228,0.2
2016,9,27,7,30,17.400000000000002,58,152,171,0.16,262,0
2016,9,27,8,30,18.900000000000002,25,200,212,0.16,335,0
2016,9,27,9,30,20.400000000000002,215,298,428,0.16,342,0
2016,9,27,10,30,21.700000000000003,295,326,528,0.16,337,0
2016,9,27,11,30,22.700000000000003,351,326,579,0.16,303,0
2016,9,27,12,30,23.400000000000002,436,284,591,0.16,244,0
2016,9,27,13,30,23.700000000000003,317,283,485,0.16,206,0
2016,9,27,14,30,23.400000000000002,311,221,386,0.16,193,0
2016,9,27,15,30,22.400000000000002,404,139,292,0.16,183,0
2016,9,27,16,30,20,563,48,163,0.16,173,0.2
2016,9,27,17,30,17.3,122,10,12,0.16,167,0.30000000000000004
2016,9,27,18,30,15.8,0,0,0,0.16,168,0.2
2016,9,27,19,30,15,0,0,0,0.16,175,0.1
2016,9,27,20,30,14.3,0,0,0,0.16,187,0.2
2016,9,27,21,30,14.100000000000001,0,0,0,0.16,199,0.5
2016,9,27,22,30,14.600000000000001,0,0,0,0.16,212,0.6000000000000001
2016,9,27,23,30,14.8,0,0,0,0.16,121,0.5
2016,9,28,0,30,13.600000000000001,0,0,0,0.16,30,0.5
2016,9,28,1,30,12.200000000000001,0,0,0,0.16,41,0.4
2016,9,28,2,30,11.9,0,0,0,0.16,53,0.1
2016,9,28,3,30,12.200000000000001,0,0,0,0.16,66,0
2016,9,28,4,30,12.100000000000001,0,0,0,0.16,67,0
2016,9,28,5,30,12.4,0,0,0,0.16,61,0
2016,9,28,6,30,13.9,11,56,57,0.16,56,0
2016,9,28,7,30,15.9,17,158,164,0.16,62,0
2016,9,28,8,30,17.5,12,208,214,0.16,67,0
2016,9,28,9,30,18.8,70,323,365,0.16,67,0
2016,9,28,10,30,19.5,17,248,259,0.16,64,0
2016,9,28,11,30,19.700000000000003,7,226,231,0.16,61,0
2016,9,28,12,30,19.400000000000002,65,297,343,0.16,59,0
2016,9,28,13,30,18.5,131,305,387,0.16,58,0
2016,9,28,14,30,17.400000000000002,1,102,102,0.16,58,0
2016,9,28,15,30,16.3,1,62,62,0.16,56,0
2016,9,28,16,30,15.200000000000001,1,39,40,0.16,54,0
2016,9,28,17,30,14.3,0,0,0,0.16,53,0
2016,9,28,18,30,13.600000000000001,0,0,0,0.16,53,0
2016,9,28,19,30,13.100000000000001,0,0,0,0.16,49,0
2016,9,28,20,30,12.700000000000001,0,0,0,0.16,46,0
2016,9,28,21,30,12.5,0,0,0,0.16,46,0
2016,9,28,22,30,12.600000000000001,0,0,0,0.16,47,0
2016,9,28,23,30,12.700000000000001,0,0,0,0.16,49,0
2016,9,29,0,30,12.700000000000001,0,0,0,0.16,50,0
2016,9,29,1,30,12.8,0,0,0,0.16,48,0
2016,9,29,2,30,12.8,0,0,0,0.16,42,0
2016,9,29,3,30,12.700000000000001,0,0,0,0.16,40,0
2016,9,29,4,30,12.600000000000001,0,0,0,0.16,41,0
2016,9,29,5,30,12.5,0,0,0,0.16,43,0
2016,9,29,6,30,12.9,374,39,88,0.16,48,0
2016,9,29,7,30,13.8,24,119,126,0.16,54,0
2016,9,29,8,30,15,758,84,441,0.16,58,0
2016,9,29,9,30,16.1,820,95,584,0.16,62,0
2016,9,29,10,30,16.900000000000002,598,181,586,0.16,64,0
2016,9,29,11,30,17.6,859,106,717,0.16,66,0
2016,9,29,12,30,18.3,502,224,573,0.16,66,0
2016,9,29,13,30,18.6,527,180,511,0.16,66,0
2016,9,29,14,30,18.3,802,80,494,0.16,66,0
2016,9,29,15,30,17.5,711,67,329,0.16,67,0
2016,9,29,16,30,16.3,2,74,75,0.16,69,0
2016,9,29,17,30,14.9,0,0,0,0.16,71,0
2016,9,29,18,30,13.700000000000001,0,0,0,0.16,71,0
2016,9,29,19,30,12.700000000000001,0,0,0,0.16,68,0
2016,9,29,20,30,11.9,0,0,0,0.16,64,0
2016,9,29,21,30,11.4,0,0,0,0.16,60,0
2016,9,29,22,30,11.3,0,0,0,0.16,57,0
2016,9,29,23,30,11.3,0,0,0,0.16,57,0
2016,9,30,0,30,11.4,0,0,0,0.16,58,0
2016,9,30,1,30,11.4,0,0,0,0.16,57,0
2016,9,30,2,30,11.4,0,0,0,0.16,56,0
2016,9,30,3,30,11.3,0,0,0,0.16,54,0
2016,9,30,4,30,11.3,0,0,0,0.16,52,0
2016,9,30,5,30,11.3,0,0,0,0.16,52,0
2016,9,30,6,30,11.9,0,43,43,0.16,53,0
2016,9,30,7,30,13,29,118,127,0.16,54,0
2016,9,30,8,30,14.200000000000001,188,209,296,0.16,57,0
2016,9,30,9,30,15.4,123,277,350,0.16,58,0
2016,9,30,10,30,16.400000000000002,123,309,392,0.16,60,0
2016,9,30,11,30,16.7,183,315,444,0.16,62,0
2016,9,30,12,30,16.6,82,316,372,0.16,63,0
2016,9,30,13,30,16.2,19,216,228,0.16,63,0
2016,9,30,14,30,15.5,0,10,10,0.16,63,0
2016,9,30,15,30,14.600000000000001,2,74,75,0.16,62,0
2016,9,30,16,30,13.5,0,15,15,0.16,59,0
2016,9,30,17,30,12.5,0,0,0,0.16,54,0
2016,9,30,18,30,11.700000000000001,0,0,0,0.16,50,0
2016,9,30,19,30,15.4,0,0,0,0.15,205,0
2016,9,30,20,30,14.9,0,0,0,0.15,203,0
2016,9,30,21,30,14.600000000000001,0,0,0,0.15,204,0
2016,9,30,22,30,14.5,0,0,0,0.15,205,0
2016,9,30,23,30,14.4,0,0,0,0.15,208,0
2020,10,1,0,30,14.100000000000001,0,0,0,0.15,209,0
2020,10,1,1,30,13.9,0,0,0,0.15,211,0
2020,10,1,2,30,13.600000000000001,0,0,0,0.15,211,0
2020,10,1,3,30,13.3,0,0,0,0.15,211,0
2020,10,1,4,30,12.600000000000001,0,0,0,0.15,207,0
2020,10,1,5,30,12.700000000000001,0,0,0,0.15,205,0
2020,10,1,6,30,14.4,398,37,86,0.15,203,0
2020,10,1,7,30,17.1,657,63,263,0.15,205,0
2020,10,1,8,30,19.700000000000003,771,78,435,0.15,213,0
2020,10,1,9,30,21.700000000000003,743,119,555,0.15,216,0
2020,10,1,10,30,23,549,199,566,0.15,217,0
2020,10,1,11,30,23.8,304,271,484,0.15,220,0
2020,10,1,12,30,24.200000000000003,636,187,622,0.15,223,0
2020,10,1,13,30,24.1,568,184,535,0.15,226,0
2020,10,1,14,30,23.6,502,142,396,0.15,229,0
2020,10,1,15,30,22.6,389,127,266,0.15,232,0
2020,10,1,16,30,20.400000000000002,1,63,63,0.15,246,0
2020,10,1,17,30,17.6,22,4,4,0.15,262,0.1
2020,10,1,18,30,16,0,0,0,0.15,266,0.2
2020,10,1,19,30,15.200000000000001,0,0,0,0.15,267,0.30000000000000004
2020,10,1,20,30,14.5,0,0,0,0.15,268,0.30000000000000004
2020,10,1,21,30,14,0,0,0,0.15,274,0.30000000000000004
2020,10,1,22,30,13.600000000000001,0,0,0,0.15,277,0.2
2020,10,1,23,30,13.3,0,0,0,0.15,279,0.2
2020,10,2,0,30,13.100000000000001,0,0,0,0.15,296,0.2
2020,10,2,1,30,12.8,0,0,0,0.15,315,0.30000000000000004
2020,10,2,2,30,12.700000000000001,0,0,0,0.15,321,0.30000000000000004
2020,10,2,3,30,12.700000000000001,0,0,0,0.15,322,0.30000000000000004
2020,10,2,4,30,12.4,0,0,0,0.15,324,0.30000000000000004
2020,10,2,5,30,12.200000000000001,0,0,0,0.15,327,0.2
2020,10,2,6,30,12.600000000000001,179,30,51,0.15,322,0
2020,10,2,7,30,13.600000000000001,0,14,14,0.15,310,0
2020,10,2,8,30,14.600000000000001,0,57,57,0.15,297,0
2020,10,2,9,30,15,0,40,40,0.15,286,0
2020,10,2,10,30,15.100000000000001,0,53,53,0.15,284,0
2020,10,2,11,30,15.600000000000001,0,44,44,0.15,287,0
2020,10,2,12,30,16.6,0,98,98,0.15,292,0
2020,10,2,13,30,17.8,92,334,390,0.15,296,0
2020,10,2,14,30,18.2,731,103,468,0.15,299,0
2020,10,2,15,30,17.7,759,61,328,0.15,304,0
2020,10,2,16,30,15.5,561,42,141,0.15,308,0.1
2020,10,2,17,30,12.600000000000001,54,6,5,0.15,312,0.1
2020,10,2,18,30,11.100000000000001,0,0,0,0.15,316,0.1
2020,10,2,19,30,10.4,0,0,0,0.15,320,0.2
2020,10,2,20,30,9.8,0,0,0,0.15,322,0.4
2020,10,2,21,30,9.3,0,0,0,0.15,321,0.4
2020,10,2,22,30,8.8,0,0,0,0.15,323,0.2
2020,10,2,23,30,8.4,0,0,0,0.15,327,0.1
2020,10,3,0,30,8,0,0,0,0.15,324,0
2020,10,3,1,30,7.7,0,0,0,0.15,319,0
2020,10,3,2,30,7.5,0,0,0,0.15,318,0
2020,10,3,3,30,7.300000000000001,0,0,0,0.15,317,0
2020,10,3,4,30,7.1000000000000005,0,0,0,0.15,317,0
2020,10,3,5,30,7.6000000000000005,0,0,0,0.15,318,0
2020,10,3,6,30,9.4,187,46,68,0.15,323,0
2020,10,3,7,30,12.3,714,56,268,0.15,319,0
2020,10,3,8,30,15.100000000000001,656,116,414,0.15,298,0
2020,10,3,9,30,17.1,891,77,592,0.15,275,0
2020,10,3,10,30,18.3,919,83,689,0.15,267,0
2020,10,3,11,30,19.200000000000003,934,83,729,0.15,266,0
2020,10,3,12,30,19.700000000000003,932,80,708,0.15,266,0
2020,10,3,13,30,19.8,544,169,499,0.15,269,0
2020,10,3,14,30,19.400000000000002,454,147,372,0.15,275,0
2020,10,3,15,30,18.5,6,87,89,0.15,283,0
2020,10,3,16,30,15.8,162,78,106,0.15,298,0.2
2020,10,3,17,30,12.600000000000001,31,4,3,0.15,314,0.4
2020,10,3,18,30,11.200000000000001,0,0,0,0.15,323,0.2
2020,10,3,19,30,10.5,0,0,0,0.15,337,0.1
2020,10,3,20,30,9.8,0,0,0,0.15,348,0
2020,10,3,21,30,9.200000000000001,0,0,0,0.15,349,0
2020,10,3,22,30,8.700000000000001,0,0,0,0.15,350,0
2020,10,3,23,30,8.200000000000001,0,0,0,0.15,354,0
2020,10,4,0,30,7.5,0,0,0,0.15,178,0
2020,10,4,1,30,6.800000000000001,0,0,0,0.15,3,0
2020,10,4,2,30,6.300000000000001,0,0,0,0.15,9,0
2020,10,4,3,30,5.800000000000001,0,0,0,0.15,12,0.1
2020,10,4,4,30,5.6000000000000005,0,0,0,0.15,13,0.30000000000000004
2020,10,4,5,30,6,0,0,0,0.15,12,0.30000000000000004
2020,10,4,6,30,8.1,444,32,82,0.15,14,0.1
2020,10,4,7,30,11.8,552,80,242,0.15,32,0
2020,10,4,8,30,15.600000000000001,125,245,301,0.15,60,0
2020,10,4,9,30,17.900000000000002,598,182,525,0.15,88,0
2020,10,4,10,30,19.1,916,80,680,0.15,118,0
2020,10,4,11,30,19.900000000000002,792,143,687,0.15,145,0
2020,10,4,12,30,20.200000000000003,902,90,693,0.15,158,0
2020,10,4,13,30,20.3,868,88,610,0.15,160,0
2020,10,4,14,30,19.900000000000002,810,81,477,0.15,154,0
2020,10,4,15,30,19,703,68,307,0.15,123,0.1
2020,10,4,16,30,16.5,472,46,124,0.15,94,0.4
2020,10,4,17,30,13.600000000000001,17,2,2,0.15,95,0.5
2020,10,4,18,30,12.600000000000001,0,0,0,0.15,102,0.2
2020,10,4,19,30,12.200000000000001,0,0,0,0.15,109,0.1
2020,10,4,20,30,11.200000000000001,0,0,0,0.15,104,0.2
2020,10,4,21,30,10.3,0,0,0,0.15,83,0.2
2020,10,4,22,30,10,0,0,0,0.15,64,0.1
2020,10,4,23,30,10.200000000000001,0,0,0,0.15,54,0
2020,10,5,0,30,10.4,0,0,0,0.15,49,0
2020,10,5,1,30,10.100000000000001,0,0,0,0.15,45,0
2020,10,5,2,30,9.9,0,0,0,0.15,39,0
2020,10,5,3,30,9.8,0,0,0,0.15,33,0
2020,10,5,4,30,9.5,0,0,0,0.15,30,0
2020,10,5,5,30,9.600000000000001,0,0,0,0.15,27,0
2020,10,5,6,30,10.8,0,34,34,0.15,29,0
2020,10,5,7,30,12.9,2,91,92,0.15,42,0
2020,10,5,8,30,15.100000000000001,253,181,294,0.15,54,0
2020,10,5,9,30,17.400000000000002,842,87,567,0.15,53,0
2020,10,5,10,30,19.200000000000003,874,93,661,0.15,47,0
2020,10,5,11,30,20.3,665,176,630,0.15,41,0
2020,10,5,12,30,20.900000000000002,164,230,339,0.15,44,0
2020,10,5,13,30,20.8,341,178,381,0.15,56,0
2020,10,5,14,30,20.3,33,202,218,0.15,115,0
2020,10,5,15,30,19.400000000000002,688,69,299,0.15,163,0.1
2020,10,5,16,30,17.6,453,46,118,0.15,156,0.30000000000000004
2020,10,5,17,30,15.5,14,2,2,0.15,155,0.5
2020,10,5,18,30,14,0,0,0,0.15,159,0.2
2020,10,5,19,30,13.4,0,0,0,0.15,168,0
2020,10,5,20,30,12.9,0,0,0,0.15,178,0
2020,10,5,21,30,12.3,0,0,0,0.15,183,0
2020,10,5,22,30,12,0,0,0,0.15,187,0
2020,10,5,23,30,11.600000000000001,0,0,0,0.15,187,0
2020,10,6,0,30,11.200000000000001,0,0,0,0.15,187,0
2020,10,6,1,30,11.100000000000001,0,0,0,0.15,188,0
2020,10,6,2,30,11.100000000000001,0,0,0,0.15,188,0
2020,10,6,3,30,11,0,0,0,0.15,188,0
2020,10,6,4,30,10.9,0,0,0,0.15,185,0
2020,10,6,5,30,11.200000000000001,0,0,0,0.15,179,0
2020,10,6,6,30,12.5,341,35,71,0.15,169,0
2020,10,6,7,30,14.4,177,75,126,0.15,167,0
2020,10,6,8,30,16.6,0,97,97,0.15,174,0
2020,10,6,9,30,18.6,10,226,232,0.15,180,0
2020,10,6,10,30,19.6,96,256,318,0.15,184,0
2020,10,6,11,30,19.900000000000002,33,244,266,0.15,188,0
2020,10,6,12,30,20.200000000000003,3,175,177,0.15,190,0
2020,10,6,13,30,20.400000000000002,559,184,514,0.15,193,0
2020,10,6,14,30,20.3,485,135,367,0.15,195,0
2020,10,6,15,30,19.5,351,62,178,0.15,197,0
2020,10,6,16,30,18,482,42,116,0.15,197,0
2020,10,6,17,30,16,0,0,0,0.15,196,0
2020,10,6,18,30,14.4,0,0,0,0.15,192,0
2020,10,6,19,30,13.3,0,0,0,0.16,188,0
2020,10,6,20,30,12.5,0,0,0,0.16,189,0
2020,10,6,21,30,12,0,0,0,0.16,198,0
2020,10,6,22,30,11.700000000000001,0,0,0,0.16,208,0
2020,10,6,23,30,11.9,0,0,0,0.16,214,0
2020,10,7,0,30,12.3,0,0,0,0.16,215,0
2020,10,7,1,30,12.4,0,0,0,0.16,214,0
2020,10,7,2,30,11.9,0,0,0,0.16,213,0
2020,10,7,3,30,11.700000000000001,0,0,0,0.16,213,0
2020,10,7,4,30,11.8,0,0,0,0.16,212,0
2020,10,7,5,30,12,0,0,0,0.16,209,0
2020,10,7,6,30,13,14,35,36,0.16,203,0
2020,10,7,7,30,15.4,194,100,155,0.16,206,0
2020,10,7,8,30,18.400000000000002,740,83,408,0.16,216,0
2020,10,7,9,30,20.8,545,180,486,0.16,218,0
2020,10,7,10,30,22.200000000000003,471,251,553,0.16,219,0
2020,10,7,11,30,23,43,273,302,0.16,220,0.1
2020,10,7,12,30,23.3,0,90,90,0.16,224,0.1
2020,10,7,13,30,23.1,0,31,31,0.16,230,0.1
2020,10,7,14,30,21.900000000000002,1,83,83,0.16,244,0.1
2020,10,7,15,30,19.900000000000002,0,45,45,0.16,262,0
2020,10,7,16,30,18.3,2,59,59,0.16,269,0
2020,10,7,17,30,17.400000000000002,0,0,0,0.16,270,0
2020,10,7,18,30,16.900000000000002,0,0,0,0.16,273,0
2020,10,7,19,30,16.2,0,0,0,0.16,278,0
2020,10,7,20,30,15.200000000000001,0,0,0,0.16,282,0
2020,10,7,21,30,14.4,0,0,0,0.16,284,0
2020,10,7,22,30,13.8,0,0,0,0.16,285,0
2020,10,7,23,30,13.5,0,0,0,0.16,286,0
2020,10,8,0,30,13.200000000000001,0,0,0,0.16,289,0
2020,10,8,1,30,12.8,0,0,0,0.16,292,0
2020,10,8,2,30,12.3,0,0,0,0.16,295,0
2020,10,8,3,30,11.700000000000001,0,0,0,0.16,297,0
2020,10,8,4,30,10.9,0,0,0,0.16,299,0
2020,10,8,5,30,10.100000000000001,0,0,0,0.16,301,0
2020,10,8,6,30,10,474,28,75,0.16,304,0
2020,10,8,7,30,10.8,763,46,258,0.16,305,0
2020,10,8,8,30,12.200000000000001,879,56,438,0.16,305,0.1
2020,10,8,9,30,13.700000000000001,937,62,584,0.16,303,0.1
2020,10,8,10,30,15,961,66,677,0.16,302,0.1
2020,10,8,11,30,15.9,972,66,715,0.16,301,0.1
2020,10,8,12,30,16.400000000000002,964,65,690,0.16,300,0.1
2020,10,8,13,30,16.400000000000002,937,62,606,0.16,301,0.1
2020,10,8,14,30,16,889,58,474,0.16,302,0.1
2020,10,8,15,30,15,792,49,301,0.16,303,0.1
2020,10,8,16,30,13.600000000000001,570,33,115,0.16,305,0
2020,10,8,17,30,12.100000000000001,0,0,0,0.16,305,0
2020,10,8,18,30,11,0,0,0,0.16,307,0
2020,10,8,19,30,10,0,0,0,0.16,307,0
2020,10,8,20,30,8.9,0,0,0,0.16,303,0
2020,10,8,21,30,7.5,0,0,0,0.16,291,0
2020,10,8,22,30,6.5,0,0,0,0.16,282,0
2020,10,8,23,30,6,0,0,0,0.16,285,0
2020,10,9,0,30,5.7,0,0,0,0.16,296,0
2020,10,9,1,30,5.4,0,0,0,0.16,309,0
2020,10,9,2,30,5.1000000000000005,0,0,0,0.16,320,0
2020,10,9,3,30,4.6000000000000005,0,0,0,0.16,323,0.1
2020,10,9,4,30,4.1000000000000005,0,0,0,0.16,325,0.1
2020,10,9,5,30,4,0,0,0,0.16,331,0.2
2020,10,9,6,30,6,426,28,69,0.16,340,0.1
2020,10,9,7,30,9.3,722,50,248,0.16,345,0
2020,10,9,8,30,11.9,846,62,426,0.16,333,0
2020,10,9,9,30,13.9,906,70,570,0.16,314,0
2020,10,9,10,30,15.4,935,75,665,0.16,297,0
2020,10,9,11,30,16.5,939,78,700,0.16,279,0
2020,10,9,12,30,17.400000000000002,927,78,674,0.16,263,0
2020,10,9,13,30,18,895,74,589,0.16,252,0
2020,10,9,14,30,18.1,826,70,452,0.16,245,0
2020,10,9,15,30,17.400000000000002,684,64,278,0.16,236,0
2020,10,9,16,30,14.700000000000001,387,43,96,0.16,228,0.1
2020,10,9,17,30,12.4,0,0,0,0.16,221,0.1
2020,10,9,18,30,12.200000000000001,0,0,0,0.16,210,0
2020,10,9,19,30,11.8,0,0,0,0.15,201,0
2020,10,9,20,30,11.200000000000001,0,0,0,0.15,195,0
2020,10,9,21,30,11.3,0,0,0,0.15,195,0
2020,10,9,22,30,11.600000000000001,0,0,0,0.15,200,0
2020,10,9,23,30,11.8,0,0,0,0.15,205,0
2020,10,10,0,30,11.8,0,0,0,0.15,209,0
2020,10,10,1,30,11.600000000000001,0,0,0,0.15,212,0
2020,10,10,2,30,11.5,0,0,0,0.15,212,0
2020,10,10,3,30,11.3,0,0,0,0.15,210,0
2020,10,10,4,30,11.100000000000001,0,0,0,0.15,206,0
2020,10,10,5,30,11.200000000000001,0,0,0,0.15,202,0
2020,10,10,6,30,12.3,261,33,57,0.15,200,0
2020,10,10,7,30,14.9,563,69,221,0.15,207,0
2020,10,10,8,30,17.8,694,91,387,0.15,214,0.1
2020,10,10,9,30,20.200000000000003,776,101,526,0.15,215,0.1
2020,10,10,10,30,22.200000000000003,835,99,622,0.15,214,0
2020,10,10,11,30,23.700000000000003,845,100,656,0.15,213,0
2020,10,10,12,30,24.6,841,97,634,0.15,213,0
2020,10,10,13,30,24.900000000000002,818,89,555,0.15,212,0
2020,10,10,14,30,24.700000000000003,753,81,425,0.15,210,0
2020,10,10,15,30,23.700000000000003,626,68,261,0.15,207,0
2020,10,10,16,30,22.1,347,42,88,0.15,205,0
2020,10,10,17,30,20.5,0,0,0,0.15,205,0
2020,10,10,18,30,19.3,0,0,0,0.15,210,0
2020,10,10,19,30,18.6,0,0,0,0.15,217,0
2020,10,10,20,30,18.1,0,0,0,0.15,223,0
2020,10,10,21,30,17.6,0,0,0,0.15,234,0
2020,10,10,22,30,17.2,0,0,0,0.15,250,0
2020,10,10,23,30,17.1,0,0,0,0.15,267,0
2020,10,11,0,30,16.5,0,0,0,0.15,282,0
2020,10,11,1,30,15.4,0,0,0,0.15,303,0
2020,10,11,2,30,14.9,0,0,0,0.15,331,0
2020,10,11,3,30,14.4,0,0,0,0.15,351,0
2020,10,11,4,30,13.5,0,0,0,0.15,358,0
2020,10,11,5,30,12.3,0,0,0,0.15,180,0
2020,10,11,6,30,12,15,43,44,0.15,5,0
2020,10,11,7,30,12.9,169,129,174,0.15,10,0
2020,10,11,8,30,14.5,415,159,334,0.15,13,0
2020,10,11,9,30,16.1,878,78,555,0.15,17,0
2020,10,11,10,30,17.400000000000002,525,198,525,0.15,21,0
2020,10,11,11,30,18.3,417,259,531,0.15,23,0
2020,10,11,12,30,18.8,499,214,530,0.15,26,0
2020,10,11,13,30,18.7,631,152,508,0.15,33,0
2020,10,11,14,30,18,195,220,308,0.15,44,0
2020,10,11,15,30,16.5,44,130,143,0.15,58,0
2020,10,11,16,30,14.3,4,46,47,0.15,69,0
2020,10,11,17,30,13,0,0,0,0.15,74,0
2020,10,11,18,30,12.600000000000001,0,0,0,0.15,74,0
2020,10,11,19,30,12.100000000000001,0,0,0,0.15,76,0
2020,10,11,20,30,11.5,0,0,0,0.15,82,0
2020,10,11,21,30,10.8,0,0,0,0.15,86,0
2020,10,11,22,30,10.4,0,0,0,0.15,82,0
2020,10,11,23,30,10.100000000000001,0,0,0,0.15,74,0
2020,10,12,0,30,9.8,0,0,0,0.15,69,0
2020,10,12,1,30,9.600000000000001,0,0,0,0.15,69,0
2020,10,12,2,30,9.5,0,0,0,0.15,71,0
2020,10,12,3,30,9.3,0,0,0,0.15,71,0
2020,10,12,4,30,8.9,0,0,0,0.15,68,0
2020,10,12,5,30,8.700000000000001,0,0,0,0.15,64,0
2020,10,12,6,30,8.6,0,8,8,0.15,63,0
2020,10,12,7,30,9.1,0,35,35,0.15,68,0
2020,10,12,8,30,9.9,4,95,97,0.15,75,0
2020,10,12,9,30,11.200000000000001,0,70,70,0.15,80,0
2020,10,12,10,30,12.9,30,263,282,0.15,82,0
2020,10,12,11,30,14.3,17,269,280,0.15,85,0
2020,10,12,12,30,15,14,269,278,0.15,87,0
2020,10,12,13,30,15.200000000000001,16,223,232,0.15,86,0
2020,10,12,14,30,14.9,183,174,256,0.15,84,0
2020,10,12,15,30,14.200000000000001,88,39,65,0.15,82,0
2020,10,12,16,30,13.200000000000001,375,36,82,0.15,79,0
2020,10,12,17,30,12.100000000000001,0,0,0,0.15,75,0
2020,10,12,18,30,11.3,0,0,0,0.15,72,0
2020,10,12,19,30,10.600000000000001,0,0,0,0.15,70,0
2020,10,12,20,30,10.100000000000001,0,0,0,0.15,68,0
2020,10,12,21,30,9.8,0,0,0,0.15,65,0
2020,10,12,22,30,9.700000000000001,0,0,0,0.15,64,0
2020,10,12,23,30,9.8,0,0,0,0.15,64,0
2020,10,13,0,30,10,0,0,0,0.15,66,0
2020,10,13,1,30,10.100000000000001,0,0,0,0.15,67,0
2020,10,13,2,30,10.100000000000001,0,0,0,0.15,68,0
2020,10,13,3,30,10.200000000000001,0,0,0,0.15,67,0
2020,10,13,4,30,10.3,0,0,0,0.15,65,0
2020,10,13,5,30,10.4,0,0,0,0.15,64,0
2020,10,13,6,30,10.8,56,10,15,0.15,64,0
2020,10,13,7,30,11.600000000000001,54,70,84,0.15,62,0
2020,10,13,8,30,12.8,25,160,170,0.15,61,0
2020,10,13,9,30,14.100000000000001,0,66,66,0.15,63,0
2020,10,13,10,30,15.3,0,123,123,0.15,67,0
2020,10,13,11,30,16.400000000000002,0,24,24,0.15,67,0
2020,10,13,12,30,17,0,14,14,0.15,63,0
2020,10,13,13,30,17,0,23,23,0.15,46,0
2020,10,13,14,30,16.5,2,55,56,0.15,17,0
2020,10,13,15,30,15.700000000000001,160,30,77,0.15,171,0
2020,10,13,16,30,14.8,0,9,9,0.15,339,0
2020,10,13,17,30,13.8,0,0,0,0.15,333,0
2020,10,13,18,30,13,0,0,0,0.15,333,0
2020,10,13,19,30,12.3,0,0,0,0.15,334,0
2020,10,13,20,30,11.700000000000001,0,0,0,0.15,332,0
2020,10,13,21,30,11.3,0,0,0,0.15,325,0
2020,10,13,22,30,11,0,0,0,0.15,319,0
2020,10,13,23,30,10.700000000000001,0,0,0,0.15,314,0
2020,10,14,0,30,10.3,0,0,0,0.15,308,0
2020,10,14,1,30,9.9,0,0,0,0.15,303,0
2020,10,14,2,30,9.4,0,0,0,0.15,299,0
2020,10,14,3,30,9,0,0,0,0.15,296,0
2020,10,14,4,30,8.700000000000001,0,0,0,0.15,296,0
2020,10,14,5,30,8.5,0,0,0,0.15,297,0
2020,10,14,6,30,9,364,27,55,0.15,300,0
2020,10,14,7,30,10.8,690,50,226,0.15,304,0
2020,10,14,8,30,13.8,824,64,401,0.15,308,0
2020,10,14,9,30,16.8,892,71,544,0.15,305,0
2020,10,14,10,30,18.900000000000002,928,74,638,0.15,294,0
2020,10,14,11,30,20.200000000000003,937,74,672,0.15,283,0
2020,10,14,12,30,20.8,928,74,647,0.15,277,0
2020,10,14,13,30,20.8,894,72,562,0.15,274,0
2020,10,14,14,30,20.5,833,65,428,0.15,270,0
2020,10,14,15,30,19,721,53,259,0.15,270,0.1
2020,10,14,16,30,16.3,319,38,74,0.15,268,0.5
2020,10,14,17,30,14.4,0,0,0,0.15,261,0.8
2020,10,14,18,30,13.5,0,0,0,0.15,248,0.8
2020,10,14,19,30,12.600000000000001,0,0,0,0.15,237,0.7000000000000001
2020,10,14,20,30,11.8,0,0,0,0.15,235,0.6000000000000001
2020,10,14,21,30,11,0,0,0,0.15,233,0.6000000000000001
2020,10,14,22,30,10.4,0,0,0,0.15,224,0.5
2020,10,14,23,30,9.8,0,0,0,0.15,209,0.5
2020,10,15,0,30,9.1,0,0,0,0.15,201,0.5
2020,10,15,1,30,8.6,0,0,0,0.15,204,0.5
2020,10,15,2,30,8.200000000000001,0,0,0,0.15,210,0.4
2020,10,15,3,30,7.9,0,0,0,0.15,206,0.30000000000000004
2020,10,15,4,30,7.9,0,0,0,0.15,195,0.1
2020,10,15,5,30,8.8,0,0,0,0.15,185,0
2020,10,15,6,30,11.200000000000001,314,26,49,0.15,175,0
2020,10,15,7,30,14.600000000000001,658,51,216,0.15,171,0
2020,10,15,8,30,17.7,188,200,276,0.15,179,0
2020,10,15,9,30,20.200000000000003,869,71,528,0.15,186,0
2020,10,15,10,30,21.6,902,76,620,0.15,188,0
2020,10,15,11,30,22.3,915,78,657,0.15,188,0.1
2020,10,15,12,30,22.5,910,76,633,0.15,187,0.1
2020,10,15,13,30,22.1,886,72,553,0.15,185,0.1
2020,10,15,14,30,21.3,826,65,420,0.15,184,0.1
2020,10,15,15,30,19.900000000000002,707,53,252,0.15,182,0
2020,10,15,16,30,18.2,423,32,77,0.15,182,0
2020,10,15,17,30,16.8,0,0,0,0.15,181,0
2020,10,15,18,30,16,0,0,0,0.15,184,0
2020,10,15,19,30,15.600000000000001,0,0,0,0.15,187,0
2020,10,15,20,30,15.4,0,0,0,0.15,188,0
2020,10,15,21,30,15.5,0,0,0,0.15,188,0
2020,10,15,22,30,15.600000000000001,0,0,0,0.15,188,0
2020,10,15,23,30,16,0,0,0,0.15,187,0
2020,10,16,0,30,16.3,0,0,0,0.15,188,0
2020,10,16,1,30,16.6,0,0,0,0.15,188,0
2020,10,16,2,30,16.900000000000002,0,0,0,0.15,188,0
2020,10,16,3,30,17,0,0,0,0.15,187,0
2020,10,16,4,30,16.900000000000002,0,0,0,0.15,185,0
2020,10,16,5,30,16.5,0,0,0,0.15,194,0
2020,10,16,6,30,16.900000000000002,217,27,42,0.15,199,0
2020,10,16,7,30,17.7,298,31,104,0.15,192,0
2020,10,16,8,30,17.8,0,26,26,0.15,208,0
2020,10,16,9,30,17.6,0,36,36,0.15,243,0
2020,10,16,10,30,16.8,0,55,55,0.15,276,0
2020,10,16,11,30,15.8,0,28,28,0.15,294,0
2020,10,16,12,30,14.700000000000001,0,36,36,0.15,303,0
2020,10,16,13,30,13.600000000000001,0,20,20,0.15,315,0
2020,10,16,14,30,12.5,0,17,17,0.15,328,0
2020,10,16,15,30,11.5,1,42,42,0.15,335,0
2020,10,16,16,30,10.700000000000001,0,13,13,0.15,335,0
2020,10,16,17,30,10.200000000000001,0,0,0,0.15,337,0
2020,10,16,18,30,9.700000000000001,0,0,0,0.15,343,0
2020,10,16,19,30,9.3,0,0,0,0.15,349,0
2020,10,16,20,30,9,0,0,0,0.15,352,0
2020,10,16,21,30,8.700000000000001,0,0,0,0.15,351,0
2020,10,16,22,30,8.3,0,0,0,0.15,343,0
2020,10,16,23,30,7.6000000000000005,0,0,0,0.15,335,0
2020,10,17,0,30,6.4,0,0,0,0.15,333,0
2020,10,17,1,30,4.800000000000001,0,0,0,0.15,333,0
2020,10,17,2,30,3.7,0,0,0,0.15,329,0
2020,10,17,3,30,3.2,0,0,0,0.15,314,0
2020,10,17,4,30,3,0,0,0,0.15,315,0
2020,10,17,5,30,3.4000000000000004,0,0,0,0.15,320,0
2020,10,17,6,30,4.1000000000000005,324,24,46,0.15,309,0
2020,10,17,7,30,5.6000000000000005,692,49,217,0.15,301,0
2020,10,17,8,30,7.6000000000000005,844,60,395,0.15,304,0
2020,10,17,9,30,9.700000000000001,922,66,542,0.15,311,0
2020,10,17,10,30,11.5,956,68,636,0.15,313,0.1
2020,10,17,11,30,12.700000000000001,967,70,672,0.15,311,0.1
2020,10,17,12,30,13.600000000000001,955,68,643,0.15,308,0
2020,10,17,13,30,13.9,927,65,559,0.15,309,0
2020,10,17,14,30,13.700000000000001,869,59,424,0.15,312,0
2020,10,17,15,30,12.3,753,48,252,0.15,316,0
2020,10,17,16,30,9.4,475,28,74,0.15,317,0.30000000000000004
2020,10,17,17,30,7.4,0,0,0,0.15,318,0.6000000000000001
2020,10,17,18,30,7.5,0,0,0,0.15,319,0.9
2020,10,17,19,30,8.200000000000001,0,0,0,0.15,319,0.9
2020,10,17,20,30,8.8,0,0,0,0.15,319,0.6000000000000001
2020,10,17,21,30,8.9,0,0,0,0.15,247,0.30000000000000004
2020,10,17,22,30,8.4,0,0,0,0.15,175,0.4
2020,10,17,23,30,7.7,0,0,0,0.15,170,0.7000000000000001
2020,10,18,0,30,7,0,0,0,0.15,159,0.9
2020,10,18,1,30,6.1000000000000005,0,0,0,0.15,146,1
2020,10,18,2,30,5,0,0,0,0.15,140,1
2020,10,18,3,30,4,0,0,0,0.15,138,1
2020,10,18,4,30,3.2,0,0,0,0.15,136,0.9
2020,10,18,5,30,2.6,0,0,0,0.15,135,0.6000000000000001
2020,10,18,6,30,4.4,290,24,42,0.15,131,0.30000000000000004
2020,10,18,7,30,7.7,419,84,184,0.15,121,0
2020,10,18,8,30,10.9,591,109,341,0.15,126,0
2020,10,18,9,30,13.5,423,200,417,0.15,142,0
2020,10,18,10,30,14.8,634,161,534,0.15,148,0
2020,10,18,11,30,15.600000000000001,849,101,626,0.15,151,0
2020,10,18,12,30,16.1,881,86,612,0.15,153,0
2020,10,18,13,30,16.1,415,197,416,0.15,155,0
2020,10,18,14,30,15.600000000000001,350,168,313,0.15,155,0
2020,10,18,15,30,14.3,438,88,204,0.15,153,0
2020,10,18,16,30,11.5,361,31,64,0.15,149,0
2020,10,18,17,30,9.3,0,0,0,0.15,146,0
2020,10,18,18,30,8.5,0,0,0,0.15,147,0
2020,10,18,19,30,7.5,0,0,0,0.14,146,0
2020,10,18,20,30,6.800000000000001,0,0,0,0.14,144,0
2020,10,18,21,30,6.300000000000001,0,0,0,0.14,143,0
2020,10,18,22,30,5.800000000000001,0,0,0,0.14,144,0.1
2020,10,18,23,30,5.6000000000000005,0,0,0,0.14,146,0.2
2020,10,19,0,30,5.5,0,0,0,0.14,143,0.30000000000000004
2020,10,19,1,30,5.6000000000000005,0,0,0,0.14,139,0.2
2020,10,19,2,30,5.7,0,0,0,0.14,134,0.1
2020,10,19,3,30,6.1000000000000005,0,0,0,0.14,134,0.2
2020,10,19,4,30,6.7,0,0,0,0.14,131,0.30000000000000004
2020,10,19,5,30,6.9,0,0,0,0.14,122,0.30000000000000004
2020,10,19,6,30,7.6000000000000005,158,24,33,0.14,118,0.1
2020,10,19,7,30,9.600000000000001,463,71,180,0.14,127,0
2020,10,19,8,30,12,664,87,345,0.14,147,0
2020,10,19,9,30,14.600000000000001,442,183,407,0.14,163,0
2020,10,19,10,30,16.5,759,119,562,0.14,168,0
2020,10,19,11,30,17.3,391,251,491,0.14,167,0
2020,10,19,12,30,17.3,2,205,206,0.14,163,0
2020,10,19,13,30,17.3,26,192,206,0.14,161,0
2020,10,19,14,30,17.1,4,131,133,0.14,166,0
2020,10,19,15,30,16,92,92,116,0.14,166,0
2020,10,19,16,30,13.8,106,31,40,0.14,161,0
2020,10,19,17,30,12.3,0,0,0,0.14,163,0
2020,10,19,18,30,11.9,0,0,0,0.14,166,0
2020,10,19,19,30,11.5,0,0,0,0.14,168,0
2020,10,19,20,30,10.9,0,0,0,0.14,172,0
2020,10,19,21,30,10.200000000000001,0,0,0,0.14,172,0
2020,10,19,22,30,9.600000000000001,0,0,0,0.14,172,0
2020,10,19,23,30,9.4,0,0,0,0.14,174,0
2020,10,20,0,30,9.4,0,0,0,0.14,173,0
2020,10,20,1,30,9.5,0,0,0,0.14,169,0
2020,10,20,2,30,9.8,0,0,0,0.14,165,0
2020,10,20,3,30,10,0,0,0,0.14,161,0
2020,10,20,4,30,10.5,0,0,0,0.14,160,0
2020,10,20,5,30,11.100000000000001,0,0,0,0.14,164,0
2020,10,20,6,30,12.200000000000001,0,6,6,0.14,167,0
2020,10,20,7,30,14.200000000000001,60,40,54,0.14,168,0
2020,10,20,8,30,16.5,495,104,294,0.14,175,0
2020,10,20,9,30,18.7,713,98,457,0.14,187,0
2020,10,20,10,30,20.200000000000003,6,186,189,0.14,195,0
2020,10,20,11,30,21.1,6,160,164,0.14,200,0
2020,10,20,12,30,21.6,90,249,302,0.14,199,0
2020,10,20,13,30,21.8,45,189,212,0.14,194,0
2020,10,20,14,30,21.5,63,186,211,0.14,183,0
2020,10,20,15,30,20.200000000000003,57,101,116,0.14,161,0.1
2020,10,20,16,30,18.2,0,24,24,0.14,147,0.30000000000000004
2020,10,20,17,30,16.8,0,0,0,0.14,149,0.30000000000000004
2020,10,20,18,30,16.3,0,0,0,0.14,159,0.2
2020,10,20,19,30,16,0,0,0,0.14,176,0.30000000000000004
2020,10,20,20,30,15.700000000000001,0,0,0,0.14,187,0.6000000000000001
2020,10,20,21,30,15.8,0,0,0,0.14,194,0.6000000000000001
2020,10,20,22,30,15.9,0,0,0,0.14,194,0.4
2020,10,20,23,30,15.700000000000001,0,0,0,0.14,141,0.30000000000000004
2020,10,21,0,30,15.100000000000001,0,0,0,0.14,95,0.4
2020,10,21,1,30,14.4,0,0,0,0.14,100,0.5
2020,10,21,2,30,13.8,0,0,0,0.14,106,0.4
2020,10,21,3,30,13.4,0,0,0,0.14,110,0.2
2020,10,21,4,30,13.3,0,0,0,0.14,107,0.1
2020,10,21,5,30,13.5,0,0,0,0.14,108,0
2020,10,21,6,30,14.100000000000001,182,21,30,0.14,120,0
2020,10,21,7,30,15.3,568,52,181,0.14,136,0
2020,10,21,8,30,17.1,637,80,322,0.14,155,0
2020,10,21,9,30,19.200000000000003,516,158,415,0.14,174,0
2020,10,21,10,30,21,7,217,221,0.14,189,0
2020,10,21,11,30,22.400000000000002,74,219,264,0.14,199,0
2020,10,21,12,30,23.3,446,173,433,0.14,203,0
2020,10,21,13,30,23.6,139,192,263,0.14,205,0
2020,10,21,14,30,23.200000000000003,488,74,269,0.14,205,0
2020,10,21,15,30,22.1,461,55,171,0.14,200,0
2020,10,21,16,30,20.5,257,28,48,0.14,194,0
2020,10,21,17,30,19,0,0,0,0.14,190,0
2020,10,21,18,30,18.2,0,0,0,0.14,190,0
2020,10,21,19,30,17.5,0,0,0,0.14,194,0
2020,10,21,20,30,17,0,0,0,0.14,199,0
2020,10,21,21,30,16.6,0,0,0,0.14,207,0
2020,10,21,22,30,16.2,0,0,0,0.14,220,0
2020,10,21,23,30,15.9,0,0,0,0.14,241,0
2020,10,22,0,30,15.5,0,0,0,0.14,264,0
2020,10,22,1,30,14.9,0,0,0,0.14,288,0
2020,10,22,2,30,14.3,0,0,0,0.14,315,0
2020,10,22,3,30,13.700000000000001,0,0,0,0.14,336,0
2020,10,22,4,30,13.3,0,0,0,0.14,352,0
2020,10,22,5,30,13,0,0,0,0.14,183,0
2020,10,22,6,30,14.100000000000001,120,20,26,0.14,8,0
2020,10,22,7,30,16.400000000000002,459,65,167,0.14,15,0
2020,10,22,8,30,18.8,640,88,328,0.14,25,0
2020,10,22,9,30,21,764,90,467,0.14,39,0
2020,10,22,10,30,22.8,841,82,561,0.14,100,0
2020,10,22,11,30,24.200000000000003,853,84,594,0.14,191,0
2020,10,22,12,30,25,842,82,568,0.14,232,0
2020,10,22,13,30,25.200000000000003,805,77,486,0.14,227,0
2020,10,22,14,30,24.900000000000002,729,70,358,0.14,219,0
2020,10,22,15,30,23.5,575,57,198,0.14,215,0.1
2020,10,22,16,30,21.400000000000002,232,27,44,0.14,195,0.30000000000000004
2020,10,22,17,30,19.6,0,0,0,0.14,162,0.30000000000000004
2020,10,22,18,30,18.3,0,0,0,0.14,150,0.2
2020,10,22,19,30,17.1,0,0,0,0.14,156,0.1
2020,10,22,20,30,15.9,0,0,0,0.14,156,0
2020,10,22,21,30,14.9,0,0,0,0.14,151,0
2020,10,22,22,30,14.3,0,0,0,0.14,144,0
2020,10,22,23,30,13.8,0,0,0,0.14,135,0
2020,10,23,0,30,13.5,0,0,0,0.14,129,0
2020,10,23,1,30,13.200000000000001,0,0,0,0.14,123,0
2020,10,23,2,30,13.200000000000001,0,0,0,0.14,120,0
2020,10,23,3,30,13.3,0,0,0,0.14,119,0
2020,10,23,4,30,13.3,0,0,0,0.14,119,0
2020,10,23,5,30,13.3,0,0,0,0.14,123,0
2020,10,23,6,30,13.8,120,19,24,0.14,126,0
2020,10,23,7,30,15.200000000000001,460,60,161,0.14,129,0
2020,10,23,8,30,17.2,0,39,39,0.14,136,0
2020,10,23,9,30,19,0,124,124,0.14,145,0
2020,10,23,10,30,20.400000000000002,0,150,150,0.14,156,0
2020,10,23,11,30,21.400000000000002,0,144,144,0.14,165,0
2020,10,23,12,30,22,1,201,202,0.14,168,0
2020,10,23,13,30,22.1,124,195,257,0.14,169,0
2020,10,23,14,30,21.6,210,129,211,0.14,168,0
2020,10,23,15,30,20.400000000000002,560,61,196,0.14,167,0
2020,10,23,16,30,18.5,219,27,42,0.14,167,0
2020,10,23,17,30,17,0,0,0,0.14,169,0
2020,10,23,18,30,16,0,0,0,0.14,172,0
2020,10,23,19,30,14.9,0,0,0,0.14,175,0
2020,10,23,20,30,14.100000000000001,0,0,0,0.14,173,0
2020,10,23,21,30,13.8,0,0,0,0.14,168,0
2020,10,23,22,30,13.5,0,0,0,0.14,166,0
2020,10,23,23,30,13.200000000000001,0,0,0,0.14,173,0
2020,10,24,0,30,12.9,0,0,0,0.14,184,0
2020,10,24,1,30,12.700000000000001,0,0,0,0.14,192,0
2020,10,24,2,30,12.5,0,0,0,0.14,198,0
2020,10,24,3,30,12.200000000000001,0,0,0,0.14,202,0
2020,10,24,4,30,12.100000000000001,0,0,0,0.14,201,0
2020,10,24,5,30,12.3,0,0,0,0.14,198,0
2020,10,24,6,30,13.5,144,18,24,0.14,193,0
2020,10,24,7,30,15.8,440,47,141,0.14,199,0
2020,10,24,8,30,18.1,0,65,65,0.14,215,0
2020,10,24,9,30,19.8,0,132,132,0.14,228,0
2020,10,24,10,30,20.700000000000003,15,215,223,0.14,242,0
2020,10,24,11,30,21.1,0,78,78,0.14,260,0
2020,10,24,12,30,20.8,0,35,35,0.14,282,0
2020,10,24,13,30,19.8,0,72,72,0.14,302,0
2020,10,24,14,30,18.3,0,46,46,0.14,314,0
2020,10,24,15,30,16.8,487,63,178,0.14,318,0
2020,10,24,16,30,15.100000000000001,204,27,40,0.14,318,0
2020,10,24,17,30,13.600000000000001,0,0,0,0.14,319,0
2020,10,24,18,30,12.5,0,0,0,0.14,325,0
2020,10,24,19,30,11.200000000000001,0,0,0,0.14,333,0
2020,10,24,20,30,9.9,0,0,0,0.14,338,0
2020,10,24,21,30,8.6,0,0,0,0.14,342,0
2020,10,24,22,30,7.5,0,0,0,0.14,346,0
2020,10,24,23,30,6.6000000000000005,0,0,0,0.14,348,0
2020,10,25,0,30,5.800000000000001,0,0,0,0.14,349,0
2020,10,25,1,30,5.1000000000000005,0,0,0,0.14,350,0
2020,10,25,2,30,4.6000000000000005,0,0,0,0.14,352,0
2020,10,25,3,30,4.1000000000000005,0,0,0,0.14,354,0
2020,10,25,4,30,3.8000000000000003,0,0,0,0.14,354,0
2020,10,25,5,30,3.5,0,0,0,0.14,355,0
2020,10,25,6,30,4,1,15,15,0.14,179,0
2020,10,25,7,30,5.5,10,78,80,0.14,11,0
2020,10,25,8,30,7.300000000000001,182,176,242,0.14,27,0
2020,10,25,9,30,8.6,228,216,325,0.14,33,0
2020,10,25,10,30,9.5,211,253,370,0.14,36,0
2020,10,25,11,30,10.200000000000001,111,255,320,0.14,40,0
2020,10,25,12,30,11,217,253,375,0.14,45,0
2020,10,25,13,30,11.5,100,227,276,0.14,53,0
2020,10,25,14,30,11.4,265,177,278,0.14,65,0
2020,10,25,15,30,10.200000000000001,170,105,144,0.14,78,0
2020,10,25,16,30,7.9,0,22,22,0.14,86,0.1
2020,10,25,17,30,6.5,0,0,0,0.14,86,0.1
2020,10,25,18,30,6.5,0,0,0,0.14,85,0
2020,10,25,19,30,6.4,0,0,0,0.14,82,0
2020,10,25,20,30,6.5,0,0,0,0.14,78,0
2020,10,25,21,30,6.4,0,0,0,0.14,75,0
2020,10,25,22,30,6.4,0,0,0,0.14,72,0
2020,10,25,23,30,6.2,0,0,0,0.14,69,0
2020,10,26,0,30,6,0,0,0,0.14,69,0
2020,10,26,1,30,6,0,0,0,0.14,70,0
2020,10,26,2,30,6,0,0,0,0.14,70,0
2020,10,26,3,30,6.1000000000000005,0,0,0,0.14,67,0
2020,10,26,4,30,6.2,0,0,0,0.14,64,0
2020,10,26,5,30,6.300000000000001,0,0,0,0.14,63,0
2020,10,26,6,30,6.6000000000000005,40,7,8,0.14,68,0
2020,10,26,7,30,7.300000000000001,552,49,163,0.14,82,0
2020,10,26,8,30,8.4,0,60,60,0.14,99,0
2020,10,26,9,30,9.700000000000001,0,68,68,0.14,110,0
2020,10,26,10,30,10.9,0,73,73,0.14,122,0
2020,10,26,11,30,12.200000000000001,0,100,100,0.14,133,0
2020,10,26,12,30,13.3,1,116,117,0.14,142,0
2020,10,26,13,30,14,7,120,123,0.14,146,0
2020,10,26,14,30,14.100000000000001,26,106,116,0.14,148,0
2020,10,26,15,30,13.5,281,68,132,0.14,151,0
2020,10,26,16,30,12.100000000000001,165,23,32,0.14,158,0
2020,10,26,17,30,11.100000000000001,0,0,0,0.14,171,0
2020,10,26,18,30,11,0,0,0,0.14,186,0
2020,10,26,19,30,10.9,0,0,0,0.14,193,0
2020,10,26,20,30,10.600000000000001,0,0,0,0.14,201,0
2020,10,26,21,30,10.5,0,0,0,0.14,221,0
2020,10,26,22,30,10.700000000000001,0,0,0,0.14,246,0
2020,10,26,23,30,11,0,0,0,0.14,272,0
2020,10,27,0,30,11.100000000000001,0,0,0,0.14,293,0
2020,10,27,1,30,10.9,0,0,0,0.14,306,0
2020,10,27,2,30,10.200000000000001,0,0,0,0.14,314,0
2020,10,27,3,30,9.4,0,0,0,0.14,321,0
2020,10,27,4,30,9,0,0,0,0.14,330,0
2020,10,27,5,30,8.4,0,0,0,0.14,339,0
2020,10,27,6,30,8.4,0,2,2,0.14,344,0
2020,10,27,7,30,9.1,0,26,26,0.14,352,0
2020,10,27,8,30,10.200000000000001,282,144,244,0.14,357,0
2020,10,27,9,30,11.700000000000001,10,178,183,0.14,355,0
2020,10,27,10,30,13.3,17,195,204,0.14,349,0
2020,10,27,11,30,14.3,58,275,308,0.14,339,0
2020,10,27,12,30,14.9,213,281,399,0.14,322,0
2020,10,27,13,30,14.9,194,204,298,0.14,313,0
2020,10,27,14,30,13.9,22,137,145,0.14,315,0
2020,10,27,15,30,12.100000000000001,2,50,50,0.14,327,0
2020,10,27,16,30,10.4,0,8,8,0.14,343,0
2020,10,27,17,30,9.5,0,0,0,0.14,350,0
2020,10,27,18,30,9,0,0,0,0.14,357,0
2020,10,27,19,30,8.4,0,0,0,0.14,183,0
2020,10,27,20,30,8,0,0,0,0.14,19,0
2020,10,27,21,30,7.300000000000001,0,0,0,0.14,45,0.2
2020,10,27,22,30,6.800000000000001,0,0,0,0.14,70,0.30000000000000004
2020,10,27,23,30,6.7,0,0,0,0.14,90,0.30000000000000004
2020,10,28,0,30,6.6000000000000005,0,0,0,0.14,102,0.2
2020,10,28,1,30,6.6000000000000005,0,0,0,0.14,108,0
2020,10,28,2,30,6.7,0,0,0,0.14,109,0
2020,10,28,3,30,6.7,0,0,0,0.14,107,0
2020,10,28,4,30,6.5,0,0,0,0.14,102,0
2020,10,28,5,30,6.300000000000001,0,0,0,0.14,99,0
2020,10,28,6,30,6.300000000000001,0,2,2,0.14,97,0
2020,10,28,7,30,6.7,50,24,34,0.14,97,0
2020,10,28,8,30,7.300000000000001,0,36,36,0.14,98,0
2020,10,28,9,30,8,0,59,59,0.14,100,0
2020,10,28,10,30,8.6,0,115,115,0.14,99,0
2020,10,28,11,30,9.200000000000001,0,63,63,0.14,92,0
2020,10,28,12,30,9.700000000000001,0,82,82,0.14,223,0
2020,10,28,13,30,10,1,142,142,0.14,339,0
2020,10,28,14,30,9.9,0,61,61,0.14,315,0
2020,10,28,15,30,9.600000000000001,403,80,168,0.14,306,0
2020,10,28,16,30,8.6,82,22,26,0.14,292,0.1
2020,10,28,17,30,7.4,0,0,0,0.14,283,0.30000000000000004
2020,10,28,18,30,7,0,0,0,0.14,285,0.30000000000000004
2020,10,28,19,30,7,0,0,0,0.14,292,0.2
2020,10,28,20,30,7.300000000000001,0,0,0,0.14,290,0.1
2020,10,28,21,30,7.5,0,0,0,0.14,278,0.1
2020,10,28,22,30,7.5,0,0,0,0.14,274,0.1
2020,10,28,23,30,7.4,0,0,0,0.14,277,0.1
2020,10,29,0,30,7.300000000000001,0,0,0,0.14,289,0.1
2020,10,29,1,30,7.1000000000000005,0,0,0,0.14,306,0.1
2020,10,29,2,30,7,0,0,0,0.14,315,0.2
2020,10,29,3,30,7.1000000000000005,0,0,0,0.14,331,0.2
2020,10,29,4,30,7.1000000000000005,0,0,0,0.14,183,0.2
2020,10,29,5,30,6.9,0,0,0,0.14,34,0.30000000000000004
2020,10,29,6,30,7,0,3,3,0.14,56,0.2
2020,10,29,7,30,7.4,0,11,11,0.14,66,0.1
2020,10,29,8,30,8.3,0,13,13,0.14,70,0
2020,10,29,9,30,9.1,0,63,63,0.14,77,0
2020,10,29,10,30,9,1,76,77,0.14,74,0
2020,10,29,11,30,8.5,0,65,65,0.14,66,0
2020,10,29,12,30,8.1,0,46,46,0.14,61,0
2020,10,29,13,30,7.6000000000000005,0,46,46,0.14,52,0
2020,10,29,14,30,7,0,26,26,0.14,43,0
2020,10,29,15,30,6.300000000000001,0,20,20,0.14,37,0
2020,10,29,16,30,5.800000000000001,0,3,3,0.14,32,0
2020,10,29,17,30,5.4,0,0,0,0.14,32,0
2020,10,29,18,30,5.2,0,0,0,0.14,30,0
2020,10,29,19,30,5,0,0,0,0.65,28,0
2020,10,29,20,30,4.800000000000001,0,0,0,0.65,25,0
2020,10,29,21,30,4.7,0,0,0,0.65,27,0
2020,10,29,22,30,4.6000000000000005,0,0,0,0.65,33,0
2020,10,29,23,30,4.2,0,0,0,0.65,19,0
2020,10,30,0,30,3.4000000000000004,0,0,0,0.65,7,0
2020,10,30,1,30,2.8000000000000003,0,0,0,0.65,21,0
2020,10,30,2,30,2.6,0,0,0,0.65,34,0
2020,10,30,3,30,2.2,0,0,0,0.65,34,0
2020,10,30,4,30,1.9000000000000001,0,0,0,0.65,19,0
2020,10,30,5,30,1.5,0,0,0,0.65,19,0
2020,10,30,6,30,1,0,5,5,0.65,30,0.1
2020,10,30,7,30,0.7000000000000001,0,37,37,0.65,24,0.1
2020,10,30,8,30,0.7000000000000001,0,49,49,0.65,17,0.1
2020,10,30,9,30,0.7000000000000001,0,45,45,0.65,16,0.1
2020,10,30,10,30,0.9,0,76,76,0.65,15,0.1
2020,10,30,11,30,1.1,0,65,65,0.65,11,0.1
2020,10,30,12,30,1.1,0,52,52,0.65,6,0
2020,10,30,13,30,1.1,0,114,114,0.65,4,0
2020,10,30,14,30,1.1,0,104,104,0.65,181,0
2020,10,30,15,30,0.6000000000000001,688,46,190,0.65,354,0.1
2020,10,30,16,30,-1.4000000000000001,123,17,22,0.65,347,0.30000000000000004
2020,10,30,17,30,-3.4000000000000004,0,0,0,0.65,343,0.5
2020,10,30,18,30,-4.1000000000000005,0,0,0,0.65,339,0.5
2020,10,30,19,30,-4.7,0,0,0,0.72,335,0.5
2020,10,30,20,30,-5.1000000000000005,0,0,0,0.72,332,0.5
2020,10,30,21,30,-5.5,0,0,0,0.72,328,0.5
2020,10,30,22,30,-5.7,0,0,0,0.72,326,0.5
2020,10,30,23,30,-5.800000000000001,0,0,0,0.72,326,0.6000000000000001
2020,10,31,0,30,-6.1000000000000005,0,0,0,0.72,330,0.6000000000000001
2020,10,31,1,30,-6.4,0,0,0,0.72,335,0.6000000000000001
2020,10,31,2,30,-6.7,0,0,0,0.72,337,0.6000000000000001
2020,10,31,3,30,-6.800000000000001,0,0,0,0.72,338,0.6000000000000001
2020,10,31,4,30,-7.1000000000000005,0,0,0,0.72,336,0.6000000000000001
2020,10,31,5,30,-7.2,0,0,0,0.72,335,0.6000000000000001
2020,10,31,6,30,-6.2,172,13,16,0.72,336,0.5
2020,10,31,7,30,-3.1,702,43,174,0.72,337,0.2
2020,10,31,8,30,0.6000000000000001,866,58,350,0.72,185,0.1
2020,10,31,9,30,3.1,939,69,495,0.72,45,0.1
2020,10,31,10,30,4.5,972,77,590,0.72,106,0.1
2020,10,31,11,30,5.5,984,79,625,0.72,174,0.1
2020,10,31,12,30,6,969,77,594,0.72,194,0.1
2020,10,31,13,30,6,932,71,504,0.72,196,0.1
2020,10,31,14,30,5.5,863,61,365,0.72,192,0.1
2020,10,31,15,30,3.7,715,45,192,0.72,185,0.30000000000000004
2020,10,31,16,30,0.6000000000000001,263,17,27,0.72,180,0.5
2020,10,31,17,30,-1.3,0,0,0,0.72,180,0.4
2020,10,31,18,30,-1.8,0,0,0,0.72,182,0.2
2020,10,31,19,30,2.5,0,0,0,0.15,8,0
2020,10,31,20,30,1.7000000000000002,0,0,0,0.15,16,0
2020,10,31,21,30,1,0,0,0,0.15,22,0
2020,10,31,22,30,0.30000000000000004,0,0,0,0.15,26,0
2020,10,31,23,30,-0.4,0,0,0,0.15,29,0
2016,11,1,0,30,-0.8,0,0,0,0.15,32,0
2016,11,1,1,30,-1.2000000000000002,0,0,0,0.15,37,0
2016,11,1,2,30,-1.6,0,0,0,0.15,42,0.1
2016,11,1,3,30,-2,0,0,0,0.15,43,0.2
2016,11,1,4,30,-2.3000000000000003,0,0,0,0.15,46,0.2
2016,11,1,5,30,-2.5,0,0,0,0.15,54,0.2
2016,11,1,6,30,-1.4000000000000001,0,0,0,0.15,67,0.2
2016,11,1,7,30,1.3,634,40,155,0.15,95,0
2016,11,1,8,30,4.800000000000001,803,54,321,0.15,143,0
2016,11,1,9,30,8,882,62,458,0.15,187,0
2016,11,1,10,30,10.200000000000001,913,67,545,0.15,205,0
2016,11,1,11,30,11.8,931,67,580,0.15,201,0
2016,11,1,12,30,12.700000000000001,920,65,552,0.15,191,0
2016,11,1,13,30,13.100000000000001,887,60,468,0.15,182,0
2016,11,1,14,30,12.700000000000001,463,124,285,0.15,179,0
2016,11,1,15,30,10.8,654,41,172,0.15,174,0
2016,11,1,16,30,7.9,240,14,21,0.15,169,0
2016,11,1,17,30,7,0,0,0,0.15,172,0
2016,11,1,18,30,7,0,0,0,0.15,177,0
2016,11,1,19,30,6.4,0,0,0,0.15,180,0
2016,11,1,20,30,6.300000000000001,0,0,0,0.15,184,0
2016,11,1,21,30,6.5,0,0,0,0.15,189,0
2016,11,1,22,30,6.9,0,0,0,0.15,193,0
2016,11,1,23,30,7.300000000000001,0,0,0,0.15,196,0
2016,11,2,0,30,7.800000000000001,0,0,0,0.15,200,0
2016,11,2,1,30,8.200000000000001,0,0,0,0.15,208,0
2016,11,2,2,30,8.5,0,0,0,0.15,216,0
2016,11,2,3,30,8.3,0,0,0,0.15,218,0
2016,11,2,4,30,8,0,0,0,0.15,220,0
2016,11,2,5,30,7.9,0,0,0,0.15,223,0
2016,11,2,6,30,8.4,0,0,0,0.15,221,0
2016,11,2,7,30,10.200000000000001,3,80,80,0.15,222,0
2016,11,2,8,30,12.9,295,140,237,0.15,232,0
2016,11,2,9,30,15.5,398,172,348,0.15,238,0
2016,11,2,10,30,17.8,805,87,505,0.15,234,0
2016,11,2,11,30,19.5,821,90,538,0.15,229,0
2016,11,2,12,30,20.700000000000003,804,89,511,0.15,229,0
2016,11,2,13,30,21.200000000000003,23,214,225,0.15,232,0
2016,11,2,14,30,20.8,48,186,202,0.15,238,0
2016,11,2,15,30,18.6,508,50,151,0.15,237,0.30000000000000004
2016,11,2,16,30,15.700000000000001,111,13,16,0.15,237,0.5
2016,11,2,17,30,14.200000000000001,0,0,0,0.15,254,0.4
2016,11,2,18,30,13.600000000000001,0,0,0,0.15,276,0.4
2016,11,2,19,30,13.200000000000001,0,0,0,0.15,292,0.4
2016,11,2,20,30,13,0,0,0,0.15,302,0.6000000000000001
2016,11,2,21,30,13.100000000000001,0,0,0,0.15,309,0.8
2016,11,2,22,30,12.9,0,0,0,0.15,319,0.8
2016,11,2,23,30,11.9,0,0,0,0.15,327,0.6000000000000001
2016,11,3,0,30,11.3,0,0,0,0.15,166,0.30000000000000004
2016,11,3,1,30,11.100000000000001,0,0,0,0.15,11,0.5
2016,11,3,2,30,11,0,0,0,0.15,31,0.6000000000000001
2016,11,3,3,30,10.9,0,0,0,0.15,58,0.7000000000000001
2016,11,3,4,30,10.4,0,0,0,0.15,91,0.6000000000000001
2016,11,3,5,30,9.8,0,0,0,0.15,119,0.5
2016,11,3,6,30,10.200000000000001,0,0,0,0.15,140,0.30000000000000004
2016,11,3,7,30,12.100000000000001,0,23,23,0.15,151,0
2016,11,3,8,30,14.5,24,131,139,0.15,164,0
2016,11,3,9,30,16.6,9,133,137,0.15,181,0
2016,11,3,10,30,17.900000000000002,4,144,146,0.15,193,0
2016,11,3,11,30,18.400000000000002,2,133,134,0.15,214,0
2016,11,3,12,30,18.400000000000002,2,114,115,0.15,237,0
2016,11,3,13,30,18.400000000000002,0,21,21,0.15,260,0
2016,11,3,14,30,18.1,0,16,16,0.15,284,0
2016,11,3,15,30,16.900000000000002,492,54,149,0.15,303,0
2016,11,3,16,30,15,114,13,16,0.15,317,0
2016,11,3,17,30,13.100000000000001,0,0,0,0.15,325,0
2016,11,3,18,30,11.9,0,0,0,0.15,329,0
2016,11,3,19,30,11.100000000000001,0,0,0,0.15,328,0
2016,11,3,20,30,10.5,0,0,0,0.15,323,0
2016,11,3,21,30,9.9,0,0,0,0.15,315,0
2016,11,3,22,30,9.5,0,0,0,0.15,307,0
2016,11,3,23,30,9.4,0,0,0,0.15,303,0
2016,11,4,0,30,9.200000000000001,0,0,0,0.15,303,0
2016,11,4,1,30,8.700000000000001,0,0,0,0.15,307,0
2016,11,4,2,30,7.9,0,0,0,0.15,313,0
2016,11,4,3,30,7.2,0,0,0,0.15,317,0
2016,11,4,4,30,6.7,0,0,0,0.15,318,0
2016,11,4,5,30,6.300000000000001,0,0,0,0.15,318,0
2016,11,4,6,30,6.9,0,0,0,0.15,320,0
2016,11,4,7,30,8.6,595,39,141,0.15,328,0
2016,11,4,8,30,10.4,16,162,167,0.15,339,0
2016,11,4,9,30,11.600000000000001,6,181,183,0.15,342,0
2016,11,4,10,30,12.600000000000001,104,299,353,0.15,339,0
2016,11,4,11,30,13.3,946,59,567,0.15,334,0
2016,11,4,12,30,13.5,945,56,544,0.15,329,0
2016,11,4,13,30,13.4,914,52,460,0.15,325,0
2016,11,4,14,30,12.600000000000001,844,45,328,0.15,322,0
2016,11,4,15,30,11.100000000000001,689,35,166,0.15,319,0
2016,11,4,16,30,8.5,264,11,17,0.15,315,0
2016,11,4,17,30,6.300000000000001,0,0,0,0.15,310,0
2016,11,4,18,30,5,0,0,0,0.15,305,0
2016,11,4,19,30,4.1000000000000005,0,0,0,0.14,303,0
2016,11,4,20,30,3.3000000000000003,0,0,0,0.14,303,0
2016,11,4,21,30,2.6,0,0,0,0.14,304,0
2016,11,4,22,30,1.8,0,0,0,0.14,305,0
2016,11,4,23,30,1.1,0,0,0,0.14,305,0
2016,11,5,0,30,0.4,0,0,0,0.14,302,0
2016,11,5,1,30,-0.2,0,0,0,0.14,295,0
2016,11,5,2,30,-0.5,0,0,0,0.14,286,0
2016,11,5,3,30,-0.4,0,0,0,0.14,279,0
2016,11,5,4,30,-0.4,0,0,0,0.14,274,0.1
2016,11,5,5,30,-0.1,0,0,0,0.14,266,0
2016,11,5,6,30,1.1,0,0,0,0.14,256,0
2016,11,5,7,30,3.4000000000000004,533,43,132,0.14,254,0
2016,11,5,8,30,6.1000000000000005,1,93,93,0.14,262,0
2016,11,5,9,30,8.700000000000001,0,126,126,0.14,273,0
2016,11,5,10,30,10.8,0,140,140,0.14,282,0
2016,11,5,11,30,12.3,56,289,319,0.14,288,0
2016,11,5,12,30,13.100000000000001,0,135,135,0.14,291,0
2016,11,5,13,30,13.100000000000001,1,145,145,0.14,294,0
2016,11,5,14,30,12.5,95,162,193,0.14,295,0
2016,11,5,15,30,11.3,3,54,54,0.14,291,0
2016,11,5,16,30,9.700000000000001,0,5,5,0.14,283,0
2016,11,5,17,30,8.1,0,0,0,0.14,276,0
2016,11,5,18,30,6.800000000000001,0,0,0,0.14,268,0
2016,11,5,19,30,6.4,0,0,0,0.13,264,0
2016,11,5,20,30,6.4,0,0,0,0.13,262,0
2016,11,5,21,30,6.2,0,0,0,0.13,264,0
2016,11,5,22,30,6,0,0,0,0.13,272,0
2016,11,5,23,30,6.2,0,0,0,0.13,279,0
2016,11,6,0,30,6.300000000000001,0,0,0,0.13,278,0.1
2016,11,6,1,30,6.2,0,0,0,0.13,277,0.2
2016,11,6,2,30,6.1000000000000005,0,0,0,0.13,285,0.1
2016,11,6,3,30,6.300000000000001,0,0,0,0.13,301,0
2016,11,6,4,30,6.9,0,0,0,0.13,318,0
2016,11,6,5,30,7.1000000000000005,0,0,0,0.13,326,0
2016,11,6,6,30,6.9,0,0,0,0.13,331,0
2016,11,6,7,30,7.1000000000000005,1,59,59,0.13,337,0
2016,11,6,8,30,7.9,770,55,295,0.13,342,0
2016,11,6,9,30,8.9,366,203,359,0.13,346,0
2016,11,6,10,30,9.8,914,63,522,0.13,348,0
2016,11,6,11,30,10.3,1,178,178,0.13,350,0
2016,11,6,12,30,10.3,49,274,299,0.13,351,0
2016,11,6,13,30,10,0,128,128,0.13,353,0
2016,11,6,14,30,9.4,303,158,257,0.13,355,0
2016,11,6,15,30,8.4,72,98,112,0.13,355,0
2016,11,6,16,30,7.1000000000000005,0,0,0,0.13,354,0
2016,11,6,17,30,6.1000000000000005,0,0,0,0.13,354,0
2016,11,6,18,30,5.300000000000001,0,0,0,0.13,355,0
2016,11,6,19,30,4.6000000000000005,0,0,0,0.15,356,0
2016,11,6,20,30,4,0,0,0,0.15,355,0
2016,11,6,21,30,3.5,0,0,0,0.15,352,0
2016,11,6,22,30,3.1,0,0,0,0.15,349,0
2016,11,6,23,30,2.5,0,0,0,0.15,349,0
2016,11,7,0,30,1.9000000000000001,0,0,0,0.15,350,0
2016,11,7,1,30,1.4000000000000001,0,0,0,0.15,350,0
2016,11,7,2,30,0.9,0,0,0,0.15,349,0
2016,11,7,3,30,0.4,0,0,0,0.15,348,0
2016,11,7,4,30,-0.1,0,0,0,0.15,348,0
2016,11,7,5,30,-0.6000000000000001,0,0,0,0.15,348,0
2016,11,7,6,30,-0.2,0,0,0,0.15,350,0
2016,11,7,7,30,1.7000000000000002,626,34,134,0.15,181,0
2016,11,7,8,30,4.3,810,48,297,0.15,16,0
2016,11,7,9,30,6.4,894,55,432,0.15,21,0
2016,11,7,10,30,8,931,59,522,0.15,18,0
2016,11,7,11,30,9.3,944,61,555,0.15,13,0
2016,11,7,12,30,10.3,935,59,529,0.15,9,0
2016,11,7,13,30,10.8,893,56,444,0.15,9,0
2016,11,7,14,30,10.600000000000001,817,49,313,0.15,10,0
2016,11,7,15,30,8.9,648,36,151,0.15,7,0.30000000000000004
2016,11,7,16,30,6.7,0,0,0,0.15,181,0.8
2016,11,7,17,30,5.4,0,0,0,0.15,353,0.8
2016,11,7,18,30,4.2,0,0,0,0.15,345,0.8
2016,11,7,19,30,3.2,0,0,0,0.15,338,0.6000000000000001
2016,11,7,20,30,2.5,0,0,0,0.15,336,0.4
2016,11,7,21,30,2,0,0,0,0.15,340,0.4
2016,11,7,22,30,1.5,0,0,0,0.15,345,0.4
2016,11,7,23,30,1,0,0,0,0.15,345,0.30000000000000004
2016,11,8,0,30,0.6000000000000001,0,0,0,0.15,340,0.30000000000000004
2016,11,8,1,30,0.5,0,0,0,0.15,335,0.1
2016,11,8,2,30,0.8,0,0,0,0.15,330,0
2016,11,8,3,30,0.9,0,0,0,0.15,327,0
2016,11,8,4,30,0.7000000000000001,0,0,0,0.15,327,0
2016,11,8,5,30,0.6000000000000001,0,0,0,0.15,326,0
2016,11,8,6,30,1.3,0,0,0,0.15,326,0
2016,11,8,7,30,3.6,589,35,126,0.15,323,0
2016,11,8,8,30,7.1000000000000005,781,50,286,0.15,313,0
2016,11,8,9,30,11.200000000000001,868,57,420,0.15,316,0
2016,11,8,10,30,14.700000000000001,903,63,508,0.15,325,0
2016,11,8,11,30,16.900000000000002,917,65,541,0.15,318,0
2016,11,8,12,30,18.1,908,63,515,0.15,309,0
2016,11,8,13,30,18.5,871,59,433,0.15,301,0
2016,11,8,14,30,17.7,800,51,306,0.15,282,0.1
2016,11,8,15,30,15.8,630,37,147,0.15,258,0.5
2016,11,8,16,30,13.4,0,0,0,0.15,246,1
2016,11,8,17,30,11.100000000000001,0,0,0,0.15,245,1.1
2016,11,8,18,30,9.1,0,0,0,0.15,253,1
2016,11,8,19,30,7.7,0,0,0,0.15,262,0.8
2016,11,8,20,30,6.9,0,0,0,0.15,271,0.7000000000000001
2016,11,8,21,30,6.6000000000000005,0,0,0,0.15,278,0.6000000000000001
2016,11,8,22,30,6.5,0,0,0,0.15,283,0.6000000000000001
2016,11,8,23,30,6.300000000000001,0,0,0,0.15,290,0.6000000000000001
2016,11,9,0,30,6.300000000000001,0,0,0,0.15,296,0.4
2016,11,9,1,30,6.5,0,0,0,0.15,303,0.30000000000000004
2016,11,9,2,30,6.6000000000000005,0,0,0,0.15,311,0.1
2016,11,9,3,30,6.7,0,0,0,0.15,317,0
2016,11,9,4,30,6.6000000000000005,0,0,0,0.15,319,0
2016,11,9,5,30,6.5,0,0,0,0.15,319,0
2016,11,9,6,30,7,0,0,0,0.15,320,0
2016,11,9,7,30,8.8,0,45,45,0.15,319,0
2016,11,9,8,30,11,49,143,158,0.15,312,0
2016,11,9,9,30,12.5,36,178,193,0.15,307,0
2016,11,9,10,30,13.100000000000001,18,182,191,0.15,305,0
2016,11,9,11,30,13.3,13,184,191,0.15,303,0
2016,11,9,12,30,13.4,22,208,219,0.15,306,0
2016,11,9,13,30,13.700000000000001,10,147,151,0.15,310,0
2016,11,9,14,30,13.5,0,23,23,0.15,313,0
2016,11,9,15,30,11.9,0,6,6,0.15,318,0
2016,11,9,16,30,10.5,0,0,0,0.15,328,0
2016,11,9,17,30,9.9,0,0,0,0.15,339,0
2016,11,9,18,30,9,0,0,0,0.15,346,0
2016,11,9,19,30,8.1,0,0,0,0.15,351,0
2016,11,9,20,30,7.5,0,0,0,0.15,351,0
2016,11,9,21,30,6.800000000000001,0,0,0,0.15,348,0
2016,11,9,22,30,6,0,0,0,0.15,346,0
2016,11,9,23,30,5.1000000000000005,0,0,0,0.15,345,0
2016,11,10,0,30,4.3,0,0,0,0.15,342,0
2016,11,10,1,30,3.5,0,0,0,0.15,338,0
2016,11,10,2,30,2.6,0,0,0,0.15,332,0
2016,11,10,3,30,2,0,0,0,0.15,325,0
2016,11,10,4,30,1.2000000000000002,0,0,0,0.15,318,0
2016,11,10,5,30,0.2,0,0,0,0.15,317,0.1
2016,11,10,6,30,0.5,0,0,0,0.15,315,0.1
2016,11,10,7,30,2.6,585,33,119,0.15,317,0
2016,11,10,8,30,5.2,774,47,276,0.15,323,0
2016,11,10,9,30,7.5,862,54,408,0.15,316,0
2016,11,10,10,30,9.3,897,60,494,0.15,299,0
2016,11,10,11,30,10.700000000000001,898,65,525,0.15,285,0
2016,11,10,12,30,11.3,895,61,500,0.15,275,0
2016,11,10,13,30,11.5,444,159,346,0.15,264,0
2016,11,10,14,30,11.100000000000001,307,144,240,0.15,248,0
2016,11,10,15,30,9.3,55,84,93,0.15,230,0
2016,11,10,16,30,7.800000000000001,0,0,0,0.15,219,0
2016,11,10,17,30,7.800000000000001,0,0,0,0.15,216,0
2016,11,10,18,30,7.6000000000000005,0,0,0,0.15,215,0
2016,11,10,19,30,7,0,0,0,0.15,216,0
2016,11,10,20,30,6.4,0,0,0,0.15,219,0
2016,11,10,21,30,6,0,0,0,0.15,222,0
2016,11,10,22,30,5.7,0,0,0,0.15,225,0
2016,11,10,23,30,5.4,0,0,0,0.15,227,0
2016,11,11,0,30,4.9,0,0,0,0.15,228,0
2016,11,11,1,30,4.6000000000000005,0,0,0,0.15,230,0
2016,11,11,2,30,4.4,0,0,0,0.15,232,0
2016,11,11,3,30,4.3,0,0,0,0.15,232,0
2016,11,11,4,30,4.3,0,0,0,0.15,232,0
2016,11,11,5,30,4.5,0,0,0,0.15,234,0
2016,11,11,6,30,5.1000000000000005,0,0,0,0.15,242,0
2016,11,11,7,30,7,501,39,111,0.15,257,0
2016,11,11,8,30,10.200000000000001,711,61,268,0.15,280,0
2016,11,11,9,30,12.600000000000001,25,212,222,0.15,305,0
2016,11,11,10,30,13.3,59,271,299,0.15,314,0
2016,11,11,11,30,13.200000000000001,933,59,532,0.15,314,0.1
2016,11,11,12,30,12.600000000000001,35,253,269,0.15,314,0.1
2016,11,11,13,30,11.200000000000001,21,208,216,0.15,316,0.1
2016,11,11,14,30,9.5,845,43,304,0.15,320,0.1
2016,11,11,15,30,7.800000000000001,680,31,143,0.15,321,0.1
2016,11,11,16,30,6.2,0,0,0,0.15,320,0
2016,11,11,17,30,5.1000000000000005,0,0,0,0.15,319,0
2016,11,11,18,30,4.3,0,0,0,0.15,319,0
2016,11,11,19,30,3.9000000000000004,0,0,0,0.15,322,0
2016,11,11,20,30,3.4000000000000004,0,0,0,0.15,325,0
2016,11,11,21,30,2.9000000000000004,0,0,0,0.15,327,0
2016,11,11,22,30,2.3000000000000003,0,0,0,0.15,326,0
2016,11,11,23,30,1.8,0,0,0,0.15,326,0
2016,11,12,0,30,1.3,0,0,0,0.15,327,0
2016,11,12,1,30,0.9,0,0,0,0.15,329,0
2016,11,12,2,30,0.4,0,0,0,0.15,330,0
2016,11,12,3,30,-0.1,0,0,0,0.15,330,0
2016,11,12,4,30,-0.5,0,0,0,0.15,329,0
2016,11,12,5,30,-1,0,0,0,0.15,328,0
2016,11,12,6,30,-1.1,0,0,0,0.15,324,0
2016,11,12,7,30,0.1,602,33,117,0.15,325,0
2016,11,12,8,30,2.3000000000000003,806,47,279,0.15,332,0
2016,11,12,9,30,4.4,896,55,415,0.15,327,0
2016,11,12,10,30,6.2,932,57,500,0.15,316,0
2016,11,12,11,30,7.5,945,59,534,0.15,304,0
2016,11,12,12,30,8.4,934,59,509,0.15,292,0
2016,11,12,13,30,8.6,563,127,361,0.15,284,0
2016,11,12,14,30,8.1,806,50,296,0.15,277,0
2016,11,12,15,30,6.300000000000001,618,36,136,0.15,270,0
2016,11,12,16,30,4,0,0,0,0.15,266,0
2016,11,12,17,30,2.7,0,0,0,0.15,267,0
2016,11,12,18,30,2,0,0,0,0.15,269,0
2016,11,12,19,30,1.8,0,0,0,0.15,268,0
2016,11,12,20,30,1.9000000000000001,0,0,0,0.15,264,0
2016,11,12,21,30,1.8,0,0,0,0.15,259,0
2016,11,12,22,30,1.6,0,0,0,0.15,257,0
2016,11,12,23,30,1.4000000000000001,0,0,0,0.15,255,0
2016,11,13,0,30,1,0,0,0,0.15,252,0
2016,11,13,1,30,0.5,0,0,0,0.15,251,0
2016,11,13,2,30,0.2,0,0,0,0.15,250,0
2016,11,13,3,30,0,0,0,0,0.15,250,0
2016,11,13,4,30,0,0,0,0,0.15,250,0
2016,11,13,5,30,-0.2,0,0,0,0.15,252,0
2016,11,13,6,30,0.1,0,0,0,0.15,255,0
2016,11,13,7,30,2,13,60,62,0.15,255,0
2016,11,13,8,30,5.6000000000000005,248,129,199,0.15,265,0
2016,11,13,9,30,9.1,859,57,398,0.15,283,0
2016,11,13,10,30,11.600000000000001,905,59,486,0.15,285,0
2016,11,13,11,30,13.200000000000001,921,60,519,0.15,278,0
2016,11,13,12,30,14.3,911,59,495,0.15,273,0
2016,11,13,13,30,14.700000000000001,873,55,414,0.15,269,0
2016,11,13,14,30,14.100000000000001,796,47,287,0.15,265,0
2016,11,13,15,30,11.100000000000001,623,33,132,0.15,261,0
2016,11,13,16,30,7.9,0,0,0,0.15,258,0
2016,11,13,17,30,6.800000000000001,0,0,0,0.15,258,0
2016,11,13,18,30,6.2,0,0,0,0.15,258,0
2016,11,13,19,30,5.4,0,0,0,0.15,257,0
2016,11,13,20,30,4.800000000000001,0,0,0,0.15,255,0
2016,11,13,21,30,4.3,0,0,0,0.15,253,0
2016,11,13,22,30,3.8000000000000003,0,0,0,0.15,255,0
2016,11,13,23,30,3.2,0,0,0,0.15,258,0
2016,11,14,0,30,2.5,0,0,0,0.15,260,0
2016,11,14,1,30,1.8,0,0,0,0.15,263,0
2016,11,14,2,30,1.2000000000000002,0,0,0,0.15,266,0
2016,11,14,3,30,0.6000000000000001,0,0,0,0.15,269,0.1
2016,11,14,4,30,0.30000000000000004,0,0,0,0.15,271,0.1
2016,11,14,5,30,0.1,0,0,0,0.15,273,0.1
2016,11,14,6,30,0.6000000000000001,0,0,0,0.15,276,0.1
2016,11,14,7,30,3.7,606,32,111,0.15,281,0.1
2016,11,14,8,30,7.800000000000001,813,47,274,0.15,283,0
2016,11,14,9,30,11.3,901,56,411,0.15,291,0
2016,11,14,10,30,14,938,63,501,0.15,283,0
2016,11,14,11,30,15.700000000000001,952,64,535,0.15,248,0
2016,11,14,12,30,16.5,941,64,510,0.15,225,0
2016,11,14,13,30,16.400000000000002,899,60,427,0.15,221,0
2016,11,14,14,30,14.9,818,51,296,0.15,226,0
2016,11,14,15,30,11.4,171,80,106,0.15,233,0.2
2016,11,14,16,30,8.8,0,0,0,0.15,239,0.30000000000000004
2016,11,14,17,30,8.200000000000001,0,0,0,0.15,244,0.2
2016,11,14,18,30,7.800000000000001,0,0,0,0.15,244,0.2
2016,11,14,19,30,7.5,0,0,0,0.14,244,0.30000000000000004
2016,11,14,20,30,7.4,0,0,0,0.14,248,0.5
2016,11,14,21,30,7.300000000000001,0,0,0,0.14,250,0.7000000000000001
2016,11,14,22,30,7.300000000000001,0,0,0,0.14,250,0.7000000000000001
2016,11,14,23,30,7.7,0,0,0,0.14,246,0.7000000000000001
2016,11,15,0,30,8.1,0,0,0,0.14,223,0.5
2016,11,15,1,30,7.9,0,0,0,0.14,189,0.4
2016,11,15,2,30,7.2,0,0,0,0.14,193,0.4
2016,11,15,3,30,6.6000000000000005,0,0,0,0.14,244,0.4
2016,11,15,4,30,6.300000000000001,0,0,0,0.14,301,0.30000000000000004
2016,11,15,5,30,6.1000000000000005,0,0,0,0.14,166,0.2
2016,11,15,6,30,6.2,0,0,0,0.14,15,0.1
2016,11,15,7,30,6.6000000000000005,0,27,27,0.14,25,0
2016,11,15,8,30,7.1000000000000005,0,51,51,0.14,30,0
2016,11,15,9,30,7.6000000000000005,11,164,168,0.14,36,0
2016,11,15,10,30,8.3,0,55,55,0.14,40,0
2016,11,15,11,30,9,0,39,39,0.14,43,0
2016,11,15,12,30,9.4,0,9,9,0.14,45,0
2016,11,15,13,30,9.5,4,101,102,0.14,46,0
2016,11,15,14,30,9.5,1,44,44,0.14,43,0
2016,11,15,15,30,9.4,0,7,7,0.14,41,0
2016,11,15,16,30,9.200000000000001,0,0,0,0.14,36,0
2016,11,15,17,30,9.200000000000001,0,0,0,0.14,32,0
2016,11,15,18,30,9.200000000000001,0,0,0,0.14,37,0
2016,11,15,19,30,9.3,0,0,0,0.14,46,0
2016,11,15,20,30,9.4,0,0,0,0.14,60,0.1
2016,11,15,21,30,9.4,0,0,0,0.14,112,0.1
2016,11,15,22,30,9.200000000000001,0,0,0,0.14,130,0.1
2016,11,15,23,30,9,0,0,0,0.14,117,0.2
2016,11,16,0,30,8.9,0,0,0,0.14,157,0.2
2016,11,16,1,30,8.5,0,0,0,0.14,209,0.2
2016,11,16,2,30,8,0,0,0,0.14,237,0.1
2016,11,16,3,30,7.6000000000000005,0,0,0,0.14,244,0
2016,11,16,4,30,7.2,0,0,0,0.14,246,0
2016,11,16,5,30,6.9,0,0,0,0.14,251,0
2016,11,16,6,30,6.7,0,0,0,0.14,253,0
2016,11,16,7,30,7,405,39,89,0.14,253,0
2016,11,16,8,30,7.9,0,43,43,0.14,254,0
2016,11,16,9,30,9.200000000000001,1,119,119,0.14,260,0
2016,11,16,10,30,10.700000000000001,1,163,164,0.14,269,0
2016,11,16,11,30,12,4,196,198,0.14,276,0
2016,11,16,12,30,12.9,234,249,358,0.14,279,0
2016,11,16,13,30,13.3,16,188,194,0.14,280,0
2016,11,16,14,30,12.9,752,52,272,0.14,282,0
2016,11,16,15,30,11.200000000000001,555,36,119,0.14,284,0
2016,11,16,16,30,9,0,0,0,0.14,285,0
2016,11,16,17,30,7.5,0,0,0,0.14,289,0
2016,11,16,18,30,6.800000000000001,0,0,0,0.14,292,0
2016,11,16,19,30,6.2,0,0,0,0.14,292,0
2016,11,16,20,30,5.4,0,0,0,0.14,289,0
2016,11,16,21,30,4.9,0,0,0,0.14,288,0
2016,11,16,22,30,4.4,0,0,0,0.14,290,0
2016,11,16,23,30,4.1000000000000005,0,0,0,0.14,292,0
2016,11,17,0,30,3.8000000000000003,0,0,0,0.14,292,0
2016,11,17,1,30,3.6,0,0,0,0.14,292,0
2016,11,17,2,30,3.7,0,0,0,0.14,294,0
2016,11,17,3,30,4,0,0,0,0.14,298,0
2016,11,17,4,30,4.5,0,0,0,0.14,304,0
2016,11,17,5,30,5.1000000000000005,0,0,0,0.14,310,0
2016,11,17,6,30,5.7,0,0,0,0.14,315,0
2016,11,17,7,30,6.800000000000001,432,37,89,0.14,321,0
2016,11,17,8,30,8.700000000000001,683,58,241,0.14,330,0
2016,11,17,9,30,10.5,799,68,373,0.14,337,0
2016,11,17,10,30,11.9,868,67,463,0.14,339,0
2016,11,17,11,30,12.700000000000001,886,68,497,0.14,339,0
2016,11,17,12,30,13.200000000000001,878,67,475,0.14,340,0
2016,11,17,13,30,13.200000000000001,821,67,394,0.14,341,0
2016,11,17,14,30,12.600000000000001,738,57,270,0.14,341,0
2016,11,17,15,30,11.100000000000001,550,38,119,0.14,339,0
2016,11,17,16,30,8.9,0,0,0,0.14,334,0
2016,11,17,17,30,7.4,0,0,0,0.14,331,0
2016,11,17,18,30,6.6000000000000005,0,0,0,0.14,333,0
2016,11,17,19,30,5.9,0,0,0,0.14,336,0
2016,11,17,20,30,5.1000000000000005,0,0,0,0.14,339,0
2016,11,17,21,30,4.4,0,0,0,0.14,341,0
2016,11,17,22,30,3.9000000000000004,0,0,0,0.14,343,0
2016,11,17,23,30,3.5,0,0,0,0.14,344,0
2016,11,18,0,30,3.2,0,0,0,0.14,342,0
2016,11,18,1,30,3.2,0,0,0,0.14,339,0
2016,11,18,2,30,3.1,0,0,0,0.14,336,0
2016,11,18,3,30,3.1,0,0,0,0.14,334,0
2016,11,18,4,30,2.9000000000000004,0,0,0,0.14,333,0
2016,11,18,5,30,2.7,0,0,0,0.14,331,0
2016,11,18,6,30,3,0,0,0,0.14,330,0
2016,11,18,7,30,4.4,494,31,89,0.14,331,0
2016,11,18,8,30,7.300000000000001,734,47,241,0.14,338,0
2016,11,18,9,30,10.600000000000001,842,54,373,0.14,347,0
2016,11,18,10,30,13.3,890,57,459,0.14,353,0
2016,11,18,11,30,15.3,908,56,492,0.14,353,0
2016,11,18,12,30,16.6,899,54,468,0.14,351,0
2016,11,18,13,30,17,861,51,390,0.14,349,0
2016,11,18,14,30,15.8,781,44,268,0.14,348,0.1
2016,11,18,15,30,12.700000000000001,594,31,117,0.14,345,0.4
2016,11,18,16,30,9.700000000000001,0,0,0,0.14,347,0.7000000000000001
2016,11,18,17,30,8.200000000000001,0,0,0,0.14,176,0.5
2016,11,18,18,30,7.4,0,0,0,0.14,9,0.30000000000000004
2016,11,18,19,30,6.800000000000001,0,0,0,0.14,16,0.1
2016,11,18,20,30,6.300000000000001,0,0,0,0.14,19,0
2016,11,18,21,30,5.7,0,0,0,0.14,23,0
2016,11,18,22,30,5.2,0,0,0,0.14,31,0
2016,11,18,23,30,4.800000000000001,0,0,0,0.14,37,0.1
2016,11,19,0,30,4.3,0,0,0,0.14,43,0.2
2016,11,19,1,30,4,0,0,0,0.14,50,0.2
2016,11,19,2,30,3.6,0,0,0,0.14,56,0.2
2016,11,19,3,30,3.3000000000000003,0,0,0,0.14,58,0.2
2016,11,19,4,30,3,0,0,0,0.14,54,0.30000000000000004
2016,11,19,5,30,2.8000000000000003,0,0,0,0.14,47,0.4
2016,11,19,6,30,3.2,0,0,0,0.14,45,0.30000000000000004
2016,11,19,7,30,5.4,529,28,88,0.14,49,0.1
2016,11,19,8,30,8.6,758,43,240,0.14,60,0
2016,11,19,9,30,11.4,856,50,370,0.14,76,0
2016,11,19,10,30,13.700000000000001,901,53,458,0.14,95,0
2016,11,19,11,30,15.4,918,54,491,0.14,114,0
2016,11,19,12,30,16.3,910,52,467,0.14,126,0
2016,11,19,13,30,16.5,872,48,389,0.14,135,0
2016,11,19,14,30,15.5,787,43,266,0.14,141,0
2016,11,19,15,30,12.200000000000001,592,30,115,0.14,141,0.1
2016,11,19,16,30,9,0,0,0,0.14,144,0.1
2016,11,19,17,30,8,0,0,0,0.14,147,0
2016,11,19,18,30,7.4,0,0,0,0.14,141,0
2016,11,19,19,30,7.4,0,0,0,0.14,134,0
2016,11,19,20,30,7.9,0,0,0,0.14,130,0
2016,11,19,21,30,8.3,0,0,0,0.14,128,0
2016,11,19,22,30,8.4,0,0,0,0.14,127,0
2016,11,19,23,30,8.3,0,0,0,0.14,117,0
2016,11,20,0,30,8.1,0,0,0,0.14,83,0
2016,11,20,1,30,7.7,0,0,0,0.14,42,0
2016,11,20,2,30,6.5,0,0,0,0.14,171,0
2016,11,20,3,30,4.7,0,0,0,0.14,307,0
2016,11,20,4,30,3.2,0,0,0,0.14,291,0
2016,11,20,5,30,2.5,0,0,0,0.14,286,0
2016,11,20,6,30,2.2,0,0,0,0.14,281,0.1
2016,11,20,7,30,2.3000000000000003,0,12,12,0.14,274,0.1
2016,11,20,8,30,2.7,0,33,33,0.14,269,0.1
2016,11,20,9,30,3.3000000000000003,0,71,71,0.14,267,0.1
2016,11,20,10,30,3.9000000000000004,1,151,152,0.14,266,0.1
2016,11,20,11,30,4.4,33,250,266,0.14,264,0.1
2016,11,20,12,30,4.6000000000000005,133,270,330,0.14,261,0.1
2016,11,20,13,30,4.5,52,226,246,0.14,258,0.1
2016,11,20,14,30,4.1000000000000005,15,110,114,0.14,259,0.1
2016,11,20,15,30,3.3000000000000003,1,36,36,0.14,266,0.1
2016,11,20,16,30,2.2,0,0,0,0.14,271,0.1
2016,11,20,17,30,1.2000000000000002,0,0,0,0.14,271,0.1
2016,11,20,18,30,0.6000000000000001,0,0,0,0.14,268,0.1
2016,11,20,19,30,0.30000000000000004,0,0,0,0.14,266,0
2016,11,20,20,30,0,0,0,0,0.14,265,0
2016,11,20,21,30,-0.2,0,0,0,0.14,264,0
2016,11,20,22,30,-0.30000000000000004,0,0,0,0.14,264,0
2016,11,20,23,30,-0.5,0,0,0,0.14,265,0
2016,11,21,0,30,-0.7000000000000001,0,0,0,0.14,265,0
2016,11,21,1,30,-0.9,0,0,0,0.14,265,0
2016,11,21,2,30,-1,0,0,0,0.14,266,0
2016,11,21,3,30,-1,0,0,0,0.14,266,0
2016,11,21,4,30,-1,0,0,0,0.14,268,0
2016,11,21,5,30,-1.1,0,0,0,0.14,270,0
2016,11,21,6,30,-1.2000000000000002,0,0,0,0.14,270,0
2016,11,21,7,30,-0.8,12,51,52,0.14,271,0
2016,11,21,8,30,-0.1,39,122,132,0.14,275,0.1
2016,11,21,9,30,0.5,192,206,277,0.14,278,0.1
2016,11,21,10,30,0.9,37,181,197,0.14,280,0.1
2016,11,21,11,30,1.3,324,216,369,0.14,281,0.1
2016,11,21,12,30,1.5,1,151,152,0.14,282,0.1
2016,11,21,13,30,1.4000000000000001,20,198,205,0.14,283,0.1
2016,11,21,14,30,1.1,4,115,116,0.14,282,0.1
2016,11,21,15,30,0.6000000000000001,1,51,51,0.14,280,0.1
2016,11,21,16,30,0.2,0,0,0,0.14,279,0
2016,11,21,17,30,0,0,0,0,0.14,279,0
2016,11,21,18,30,-0.2,0,0,0,0.14,279,0
2016,11,21,19,30,-0.5,0,0,0,0.14,280,0
2016,11,21,20,30,-0.7000000000000001,0,0,0,0.14,281,0
2016,11,21,21,30,-0.8,0,0,0,0.14,281,0
2016,11,21,22,30,-1,0,0,0,0.14,280,0
2016,11,21,23,30,-1.2000000000000002,0,0,0,0.14,279,0
2016,11,22,0,30,-1.2000000000000002,0,0,0,0.14,280,0
2016,11,22,1,30,-1.3,0,0,0,0.14,282,0
2016,11,22,2,30,-1.3,0,0,0,0.14,285,0
2016,11,22,3,30,-1.5,0,0,0,0.14,288,0
2016,11,22,4,30,-1.5,0,0,0,0.14,289,0
2016,11,22,5,30,-1.6,0,0,0,0.14,291,0
2016,11,22,6,30,-1.5,0,0,0,0.14,292,0
2016,11,22,7,30,-0.8,1,46,46,0.14,295,0
2016,11,22,8,30,0.30000000000000004,736,49,233,0.14,299,0.1
2016,11,22,9,30,1.4000000000000001,845,58,366,0.14,301,0.1
2016,11,22,10,30,2.3000000000000003,916,57,458,0.14,302,0.1
2016,11,22,11,30,2.9000000000000004,934,57,493,0.14,301,0.1
2016,11,22,12,30,3.2,918,56,467,0.14,301,0.1
2016,11,22,13,30,3,882,50,388,0.14,300,0.1
2016,11,22,14,30,2.5,4,118,119,0.14,299,0
2016,11,22,15,30,1.5,3,64,64,0.14,298,0
2016,11,22,16,30,0.5,0,0,0,0.14,298,0
2016,11,22,17,30,-0.2,0,0,0,0.14,299,0
2016,11,22,18,30,-0.5,0,0,0,0.14,302,0
2016,11,22,19,30,-0.7000000000000001,0,0,0,0.14,305,0
2016,11,22,20,30,-0.9,0,0,0,0.14,307,0
2016,11,22,21,30,-1.1,0,0,0,0.14,307,0
2016,11,22,22,30,-1.4000000000000001,0,0,0,0.14,304,0
2016,11,22,23,30,-1.6,0,0,0,0.14,300,0
2016,11,23,0,30,-1.7000000000000002,0,0,0,0.14,299,0
2016,11,23,1,30,-1.9000000000000001,0,0,0,0.14,303,0
2016,11,23,2,30,-2.1,0,0,0,0.14,307,0
2016,11,23,3,30,-2.3000000000000003,0,0,0,0.14,308,0
2016,11,23,4,30,-2.6,0,0,0,0.14,309,0
2016,11,23,5,30,-2.7,0,0,0,0.14,311,0
2016,11,23,6,30,-2.7,0,0,0,0.14,311,0
2016,11,23,7,30,-1.9000000000000001,529,26,79,0.14,312,0
2016,11,23,8,30,-0.30000000000000004,771,42,232,0.14,316,0
2016,11,23,9,30,1.4000000000000001,874,49,364,0.14,320,0
2016,11,23,10,30,2.9000000000000004,923,52,453,0.14,322,0
2016,11,23,11,30,4,938,54,488,0.14,324,0
2016,11,23,12,30,4.800000000000001,929,53,466,0.14,324,0
2016,11,23,13,30,5.1000000000000005,886,52,388,0.14,322,0
2016,11,23,14,30,4.5,425,105,221,0.14,321,0
2016,11,23,15,30,2.3000000000000003,589,32,110,0.14,318,0
2016,11,23,16,30,0.4,0,0,0,0.14,315,0
2016,11,23,17,30,0,0,0,0,0.14,318,0
2016,11,23,18,30,-0.4,0,0,0,0.14,324,0
2016,11,23,19,30,-0.7000000000000001,0,0,0,0.14,335,0
2016,11,23,20,30,-0.8,0,0,0,0.14,351,0
2016,11,23,21,30,-0.8,0,0,0,0.14,184,0
2016,11,23,22,30,-0.8,0,0,0,0.14,9,0
2016,11,23,23,30,-0.9,0,0,0,0.14,14,0
2016,11,24,0,30,-1,0,0,0,0.14,25,0
2016,11,24,1,30,-0.9,0,0,0,0.14,39,0
2016,11,24,2,30,-0.9,0,0,0,0.14,47,0
2016,11,24,3,30,-1,0,0,0,0.14,48,0
2016,11,24,4,30,-1,0,0,0,0.14,50,0
2016,11,24,5,30,-1,0,0,0,0.14,56,0
2016,11,24,6,30,-1,0,0,0,0.14,68,0
2016,11,24,7,30,-0.5,1,29,29,0.14,80,0
2016,11,24,8,30,1.1,15,100,104,0.14,100,0
2016,11,24,9,30,3,138,182,232,0.14,122,0
2016,11,24,10,30,4.3,0,109,110,0.14,136,0
2016,11,24,11,30,4.9,13,210,216,0.14,138,0
2016,11,24,12,30,5.2,0,106,106,0.14,131,0
2016,11,24,13,30,5.5,36,169,182,0.14,125,0
2016,11,24,14,30,5.300000000000001,0,27,27,0.14,113,0
2016,11,24,15,30,4,0,22,22,0.14,94,0
2016,11,24,16,30,3.1,0,0,0,0.14,84,0
2016,11,24,17,30,3,0,0,0,0.14,85,0
2016,11,24,18,30,2.9000000000000004,0,0,0,0.14,92,0
2016,11,24,19,30,2.9000000000000004,0,0,0,0.14,106,0
2016,11,24,20,30,2.9000000000000004,0,0,0,0.14,118,0
2016,11,24,21,30,3.1,0,0,0,0.14,119,0.1
2016,11,24,22,30,3.3000000000000003,0,0,0,0.14,110,0.2
2016,11,24,23,30,3.4000000000000004,0,0,0,0.14,99,0.2
2016,11,25,0,30,3.4000000000000004,0,0,0,0.14,86,0.2
2016,11,25,1,30,3.3000000000000003,0,0,0,0.14,72,0.1
2016,11,25,2,30,3.3000000000000003,0,0,0,0.14,65,0.1
2016,11,25,3,30,3.4000000000000004,0,0,0,0.14,66,0.1
2016,11,25,4,30,3.4000000000000004,0,0,0,0.14,76,0.1
2016,11,25,5,30,3.4000000000000004,0,0,0,0.14,95,0.1
2016,11,25,6,30,3.5,0,0,0,0.14,112,0.1
2016,11,25,7,30,3.9000000000000004,0,8,8,0.14,125,0
2016,11,25,8,30,4.4,0,41,41,0.14,135,0
2016,11,25,9,30,5.1000000000000005,0,25,25,0.14,146,0
2016,11,25,10,30,5.9,1,89,90,0.14,161,0
2016,11,25,11,30,6.800000000000001,10,147,151,0.14,181,0
2016,11,25,12,30,7.5,7,123,127,0.14,203,0
2016,11,25,13,30,8,0,91,91,0.14,222,0
2016,11,25,14,30,7.9,0,61,61,0.14,239,0.1
2016,11,25,15,30,6.9,0,24,24,0.14,258,0.2
2016,11,25,16,30,5.800000000000001,0,0,0,0.14,275,0.30000000000000004
2016,11,25,17,30,5.300000000000001,0,0,0,0.14,289,0.30000000000000004
2016,11,25,18,30,5,0,0,0,0.14,304,0.2
2016,11,25,19,30,4.800000000000001,0,0,0,0.14,320,0.1
2016,11,25,20,30,4.6000000000000005,0,0,0,0.14,333,0.1
2016,11,25,21,30,4.4,0,0,0,0.14,342,0.1
2016,11,25,22,30,4.1000000000000005,0,0,0,0.14,345,0
2016,11,25,23,30,3.8000000000000003,0,0,0,0.14,346,0
2016,11,26,0,30,3.5,0,0,0,0.14,350,0
2016,11,26,1,30,3.2,0,0,0,0.14,351,0
2016,11,26,2,30,2.9000000000000004,0,0,0,0.14,351,0
2016,11,26,3,30,2.8000000000000003,0,0,0,0.14,349,0
2016,11,26,4,30,2.7,0,0,0,0.14,346,0
2016,11,26,5,30,2.7,0,0,0,0.14,343,0
2016,11,26,6,30,2.7,0,0,0,0.14,342,0
2016,11,26,7,30,3,2,36,36,0.14,342,0
2016,11,26,8,30,3.7,1,50,50,0.14,340,0
2016,11,26,9,30,4.800000000000001,1,74,74,0.14,333,0
2016,11,26,10,30,6.2,0,121,121,0.14,331,0
2016,11,26,11,30,7.4,96,224,268,0.14,333,0
2016,11,26,12,30,8.1,1,152,152,0.14,336,0
2016,11,26,13,30,8.1,40,209,223,0.14,336,0
2016,11,26,14,30,7.4,0,51,51,0.14,334,0
2016,11,26,15,30,5.6000000000000005,1,52,52,0.14,327,0
2016,11,26,16,30,3.7,0,0,0,0.14,323,0
2016,11,26,17,30,2.6,0,0,0,0.14,322,0
2016,11,26,18,30,2,0,0,0,0.14,322,0
2016,11,26,19,30,1.9000000000000001,0,0,0,0.14,322,0
2016,11,26,20,30,1.9000000000000001,0,0,0,0.14,323,0
2016,11,26,21,30,1.9000000000000001,0,0,0,0.14,321,0
2016,11,26,22,30,1.8,0,0,0,0.14,317,0
2016,11,26,23,30,1.7000000000000002,0,0,0,0.14,315,0
2016,11,27,0,30,1.6,0,0,0,0.14,315,0
2016,11,27,1,30,1.3,0,0,0,0.14,316,0
2016,11,27,2,30,0.9,0,0,0,0.14,315,0
2016,11,27,3,30,0.5,0,0,0,0.14,313,0
2016,11,27,4,30,-0.1,0,0,0,0.14,310,0
2016,11,27,5,30,-1.1,0,0,0,0.14,306,0
2016,11,27,6,30,-1.5,0,0,0,0.14,303,0
2016,11,27,7,30,-0.1,416,28,64,0.14,303,0
2016,11,27,8,30,2.4000000000000004,142,116,149,0.14,309,0
2016,11,27,9,30,4.5,59,202,223,0.14,317,0
2016,11,27,10,30,5.800000000000001,72,248,279,0.14,316,0
2016,11,27,11,30,6.6000000000000005,31,240,254,0.14,313,0
2016,11,27,12,30,7,27,226,238,0.14,309,0
2016,11,27,13,30,6.800000000000001,99,188,225,0.14,306,0
2016,11,27,14,30,6.1000000000000005,18,99,104,0.14,303,0
2016,11,27,15,30,4.2,0,20,20,0.14,298,0
2016,11,27,16,30,2.4000000000000004,0,0,0,0.14,295,0
2016,11,27,17,30,2.2,0,0,0,0.14,296,0
2016,11,27,18,30,2.1,0,0,0,0.14,297,0
2016,11,27,19,30,1,0,0,0,0.14,295,0
2016,11,27,20,30,-0.1,0,0,0,0.14,293,0
2016,11,27,21,30,-0.8,0,0,0,0.14,293,0
2016,11,27,22,30,-1.5,0,0,0,0.14,293,0
2016,11,27,23,30,-2.2,0,0,0,0.14,290,0
2016,11,28,0,30,-2.4000000000000004,0,0,0,0.14,286,0
2016,11,28,1,30,-2.5,0,0,0,0.14,283,0
2016,11,28,2,30,-2.7,0,0,0,0.14,281,0
2016,11,28,3,30,-2.9000000000000004,0,0,0,0.14,283,0
2016,11,28,4,30,-3,0,0,0,0.14,290,0
2016,11,28,5,30,-3.2,0,0,0,0.14,296,0
2016,11,28,6,30,-2.9000000000000004,0,0,0,0.14,297,0
2016,11,28,7,30,-1.4000000000000001,473,24,64,0.14,295,0
2016,11,28,8,30,1.4000000000000001,747,42,213,0.14,303,0
2016,11,28,9,30,4,857,51,346,0.14,312,0
2016,11,28,10,30,5.9,906,57,436,0.14,305,0
2016,11,28,11,30,7.2,922,59,473,0.14,297,0
2016,11,28,12,30,8,911,59,452,0.14,295,0
2016,11,28,13,30,8.200000000000001,856,57,373,0.14,294,0
2016,11,28,14,30,7.6000000000000005,760,49,250,0.14,288,0.2
2016,11,28,15,30,6.4,540,33,100,0.14,264,0.4
2016,11,28,16,30,5.4,0,0,0,0.14,214,0.5
2016,11,28,17,30,4.1000000000000005,0,0,0,0.14,179,0.8
2016,11,28,18,30,2.6,0,0,0,0.14,178,1
2016,11,28,19,30,1.3,0,0,0,0.14,181,0.9
2016,11,28,20,30,0.2,0,0,0,0.14,187,0.7000000000000001
2016,11,28,21,30,-0.5,0,0,0,0.14,187,0.5
2016,11,28,22,30,-0.4,0,0,0,0.14,185,0.4
2016,11,28,23,30,0.4,0,0,0,0.14,181,0.2
2016,11,29,0,30,1.5,0,0,0,0.14,175,0
2016,11,29,1,30,2.2,0,0,0,0.14,170,0
2016,11,29,2,30,2.7,0,0,0,0.14,159,0
2016,11,29,3,30,3.2,0,0,0,0.14,143,0
2016,11,29,4,30,3.7,0,0,0,0.14,130,0
2016,11,29,5,30,4.1000000000000005,0,0,0,0.14,121,0
2016,11,29,6,30,4.5,0,0,0,0.14,121,0
2016,11,29,7,30,5.300000000000001,0,13,13,0.14,126,0
2016,11,29,8,30,6.800000000000001,6,75,76,0.14,136,0
2016,11,29,9,30,8.8,0,40,40,0.14,151,0
2016,11,29,10,30,10.4,0,27,27,0.14,158,0
2016,11,29,11,30,11.200000000000001,0,37,37,0.14,156,0
2016,11,29,12,30,11.5,0,60,60,0.14,157,0
2016,11,29,13,30,11.600000000000001,0,33,33,0.14,157,0
2016,11,29,14,30,11.8,0,7,7,0.14,158,0
2016,11,29,15,30,12.100000000000001,0,18,18,0.14,163,0
2016,11,29,16,30,12.5,0,0,0,0.14,172,0
2016,11,29,17,30,12.8,0,0,0,0.14,181,0
2016,11,29,18,30,12.9,0,0,0,0.14,196,0
2016,11,29,19,30,12.4,0,0,0,0.14,213,0
2016,11,29,20,30,11.5,0,0,0,0.14,228,0
2016,11,29,21,30,10.700000000000001,0,0,0,0.14,239,0.1
2016,11,29,22,30,10,0,0,0,0.14,244,0
2016,11,29,23,30,9.200000000000001,0,0,0,0.14,251,0
2016,11,30,0,30,8.5,0,0,0,0.14,260,0
2016,11,30,1,30,7.7,0,0,0,0.14,272,0
2016,11,30,2,30,6.9,0,0,0,0.14,285,0.1
2016,11,30,3,30,6.7,0,0,0,0.14,299,0.2
2016,11,30,4,30,6.800000000000001,0,0,0,0.14,312,0.4
2016,11,30,5,30,6.9,0,0,0,0.14,320,0.4
2016,11,30,6,30,7.2,0,0,0,0.14,164,0.4
2016,11,30,7,30,7.9,0,13,13,0.14,11,0.30000000000000004
2016,11,30,8,30,8.9,5,71,72,0.14,42,0.1
2016,11,30,9,30,10.100000000000001,5,92,94,0.14,70,0
2016,11,30,10,30,11.100000000000001,1,72,72,0.14,78,0
2016,11,30,11,30,11.8,2,106,107,0.14,77,0
2016,11,30,12,30,12,1,78,78,0.14,77,0
2016,11,30,13,30,11.600000000000001,3,94,95,0.14,86,0
2016,11,30,14,30,10.9,0,22,22,0.14,98,0
2016,11,30,15,30,10.100000000000001,0,8,8,0.14,104,0
2016,11,30,16,30,9.4,0,0,0,0.14,101,0
2016,11,30,17,30,8.700000000000001,0,0,0,0.14,97,0
2016,11,30,18,30,8.3,0,0,0,0.14,100,0
2016,11,30,19,30,-1.4000000000000001,0,0,0,0.12,212,0
2016,11,30,20,30,-2.2,0,0,0,0.12,217,0
2016,11,30,21,30,-2.3000000000000003,0,0,0,0.12,224,0
2016,11,30,22,30,-1.9000000000000001,0,0,0,0.12,230,0
2016,11,30,23,30,-1.7000000000000002,0,0,0,0.12,230,0.1
2021,12,1,0,30,-1.5,0,0,0,0.12,229,0.1
2021,12,1,1,30,-1.5,0,0,0,0.12,232,0
2021,12,1,2,30,-1.5,0,0,0,0.12,239,0
2021,12,1,3,30,-1.5,0,0,0,0.12,242,0
2021,12,1,4,30,-1.5,0,0,0,0.12,241,0
2021,12,1,5,30,-1.3,0,0,0,0.12,239,0
2021,12,1,6,30,-1,0,0,0,0.12,238,0
2021,12,1,7,30,0,201,30,45,0.12,242,0
2021,12,1,8,30,2,672,50,198,0.12,243,0
2021,12,1,9,30,3.8000000000000003,516,114,287,0.12,251,0
2021,12,1,10,30,5.2,230,183,278,0.12,266,0
2021,12,1,11,30,5.9,191,214,298,0.12,273,0
2021,12,1,12,30,6.1000000000000005,118,211,261,0.12,274,0
2021,12,1,13,30,6,230,172,256,0.12,273,0
2021,12,1,14,30,4.5,543,78,219,0.12,272,0.1
2021,12,1,15,30,1.9000000000000001,453,35,91,0.12,274,0.6000000000000001
2021,12,1,16,30,0.9,0,0,0,0.12,277,0.9
2021,12,1,17,30,1.8,0,0,0,0.12,272,0.8
2021,12,1,18,30,2.6,0,0,0,0.12,245,0.6000000000000001
2021,12,1,19,30,2.5,0,0,0,0.12,206,0.6000000000000001
2021,12,1,20,30,1.8,0,0,0,0.12,185,0.7000000000000001
2021,12,1,21,30,1,0,0,0,0.12,177,0.6000000000000001
2021,12,1,22,30,0.5,0,0,0,0.12,166,0.2
2021,12,1,23,30,0.8,0,0,0,0.12,163,0
2021,12,2,0,30,1.2000000000000002,0,0,0,0.12,168,0
2021,12,2,1,30,1.5,0,0,0,0.12,167,0
2021,12,2,2,30,1.8,0,0,0,0.12,159,0
2021,12,2,3,30,2.1,0,0,0,0.12,152,0
2021,12,2,4,30,2.5,0,0,0,0.12,150,0
2021,12,2,5,30,2.9000000000000004,0,0,0,0.12,153,0
2021,12,2,6,30,3.3000000000000003,0,0,0,0.12,155,0
2021,12,2,7,30,4.2,0,8,8,0.12,158,0
2021,12,2,8,30,5.5,3,53,54,0.12,167,0
2021,12,2,9,30,7.1000000000000005,321,129,236,0.12,181,0
2021,12,2,10,30,9.1,704,94,382,0.12,191,0
2021,12,2,11,30,10.9,208,211,302,0.12,195,0
2021,12,2,12,30,11.600000000000001,41,134,151,0.12,199,0
2021,12,2,13,30,11,2,73,74,0.12,201,0
2021,12,2,14,30,10,0,31,31,0.12,203,0
2021,12,2,15,30,9.200000000000001,0,17,17,0.12,208,0
2021,12,2,16,30,9.200000000000001,0,0,0,0.12,214,0
2021,12,2,17,30,9.4,0,0,0,0.12,216,0
2021,12,2,18,30,9.4,0,0,0,0.12,223,0
2021,12,2,19,30,9.200000000000001,0,0,0,0.12,239,0
2021,12,2,20,30,8.9,0,0,0,0.12,258,0
2021,12,2,21,30,8.1,0,0,0,0.12,275,0
2021,12,2,22,30,7,0,0,0,0.12,284,0
2021,12,2,23,30,5.800000000000001,0,0,0,0.12,284,0
2021,12,3,0,30,4.800000000000001,0,0,0,0.12,281,0
2021,12,3,1,30,4.1000000000000005,0,0,0,0.12,282,0
2021,12,3,2,30,3.6,0,0,0,0.12,286,0
2021,12,3,3,30,3.1,0,0,0,0.12,293,0
2021,12,3,4,30,2.5,0,0,0,0.12,301,0
2021,12,3,5,30,1.6,0,0,0,0.12,305,0.1
2021,12,3,6,30,0.8,0,0,0,0.12,305,0
2021,12,3,7,30,0.7000000000000001,388,25,52,0.12,304,0
2021,12,3,8,30,1.5,371,86,166,0.12,304,0
2021,12,3,9,30,2.5,81,158,185,0.12,304,0.1
2021,12,3,10,30,3.3000000000000003,79,210,242,0.12,303,0.1
2021,12,3,11,30,3.9000000000000004,183,222,302,0.12,300,0.1
2021,12,3,12,30,4.2,753,99,416,0.12,298,0
2021,12,3,13,30,4,862,57,367,0.12,298,0
2021,12,3,14,30,3.3000000000000003,784,47,249,0.12,299,0
2021,12,3,15,30,1.9000000000000001,575,32,101,0.12,299,0
2021,12,3,16,30,0.4,0,0,0,0.12,297,0
2021,12,3,17,30,-0.6000000000000001,0,0,0,0.12,296,0
2021,12,3,18,30,-1.5,0,0,0,0.12,296,0
2021,12,3,19,30,-2.6,0,0,0,0.12,295,0
2021,12,3,20,30,-3.6,0,0,0,0.12,291,0
2021,12,3,21,30,-4.2,0,0,0,0.12,288,0
2021,12,3,22,30,-4.5,0,0,0,0.12,286,0
2021,12,3,23,30,-4.5,0,0,0,0.12,286,0
2021,12,4,0,30,-4.4,0,0,0,0.12,284,0.1
2021,12,4,1,30,-4.2,0,0,0,0.12,278,0.1
2021,12,4,2,30,-4.1000000000000005,0,0,0,0.12,269,0.2
2021,12,4,3,30,-4,0,0,0,0.12,262,0.1
2021,12,4,4,30,-4,0,0,0,0.12,261,0.1
2021,12,4,5,30,-3.9000000000000004,0,0,0,0.12,263,0.1
2021,12,4,6,30,-3.5,0,0,0,0.12,265,0.1
2021,12,4,7,30,-1.7000000000000002,264,25,43,0.12,263,0
2021,12,4,8,30,1.1,189,69,109,0.12,258,0
2021,12,4,9,30,3.2,2,113,114,0.12,254,0
2021,12,4,10,30,4.6000000000000005,5,159,161,0.12,246,0
2021,12,4,11,30,5.4,12,187,192,0.12,234,0
2021,12,4,12,30,5.800000000000001,1,133,133,0.12,226,0
2021,12,4,13,30,5.7,3,98,99,0.12,220,0
2021,12,4,14,30,4.5,97,123,148,0.12,214,0
2021,12,4,15,30,1.9000000000000001,12,50,51,0.12,212,0
2021,12,4,16,30,0.8,0,0,0,0.12,218,0
2021,12,4,17,30,1.2000000000000002,0,0,0,0.12,228,0
2021,12,4,18,30,1.3,0,0,0,0.12,241,0
2021,12,4,19,30,1.1,0,0,0,0.12,255,0
2021,12,4,20,30,0.30000000000000004,0,0,0,0.12,269,0
2021,12,4,21,30,-0.4,0,0,0,0.12,277,0
2021,12,4,22,30,-1,0,0,0,0.12,279,0
2021,12,4,23,30,-1.3,0,0,0,0.12,278,0
2021,12,5,0,30,-1.2000000000000002,0,0,0,0.12,280,0
2021,12,5,1,30,-1.1,0,0,0,0.12,283,0
2021,12,5,2,30,-0.8,0,0,0,0.12,286,0
2021,12,5,3,30,-0.7000000000000001,0,0,0,0.12,287,0
2021,12,5,4,30,-0.9,0,0,0,0.12,286,0
2021,12,5,5,30,-1,0,0,0,0.12,287,0
2021,12,5,6,30,-0.8,0,0,0,0.12,284,0.1
2021,12,5,7,30,0.4,1,19,19,0.12,269,0.1
2021,12,5,8,30,2.5,219,89,135,0.12,266,0
2021,12,5,9,30,4.3,160,176,228,0.12,275,0
2021,12,5,10,30,5.5,504,141,343,0.12,278,0
2021,12,5,11,30,6.2,659,112,397,0.12,279,0
2021,12,5,12,30,6.6000000000000005,757,84,400,0.12,276,0
2021,12,5,13,30,6.4,735,74,337,0.12,262,0
2021,12,5,14,30,5.6000000000000005,597,66,218,0.12,218,0.2
2021,12,5,15,30,4.2,401,37,85,0.12,165,0.5
2021,12,5,16,30,2.1,0,0,0,0.12,142,0.5
2021,12,5,17,30,0.6000000000000001,0,0,0,0.12,138,0.2
2021,12,5,18,30,0.5,0,0,0,0.12,137,0
2021,12,5,19,30,0.6000000000000001,0,0,0,0.12,132,0
2021,12,5,20,30,0.5,0,0,0,0.12,126,0
2021,12,5,21,30,1.1,0,0,0,0.12,125,0
2021,12,5,22,30,1.6,0,0,0,0.12,127,0
2021,12,5,23,30,1.7000000000000002,0,0,0,0.12,132,0
2021,12,6,0,30,2.6,0,0,0,0.12,142,0
2021,12,6,1,30,4.3,0,0,0,0.12,152,0
2021,12,6,2,30,5.5,0,0,0,0.12,151,0
2021,12,6,3,30,5.800000000000001,0,0,0,0.12,138,0
2021,12,6,4,30,5.800000000000001,0,0,0,0.12,123,0
2021,12,6,5,30,6.300000000000001,0,0,0,0.12,127,0
2021,12,6,6,30,7.7,0,0,0,0.12,145,0
2021,12,6,7,30,9.700000000000001,202,22,34,0.12,162,0
2021,12,6,8,30,11.9,603,48,173,0.12,177,0
2021,12,6,9,30,13.3,719,65,297,0.12,193,0
2021,12,6,10,30,13.9,526,82,292,0.12,200,0
2021,12,6,11,30,14.100000000000001,0,43,43,0.12,197,0.1
2021,12,6,12,30,14.200000000000001,0,48,48,0.12,192,0.1
2021,12,6,13,30,14,511,72,254,0.12,191,0.1
2021,12,6,14,30,13.5,321,99,181,0.12,190,0.1
2021,12,6,15,30,12.8,1,32,32,0.12,192,0.1
2021,12,6,16,30,12.5,0,0,0,0.12,195,0.1
2021,12,6,17,30,12.600000000000001,0,0,0,0.12,196,0.1
2021,12,6,18,30,12.600000000000001,0,0,0,0.12,202,0.1
2021,12,6,19,30,12.5,0,0,0,0.12,224,0
2021,12,6,20,30,10.8,0,0,0,0.12,265,0.1
2021,12,6,21,30,7.1000000000000005,0,0,0,0.12,293,0.1
2021,12,6,22,30,4.3,0,0,0,0.12,293,0.1
2021,12,6,23,30,3.5,0,0,0,0.12,289,0.1
2021,12,7,0,30,2.9000000000000004,0,0,0,0.12,289,0.1
2021,12,7,1,30,2.3000000000000003,0,0,0,0.12,289,0.1
2021,12,7,2,30,1.9000000000000001,0,0,0,0.12,289,0
2021,12,7,3,30,1.4000000000000001,0,0,0,0.12,288,0
2021,12,7,4,30,1,0,0,0,0.12,286,0
2021,12,7,5,30,0.4,0,0,0,0.12,286,0
2021,12,7,6,30,-0.2,0,0,0,0.12,284,0
2021,12,7,7,30,0.4,357,23,44,0.12,279,0
2021,12,7,8,30,1.7000000000000002,683,46,186,0.12,279,0
2021,12,7,9,30,2.8000000000000003,552,100,277,0.12,284,0
2021,12,7,10,30,3.3000000000000003,350,151,290,0.12,288,0
2021,12,7,11,30,3.4000000000000004,181,214,292,0.12,289,0
2021,12,7,12,30,3.5,43,143,161,0.12,286,0
2021,12,7,13,30,3.7,120,167,210,0.12,284,0
2021,12,7,14,30,3.2,201,118,169,0.12,285,0
2021,12,7,15,30,1.6,43,59,64,0.12,289,0
2021,12,7,16,30,-0.1,0,0,0,0.12,293,0.1
2021,12,7,17,30,-1,0,0,0,0.12,298,0.30000000000000004
2021,12,7,18,30,-1.3,0,0,0,0.12,304,0.4
2021,12,7,19,30,-1.1,0,0,0,0.12,312,0.30000000000000004
2021,12,7,20,30,-0.9,0,0,0,0.12,323,0.2
2021,12,7,21,30,-1,0,0,0,0.12,337,0.2
2021,12,7,22,30,-1.3,0,0,0,0.12,347,0.2
2021,12,7,23,30,-1.7000000000000002,0,0,0,0.12,352,0.1
2021,12,8,0,30,-1.6,0,0,0,0.12,184,0.1
2021,12,8,1,30,-1.2000000000000002,0,0,0,0.12,25,0
2021,12,8,2,30,-1.2000000000000002,0,0,0,0.12,43,0
2021,12,8,3,30,-1.2000000000000002,0,0,0,0.12,56,0
2021,12,8,4,30,-1.2000000000000002,0,0,0,0.12,62,0
2021,12,8,5,30,-1.3,0,0,0,0.12,62,0
2021,12,8,6,30,-1.3,0,0,0,0.12,60,0
2021,12,8,7,30,-1.1,0,15,15,0.12,60,0
2021,12,8,8,30,-0.6000000000000001,3,53,54,0.12,62,0
2021,12,8,9,30,0.1,4,67,68,0.12,68,0
2021,12,8,10,30,0.6000000000000001,1,71,71,0.12,72,0
2021,12,8,11,30,1,1,86,86,0.12,75,0
2021,12,8,12,30,1.3,0,66,66,0.12,81,0
2021,12,8,13,30,1.4000000000000001,0,44,44,0.12,80,0
2021,12,8,14,30,1,1,42,42,0.12,69,0
2021,12,8,15,30,-0.1,0,26,26,0.12,57,0
2021,12,8,16,30,-0.9,0,0,0,0.12,47,0
2021,12,8,17,30,-1,0,0,0,0.12,36,0
2021,12,8,18,30,-1.1,0,0,0,0.12,23,0
2021,12,8,19,30,-1.3,0,0,0,0.7000000000000001,12,0
2021,12,8,20,30,-1.3,0,0,0,0.7000000000000001,180,0
2021,12,8,21,30,-1.4000000000000001,0,0,0,0.7000000000000001,345,0.1
2021,12,8,22,30,-1.5,0,0,0,0.7000000000000001,328,0.1
2021,12,8,23,30,-1.6,0,0,0,0.7000000000000001,316,0.1
2021,12,9,0,30,-2,0,0,0,0.7000000000000001,312,0.1
2021,12,9,1,30,-2.6,0,0,0,0.7000000000000001,308,0.1
2021,12,9,2,30,-3.1,0,0,0,0.7000000000000001,302,0.1
2021,12,9,3,30,-3.1,0,0,0,0.7000000000000001,297,0.1
2021,12,9,4,30,-3,0,0,0,0.7000000000000001,294,0.1
2021,12,9,5,30,-3.2,0,0,0,0.7000000000000001,291,0.1
2021,12,9,6,30,-3.3000000000000003,0,0,0,0.7000000000000001,284,0.1
2021,12,9,7,30,-2.3000000000000003,260,24,38,0.7000000000000001,281,0.1
2021,12,9,8,30,-0.5,651,52,182,0.7000000000000001,289,0.1
2021,12,9,9,30,1,736,78,310,0.7000000000000001,300,0.1
2021,12,9,10,30,1.8,409,157,318,0.7000000000000001,302,0.1
2021,12,9,11,30,2,415,186,363,0.7000000000000001,302,0.1
2021,12,9,12,30,1.7000000000000002,34,210,224,0.7000000000000001,301,0.1
2021,12,9,13,30,1.2000000000000002,16,164,170,0.7000000000000001,303,0
2021,12,9,14,30,0.4,8,97,99,0.7000000000000001,306,0
2021,12,9,15,30,-0.9,4,49,49,0.7000000000000001,311,0.1
2021,12,9,16,30,-1.6,0,0,0,0.7000000000000001,318,0.1
2021,12,9,17,30,-1.6,0,0,0,0.7000000000000001,327,0.1
2021,12,9,18,30,-1.4000000000000001,0,0,0,0.7000000000000001,336,0.30000000000000004
2021,12,9,19,30,-1.2000000000000002,0,0,0,0.13,171,0.30000000000000004
2021,12,9,20,30,-1.2000000000000002,0,0,0,0.13,62,0.30000000000000004
2021,12,9,21,30,-1.9000000000000001,0,0,0,0.13,130,0.5
2021,12,9,22,30,-2.6,0,0,0,0.13,138,0.5
2021,12,9,23,30,-2.3000000000000003,0,0,0,0.13,138,0.30000000000000004
2021,12,10,0,30,-1.7000000000000002,0,0,0,0.13,133,0.1
2021,12,10,1,30,-1.8,0,0,0,0.13,128,0.1
2021,12,10,2,30,-2,0,0,0,0.13,127,0.1
2021,12,10,3,30,-2.2,0,0,0,0.13,125,0.1
2021,12,10,4,30,-2.4000000000000004,0,0,0,0.13,121,0.1
2021,12,10,5,30,-2.5,0,0,0,0.13,120,0.1
2021,12,10,6,30,-2.3000000000000003,0,0,0,0.13,123,0.1
2021,12,10,7,30,-1.2000000000000002,0,11,11,0.13,130,0.1
2021,12,10,8,30,1.1,9,68,70,0.13,148,0
2021,12,10,9,30,3.4000000000000004,23,111,118,0.13,170,0
2021,12,10,10,30,5.2,30,149,161,0.13,185,0.1
2021,12,10,11,30,6.300000000000001,111,205,252,0.13,194,0.1
2021,12,10,12,30,6.800000000000001,3,89,90,0.13,194,0.1
2021,12,10,13,30,6.7,124,166,210,0.13,183,0.1
2021,12,10,14,30,5.4,3,64,65,0.13,170,0.4
2021,12,10,15,30,3.6,318,39,77,0.13,162,0.8
2021,12,10,16,30,2.5,0,0,0,0.13,153,1
2021,12,10,17,30,1.9000000000000001,0,0,0,0.13,145,1
2021,12,10,18,30,1.3,0,0,0,0.13,143,1
2021,12,10,19,30,1.1,0,0,0,0.13,144,1
2021,12,10,20,30,1.1,0,0,0,0.13,140,0.9
2021,12,10,21,30,1.2000000000000002,0,0,0,0.13,131,0.7000000000000001
2021,12,10,22,30,1.2000000000000002,0,0,0,0.13,121,0.4
2021,12,10,23,30,1.2000000000000002,0,0,0,0.13,108,0.1
2021,12,11,0,30,1.2000000000000002,0,0,0,0.13,95,0
2021,12,11,1,30,1.1,0,0,0,0.13,91,0
2021,12,11,2,30,1.1,0,0,0,0.13,92,0
2021,12,11,3,30,1.3,0,0,0,0.13,95,0
2021,12,11,4,30,1.5,0,0,0,0.13,104,0
2021,12,11,5,30,2,0,0,0,0.13,117,0
2021,12,11,6,30,3.1,0,0,0,0.13,136,0
2021,12,11,7,30,4.6000000000000005,0,2,2,0.13,153,0
2021,12,11,8,30,6.800000000000001,0,8,8,0.13,170,0.1
2021,12,11,9,30,9.4,0,21,21,0.13,188,0.1
2021,12,11,10,30,11.100000000000001,0,11,11,0.13,195,0.1
2021,12,11,11,30,12,0,7,7,0.13,196,0.1
2021,12,11,12,30,12.4,0,11,11,0.13,195,0.1
2021,12,11,13,30,12.8,0,12,12,0.13,197,0.1
2021,12,11,14,30,13.100000000000001,0,10,10,0.13,202,0.1
2021,12,11,15,30,13.4,0,10,10,0.13,206,0.1
2021,12,11,16,30,13.700000000000001,0,0,0,0.13,207,0.1
2021,12,11,17,30,13.9,0,0,0,0.13,203,0.1
2021,12,11,18,30,14,0,0,0,0.13,199,0.1
2021,12,11,19,30,14.5,0,0,0,0.13,200,0.1
2021,12,11,20,30,15.100000000000001,0,0,0,0.13,205,0.1
2021,12,11,21,30,15.5,0,0,0,0.13,221,0.1
2021,12,11,22,30,14.700000000000001,0,0,0,0.13,251,0.1
2021,12,11,23,30,11.8,0,0,0,0.13,276,0.1
2021,12,12,0,30,8,0,0,0,0.13,289,0.1
2021,12,12,1,30,5.9,0,0,0,0.13,296,0.1
2021,12,12,2,30,5.2,0,0,0,0.13,298,0.1
2021,12,12,3,30,4.800000000000001,0,0,0,0.13,298,0.1
2021,12,12,4,30,4.2,0,0,0,0.13,300,0.1
2021,12,12,5,30,3.6,0,0,0,0.13,301,0.1
2021,12,12,6,30,3.1,0,0,0,0.13,301,0.1
2021,12,12,7,30,2.9000000000000004,2,19,19,0.13,299,0.1
2021,12,12,8,30,3.5,12,69,71,0.13,296,0.1
2021,12,12,9,30,4.6000000000000005,160,116,166,0.13,295,0.1
2021,12,12,10,30,5.4,577,108,332,0.13,294,0.1
2021,12,12,11,30,5.9,504,107,320,0.13,294,0.1
2021,12,12,12,30,6.2,228,202,295,0.13,292,0.1
2021,12,12,13,30,6.1000000000000005,859,55,357,0.13,289,0.1
2021,12,12,14,30,5.300000000000001,767,47,240,0.13,284,0.1
2021,12,12,15,30,3,553,31,96,0.13,276,0
2021,12,12,16,30,1.1,0,0,0,0.13,267,0
2021,12,12,17,30,0.7000000000000001,0,0,0,0.13,258,0.1
2021,12,12,18,30,0.5,0,0,0,0.13,250,0.1
2021,12,12,19,30,0,0,0,0,0.13,244,0.1
2021,12,12,20,30,-0.30000000000000004,0,0,0,0.13,239,0.1
2021,12,12,21,30,-0.30000000000000004,0,0,0,0.13,236,0.1
2021,12,12,22,30,-0.4,0,0,0,0.13,235,0.1
2021,12,12,23,30,-0.5,0,0,0,0.13,236,0.1
2021,12,13,0,30,-0.7000000000000001,0,0,0,0.13,236,0.1
2021,12,13,1,30,-0.8,0,0,0,0.13,237,0.1
2021,12,13,2,30,-0.5,0,0,0,0.13,241,0.1
2021,12,13,3,30,0.1,0,0,0,0.13,244,0.1
2021,12,13,4,30,0.4,0,0,0,0.13,245,0.1
2021,12,13,5,30,0.6000000000000001,0,0,0,0.13,241,0.1
2021,12,13,6,30,0.7000000000000001,0,0,0,0.13,238,0.1
2021,12,13,7,30,1.2000000000000002,0,13,13,0.13,237,0.1
2021,12,13,8,30,2.4000000000000004,1,35,35,0.13,232,0.1
2021,12,13,9,30,4.2,1,43,43,0.13,228,0.1
2021,12,13,10,30,6.6000000000000005,44,120,137,0.13,229,0.1
2021,12,13,11,30,8.6,17,174,181,0.13,231,0.1
2021,12,13,12,30,9.600000000000001,896,50,416,0.13,230,0.1
2021,12,13,13,30,9.600000000000001,860,46,348,0.13,228,0.1
2021,12,13,14,30,8.700000000000001,768,41,234,0.13,227,0.1
2021,12,13,15,30,6.7,552,29,94,0.13,230,0.1
2021,12,13,16,30,5,0,0,0,0.13,232,0.1
2021,12,13,17,30,4,0,0,0,0.13,233,0.1
2021,12,13,18,30,3.4000000000000004,0,0,0,0.13,235,0.1
2021,12,13,19,30,3,0,0,0,0.13,240,0.1
2021,12,13,20,30,2.6,0,0,0,0.13,244,0.1
2021,12,13,21,30,2.7,0,0,0,0.13,252,0.1
2021,12,13,22,30,2.6,0,0,0,0.13,260,0.1
2021,12,13,23,30,1.8,0,0,0,0.13,264,0.1
2021,12,14,0,30,1.3,0,0,0,0.13,270,0.1
2021,12,14,1,30,0.8,0,0,0,0.13,277,0.1
2021,12,14,2,30,0.30000000000000004,0,0,0,0.13,287,0.1
2021,12,14,3,30,0,0,0,0,0.13,296,0.1
2021,12,14,4,30,-0.1,0,0,0,0.13,303,0.1
2021,12,14,5,30,-0.30000000000000004,0,0,0,0.13,311,0.1
2021,12,14,6,30,-0.4,0,0,0,0.13,319,0.1
2021,12,14,7,30,1.2000000000000002,30,17,18,0.13,324,0.1
2021,12,14,8,30,4,537,53,155,0.13,329,0.1
2021,12,14,9,30,5.9,159,137,186,0.13,340,0.1
2021,12,14,10,30,7.1000000000000005,350,165,300,0.13,347,0.1
2021,12,14,11,30,8.200000000000001,293,192,315,0.13,346,0.1
2021,12,14,12,30,8.9,887,56,418,0.13,343,0.1
2021,12,14,13,30,8.9,850,52,350,0.13,338,0.1
2021,12,14,14,30,7.4,759,45,236,0.13,331,0.1
2021,12,14,15,30,4.2,557,30,96,0.13,328,0.1
2021,12,14,16,30,2,0,0,0,0.13,332,0.1
2021,12,14,17,30,1.4000000000000001,0,0,0,0.13,343,0.1
2021,12,14,18,30,1.3,0,0,0,0.13,179,0.1
2021,12,14,19,30,1.1,0,0,0,0.13,14,0.1
2021,12,14,20,30,0.6000000000000001,0,0,0,0.13,28,0.1
2021,12,14,21,30,-0.2,0,0,0,0.13,39,0
2021,12,14,22,30,-1,0,0,0,0.13,46,0
2021,12,14,23,30,-1.6,0,0,0,0.13,49,0.1
2021,12,15,0,30,-2.2,0,0,0,0.13,44,0.30000000000000004
2021,12,15,1,30,-2.6,0,0,0,0.13,39,0.4
2021,12,15,2,30,-2.6,0,0,0,0.13,35,0.4
2021,12,15,3,30,-2.9000000000000004,0,0,0,0.13,33,0.5
2021,12,15,4,30,-3.4000000000000004,0,0,0,0.13,35,0.4
2021,12,15,5,30,-3.7,0,0,0,0.13,42,0.30000000000000004
2021,12,15,6,30,-3.5,0,0,0,0.13,52,0.1
2021,12,15,7,30,-2,3,18,18,0.13,68,0.1
2021,12,15,8,30,0,71,88,101,0.13,93,0
2021,12,15,9,30,1.6,94,148,177,0.13,121,0
2021,12,15,10,30,3.1,737,88,371,0.13,144,0.1
2021,12,15,11,30,4.2,255,200,307,0.13,155,0.1
2021,12,15,12,30,4.7,94,178,216,0.13,160,0.1
2021,12,15,13,30,5,313,153,263,0.13,162,0.1
2021,12,15,14,30,4.1000000000000005,14,91,95,0.13,155,0.1
2021,12,15,15,30,3,0,17,17,0.13,149,0.1
2021,12,15,16,30,3.2,0,0,0,0.13,151,0.1
2021,12,15,17,30,3.7,0,0,0,0.13,161,0.1
2021,12,15,18,30,4.4,0,0,0,0.13,172,0.1
2021,12,15,19,30,5.4,0,0,0,0.13,179,0.1
2021,12,15,20,30,6.5,0,0,0,0.13,184,0.1
2021,12,15,21,30,7.5,0,0,0,0.13,189,0.1
2021,12,15,22,30,8.5,0,0,0,0.13,195,0.1
2021,12,15,23,30,9.5,0,0,0,0.13,201,0.2
2021,12,16,0,30,10.3,0,0,0,0.13,207,0.2
2021,12,16,1,30,10.9,0,0,0,0.13,213,0.1
2021,12,16,2,30,11.100000000000001,0,0,0,0.13,218,0.1
2021,12,16,3,30,10.9,0,0,0,0.13,223,0.1
2021,12,16,4,30,10.600000000000001,0,0,0,0.13,226,0.1
2021,12,16,5,30,10.200000000000001,0,0,0,0.13,226,0.1
2021,12,16,6,30,9.9,0,0,0,0.13,224,0.1
2021,12,16,7,30,9.8,0,7,7,0.13,220,0.1
2021,12,16,8,30,10.200000000000001,0,25,25,0.13,217,0.1
2021,12,16,9,30,10.8,10,78,81,0.13,214,0.1
2021,12,16,10,30,11.5,31,133,145,0.13,210,0.1
2021,12,16,11,30,12.200000000000001,197,195,277,0.13,206,0.1
2021,12,16,12,30,12.9,232,182,276,0.13,205,0.1
2021,12,16,13,30,13.100000000000001,240,161,245,0.13,205,0.1
2021,12,16,14,30,12.600000000000001,171,124,167,0.13,206,0.1
2021,12,16,15,30,11.700000000000001,27,59,62,0.13,207,0.1
2021,12,16,16,30,11,0,0,0,0.13,205,0.1
2021,12,16,17,30,10.8,0,0,0,0.13,207,0.1
2021,12,16,18,30,10.700000000000001,0,0,0,0.13,213,0.1
2021,12,16,19,30,10.9,0,0,0,0.13,217,0.1
2021,12,16,20,30,11.100000000000001,0,0,0,0.13,221,0.1
2021,12,16,21,30,11.4,0,0,0,0.13,222,0.1
2021,12,16,22,30,11.5,0,0,0,0.13,222,0.1
2021,12,16,23,30,11.700000000000001,0,0,0,0.13,225,0.1
2021,12,17,0,30,11.8,0,0,0,0.13,232,0.1
2021,12,17,1,30,11.9,0,0,0,0.13,239,0.1
2021,12,17,2,30,11.8,0,0,0,0.13,248,0.1
2021,12,17,3,30,11.600000000000001,0,0,0,0.13,258,0.1
2021,12,17,4,30,11.5,0,0,0,0.13,271,0.1
2021,12,17,5,30,10.600000000000001,0,0,0,0.13,283,0.1
2021,12,17,6,30,8.9,0,0,0,0.13,290,0.1
2021,12,17,7,30,7.9,278,17,28,0.13,291,0.1
2021,12,17,8,30,8.3,699,37,166,0.13,291,0.1
2021,12,17,9,30,9.1,838,47,300,0.13,290,0.1
2021,12,17,10,30,10,903,50,395,0.13,288,0.1
2021,12,17,11,30,10.8,926,51,438,0.13,286,0.1
2021,12,17,12,30,11.200000000000001,922,49,424,0.13,285,0.1
2021,12,17,13,30,11.100000000000001,886,45,356,0.13,285,0.1
2021,12,17,14,30,10.100000000000001,796,40,241,0.13,286,0.1
2021,12,17,15,30,8.1,440,39,92,0.13,291,0.1
2021,12,17,16,30,6.6000000000000005,0,0,0,0.13,299,0.1
2021,12,17,17,30,5.9,0,0,0,0.13,302,0.1
2021,12,17,18,30,5.2,0,0,0,0.13,303,0.1
2021,12,17,19,30,4.800000000000001,0,0,0,0.13,305,0.1
2021,12,17,20,30,4.2,0,0,0,0.13,306,0.1
2021,12,17,21,30,3.5,0,0,0,0.13,307,0.1
2021,12,17,22,30,3.1,0,0,0,0.13,309,0.1
2021,12,17,23,30,2.8000000000000003,0,0,0,0.13,312,0.1
2021,12,18,0,30,2.1,0,0,0,0.13,318,0.1
2021,12,18,1,30,1.5,0,0,0,0.13,330,0
2021,12,18,2,30,1.6,0,0,0,0.13,343,0
2021,12,18,3,30,1.7000000000000002,0,0,0,0.13,177,0
2021,12,18,4,30,1.6,0,0,0,0.13,13,0
2021,12,18,5,30,1.1,0,0,0,0.13,25,0.1
2021,12,18,6,30,0.5,0,0,0,0.13,31,0.1
2021,12,18,7,30,1.3,0,8,8,0.13,31,0.1
2021,12,18,8,30,2.6,1,31,31,0.13,45,0.1
2021,12,18,9,30,3,6,55,57,0.13,78,0.1
2021,12,18,10,30,3,1,63,63,0.13,99,0.1
2021,12,18,11,30,2.8000000000000003,0,42,42,0.13,108,0.1
2021,12,18,12,30,2.4000000000000004,0,26,26,0.13,115,0.1
2021,12,18,13,30,2.1,0,40,40,0.13,114,0.1
2021,12,18,14,30,1.7000000000000002,0,11,11,0.13,102,0.1
2021,12,18,15,30,1.4000000000000001,0,11,11,0.13,92,0.1
2021,12,18,16,30,1.3,0,0,0,0.13,89,0.1
2021,12,18,17,30,1.2000000000000002,0,0,0,0.13,98,0.1
2021,12,18,18,30,1.3,0,0,0,0.13,114,0.1
2021,12,18,19,30,1.5,0,0,0,0.13,124,0.1
2021,12,18,20,30,1.7000000000000002,0,0,0,0.13,127,0.1
2021,12,18,21,30,2,0,0,0,0.13,132,0.1
2021,12,18,22,30,2.3000000000000003,0,0,0,0.13,159,0
2021,12,18,23,30,2.5,0,0,0,0.13,249,0
2021,12,19,0,30,2.3000000000000003,0,0,0,0.13,161,0.1
2021,12,19,1,30,2,0,0,0,0.13,180,0.1
2021,12,19,2,30,1.6,0,0,0,0.13,343,0.1
2021,12,19,3,30,1.3,0,0,0,0.13,327,0.1
2021,12,19,4,30,1.1,0,0,0,0.13,318,0.1
2021,12,19,5,30,0.9,0,0,0,0.13,315,0.1
2021,12,19,6,30,0.5,0,0,0,0.13,317,0.1
2021,12,19,7,30,0.2,0,12,12,0.13,321,0.2
2021,12,19,8,30,0.2,18,75,78,0.13,328,0.2
2021,12,19,9,30,0.30000000000000004,341,134,236,0.13,332,0.2
2021,12,19,10,30,0.4,1,51,51,0.13,333,0.2
2021,12,19,11,30,0.7000000000000001,70,164,193,0.13,333,0.2
2021,12,19,12,30,1,1,108,108,0.13,333,0.2
2021,12,19,13,30,0.7000000000000001,736,78,337,0.13,335,0.2
2021,12,19,14,30,-0.1,151,129,167,0.13,336,0.2
2021,12,19,15,30,-1.2000000000000002,180,47,69,0.13,338,0.2
2021,12,19,16,30,-2.1,0,0,0,0.13,341,0.2
2021,12,19,17,30,-2.9000000000000004,0,0,0,0.13,345,0.2
2021,12,19,18,30,-4,0,0,0,0.13,347,0.2
2021,12,19,19,30,-4.9,0,0,0,0.13,348,0.2
2021,12,19,20,30,-5.5,0,0,0,0.13,349,0.2
2021,12,19,21,30,-6.1000000000000005,0,0,0,0.13,350,0.2
2021,12,19,22,30,-6.6000000000000005,0,0,0,0.13,349,0.30000000000000004
2021,12,19,23,30,-6.800000000000001,0,0,0,0.13,349,0.30000000000000004
2021,12,20,0,30,-6.9,0,0,0,0.13,348,0.30000000000000004
2021,12,20,1,30,-6.9,0,0,0,0.13,346,0.30000000000000004
2021,12,20,2,30,-6.800000000000001,0,0,0,0.13,348,0.30000000000000004
2021,12,20,3,30,-6.800000000000001,0,0,0,0.13,352,0.30000000000000004
2021,12,20,4,30,-6.800000000000001,0,0,0,0.13,351,0.2
2021,12,20,5,30,-6.7,0,0,0,0.13,348,0.2
2021,12,20,6,30,-6.6000000000000005,0,0,0,0.13,346,0.2
2021,12,20,7,30,-5.7,96,14,17,0.13,346,0.2
2021,12,20,8,30,-4,681,38,161,0.13,345,0.1
2021,12,20,9,30,-2.2,815,49,292,0.13,326,0.1
2021,12,20,10,30,-0.6000000000000001,883,52,387,0.13,270,0.1
2021,12,20,11,30,0.5,95,227,267,0.13,233,0.1
2021,12,20,12,30,1.1,902,54,421,0.13,234,0.1
2021,12,20,13,30,1.3,416,142,288,0.13,227,0.1
2021,12,20,14,30,0.4,28,142,149,0.13,209,0.1
2021,12,20,15,30,-1.9000000000000001,365,45,90,0.13,193,0.2
2021,12,20,16,30,-3.5,0,0,0,0.13,190,0.2
2021,12,20,17,30,-3.4000000000000004,0,0,0,0.13,192,0.2
2021,12,20,18,30,-3.3000000000000003,0,0,0,0.13,193,0.2
2021,12,20,19,30,-3.3000000000000003,0,0,0,0.13,196,0.2
2021,12,20,20,30,-3.3000000000000003,0,0,0,0.13,200,0.2
2021,12,20,21,30,-3.3000000000000003,0,0,0,0.13,204,0.2
2021,12,20,22,30,-3.4000000000000004,0,0,0,0.13,208,0.2
2021,12,20,23,30,-3.4000000000000004,0,0,0,0.13,211,0.2
2021,12,21,0,30,-3.4000000000000004,0,0,0,0.13,215,0.2
2021,12,21,1,30,-3.5,0,0,0,0.13,219,0.2
2021,12,21,2,30,-3.6,0,0,0,0.13,221,0.2
2021,12,21,3,30,-3.6,0,0,0,0.13,222,0.2
2021,12,21,4,30,-3.7,0,0,0,0.13,227,0.2
2021,12,21,5,30,-3.8000000000000003,0,0,0,0.13,236,0.2
2021,12,21,6,30,-3.7,0,0,0,0.13,244,0.2
2021,12,21,7,30,-2.5,178,16,22,0.13,243,0.2
2021,12,21,8,30,-0.30000000000000004,248,71,115,0.13,237,0.1
2021,12,21,9,30,2,312,142,235,0.13,259,0.1
2021,12,21,10,30,3.6,275,189,293,0.13,293,0.1
2021,12,21,11,30,4.3,334,196,335,0.13,306,0.1
2021,12,21,12,30,4.6000000000000005,224,198,289,0.13,311,0.1
2021,12,21,13,30,4.5,183,178,242,0.13,162,0.1
2021,12,21,14,30,3.6,162,126,167,0.13,51,0.30000000000000004
2021,12,21,15,30,2.2,29,62,66,0.13,106,0.6000000000000001
2021,12,21,16,30,0.6000000000000001,0,0,0,0.13,119,0.8
2021,12,21,17,30,-0.7000000000000001,0,0,0,0.13,121,0.6000000000000001
2021,12,21,18,30,-1.4000000000000001,0,0,0,0.13,123,0.30000000000000004
2021,12,21,19,30,-1.5,0,0,0,0.13,127,0.1
2021,12,21,20,30,-1.5,0,0,0,0.13,131,0.1
2021,12,21,21,30,-1.6,0,0,0,0.13,133,0.1
2021,12,21,22,30,-1.2000000000000002,0,0,0,0.13,132,0.1
2021,12,21,23,30,-0.2,0,0,0,0.13,132,0.1
2021,12,22,0,30,0.5,0,0,0,0.13,132,0.1
2021,12,22,1,30,0.8,0,0,0,0.13,129,0.1
2021,12,22,2,30,0.9,0,0,0,0.13,120,0.1
2021,12,22,3,30,1.1,0,0,0,0.13,110,0.1
2021,12,22,4,30,1.2000000000000002,0,0,0,0.13,81,0.1
2021,12,22,5,30,1.2000000000000002,0,0,0,0.13,39,0.1
2021,12,22,6,30,1.1,0,0,0,0.13,178,0.1
2021,12,22,7,30,1.2000000000000002,0,3,3,0.13,331,0.1
2021,12,22,8,30,1.3,1,28,28,0.13,323,0.1
2021,12,22,9,30,1.5,11,88,91,0.13,317,0.1
2021,12,22,10,30,2.1,65,117,142,0.13,315,0.1
2021,12,22,11,30,3.1,664,88,364,0.13,315,0.1
2021,12,22,12,30,4.1000000000000005,855,65,413,0.13,314,0.2
2021,12,22,13,30,4,426,82,232,0.13,312,0.2
2021,12,22,14,30,2.7,3,60,61,0.13,310,0.30000000000000004
2021,12,22,15,30,0.9,243,43,74,0.13,308,0.30000000000000004
2021,12,22,16,30,-0.4,0,0,0,0.13,304,0.2
2021,12,22,17,30,-1,0,0,0,0.13,300,0.2
2021,12,22,18,30,-1.2000000000000002,0,0,0,0.13,297,0.2
2021,12,22,19,30,-1.3,0,0,0,0.13,294,0.2
2021,12,22,20,30,-1.4000000000000001,0,0,0,0.13,292,0.2
2021,12,22,21,30,-1.4000000000000001,0,0,0,0.13,291,0.2
2021,12,22,22,30,-1.5,0,0,0,0.13,292,0.2
2021,12,22,23,30,-1.8,0,0,0,0.13,295,0.2
2021,12,23,0,30,-2.2,0,0,0,0.13,299,0.2
2021,12,23,1,30,-2.8000000000000003,0,0,0,0.13,301,0.2
2021,12,23,2,30,-3.5,0,0,0,0.13,302,0.2
2021,12,23,3,30,-4.1000000000000005,0,0,0,0.13,303,0.2
2021,12,23,4,30,-4.6000000000000005,0,0,0,0.13,303,0.2
2021,12,23,5,30,-5,0,0,0,0.13,302,0.2
2021,12,23,6,30,-5.300000000000001,0,0,0,0.13,301,0.2
2021,12,23,7,30,-4.800000000000001,256,16,24,0.13,303,0.2
2021,12,23,8,30,-3.7,655,43,159,0.13,309,0.2
2021,12,23,9,30,-2.8000000000000003,823,53,297,0.13,314,0.2
2021,12,23,10,30,-2,914,50,395,0.13,315,0.2
2021,12,23,11,30,-1.6,933,53,441,0.13,313,0.2
2021,12,23,12,30,-1.5,778,83,400,0.13,310,0.2
2021,12,23,13,30,-1.8,110,189,228,0.13,307,0.2
2021,12,23,14,30,-2.4000000000000004,183,115,162,0.13,306,0.2
2021,12,23,15,30,-3.7,598,30,106,0.13,305,0.2
2021,12,23,16,30,-5.2,0,0,0,0.13,305,0.2
2021,12,23,17,30,-5.9,0,0,0,0.13,310,0.2
2021,12,23,18,30,-6,0,0,0,0.13,319,0.2
2021,12,23,19,30,-6.1000000000000005,0,0,0,0.79,336,0.30000000000000004
2021,12,23,20,30,-6.5,0,0,0,0.79,176,0.5
2021,12,23,21,30,-6.6000000000000005,0,0,0,0.79,11,0.6000000000000001
2021,12,23,22,30,-6.300000000000001,0,0,0,0.79,24,0.4
2021,12,23,23,30,-5.800000000000001,0,0,0,0.79,41,0.2
2021,12,24,0,30,-5.7,0,0,0,0.79,68,0.1
2021,12,24,1,30,-5.800000000000001,0,0,0,0.79,100,0.1
2021,12,24,2,30,-5.9,0,0,0,0.79,115,0.1
2021,12,24,3,30,-5.9,0,0,0,0.79,113,0.2
2021,12,24,4,30,-5.9,0,0,0,0.79,113,0.2
2021,12,24,5,30,-5.9,0,0,0,0.79,110,0.2
2021,12,24,6,30,-5.9,0,0,0,0.79,101,0.2
2021,12,24,7,30,-5.4,0,6,6,0.79,97,0.1
2021,12,24,8,30,-4.4,0,16,16,0.79,102,0.1
2021,12,24,9,30,-3.2,0,63,63,0.79,110,0.1
2021,12,24,10,30,-2.2,0,59,59,0.79,117,0.1
2021,12,24,11,30,-1.3,0,114,114,0.79,117,0
2021,12,24,12,30,-0.7000000000000001,0,107,107,0.79,95,0
2021,12,24,13,30,-0.4,0,63,63,0.79,176,0
2021,12,24,14,30,-0.7000000000000001,0,42,42,0.79,269,0
2021,12,24,15,30,-1.6,85,34,45,0.79,135,0.1
2021,12,24,16,30,-2.5,0,0,0,0.79,41,0.2
2021,12,24,17,30,-3.2,0,0,0,0.79,93,0.30000000000000004
2021,12,24,18,30,-3.7,0,0,0,0.79,116,0.30000000000000004
2021,12,24,19,30,-4.2,0,0,0,0.72,106,0.30000000000000004
2021,12,24,20,30,-4.2,0,0,0,0.72,93,0.2
2021,12,24,21,30,-4,0,0,0,0.72,109,0.1
2021,12,24,22,30,-4,0,0,0,0.72,130,0.1
2021,12,24,23,30,-4,0,0,0,0.72,131,0.1
2021,12,25,0,30,-3.9000000000000004,0,0,0,0.72,123,0.1
2021,12,25,1,30,-3.7,0,0,0,0.72,117,0.1
2021,12,25,2,30,-3.5,0,0,0,0.72,123,0.1
2021,12,25,3,30,-3.3000000000000003,0,0,0,0.72,129,0.1
2021,12,25,4,30,-3.1,0,0,0,0.72,125,0.1
2021,12,25,5,30,-2.8000000000000003,0,0,0,0.72,115,0.1
2021,12,25,6,30,-2.4000000000000004,0,0,0,0.72,110,0.1
2021,12,25,7,30,-1.7000000000000002,0,7,7,0.72,107,0.1
2021,12,25,8,30,-0.8,6,79,80,0.72,104,0.1
2021,12,25,9,30,0,79,168,191,0.72,104,0.1
2021,12,25,10,30,0.8,99,205,242,0.72,102,0.1
2021,12,25,11,30,1.3,8,113,116,0.72,93,0.1
2021,12,25,12,30,1.4000000000000001,2,115,116,0.72,82,0.1
2021,12,25,13,30,1.4000000000000001,0,41,41,0.72,75,0.1
2021,12,25,14,30,1.2000000000000002,211,54,109,0.72,61,0
2021,12,25,15,30,0.8,130,34,51,0.72,38,0
2021,12,25,16,30,0.5,0,0,0,0.72,21,0.1
2021,12,25,17,30,0.5,0,0,0,0.72,11,0.1
2021,12,25,18,30,0.30000000000000004,0,0,0,0.72,8,0.1
2021,12,25,19,30,-0.2,0,0,0,0.13,4,0.1
2021,12,25,20,30,-0.5,0,0,0,0.13,179,0.1
2021,12,25,21,30,-0.5,0,0,0,0.13,353,0.1
2021,12,25,22,30,-0.2,0,0,0,0.13,346,0.1
2021,12,25,23,30,0.1,0,0,0,0.13,336,0.1
2021,12,26,0,30,0.30000000000000004,0,0,0,0.13,327,0.1
2021,12,26,1,30,0.30000000000000004,0,0,0,0.13,321,0.1
2021,12,26,2,30,0,0,0,0,0.13,319,0.1
2021,12,26,3,30,-0.2,0,0,0,0.13,320,0.1
2021,12,26,4,30,-0.5,0,0,0,0.13,323,0.1
2021,12,26,5,30,-1.2000000000000002,0,0,0,0.13,322,0.1
2021,12,26,6,30,-1.8,0,0,0,0.13,318,0.1
2021,12,26,7,30,-1.3,128,14,18,0.13,312,0.1
2021,12,26,8,30,0.1,546,51,146,0.13,309,0.2
2021,12,26,9,30,1.4000000000000001,735,63,280,0.13,313,0.2
2021,12,26,10,30,2,832,66,380,0.13,318,0.2
2021,12,26,11,30,2.4000000000000004,549,96,325,0.13,318,0.2
2021,12,26,12,30,2.7,853,66,416,0.13,317,0.2
2021,12,26,13,30,2.8000000000000003,831,58,355,0.13,316,0.2
2021,12,26,14,30,2.3000000000000003,744,51,246,0.13,314,0.2
2021,12,26,15,30,1.4000000000000001,536,36,107,0.13,314,0.2
2021,12,26,16,30,0.5,26,3,2,0.13,314,0.2
2021,12,26,17,30,0.1,0,0,0,0.13,316,0.2
2021,12,26,18,30,-0.2,0,0,0,0.13,318,0.2
2021,12,26,19,30,-0.6000000000000001,0,0,0,0.75,321,0.2
2021,12,26,20,30,-1,0,0,0,0.75,324,0.2
2021,12,26,21,30,-1.6,0,0,0,0.75,327,0.2
2021,12,26,22,30,-2.2,0,0,0,0.75,329,0.2
2021,12,26,23,30,-2.9000000000000004,0,0,0,0.75,331,0.2
2021,12,27,0,30,-3.7,0,0,0,0.75,333,0.2
2021,12,27,1,30,-4.4,0,0,0,0.75,334,0.2
2021,12,27,2,30,-5,0,0,0,0.75,334,0.2
2021,12,27,3,30,-5.6000000000000005,0,0,0,0.75,335,0.30000000000000004
2021,12,27,4,30,-6.2,0,0,0,0.75,334,0.4
2021,12,27,5,30,-6.7,0,0,0,0.75,331,0.4
2021,12,27,6,30,-6.5,0,0,0,0.75,326,0.5
2021,12,27,7,30,-5.4,0,11,11,0.75,327,0.30000000000000004
2021,12,27,8,30,-3.7,1,54,54,0.75,339,0.2
2021,12,27,9,30,-2.4000000000000004,6,110,112,0.75,346,0.1
2021,12,27,10,30,-1.8,4,142,144,0.75,348,0.1
2021,12,27,11,30,-1.4000000000000001,32,230,243,0.75,181,0.1
2021,12,27,12,30,-0.6000000000000001,122,221,271,0.75,183,0.1
2021,12,27,13,30,0,520,137,323,0.75,344,0.1
2021,12,27,14,30,-0.1,40,95,106,0.75,257,0.1
2021,12,27,15,30,-0.9,0,29,29,0.75,157,0.30000000000000004
2021,12,27,16,30,-2,0,1,1,0.75,133,0.5
2021,12,27,17,30,-2.7,0,0,0,0.75,137,0.5
2021,12,27,18,30,-2.8000000000000003,0,0,0,0.75,137,0.4
2021,12,27,19,30,-2.8000000000000003,0,0,0,0.13,141,0.30000000000000004
2021,12,27,20,30,-2.6,0,0,0,0.13,152,0.2
2021,12,27,21,30,-2.5,0,0,0,0.13,158,0.2
2021,12,27,22,30,-2.1,0,0,0,0.13,166,0.1
2021,12,27,23,30,-1.7000000000000002,0,0,0,0.13,173,0.1
2021,12,28,0,30,-1.4000000000000001,0,0,0,0.13,177,0.1
2021,12,28,1,30,-1.4000000000000001,0,0,0,0.13,181,0.1
2021,12,28,2,30,-1.1,0,0,0,0.13,187,0.1
2021,12,28,3,30,-0.7000000000000001,0,0,0,0.13,200,0.1
2021,12,28,4,30,-0.2,0,0,0,0.13,214,0.1
2021,12,28,5,30,0.1,0,0,0,0.13,225,0.1
2021,12,28,6,30,0.30000000000000004,0,0,0,0.13,235,0.1
2021,12,28,7,30,0.7000000000000001,85,14,16,0.13,241,0.1
2021,12,28,8,30,1.4000000000000001,510,54,142,0.13,245,0.1
2021,12,28,9,30,2.5,741,64,282,0.13,254,0.1
2021,12,28,10,30,3.7,753,81,366,0.13,265,0.2
2021,12,28,11,30,4.6000000000000005,774,88,412,0.13,275,0.2
2021,12,28,12,30,5,887,61,426,0.13,284,0.2
2021,12,28,13,30,4.800000000000001,596,103,317,0.13,291,0.2
2021,12,28,14,30,3.4000000000000004,28,75,82,0.13,295,0.1
2021,12,28,15,30,1.7000000000000002,13,44,46,0.13,302,0.1
2021,12,28,16,30,0.5,0,1,1,0.13,311,0.1
2021,12,28,17,30,-0.2,0,0,0,0.13,315,0.1
2021,12,28,18,30,-0.30000000000000004,0,0,0,0.13,313,0.1
2021,12,28,19,30,0.1,0,0,0,0.13,312,0.1
2021,12,28,20,30,0.4,0,0,0,0.13,319,0.1
2021,12,28,21,30,0.5,0,0,0,0.13,319,0.1
2021,12,28,22,30,0.2,0,0,0,0.13,314,0.30000000000000004
2021,12,28,23,30,0,0,0,0,0.13,320,0.5
2021,12,29,0,30,0.1,0,0,0,0.13,341,0.5
2021,12,29,1,30,0,0,0,0,0.13,183,0.5
2021,12,29,2,30,-0.2,0,0,0,0.13,11,0.6000000000000001
2021,12,29,3,30,-0.30000000000000004,0,0,0,0.13,16,0.6000000000000001
2021,12,29,4,30,-0.5,0,0,0,0.13,38,0.4
2021,12,29,5,30,-0.7000000000000001,0,0,0,0.13,65,0.30000000000000004
2021,12,29,6,30,-0.7000000000000001,0,0,0,0.13,80,0.2
2021,12,29,7,30,0.1,0,6,6,0.13,85,0.2
2021,12,29,8,30,1.2000000000000002,4,20,21,0.13,85,0.1
2021,12,29,9,30,2.1,0,32,32,0.13,84,0.1
2021,12,29,10,30,3,88,169,202,0.13,85,0.1
2021,12,29,11,30,3.5,0,102,102,0.13,80,0.1
2021,12,29,12,30,3.6,1,88,88,0.13,70,0.1
2021,12,29,13,30,3.4000000000000004,0,28,28,0.13,66,0.2
2021,12,29,14,30,2.5,0,22,22,0.13,70,0.30000000000000004
2021,12,29,15,30,1.5,0,19,19,0.13,83,0.4
2021,12,29,16,30,0.9,0,1,1,0.13,100,0.30000000000000004
2021,12,29,17,30,0.7000000000000001,0,0,0,0.13,117,0.2
2021,12,29,18,30,0.8,0,0,0,0.13,127,0.1
2021,12,29,19,30,1,0,0,0,0.13,130,0.1
2021,12,29,20,30,1.1,0,0,0,0.13,134,0.1
2021,12,29,21,30,1.1,0,0,0,0.13,141,0.1
2021,12,29,22,30,1.2000000000000002,0,0,0,0.13,138,0.1
2021,12,29,23,30,1.2000000000000002,0,0,0,0.13,128,0.1
2021,12,30,0,30,1.3,0,0,0,0.13,126,0.1
2021,12,30,1,30,1.3,0,0,0,0.13,135,0.1
2021,12,30,2,30,1.4000000000000001,0,0,0,0.13,139,0.1
2021,12,30,3,30,1.4000000000000001,0,0,0,0.13,137,0.1
2021,12,30,4,30,1.5,0,0,0,0.13,139,0.2
2021,12,30,5,30,1.7000000000000002,0,0,0,0.13,143,0.4
2021,12,30,6,30,2,0,0,0,0.13,147,0.4
2021,12,30,7,30,2.3000000000000003,6,5,5,0.13,86,0.2
2021,12,30,8,30,2.4000000000000004,0,13,13,0.13,20,0.2
2021,12,30,9,30,2.6,0,26,26,0.13,13,0.2
2021,12,30,10,30,3.1,0,54,54,0.13,10,0.1
2021,12,30,11,30,3.8000000000000003,0,72,72,0.13,9,0.1
2021,12,30,12,30,4.6000000000000005,0,86,86,0.13,5,0.1
2021,12,30,13,30,4.9,9,134,137,0.13,7,0.1
2021,12,30,14,30,4.5,19,94,99,0.13,23,0.30000000000000004
2021,12,30,15,30,3.7,0,12,12,0.13,42,0.5
2021,12,30,16,30,3.1,0,0,0,0.13,53,0.6000000000000001
2021,12,30,17,30,2.8000000000000003,0,0,0,0.13,64,0.6000000000000001
2021,12,30,18,30,2.5,0,0,0,0.13,80,0.6000000000000001
2021,12,30,19,30,2.1,0,0,0,0.13,98,0.6000000000000001
2021,12,30,20,30,1.9000000000000001,0,0,0,0.13,116,0.5
2021,12,30,21,30,1.8,0,0,0,0.13,135,0.4
2021,12,30,22,30,1.7000000000000002,0,0,0,0.13,152,0.30000000000000004
2021,12,30,23,30,1.6,0,0,0,0.13,168,0.2
2021,12,31,0,30,1.6,0,0,0,0.13,193,0.1
2021,12,31,1,30,1.8,0,0,0,0.13,217,0.1
2021,12,31,2,30,1.9000000000000001,0,0,0,0.13,232,0.1
2021,12,31,3,30,2,0,0,0,0.13,246,0.1
2021,12,31,4,30,2,0,0,0,0.13,263,0.1
2021,12,31,5,30,1.9000000000000001,0,0,0,0.13,284,0.1
2021,12,31,6,30,2,0,0,0,0.13,304,0.4
2021,12,31,7,30,3,46,11,12,0.13,326,0.6000000000000001
2021,12,31,8,30,4.7,391,57,125,0.13,186,0.30000000000000004
2021,12,31,9,30,6.2,631,76,262,0.13,90,0.1
2021,12,31,10,30,7.2,728,84,360,0.13,159,0.1
2021,12,31,11,30,7.6000000000000005,748,92,407,0.13,172,0.2
2021,12,31,12,30,7.1000000000000005,692,88,376,0.13,169,0.2
2021,12,31,13,30,6.2,53,68,87,0.13,167,0.2
2021,12,31,14,30,5.4,0,15,15,0.13,170,0.1
2021,12,31,15,30,4.5,1,31,31,0.13,175,0.1
2021,12,31,16,30,4.2,0,1,1,0.13,182,0.1
2021,12,31,17,30,4.5,0,0,0,0.13,192,0.1
2021,12,31,18,30,4.800000000000001,0,0,0,0.13,201,0.1
2021,12,31,19,30,0.2,0,0,0,0.7000000000000001,240,0.2
2021,12,31,20,30,0.30000000000000004,0,0,0,0.7000000000000001,240,0.2
2021,12,31,21,30,0.30000000000000004,0,0,0,0.7000000000000001,245,0.2
2021,12,31,22,30,0.30000000000000004,0,0,0,0.7000000000000001,253,0.2
2021,12,31,23,30,-0.30000000000000004,0,0,0,0.7000000000000001,261,0.2
