Source,Location ID,City,State,Country,Latitude,Longitude,Time Zone,Elevation,Local Time Zone,Clearsky DHI Units,Clearsky DNI Units,Clearsky GHI Units,Dew Point Units,DHI Units,DNI Units,GHI Units,Solar Zenith Angle Units,Temperature Units,Pressure Units,Relative Humidity Units,Precipitable Water Units,Wind Direction Units,Wind Speed Units,Cloud Type -15,Cloud Type 0,Cloud Type 1,Cloud Type 2,Cloud Type 3,Cloud Type 4,Cloud Type 5,Cloud Type 6,Cloud Type 7,Cloud Type 8,Cloud Type 9,Cloud Type 10,Cloud Type 11,Cloud Type 12,Fill Flag 0,Fill Flag 1,Fill Flag 2,Fill Flag 3,Fill Flag 4,Fill Flag 5,Surface Albedo Units,Version
NSRDB,268546,-,-,-,36.45,-114.74,-8,680,-8,w/m2,w/m2,w/m2,c,w/m2,w/m2,w/m2,Degree,c,mbar,%,cm,Degrees,m/s,N/A,Clear,Probably Clear,Fog,Water,Super-Cooled Water,Mixed,Opaque Ice,Cirrus,Overlapping,Overshooting,Unknown,Dust,Smoke,N/A,Missing Image,Low Irradiance,Exceeds Clearsky,Missing CLoud Properties,Rayleigh Violation,N/A,4.0.1
Year,Month,Day,Hour,Minute,Temperature,DHI,DNI,GHI,Surface Albedo,Wind Direction,Wind Speed
2021,1,1,0,30,2.9000000000000004,0,0,0,0.24,357,3.9000000000000004
2021,1,1,1,30,2.7,0,0,0,0.24,180,3.9000000000000004
2021,1,1,2,30,2.6,0,0,0,0.24,1,3.9000000000000004
2021,1,1,3,30,2.4000000000000004,0,0,0,0.24,181,3.8000000000000003
2021,1,1,4,30,2.1,0,0,0,0.24,359,3.6
2021,1,1,5,30,1.8,0,0,0,0.24,357,3.4000000000000004
2021,1,1,6,30,2.4000000000000004,0,0,0,0.24,356,3.6
2021,1,1,7,30,4.5,32,479,82,0.24,178,4.6000000000000005
2021,1,1,8,30,7.1000000000000005,49,779,254,0.24,7,5.2
2021,1,1,9,30,9.4,60,884,404,0.24,17,4.800000000000001
2021,1,1,10,30,11.200000000000001,68,930,507,0.24,24,4.2
2021,1,1,11,30,12.3,69,954,554,0.24,30,3.7
2021,1,1,12,30,12.9,68,951,538,0.24,35,3.2
2021,1,1,13,30,13,64,916,458,0.24,38,2.7
2021,1,1,14,30,12.3,56,839,326,0.24,38,1.9000000000000001
2021,1,1,15,30,10.200000000000001,41,664,158,0.24,25,1.2000000000000002
2021,1,1,16,30,8.200000000000001,10,125,11,0.24,181,1.1
2021,1,1,17,30,7.1000000000000005,0,0,0,0.24,345,1.3
2021,1,1,18,30,6.1000000000000005,0,0,0,0.24,342,1.3
2021,1,1,19,30,5.300000000000001,0,0,0,0.24,344,1.3
2021,1,1,20,30,4.7,0,0,0,0.24,349,1.3
2021,1,1,21,30,4.3,0,0,0,0.24,177,1.2000000000000002
2021,1,1,22,30,3.6,0,0,0,0.24,171,1.2000000000000002
2021,1,1,23,30,2.7,0,0,0,0.24,332,1.2000000000000002
2021,1,2,0,30,2.4000000000000004,0,0,0,0.24,323,1.3
2021,1,2,1,30,2.3000000000000003,0,0,0,0.24,328,1.2000000000000002
2021,1,2,2,30,2,0,0,0,0.24,337,1.2000000000000002
2021,1,2,3,30,1.8,0,0,0,0.24,343,1.2000000000000002
2021,1,2,4,30,2.1,0,0,0,0.24,343,1.1
2021,1,2,5,30,2,0,0,0,0.24,341,1.1
2021,1,2,6,30,2.3000000000000003,0,0,0,0.24,340,1.1
2021,1,2,7,30,4.3,38,355,75,0.24,341,1.4000000000000001
2021,1,2,8,30,7.300000000000001,61,698,245,0.24,177,1.3
2021,1,2,9,30,9.9,65,860,400,0.24,36,0.6000000000000001
2021,1,2,10,30,11.700000000000001,71,915,504,0.24,198,0.5
2021,1,2,11,30,12.8,74,933,549,0.24,171,0.6000000000000001
2021,1,2,12,30,13.4,73,925,531,0.24,46,0.7000000000000001
2021,1,2,13,30,13.5,67,891,452,0.24,95,1
2021,1,2,14,30,12.700000000000001,93,583,282,0.24,111,1
2021,1,2,15,30,10.3,52,525,146,0.24,124,0.9
2021,1,2,16,30,8.1,10,106,11,0.23,132,1
2021,1,2,17,30,7.4,0,0,0,0.23,145,0.9
2021,1,2,18,30,7.1000000000000005,0,0,0,0.23,180,0.6000000000000001
2021,1,2,19,30,6.9,0,0,0,0.23,264,0.5
2021,1,2,20,30,6.7,0,0,0,0.23,325,0.4
2021,1,2,21,30,6.5,0,0,0,0.23,326,0.4
2021,1,2,22,30,5.9,0,0,0,0.23,333,0.6000000000000001
2021,1,2,23,30,5,0,0,0,0.23,345,1
2021,1,3,0,30,4.4,0,0,0,0.23,176,1.1
2021,1,3,1,30,4,0,0,0,0.23,5,1.2000000000000002
2021,1,3,2,30,4.1000000000000005,0,0,0,0.23,181,1.1
2021,1,3,3,30,4.4,0,0,0,0.23,358,1
2021,1,3,4,30,4.4,0,0,0,0.23,356,1
2021,1,3,5,30,4.2,0,0,0,0.23,352,1
2021,1,3,6,30,4.3,0,0,0,0.23,349,0.9
2021,1,3,7,30,5.7,44,30,47,0.23,347,1.2000000000000002
2021,1,3,8,30,8.3,67,634,234,0.23,348,1.4000000000000001
2021,1,3,9,30,10.8,65,831,389,0.23,180,1.2000000000000002
2021,1,3,10,30,12.600000000000001,72,883,491,0.23,18,1.1
2021,1,3,11,30,13.700000000000001,164,650,496,0.23,28,1.1
2021,1,3,12,30,14.4,134,722,493,0.23,27,1.1
2021,1,3,13,30,14.700000000000001,67,865,443,0.23,22,1
2021,1,3,14,30,14.200000000000001,58,784,314,0.23,31,0.7000000000000001
2021,1,3,15,30,12.100000000000001,49,558,150,0.23,88,0.6000000000000001
2021,1,3,16,30,10.100000000000001,10,86,11,0.24,152,0.7000000000000001
2021,1,3,17,30,9.200000000000001,0,0,0,0.24,200,0.7000000000000001
2021,1,3,18,30,8.700000000000001,0,0,0,0.24,252,0.7000000000000001
2021,1,3,19,30,8.700000000000001,0,0,0,0.24,291,0.7000000000000001
2021,1,3,20,30,8.6,0,0,0,0.24,322,0.7000000000000001
2021,1,3,21,30,8.3,0,0,0,0.24,170,0.8
2021,1,3,22,30,7.7,0,0,0,0.24,16,1
2021,1,3,23,30,7,0,0,0,0.24,37,1.1
2021,1,4,0,30,6.4,0,0,0,0.24,44,1.2000000000000002
2021,1,4,1,30,5.7,0,0,0,0.24,36,1.2000000000000002
2021,1,4,2,30,5.2,0,0,0,0.24,22,1.2000000000000002
2021,1,4,3,30,4.9,0,0,0,0.24,187,1.2000000000000002
2021,1,4,4,30,4.800000000000001,0,0,0,0.24,354,1.1
2021,1,4,5,30,4.7,0,0,0,0.24,349,1.1
2021,1,4,6,30,5.1000000000000005,0,0,0,0.24,353,1
2021,1,4,7,30,6.800000000000001,44,8,45,0.24,184,1.3
2021,1,4,8,30,9.3,127,229,187,0.24,39,1.3
2021,1,4,9,30,11.9,156,412,317,0.24,106,1.3
2021,1,4,10,30,14.200000000000001,67,911,500,0.24,153,1.7000000000000002
2021,1,4,11,30,15.9,68,935,547,0.24,169,2.3000000000000003
2021,1,4,12,30,17,69,926,531,0.24,179,2.7
2021,1,4,13,30,17.3,68,881,453,0.24,183,2.9000000000000004
2021,1,4,14,30,16.2,116,488,276,0.24,180,2.1
2021,1,4,15,30,13.600000000000001,70,406,144,0.24,172,1.1
2021,1,4,16,30,11.5,9,56,10,0.27,174,0.9
2021,1,4,17,30,10.4,0,0,0,0.27,183,0.6000000000000001
2021,1,4,18,30,9.4,0,0,0,0.27,253,0.5
2021,1,4,19,30,8.8,0,0,0,0.27,310,0.5
2021,1,4,20,30,8.3,0,0,0,0.27,294,0.7000000000000001
2021,1,4,21,30,7.5,0,0,0,0.27,286,0.9
2021,1,4,22,30,6.5,0,0,0,0.27,290,1
2021,1,4,23,30,5.5,0,0,0,0.27,309,1.2000000000000002
2021,1,5,0,30,4.800000000000001,0,0,0,0.27,327,1.3
2021,1,5,1,30,4.6000000000000005,0,0,0,0.27,335,1.3
2021,1,5,2,30,4.5,0,0,0,0.27,337,1.3
2021,1,5,3,30,4.4,0,0,0,0.27,338,1.4000000000000001
2021,1,5,4,30,4.1000000000000005,0,0,0,0.27,340,1.5
2021,1,5,5,30,3.5,0,0,0,0.27,343,1.6
2021,1,5,6,30,3.8000000000000003,0,0,0,0.27,343,1.7000000000000002
2021,1,5,7,30,6.6000000000000005,32,473,82,0.27,340,2.5
2021,1,5,8,30,10.100000000000001,50,780,256,0.27,348,3.4000000000000004
2021,1,5,9,30,12.9,61,887,408,0.27,182,3.7
2021,1,5,10,30,14.9,71,936,517,0.27,4,3.9000000000000004
2021,1,5,11,30,16.3,73,952,563,0.27,1,4.1000000000000005
2021,1,5,12,30,17.1,74,936,543,0.27,0,4.2
2021,1,5,13,30,17.3,70,897,464,0.27,1,3.9000000000000004
2021,1,5,14,30,16.1,64,808,331,0.27,3,2.9000000000000004
2021,1,5,15,30,12.700000000000001,49,615,163,0.27,3,1.8
2021,1,5,16,30,9.8,11,103,13,0.28,180,1.5
2021,1,5,17,30,8.3,0,0,0,0.28,358,1.6
2021,1,5,18,30,7,0,0,0,0.28,180,1.7000000000000002
2021,1,5,19,30,6.300000000000001,0,0,0,0.28,7,2
2021,1,5,20,30,5.7,0,0,0,0.28,10,2.1
2021,1,5,21,30,5,0,0,0,0.28,8,2.2
2021,1,5,22,30,4.3,0,0,0,0.28,3,2.3000000000000003
2021,1,5,23,30,3.8000000000000003,0,0,0,0.28,178,2.3000000000000003
2021,1,6,0,30,3.3000000000000003,0,0,0,0.28,355,2.2
2021,1,6,1,30,3,0,0,0,0.28,354,2.2
2021,1,6,2,30,2.7,0,0,0,0.28,356,2.1
2021,1,6,3,30,2.5,0,0,0,0.28,180,2
2021,1,6,4,30,2.4000000000000004,0,0,0,0.28,4,1.9000000000000001
2021,1,6,5,30,2.3000000000000003,0,0,0,0.28,8,1.9000000000000001
2021,1,6,6,30,3.2,0,0,0,0.28,10,1.9000000000000001
2021,1,6,7,30,6,41,270,69,0.28,10,2.7
2021,1,6,8,30,9.1,129,260,198,0.28,17,3.4000000000000004
2021,1,6,9,30,11.4,185,356,325,0.28,29,3.1
2021,1,6,10,30,13.4,223,331,381,0.28,33,2.9000000000000004
2021,1,6,11,30,14.8,231,378,426,0.28,34,2.6
2021,1,6,12,30,15.600000000000001,264,213,371,0.28,37,2.3000000000000003
2021,1,6,13,30,15.8,140,605,407,0.28,38,2
2021,1,6,14,30,15,73,725,315,0.28,34,1.3
2021,1,6,15,30,12.8,47,604,161,0.28,20,0.9
2021,1,6,16,30,10.700000000000001,13,135,16,0.28,176,1
2021,1,6,17,30,9.4,0,0,0,0.28,338,1.2000000000000002
2021,1,6,18,30,8.4,0,0,0,0.28,336,1.3
2021,1,6,19,30,7.7,0,0,0,0.28,343,1.3
2021,1,6,20,30,7.2,0,0,0,0.28,350,1.3
2021,1,6,21,30,6.7,0,0,0,0.28,355,1.4000000000000001
2021,1,6,22,30,5.9,0,0,0,0.28,354,1.4000000000000001
2021,1,6,23,30,4.9,0,0,0,0.28,352,1.5
2021,1,7,0,30,4.1000000000000005,0,0,0,0.28,348,1.5
2021,1,7,1,30,3.6,0,0,0,0.28,343,1.6
2021,1,7,2,30,3.3000000000000003,0,0,0,0.28,342,1.6
2021,1,7,3,30,3.2,0,0,0,0.28,343,1.5
2021,1,7,4,30,3.3000000000000003,0,0,0,0.28,345,1.5
2021,1,7,5,30,3.1,0,0,0,0.28,345,1.5
2021,1,7,6,30,3.6,0,0,0,0.28,341,1.5
2021,1,7,7,30,6.4,39,357,77,0.28,336,2.3000000000000003
2021,1,7,8,30,9.9,72,643,243,0.28,336,2.9000000000000004
2021,1,7,9,30,12.5,75,842,406,0.28,348,2.6
2021,1,7,10,30,14.600000000000001,112,812,501,0.28,185,2.4000000000000004
2021,1,7,11,30,15.8,250,339,426,0.28,12,2.2
2021,1,7,12,30,16.400000000000002,278,212,385,0.28,12,1.8
2021,1,7,13,30,16.3,243,92,284,0.28,185,1
2021,1,7,14,30,15.100000000000001,184,128,227,0.28,343,0.7000000000000001
2021,1,7,15,30,13.200000000000001,85,26,90,0.28,322,1
2021,1,7,16,30,11.700000000000001,8,0,8,0.28,324,1.2000000000000002
2021,1,7,17,30,10.700000000000001,0,0,0,0.28,339,1.3
2021,1,7,18,30,9.5,0,0,0,0.28,176,1.5
2021,1,7,19,30,8.1,0,0,0,0.28,9,1.7000000000000002
2021,1,7,20,30,6.800000000000001,0,0,0,0.28,10,1.8
2021,1,7,21,30,5.6000000000000005,0,0,0,0.28,183,1.8
2021,1,7,22,30,4.6000000000000005,0,0,0,0.28,356,1.9000000000000001
2021,1,7,23,30,3.8000000000000003,0,0,0,0.28,351,2
2021,1,8,0,30,3.4000000000000004,0,0,0,0.28,348,2.2
2021,1,8,1,30,3.3000000000000003,0,0,0,0.28,350,2.3000000000000003
2021,1,8,2,30,3.5,0,0,0,0.28,354,2.3000000000000003
2021,1,8,3,30,3.7,0,0,0,0.28,357,2.3000000000000003
2021,1,8,4,30,3.9000000000000004,0,0,0,0.28,358,2.2
2021,1,8,5,30,4,0,0,0,0.28,358,2
2021,1,8,6,30,4.6000000000000005,0,0,0,0.28,356,1.9000000000000001
2021,1,8,7,30,6.300000000000001,44,5,45,0.28,353,2.3000000000000003
2021,1,8,8,30,8.5,111,393,216,0.28,352,3.1
2021,1,8,9,30,11,72,846,406,0.28,179,3.6
2021,1,8,10,30,13.700000000000001,70,925,515,0.28,9,3.6
2021,1,8,11,30,15.4,73,942,563,0.28,15,3.3000000000000003
2021,1,8,12,30,16.1,74,929,546,0.28,22,2.7
2021,1,8,13,30,16.3,69,901,471,0.28,16,2
2021,1,8,14,30,15.600000000000001,58,840,343,0.28,176,1.3
2021,1,8,15,30,13.700000000000001,59,300,117,0.28,341,0.9
2021,1,8,16,30,12.100000000000001,14,192,19,0.28,326,0.9
2021,1,8,17,30,10.9,0,0,0,0.28,309,1
2021,1,8,18,30,9.9,0,0,0,0.28,301,1.1
2021,1,8,19,30,9.1,0,0,0,0.28,301,1.1
2021,1,8,20,30,8.1,0,0,0,0.28,312,1.2000000000000002
2021,1,8,21,30,7.1000000000000005,0,0,0,0.28,320,1.3
2021,1,8,22,30,6.2,0,0,0,0.28,323,1.3
2021,1,8,23,30,5.7,0,0,0,0.28,325,1.5
2021,1,9,0,30,5.2,0,0,0,0.28,330,2
2021,1,9,1,30,4.3,0,0,0,0.28,334,2.6
2021,1,9,2,30,3.5,0,0,0,0.28,338,3
2021,1,9,3,30,2.6,0,0,0,0.28,336,2.9000000000000004
2021,1,9,4,30,2,0,0,0,0.28,334,2.9000000000000004
2021,1,9,5,30,1.9000000000000001,0,0,0,0.28,334,3.1
2021,1,9,6,30,2.8000000000000003,0,0,0,0.28,335,3.5
2021,1,9,7,30,5.5,32,479,83,0.28,339,4.6000000000000005
2021,1,9,8,30,8.5,58,734,254,0.28,350,5.7
2021,1,9,9,30,10.9,70,852,407,0.28,180,5.800000000000001
2021,1,9,10,30,12.9,73,924,519,0.28,6,5.4
2021,1,9,11,30,14.3,77,941,568,0.28,7,5
2021,1,9,12,30,15.200000000000001,75,936,553,0.28,6,4.7
2021,1,9,13,30,15.3,71,905,477,0.28,5,4.4
2021,1,9,14,30,14.4,61,832,346,0.28,3,3.5
2021,1,9,15,30,11.200000000000001,46,669,178,0.28,181,2.1
2021,1,9,16,30,8,15,174,20,0.28,180,1.6
2021,1,9,17,30,6.6000000000000005,0,0,0,0.28,5,1.7000000000000002
2021,1,9,18,30,5.7,0,0,0,0.28,14,1.9000000000000001
2021,1,9,19,30,4.800000000000001,0,0,0,0.28,20,2
2021,1,9,20,30,3.9000000000000004,0,0,0,0.28,17,2
2021,1,9,21,30,3.1,0,0,0,0.28,8,2.1
2021,1,9,22,30,2.5,0,0,0,0.28,180,2.3000000000000003
2021,1,9,23,30,2,0,0,0,0.28,355,2.5
2021,1,10,0,30,1.6,0,0,0,0.28,354,2.6
2021,1,10,1,30,1.3,0,0,0,0.28,355,2.7
2021,1,10,2,30,1.1,0,0,0,0.28,354,2.8000000000000003
2021,1,10,3,30,0.8,0,0,0,0.28,355,2.7
2021,1,10,4,30,0.4,0,0,0,0.28,357,2.5
2021,1,10,5,30,0.2,0,0,0,0.28,356,2.3000000000000003
2021,1,10,6,30,1.1,0,0,0,0.28,355,2.7
2021,1,10,7,30,3.5,49,69,56,0.28,356,3.7
2021,1,10,8,30,6.4,76,632,245,0.28,190,4
2021,1,10,9,30,9.3,105,699,383,0.28,28,3.7
2021,1,10,10,30,11.200000000000001,158,633,465,0.28,35,3.2
2021,1,10,11,30,12.5,92,898,563,0.28,31,2.8000000000000003
2021,1,10,12,30,13.3,159,692,514,0.28,28,2.4000000000000004
2021,1,10,13,30,13.600000000000001,71,905,480,0.28,32,2
2021,1,10,14,30,12.9,62,834,350,0.28,36,1.5
2021,1,10,15,30,10.9,47,666,180,0.28,31,1
2021,1,10,16,30,9,16,175,21,0.28,17,1
2021,1,10,17,30,7.5,0,0,0,0.28,180,1.2000000000000002
2021,1,10,18,30,6.1000000000000005,0,0,0,0.28,352,1.4000000000000001
2021,1,10,19,30,4.9,0,0,0,0.28,351,1.5
2021,1,10,20,30,4.1000000000000005,0,0,0,0.28,351,1.6
2021,1,10,21,30,3.3000000000000003,0,0,0,0.28,350,1.6
2021,1,10,22,30,2.5,0,0,0,0.28,348,1.7000000000000002
2021,1,10,23,30,1.8,0,0,0,0.28,347,1.8
2021,1,11,0,30,1.2000000000000002,0,0,0,0.28,348,1.8
2021,1,11,1,30,0.8,0,0,0,0.28,348,1.9000000000000001
2021,1,11,2,30,0.6000000000000001,0,0,0,0.28,347,2
2021,1,11,3,30,0.4,0,0,0,0.28,347,2.1
2021,1,11,4,30,0.30000000000000004,0,0,0,0.28,349,2.2
2021,1,11,5,30,0.1,0,0,0,0.28,352,2.2
2021,1,11,6,30,1.1,0,0,0,0.28,354,2.5
2021,1,11,7,30,3.7,43,292,74,0.28,180,3.4000000000000004
2021,1,11,8,30,6.800000000000001,51,787,263,0.28,15,4.1000000000000005
2021,1,11,9,30,9.600000000000001,61,898,419,0.28,28,4
2021,1,11,10,30,11.700000000000001,67,960,534,0.28,28,3.8000000000000003
2021,1,11,11,30,13,68,980,584,0.28,25,3.7
2021,1,11,12,30,13.9,69,973,570,0.28,25,3.7
2021,1,11,13,30,14.200000000000001,67,945,496,0.28,25,3.6
2021,1,11,14,30,13.3,140,437,292,0.28,27,2.7
2021,1,11,15,30,10.4,48,710,192,0.28,29,1.6
2021,1,11,16,30,7.9,17,4,17,0.28,23,1.4000000000000001
2021,1,11,17,30,6.9,0,0,0,0.28,11,1.4000000000000001
2021,1,11,18,30,5.800000000000001,0,0,0,0.28,179,1.5
2021,1,11,19,30,5.1000000000000005,0,0,0,0.28,350,1.5
2021,1,11,20,30,4.7,0,0,0,0.28,351,1.5
2021,1,11,21,30,4,0,0,0,0.28,178,1.7000000000000002
2021,1,11,22,30,2.8000000000000003,0,0,0,0.28,5,1.8
2021,1,11,23,30,1.8,0,0,0,0.28,14,1.7000000000000002
2021,1,12,0,30,1,0,0,0,0.28,16,1.7000000000000002
2021,1,12,1,30,0.6000000000000001,0,0,0,0.28,184,1.7000000000000002
2021,1,12,2,30,0.5,0,0,0,0.28,355,1.8
2021,1,12,3,30,0.6000000000000001,0,0,0,0.28,180,1.8
2021,1,12,4,30,0.6000000000000001,0,0,0,0.28,6,1.7000000000000002
2021,1,12,5,30,0.6000000000000001,0,0,0,0.28,9,1.6
2021,1,12,6,30,1.7000000000000002,0,0,0,0.28,9,1.5
2021,1,12,7,30,4.5,56,64,63,0.28,6,2.1
2021,1,12,8,30,7.300000000000001,65,721,260,0.28,10,2.6
2021,1,12,9,30,9.700000000000001,86,819,414,0.28,22,2.3000000000000003
2021,1,12,10,30,12,100,846,513,0.28,32,1.8
2021,1,12,11,30,13.8,69,972,583,0.28,30,1.4000000000000001
2021,1,12,12,30,14.9,165,650,502,0.28,18,1.4000000000000001
2021,1,12,13,30,15.3,179,509,412,0.28,30,1.3
2021,1,12,14,30,14.3,147,167,206,0.28,57,0.9
2021,1,12,15,30,12.4,102,50,112,0.28,84,0.5
2021,1,12,16,30,10.700000000000001,15,1,15,0.28,217,0.5
2021,1,12,17,30,9.4,0,0,0,0.28,332,0.9
2021,1,12,18,30,8.5,0,0,0,0.28,336,1.1
2021,1,12,19,30,8.200000000000001,0,0,0,0.28,337,1
2021,1,12,20,30,7.7,0,0,0,0.28,333,0.9
2021,1,12,21,30,6.7,0,0,0,0.28,331,1.1
2021,1,12,22,30,5.5,0,0,0,0.28,334,1.4000000000000001
2021,1,12,23,30,4.5,0,0,0,0.28,336,1.5
2021,1,13,0,30,3.9000000000000004,0,0,0,0.28,338,1.5
2021,1,13,1,30,3.5,0,0,0,0.28,337,1.5
2021,1,13,2,30,3.4000000000000004,0,0,0,0.28,337,1.5
2021,1,13,3,30,3.4000000000000004,0,0,0,0.28,336,1.5
2021,1,13,4,30,3.4000000000000004,0,0,0,0.28,335,1.5
2021,1,13,5,30,3.5,0,0,0,0.28,334,1.5
2021,1,13,6,30,4.5,0,0,0,0.28,334,1.3
2021,1,13,7,30,7.300000000000001,51,13,52,0.28,334,1.7000000000000002
2021,1,13,8,30,10.5,133,203,188,0.28,338,2.2
2021,1,13,9,30,13,130,574,361,0.28,346,2.2
2021,1,13,10,30,15.100000000000001,111,773,490,0.28,352,2.1
2021,1,13,11,30,16.7,143,727,529,0.28,353,1.7000000000000002
2021,1,13,12,30,18,222,399,430,0.28,349,1.3
2021,1,13,13,30,18.8,190,409,378,0.28,349,1.4000000000000001
2021,1,13,14,30,18.1,76,751,342,0.28,188,1.1
2021,1,13,15,30,15.600000000000001,65,516,173,0.28,57,0.7000000000000001
2021,1,13,16,30,13.100000000000001,18,183,25,0.25,171,0.7000000000000001
2021,1,13,17,30,11.8,0,0,0,0.25,280,1
2021,1,13,18,30,11.4,0,0,0,0.25,315,1.1
2021,1,13,19,30,10.8,0,0,0,0.25,325,1.1
2021,1,13,20,30,10,0,0,0,0.25,336,1.3
2021,1,13,21,30,9.1,0,0,0,0.25,344,1.6
2021,1,13,22,30,8,0,0,0,0.25,343,1.7000000000000002
2021,1,13,23,30,7,0,0,0,0.25,342,2
2021,1,14,0,30,6.4,0,0,0,0.25,341,2.2
2021,1,14,1,30,6.2,0,0,0,0.25,338,2.3000000000000003
2021,1,14,2,30,6.2,0,0,0,0.25,338,2.5
2021,1,14,3,30,6.1000000000000005,0,0,0,0.25,342,2.6
2021,1,14,4,30,6,0,0,0,0.25,341,2.8000000000000003
2021,1,14,5,30,5.800000000000001,0,0,0,0.25,337,3
2021,1,14,6,30,6.6000000000000005,0,0,0,0.25,333,3.7
2021,1,14,7,30,9.1,37,401,81,0.25,333,4.7
2021,1,14,8,30,12.100000000000001,56,733,256,0.25,342,5.2
2021,1,14,9,30,15,71,835,408,0.25,353,5.1000000000000005
2021,1,14,10,30,17.2,82,870,511,0.25,357,4.800000000000001
2021,1,14,11,30,18.8,85,894,562,0.25,179,4.6000000000000005
2021,1,14,12,30,19.900000000000002,84,891,550,0.25,1,4.7
2021,1,14,13,30,20.3,76,864,476,0.25,1,4.7
2021,1,14,14,30,19.400000000000002,65,797,350,0.25,180,3.6
2021,1,14,15,30,16,49,644,186,0.25,359,2.1
2021,1,14,16,30,12.700000000000001,18,205,27,0.25,355,1.6
2021,1,14,17,30,11.100000000000001,0,0,0,0.25,353,1.7000000000000002
2021,1,14,18,30,10,0,0,0,0.25,355,1.7000000000000002
2021,1,14,19,30,9,0,0,0,0.25,179,1.8
2021,1,14,20,30,8,0,0,0,0.25,0,1.8
2021,1,14,21,30,7,0,0,0,0.25,178,1.8
2021,1,14,22,30,6.2,0,0,0,0.25,353,2
2021,1,14,23,30,5.5,0,0,0,0.25,349,2.1
2021,1,15,0,30,5,0,0,0,0.25,345,2.3000000000000003
2021,1,15,1,30,4.7,0,0,0,0.25,343,2.4000000000000004
2021,1,15,2,30,4.5,0,0,0,0.25,341,2.6
2021,1,15,3,30,4.2,0,0,0,0.25,341,2.6
2021,1,15,4,30,3.8000000000000003,0,0,0,0.25,341,2.6
2021,1,15,5,30,3.5,0,0,0,0.25,340,2.6
2021,1,15,6,30,4.7,0,0,0,0.25,340,2.9000000000000004
2021,1,15,7,30,7.9,34,494,89,0.25,338,3.8000000000000003
2021,1,15,8,30,11.5,50,789,267,0.25,342,4.1000000000000005
2021,1,15,9,30,15,63,886,422,0.25,176,3.8000000000000003
2021,1,15,10,30,17.8,71,926,529,0.25,5,3.5
2021,1,15,11,30,19.900000000000002,73,941,578,0.25,182,3.2
2021,1,15,12,30,21.200000000000003,72,936,565,0.25,357,2.8000000000000003
2021,1,15,13,30,21.8,67,909,491,0.25,352,2.3000000000000003
2021,1,15,14,30,20.900000000000002,61,838,363,0.25,345,1.3
2021,1,15,15,30,18.8,72,490,178,0.25,329,0.7000000000000001
2021,1,15,16,30,16.8,20,230,30,0.25,307,0.8
2021,1,15,17,30,15.4,0,0,0,0.25,294,0.9
2021,1,15,18,30,14.4,0,0,0,0.25,293,1
2021,1,15,19,30,13.8,0,0,0,0.25,302,1.1
2021,1,15,20,30,13.3,0,0,0,0.25,318,1.1
2021,1,15,21,30,12.4,0,0,0,0.25,330,1.3
2021,1,15,22,30,11,0,0,0,0.25,334,1.5
2021,1,15,23,30,9.8,0,0,0,0.25,334,1.5
2021,1,16,0,30,8.9,0,0,0,0.25,336,1.6
2021,1,16,1,30,8.200000000000001,0,0,0,0.25,338,1.8
2021,1,16,2,30,7.7,0,0,0,0.25,336,2
2021,1,16,3,30,7.2,0,0,0,0.25,336,2.4000000000000004
2021,1,16,4,30,6.9,0,0,0,0.25,337,2.8000000000000003
2021,1,16,5,30,6.800000000000001,0,0,0,0.25,341,3.2
2021,1,16,6,30,8,0,0,0,0.25,346,3.9000000000000004
2021,1,16,7,30,11,39,394,83,0.25,351,4.5
2021,1,16,8,30,14.4,108,425,225,0.25,187,5.1000000000000005
2021,1,16,9,30,17.2,77,840,419,0.25,25,5.7
2021,1,16,10,30,19.200000000000003,76,925,536,0.25,30,5.800000000000001
2021,1,16,11,30,20.400000000000002,71,965,591,0.25,30,5.4
2021,1,16,12,30,21.200000000000003,68,969,581,0.25,30,4.800000000000001
2021,1,16,13,30,21.5,62,951,509,0.25,28,4.2
2021,1,16,14,30,20.400000000000002,55,888,378,0.25,25,3
2021,1,16,15,30,16.8,43,750,207,0.25,17,1.8
2021,1,16,16,30,13.3,20,327,36,0.25,12,1.7000000000000002
2021,1,16,17,30,11.8,0,0,0,0.25,14,2
2021,1,16,18,30,10.700000000000001,0,0,0,0.25,16,2.2
2021,1,16,19,30,9.600000000000001,0,0,0,0.25,14,2.3000000000000003
2021,1,16,20,30,8.4,0,0,0,0.25,7,2.2
2021,1,16,21,30,7.5,0,0,0,0.25,178,2.3000000000000003
2021,1,16,22,30,6.800000000000001,0,0,0,0.25,351,2.4000000000000004
2021,1,16,23,30,6.2,0,0,0,0.25,347,2.4000000000000004
2021,1,17,0,30,5.7,0,0,0,0.25,344,2.4000000000000004
2021,1,17,1,30,5.300000000000001,0,0,0,0.25,342,2.5
2021,1,17,2,30,5,0,0,0,0.25,341,2.6
2021,1,17,3,30,4.5,0,0,0,0.25,341,2.7
2021,1,17,4,30,4.2,0,0,0,0.25,340,2.7
2021,1,17,5,30,3.9000000000000004,0,0,0,0.25,341,2.5
2021,1,17,6,30,5,0,0,0,0.25,340,2.9000000000000004
2021,1,17,7,30,8.1,30,541,92,0.25,339,3.7
2021,1,17,8,30,11.700000000000001,44,815,270,0.25,347,4
2021,1,17,9,30,15.200000000000001,53,912,427,0.25,181,3.7
2021,1,17,10,30,18,61,956,539,0.25,9,3.4000000000000004
2021,1,17,11,30,20,63,971,589,0.25,12,2.9000000000000004
2021,1,17,12,30,21.200000000000003,65,962,577,0.25,12,2.6
2021,1,17,13,30,21.6,64,927,503,0.25,11,2.2
2021,1,17,14,30,20.700000000000003,58,854,372,0.25,11,1.4000000000000001
2021,1,17,15,30,18.6,47,703,203,0.25,177,0.6000000000000001
2021,1,17,16,30,16.8,22,283,36,0.26,328,0.6000000000000001
2021,1,17,17,30,15.4,0,0,0,0.26,319,0.9
2021,1,17,18,30,13.9,0,0,0,0.26,334,1.2000000000000002
2021,1,17,19,30,12.600000000000001,0,0,0,0.26,347,1.4000000000000001
2021,1,17,20,30,11.600000000000001,0,0,0,0.26,349,1.5
2021,1,17,21,30,10.4,0,0,0,0.26,343,1.5
2021,1,17,22,30,9.5,0,0,0,0.26,336,1.6
2021,1,17,23,30,8.9,0,0,0,0.26,331,1.6
2021,1,18,0,30,8.700000000000001,0,0,0,0.26,330,1.8
2021,1,18,1,30,8.5,0,0,0,0.26,332,2
2021,1,18,2,30,8.1,0,0,0,0.26,335,2.4000000000000004
2021,1,18,3,30,7.7,0,0,0,0.26,341,3
2021,1,18,4,30,7.300000000000001,0,0,0,0.26,346,3.5
2021,1,18,5,30,7,0,0,0,0.26,349,3.7
2021,1,18,6,30,7.800000000000001,0,0,0,0.26,351,4.2
2021,1,18,7,30,9.9,36,454,88,0.26,176,5.2
2021,1,18,8,30,12,54,773,270,0.26,6,6.1000000000000005
2021,1,18,9,30,14.100000000000001,64,886,429,0.26,14,6.300000000000001
2021,1,18,10,30,16.2,68,944,542,0.26,17,6.2
2021,1,18,11,30,18,245,399,462,0.26,18,6.1000000000000005
2021,1,18,12,30,18.900000000000002,194,558,493,0.26,18,6.1000000000000005
2021,1,18,13,30,18.900000000000002,61,948,513,0.26,17,5.9
2021,1,18,14,30,17.8,58,873,382,0.26,16,5.2
2021,1,18,15,30,15.100000000000001,67,23,72,0.26,19,3.7
2021,1,18,16,30,12.200000000000001,24,20,25,0.26,23,2.7
2021,1,18,17,30,10.3,0,0,0,0.26,28,2.7
2021,1,18,18,30,8.8,0,0,0,0.26,31,2.8000000000000003
2021,1,18,19,30,7.5,0,0,0,0.26,28,3.1
2021,1,18,20,30,6.5,0,0,0,0.26,23,3.5
2021,1,18,21,30,5.800000000000001,0,0,0,0.26,18,4.1000000000000005
2021,1,18,22,30,5.300000000000001,0,0,0,0.26,13,4.6000000000000005
2021,1,18,23,30,5,0,0,0,0.26,9,5
2021,1,19,0,30,5.1000000000000005,0,0,0,0.26,5,5.4
2021,1,19,1,30,5.300000000000001,0,0,0,0.26,2,5.7
2021,1,19,2,30,5.300000000000001,0,0,0,0.26,1,5.7
2021,1,19,3,30,5.2,0,0,0,0.26,180,5.6000000000000005
2021,1,19,4,30,5.1000000000000005,0,0,0,0.26,180,5.300000000000001
2021,1,19,5,30,5.1000000000000005,0,0,0,0.26,1,4.9
2021,1,19,6,30,5.800000000000001,0,0,0,0.26,7,5
2021,1,19,7,30,7.6000000000000005,49,5,50,0.26,21,5.7
2021,1,19,8,30,9.700000000000001,122,321,212,0.26,39,6.6000000000000005
2021,1,19,9,30,11.5,86,787,412,0.26,54,6.800000000000001
2021,1,19,10,30,12.9,152,648,479,0.26,63,6.6000000000000005
2021,1,19,11,30,14,112,840,572,0.26,68,6.5
2021,1,19,12,30,14.700000000000001,145,716,531,0.26,70,6.6000000000000005
2021,1,19,13,30,14.5,209,338,371,0.26,73,7
2021,1,19,14,30,13.4,155,263,253,0.26,73,7
2021,1,19,15,30,11.700000000000001,98,144,131,0.26,69,6
2021,1,19,16,30,10.5,13,0,13,0.26,60,4.800000000000001
2021,1,19,17,30,9.8,0,0,0,0.26,53,4.5
2021,1,19,18,30,9.4,0,0,0,0.26,48,4.3
2021,1,19,19,30,8.9,0,0,0,0.26,44,4
2021,1,19,20,30,8.200000000000001,0,0,0,0.26,37,3.8000000000000003
2021,1,19,21,30,7.4,0,0,0,0.26,30,3.6
2021,1,19,22,30,6.800000000000001,0,0,0,0.26,23,3.5
2021,1,19,23,30,6.5,0,0,0,0.26,18,3.4000000000000004
2021,1,20,0,30,6.300000000000001,0,0,0,0.26,17,3
2021,1,20,1,30,6.1000000000000005,0,0,0,0.26,17,2.7
2021,1,20,2,30,6,0,0,0,0.26,17,2.7
2021,1,20,3,30,6.1000000000000005,0,0,0,0.26,18,2.8000000000000003
2021,1,20,4,30,5.800000000000001,0,0,0,0.26,20,2.6
2021,1,20,5,30,5.2,0,0,0,0.26,19,2.3000000000000003
2021,1,20,6,30,5.9,0,0,0,0.26,19,2.4000000000000004
2021,1,20,7,30,8.3,30,0,30,0.26,26,3.2
2021,1,20,8,30,10.8,91,75,112,0.26,43,3.8000000000000003
2021,1,20,9,30,13,77,801,411,0.26,56,3.7
2021,1,20,10,30,14.5,87,855,521,0.26,61,3.4000000000000004
2021,1,20,11,30,15.4,91,874,572,0.26,68,3
2021,1,20,12,30,15.9,87,877,563,0.26,73,2.6
2021,1,20,13,30,16.1,132,703,472,0.26,75,2.3000000000000003
2021,1,20,14,30,15.8,99,683,357,0.26,73,1.9000000000000001
2021,1,20,15,30,14.200000000000001,85,9,87,0.26,64,1.2000000000000002
2021,1,20,16,30,12.4,14,0,14,0.26,48,0.8
2021,1,20,17,30,11.600000000000001,0,0,0,0.26,23,0.8
2021,1,20,18,30,10.700000000000001,0,0,0,0.26,184,0.9
2021,1,20,19,30,9.700000000000001,0,0,0,0.26,357,1.1
2021,1,20,20,30,8.700000000000001,0,0,0,0.26,356,1.3
2021,1,20,21,30,7.9,0,0,0,0.26,356,1.3
2021,1,20,22,30,7.4,0,0,0,0.26,357,1.4000000000000001
2021,1,20,23,30,7.1000000000000005,0,0,0,0.26,356,1.3
2021,1,21,0,30,6.800000000000001,0,0,0,0.26,355,1.3
2021,1,21,1,30,6.5,0,0,0,0.26,354,1.3
2021,1,21,2,30,6,0,0,0,0.26,350,1.3
2021,1,21,3,30,5.5,0,0,0,0.26,347,1.3
2021,1,21,4,30,5,0,0,0,0.26,347,1.4000000000000001
2021,1,21,5,30,4.7,0,0,0,0.26,348,1.4000000000000001
2021,1,21,6,30,5.9,0,0,0,0.26,351,1.4000000000000001
2021,1,21,7,30,8.700000000000001,37,441,90,0.26,355,1.8
2021,1,21,8,30,11.9,56,745,269,0.26,185,1.5
2021,1,21,9,30,14.9,70,847,425,0.26,104,1
2021,1,21,10,30,17.2,80,889,534,0.26,195,1.5
2021,1,21,11,30,18.400000000000002,84,910,588,0.26,198,2
2021,1,21,12,30,19,80,915,579,0.26,198,2.2
2021,1,21,13,30,19.1,73,894,508,0.26,195,2.2
2021,1,21,14,30,18.5,65,828,381,0.26,190,2
2021,1,21,15,30,16,51,687,213,0.26,177,1.5
2021,1,21,16,30,13.200000000000001,25,319,45,0.27,168,1.2000000000000002
2021,1,21,17,30,11.8,0,0,0,0.27,174,1.2000000000000002
2021,1,21,18,30,11.200000000000001,0,0,0,0.27,190,1.1
2021,1,21,19,30,10.8,0,0,0,0.27,208,1
2021,1,21,20,30,10.600000000000001,0,0,0,0.27,220,0.9
2021,1,21,21,30,10.3,0,0,0,0.27,226,0.9
2021,1,21,22,30,9.8,0,0,0,0.27,228,0.9
2021,1,21,23,30,9.200000000000001,0,0,0,0.27,227,0.9
2021,1,22,0,30,8.700000000000001,0,0,0,0.27,223,1
2021,1,22,1,30,8.3,0,0,0,0.27,216,1.1
2021,1,22,2,30,8,0,0,0,0.27,209,1.2000000000000002
2021,1,22,3,30,7.800000000000001,0,0,0,0.27,203,1.3
2021,1,22,4,30,7.6000000000000005,0,0,0,0.27,201,1.4000000000000001
2021,1,22,5,30,7.4,0,0,0,0.27,201,1.5
2021,1,22,6,30,8.1,0,0,0,0.27,201,1.7000000000000002
2021,1,22,7,30,9.9,36,2,36,0.27,199,2.5
2021,1,22,8,30,11.8,115,59,132,0.27,195,3.6
2021,1,22,9,30,13.5,207,248,312,0.27,193,4.6000000000000005
2021,1,22,10,30,14.8,249,98,299,0.27,198,5.6000000000000005
2021,1,22,11,30,15.600000000000001,273,71,313,0.27,204,6
2021,1,22,12,30,16,152,664,517,0.27,206,6
2021,1,22,13,30,16.1,135,574,417,0.27,205,5.800000000000001
2021,1,22,14,30,15.600000000000001,144,119,190,0.27,203,5.300000000000001
2021,1,22,15,30,14.100000000000001,74,348,158,0.27,197,3.9000000000000004
2021,1,22,16,30,12.100000000000001,33,71,38,0.27,189,2.9000000000000004
2021,1,22,17,30,11,0,0,0,0.27,188,3
2021,1,22,18,30,10.3,0,0,0,0.27,196,3.4000000000000004
2021,1,22,19,30,9.9,0,0,0,0.27,207,3.9000000000000004
2021,1,22,20,30,9.3,0,0,0,0.27,218,4.3
2021,1,22,21,30,8.6,0,0,0,0.27,223,4.6000000000000005
2021,1,22,22,30,7.6000000000000005,0,0,0,0.27,225,4.7
2021,1,22,23,30,6.7,0,0,0,0.27,225,4.5
2021,1,23,0,30,5.7,0,0,0,0.27,224,3.7
2021,1,23,1,30,4.7,0,0,0,0.27,223,2.7
2021,1,23,2,30,3.8000000000000003,0,0,0,0.27,222,2.1
2021,1,23,3,30,3.6,0,0,0,0.27,221,1.7000000000000002
2021,1,23,4,30,3.9000000000000004,0,0,0,0.27,219,1.5
2021,1,23,5,30,4.2,0,0,0,0.27,218,1.3
2021,1,23,6,30,5.1000000000000005,0,0,0,0.27,217,1.4000000000000001
2021,1,23,7,30,6.9,49,66,57,0.27,225,2.1
2021,1,23,8,30,8.700000000000001,126,293,211,0.27,237,2.2
2021,1,23,9,30,10.200000000000001,214,146,276,0.27,198,1.6
2021,1,23,10,30,11.3,224,414,438,0.27,140,1.6
2021,1,23,11,30,11.9,230,435,474,0.27,129,2
2021,1,23,12,30,12.100000000000001,223,457,476,0.27,129,2.2
2021,1,23,13,30,11.8,234,317,391,0.27,128,2.2
2021,1,23,14,30,11.3,190,261,291,0.27,123,2
2021,1,23,15,30,10.100000000000001,88,344,172,0.27,109,1.4000000000000001
2021,1,23,16,30,8.5,36,16,37,0.27,88,0.9
2021,1,23,17,30,7.5,0,0,0,0.27,66,1
2021,1,23,18,30,6.800000000000001,0,0,0,0.27,50,1.1
2021,1,23,19,30,6.300000000000001,0,0,0,0.27,35,1.1
2021,1,23,20,30,5.9,0,0,0,0.27,20,1.1
2021,1,23,21,30,5.5,0,0,0,0.27,187,1.1
2021,1,23,22,30,5.2,0,0,0,0.27,354,1.1
2021,1,23,23,30,4.9,0,0,0,0.27,343,1.1
2021,1,24,0,30,4.7,0,0,0,0.27,336,1
2021,1,24,1,30,4.5,0,0,0,0.27,331,1
2021,1,24,2,30,4.3,0,0,0,0.27,330,1
2021,1,24,3,30,4.2,0,0,0,0.27,334,1
2021,1,24,4,30,4,0,0,0,0.27,341,1
2021,1,24,5,30,3.7,0,0,0,0.27,346,1
2021,1,24,6,30,4.2,0,0,0,0.27,343,1.3
2021,1,24,7,30,5.7,41,428,95,0.27,344,1.8
2021,1,24,8,30,7.7,65,718,275,0.27,187,1.7000000000000002
2021,1,24,9,30,9.600000000000001,71,863,440,0.27,33,1.3
2021,1,24,10,30,11,76,926,557,0.27,31,0.8
2021,1,24,11,30,11.9,78,949,613,0.27,130,0.7000000000000001
2021,1,24,12,30,12.600000000000001,76,954,607,0.27,230,1.3
2021,1,24,13,30,13,73,926,534,0.27,218,2
2021,1,24,14,30,12.700000000000001,65,863,404,0.27,211,2.4000000000000004
2021,1,24,15,30,10.600000000000001,52,728,232,0.27,204,2
2021,1,24,16,30,7.7,27,361,54,0.27,200,1.5
2021,1,24,17,30,6.2,0,0,0,0.27,201,1.6
2021,1,24,18,30,5.4,0,0,0,0.27,203,1.6
2021,1,24,19,30,4.800000000000001,0,0,0,0.27,206,1.7000000000000002
2021,1,24,20,30,4.5,0,0,0,0.27,209,2
2021,1,24,21,30,4.7,0,0,0,0.27,209,2.3000000000000003
2021,1,24,22,30,4.9,0,0,0,0.27,205,2.5
2021,1,24,23,30,4.7,0,0,0,0.27,193,2.4000000000000004
2021,1,25,0,30,4.5,0,0,0,0.27,177,2.4000000000000004
2021,1,25,1,30,4.4,0,0,0,0.27,165,2.5
2021,1,25,2,30,4.3,0,0,0,0.27,154,2.6
2021,1,25,3,30,4.2,0,0,0,0.27,148,2.9000000000000004
2021,1,25,4,30,4.2,0,0,0,0.27,145,3.1
2021,1,25,5,30,4.1000000000000005,0,0,0,0.27,145,3.2
2021,1,25,6,30,4.1000000000000005,0,0,0,0.27,151,3.4000000000000004
2021,1,25,7,30,4.2,25,1,25,0.27,167,3.7
2021,1,25,8,30,4.6000000000000005,130,336,229,0.27,182,3.9000000000000004
2021,1,25,9,30,5.300000000000001,204,53,227,0.27,189,3.9000000000000004
2021,1,25,10,30,5.9,238,30,254,0.27,193,3.8000000000000003
2021,1,25,11,30,6.4,161,6,164,0.27,197,3.7
2021,1,25,12,30,6.5,113,2,114,0.27,201,3.7
2021,1,25,13,30,6.4,154,28,168,0.27,201,3.7
2021,1,25,14,30,5.9,52,0,52,0.27,194,3.5
2021,1,25,15,30,4.9,38,1,38,0.27,179,2.8000000000000003
2021,1,25,16,30,3.7,16,0,16,0.26,160,2.2
2021,1,25,17,30,2.9000000000000004,0,0,0,0.26,152,2.1
2021,1,25,18,30,2.3000000000000003,0,0,0,0.26,152,2.1
2021,1,25,19,30,2,0,0,0,0.26,154,2.2
2021,1,25,20,30,1.8,0,0,0,0.26,154,2.2
2021,1,25,21,30,1.6,0,0,0,0.26,153,2.1
2021,1,25,22,30,1.3,0,0,0,0.26,155,2
2021,1,25,23,30,1.1,0,0,0,0.26,158,1.8
2021,1,26,0,30,1,0,0,0,0.26,154,1.8
2021,1,26,1,30,0.9,0,0,0,0.26,146,1.9000000000000001
2021,1,26,2,30,0.8,0,0,0,0.26,142,1.9000000000000001
2021,1,26,3,30,0.6000000000000001,0,0,0,0.26,151,1.6
2021,1,26,4,30,0.5,0,0,0,0.26,190,1.1
2021,1,26,5,30,0.4,0,0,0,0.26,278,0.9
2021,1,26,6,30,0.6000000000000001,0,0,0,0.26,337,1
2021,1,26,7,30,1.5,41,52,48,0.26,336,1.2000000000000002
2021,1,26,8,30,2.7,113,41,125,0.26,345,1.2000000000000002
2021,1,26,9,30,3.7,192,116,242,0.26,178,1.1
2021,1,26,10,30,4.6000000000000005,261,256,396,0.26,12,0.9
2021,1,26,11,30,5.4,258,43,283,0.26,22,0.7000000000000001
2021,1,26,12,30,6.1000000000000005,191,137,268,0.26,70,0.5
2021,1,26,13,30,6.4,152,184,245,0.26,128,0.5
2021,1,26,14,30,6.1000000000000005,88,84,122,0.26,136,0.8
2021,1,26,15,30,4.6000000000000005,43,0,43,0.26,125,0.9
2021,1,26,16,30,2,14,43,17,0.25,110,1.1
2021,1,26,17,30,0.2,0,0,0,0.25,99,1.2000000000000002
2021,1,26,18,30,-0.6000000000000001,0,0,0,0.25,89,1.2000000000000002
2021,1,26,19,30,-1,0,0,0,0.25,79,1.1
2021,1,26,20,30,-0.9,0,0,0,0.25,71,1.2000000000000002
2021,1,26,21,30,-0.6000000000000001,0,0,0,0.25,69,1.2000000000000002
2021,1,26,22,30,-0.30000000000000004,0,0,0,0.25,87,0.9
2021,1,26,23,30,-0.5,0,0,0,0.25,127,0.7000000000000001
2021,1,27,0,30,-0.7000000000000001,0,0,0,0.25,161,0.8
2021,1,27,1,30,-0.9,0,0,0,0.25,166,0.9
2021,1,27,2,30,-1,0,0,0,0.25,157,1
2021,1,27,3,30,-1,0,0,0,0.25,153,1.4000000000000001
2021,1,27,4,30,-0.7000000000000001,0,0,0,0.25,150,1.6
2021,1,27,5,30,-0.30000000000000004,0,0,0,0.25,144,1.6
2021,1,27,6,30,0.7000000000000001,0,0,0,0.25,136,1.6
2021,1,27,7,30,2.2,48,105,62,0.25,139,2.1
2021,1,27,8,30,4.2,96,52,112,0.25,154,3.2
2021,1,27,9,30,6,133,15,140,0.25,163,4.2
2021,1,27,10,30,7.300000000000001,200,25,213,0.25,165,4.6000000000000005
2021,1,27,11,30,8,245,26,260,0.25,166,4.7
2021,1,27,12,30,8.3,211,11,217,0.25,165,4.7
2021,1,27,13,30,8.1,133,2,134,0.25,163,4.5
2021,1,27,14,30,7.6000000000000005,144,4,146,0.25,159,3.9000000000000004
2021,1,27,15,30,6.4,125,80,146,0.25,154,2.7
2021,1,27,16,30,5.1000000000000005,35,165,49,0.24,147,1.6
2021,1,27,17,30,4.6000000000000005,0,0,0,0.24,139,1.3
2021,1,27,18,30,4.5,0,0,0,0.24,131,1.2000000000000002
2021,1,27,19,30,4.3,0,0,0,0.24,123,1.2000000000000002
2021,1,27,20,30,4.1000000000000005,0,0,0,0.24,113,1.1
2021,1,27,21,30,4,0,0,0,0.24,102,1.1
2021,1,27,22,30,3.8000000000000003,0,0,0,0.24,91,1
2021,1,27,23,30,3.5,0,0,0,0.24,82,1
2021,1,28,0,30,3.3000000000000003,0,0,0,0.24,73,1
2021,1,28,1,30,3.1,0,0,0,0.24,66,1
2021,1,28,2,30,2.9000000000000004,0,0,0,0.24,61,1.1
2021,1,28,3,30,2.5,0,0,0,0.24,57,1.1
2021,1,28,4,30,2.1,0,0,0,0.24,52,1.2000000000000002
2021,1,28,5,30,1.9000000000000001,0,0,0,0.24,46,1.2000000000000002
2021,1,28,6,30,2.7,0,0,0,0.24,41,1.2000000000000002
2021,1,28,7,30,4.5,53,34,58,0.24,40,1.6
2021,1,28,8,30,6.6000000000000005,146,243,220,0.24,62,1.6
2021,1,28,9,30,8.6,181,424,367,0.24,107,1.5
2021,1,28,10,30,10.200000000000001,191,589,505,0.24,146,1.9000000000000001
2021,1,28,11,30,11.3,252,348,453,0.24,165,2.5
2021,1,28,12,30,12.200000000000001,225,464,490,0.24,168,2.8000000000000003
2021,1,28,13,30,12.700000000000001,82,901,544,0.24,164,2.9000000000000004
2021,1,28,14,30,12.5,185,340,324,0.24,159,2.4000000000000004
2021,1,28,15,30,10.700000000000001,122,176,168,0.24,152,1.4000000000000001
2021,1,28,16,30,8.6,31,2,31,0.24,152,1
2021,1,28,17,30,7.6000000000000005,0,0,0,0.24,159,1.2000000000000002
2021,1,28,18,30,6.9,0,0,0,0.24,166,1.4000000000000001
2021,1,28,19,30,6.4,0,0,0,0.24,168,1.5
2021,1,28,20,30,6.300000000000001,0,0,0,0.24,167,1.5
2021,1,28,21,30,6.2,0,0,0,0.24,168,1.4000000000000001
2021,1,28,22,30,6,0,0,0,0.24,172,1.4000000000000001
2021,1,28,23,30,5.800000000000001,0,0,0,0.24,176,1.4000000000000001
2021,1,29,0,30,5.5,0,0,0,0.24,182,1.4000000000000001
2021,1,29,1,30,5.300000000000001,0,0,0,0.24,190,1.4000000000000001
2021,1,29,2,30,5.2,0,0,0,0.24,201,1.4000000000000001
2021,1,29,3,30,4.9,0,0,0,0.24,210,1.3
2021,1,29,4,30,4.5,0,0,0,0.24,216,1.3
2021,1,29,5,30,4.1000000000000005,0,0,0,0.24,218,1.4000000000000001
2021,1,29,6,30,4.6000000000000005,0,0,0,0.24,216,1.7000000000000002
2021,1,29,7,30,5.9,35,13,37,0.24,210,2.5
2021,1,29,8,30,7.5,124,44,137,0.24,208,3.5
2021,1,29,9,30,9.3,165,512,392,0.24,211,4.2
2021,1,29,10,30,10.5,191,316,361,0.24,213,4.5
2021,1,29,11,30,11.200000000000001,96,356,303,0.24,217,4.800000000000001
2021,1,29,12,30,11.4,221,293,390,0.24,223,4.9
2021,1,29,13,30,11.3,238,333,410,0.24,229,5
2021,1,29,14,30,10.8,90,599,337,0.24,235,4.6000000000000005
2021,1,29,15,30,9.1,94,379,195,0.24,240,3.2
2021,1,29,16,30,6.9,32,372,66,0.24,244,2
2021,1,29,17,30,5.5,0,0,0,0.24,246,1.7000000000000002
2021,1,29,18,30,4.7,0,0,0,0.24,248,1.6
2021,1,29,19,30,4,0,0,0,0.24,246,1.5
2021,1,29,20,30,3.6,0,0,0,0.24,245,1.5
2021,1,29,21,30,3.2,0,0,0,0.24,247,1.4000000000000001
2021,1,29,22,30,3,0,0,0,0.24,254,1.4000000000000001
2021,1,29,23,30,2.9000000000000004,0,0,0,0.24,265,1.4000000000000001
2021,1,30,0,30,2.9000000000000004,0,0,0,0.24,275,1.4000000000000001
2021,1,30,1,30,2.8000000000000003,0,0,0,0.24,285,1.3
2021,1,30,2,30,2.7,0,0,0,0.24,302,1.2000000000000002
2021,1,30,3,30,2.7,0,0,0,0.24,324,1.1
2021,1,30,4,30,2.4000000000000004,0,0,0,0.24,347,1.1
2021,1,30,5,30,1.9000000000000001,0,0,0,0.24,183,1.2000000000000002
2021,1,30,6,30,2.9000000000000004,0,0,0,0.24,10,1.4000000000000001
2021,1,30,7,30,5.4,48,393,103,0.24,20,1.7000000000000002
2021,1,30,8,30,7.9,60,770,298,0.24,40,1.8
2021,1,30,9,30,9.9,74,862,459,0.24,55,1.7000000000000002
2021,1,30,10,30,11.4,87,903,575,0.24,58,1.5
2021,1,30,11,30,12.3,88,930,633,0.24,53,1.4000000000000001
2021,1,30,12,30,13,83,943,629,0.24,53,1.3
2021,1,30,13,30,13.3,74,933,560,0.24,63,1.3
2021,1,30,14,30,13,66,876,430,0.24,75,1.2000000000000002
2021,1,30,15,30,11.4,54,758,258,0.24,99,0.9
2021,1,30,16,30,9.5,30,449,73,0.24,130,0.7000000000000001
2021,1,30,17,30,8.700000000000001,0,0,0,0.24,193,0.5
2021,1,30,18,30,7.9,0,0,0,0.24,278,0.7000000000000001
2021,1,30,19,30,6.9,0,0,0,0.24,323,1
2021,1,30,20,30,6.1000000000000005,0,0,0,0.24,340,1.2000000000000002
2021,1,30,21,30,5.300000000000001,0,0,0,0.24,174,1.3
2021,1,30,22,30,4.2,0,0,0,0.24,5,1.5
2021,1,30,23,30,3.2,0,0,0,0.24,8,1.5
2021,1,31,0,30,2.4000000000000004,0,0,0,0.24,179,1.6
2021,1,31,1,30,1.9000000000000001,0,0,0,0.24,351,1.6
2021,1,31,2,30,1.5,0,0,0,0.24,354,1.6
2021,1,31,3,30,1.1,0,0,0,0.24,358,1.6
2021,1,31,4,30,0.9,0,0,0,0.24,358,1.6
2021,1,31,5,30,1.1,0,0,0,0.24,179,1.6
2021,1,31,6,30,2.8000000000000003,0,0,0,0.24,3,2
2021,1,31,7,30,5.7,47,432,109,0.24,7,2.9000000000000004
2021,1,31,8,30,8.700000000000001,106,534,273,0.24,24,3.4000000000000004
2021,1,31,9,30,11.4,65,905,472,0.24,44,3.3000000000000003
2021,1,31,10,30,13.600000000000001,74,947,589,0.24,50,3.1
2021,1,31,11,30,15,225,527,536,0.24,48,2.7
2021,1,31,12,30,15.700000000000001,177,690,580,0.24,47,2.4000000000000004
2021,1,31,13,30,15.8,148,710,521,0.24,47,2.3000000000000003
2021,1,31,14,30,14.8,157,522,376,0.24,45,1.6
2021,1,31,15,30,12.700000000000001,145,199,199,0.24,34,1
2021,1,31,16,30,10.5,45,9,46,0.24,18,1.2000000000000002
2021,1,31,17,30,9.3,0,0,0,0.24,9,1.3
2021,1,31,18,30,8.6,0,0,0,0.24,13,1.5
2021,1,31,19,30,8,0,0,0,0.24,21,1.7000000000000002
2021,1,31,20,30,7.300000000000001,0,0,0,0.24,26,1.7000000000000002
2021,1,31,21,30,6.9,0,0,0,0.24,27,1.7000000000000002
2021,1,31,22,30,6.5,0,0,0,0.24,24,1.8
2021,1,31,23,30,6.2,0,0,0,0.24,16,2.2
2021,2,1,0,30,6,0,0,0,0.24,11,2.6
2021,2,1,1,30,5.800000000000001,0,0,0,0.24,12,2.7
2021,2,1,2,30,5.5,0,0,0,0.24,14,2.4000000000000004
2021,2,1,3,30,5.4,0,0,0,0.24,13,2
2021,2,1,4,30,5.5,0,0,0,0.24,12,1.8
2021,2,1,5,30,5.6000000000000005,0,0,0,0.24,15,1.6
2021,2,1,6,30,6.300000000000001,0,0,0,0.24,20,1.5
2021,2,1,7,30,7.9,39,2,39,0.24,22,2
2021,2,1,8,30,9.9,159,150,206,0.24,23,2.3000000000000003
2021,2,1,9,30,11.9,225,71,257,0.24,27,1.9000000000000001
2021,2,1,10,30,13.5,226,392,441,0.24,34,1.2000000000000002
2021,2,1,11,30,14.4,279,55,312,0.24,61,0.9
2021,2,1,12,30,14.600000000000001,286,102,346,0.24,96,1.1
2021,2,1,13,30,14.3,231,26,245,0.24,111,1.2000000000000002
2021,2,1,14,30,13.600000000000001,216,96,257,0.24,109,1
2021,2,1,15,30,12.600000000000001,125,37,135,0.24,97,0.7000000000000001
2021,2,1,16,30,11.700000000000001,33,2,33,0.24,65,0.5
2021,2,1,17,30,11.100000000000001,0,0,0,0.24,200,0.5
2021,2,1,18,30,10.600000000000001,0,0,0,0.24,346,0.6000000000000001
2021,2,1,19,30,9.8,0,0,0,0.24,338,0.8
2021,2,1,20,30,9.1,0,0,0,0.24,343,1
2021,2,1,21,30,8.6,0,0,0,0.24,347,1.1
2021,2,1,22,30,8,0,0,0,0.24,349,1.1
2021,2,1,23,30,7.5,0,0,0,0.24,349,1.2000000000000002
2021,2,2,0,30,7.2,0,0,0,0.24,348,1.2000000000000002
2021,2,2,1,30,6.800000000000001,0,0,0,0.24,354,1.2000000000000002
2021,2,2,2,30,6.5,0,0,0,0.24,356,1.2000000000000002
2021,2,2,3,30,6.300000000000001,0,0,0,0.24,351,1.2000000000000002
2021,2,2,4,30,6.1000000000000005,0,0,0,0.24,350,1.2000000000000002
2021,2,2,5,30,6,0,0,0,0.24,354,1.2000000000000002
2021,2,2,6,30,7.300000000000001,0,0,0,0.24,358,1.2000000000000002
2021,2,2,7,30,10.200000000000001,49,321,97,0.24,359,1.6
2021,2,2,8,30,13.5,136,101,168,0.24,232,1.1
2021,2,2,9,30,16.3,242,234,349,0.24,150,0.9
2021,2,2,10,30,18.3,86,883,573,0.24,198,1.9000000000000001
2021,2,2,11,30,19.6,83,916,631,0.24,200,2.7
2021,2,2,12,30,20.5,83,912,623,0.24,196,3.2
2021,2,2,13,30,20.8,86,856,543,0.24,191,3.3000000000000003
2021,2,2,14,30,20.400000000000002,71,830,426,0.24,187,2.9000000000000004
2021,2,2,15,30,18,57,716,258,0.24,180,1.8
2021,2,2,16,30,15.4,33,428,78,0.28,177,1.1
2021,2,2,17,30,14.3,0,0,0,0.28,189,1
2021,2,2,18,30,13.700000000000001,0,0,0,0.28,214,0.9
2021,2,2,19,30,13.100000000000001,0,0,0,0.28,237,0.9
2021,2,2,20,30,12.600000000000001,0,0,0,0.28,249,0.9
2021,2,2,21,30,11.9,0,0,0,0.28,256,1.1
2021,2,2,22,30,11.3,0,0,0,0.28,260,1.2000000000000002
2021,2,2,23,30,10.8,0,0,0,0.28,261,1.2000000000000002
2021,2,3,0,30,10.4,0,0,0,0.28,258,1.3
2021,2,3,1,30,10.200000000000001,0,0,0,0.28,254,1.3
2021,2,3,2,30,10,0,0,0,0.28,247,1.3
2021,2,3,3,30,9.4,0,0,0,0.28,238,1.4000000000000001
2021,2,3,4,30,8.6,0,0,0,0.28,233,1.5
2021,2,3,5,30,8.1,0,0,0,0.28,231,1.6
2021,2,3,6,30,9.3,0,0,0,0.28,231,1.6
2021,2,3,7,30,12.600000000000001,75,41,81,0.28,231,2.5
2021,2,3,8,30,16,158,227,231,0.28,235,4.3
2021,2,3,9,30,18.6,183,473,401,0.28,241,5.5
2021,2,3,10,30,20.5,180,635,533,0.28,249,6.2
2021,2,3,11,30,21.700000000000003,73,978,662,0.28,258,6.5
2021,2,3,12,30,22.1,74,979,657,0.28,266,6.7
2021,2,3,13,30,21.700000000000003,71,960,587,0.28,273,6.7
2021,2,3,14,30,20.6,125,639,401,0.28,280,5.9
2021,2,3,15,30,17.5,69,703,270,0.28,289,3.8000000000000003
2021,2,3,16,30,13.4,61,65,68,0.28,303,2.2
2021,2,3,17,30,11.100000000000001,0,0,0,0.28,319,2.1
2021,2,3,18,30,10.100000000000001,0,0,0,0.28,333,2.5
2021,2,3,19,30,9.4,0,0,0,0.28,342,3.2
2021,2,3,20,30,8.700000000000001,0,0,0,0.28,345,3.8000000000000003
2021,2,3,21,30,7.9,0,0,0,0.28,346,4
2021,2,3,22,30,7.1000000000000005,0,0,0,0.28,346,3.9000000000000004
2021,2,3,23,30,6.5,0,0,0,0.28,346,3.9000000000000004
2021,2,4,0,30,5.9,0,0,0,0.28,345,3.7
2021,2,4,1,30,5.1000000000000005,0,0,0,0.28,344,3.2
2021,2,4,2,30,4.4,0,0,0,0.28,345,3
2021,2,4,3,30,4,0,0,0,0.28,347,3.1
2021,2,4,4,30,3.7,0,0,0,0.28,349,3.4000000000000004
2021,2,4,5,30,3.6,0,0,0,0.28,351,3.6
2021,2,4,6,30,5,0,0,0,0.28,353,4.3
2021,2,4,7,30,7.9,36,618,132,0.28,179,5.2
2021,2,4,8,30,10.5,50,845,326,0.28,10,5.5
2021,2,4,9,30,12.4,64,919,491,0.28,13,5.4
2021,2,4,10,30,13.700000000000001,77,948,608,0.28,10,5.1000000000000005
2021,2,4,11,30,14.700000000000001,80,976,671,0.28,8,5
2021,2,4,12,30,15.4,79,977,665,0.28,7,5
2021,2,4,13,30,15.600000000000001,76,956,594,0.28,7,4.9
2021,2,4,14,30,15.200000000000001,69,899,461,0.28,5,4.4
2021,2,4,15,30,12.700000000000001,58,779,283,0.28,180,2.9000000000000004
2021,2,4,16,30,9.200000000000001,35,487,90,0.28,351,1.6
2021,2,4,17,30,7.2,0,0,0,0.28,345,1.5
2021,2,4,18,30,6.2,0,0,0,0.28,345,1.5
2021,2,4,19,30,5.4,0,0,0,0.28,348,1.5
2021,2,4,20,30,4.6000000000000005,0,0,0,0.28,349,1.6
2021,2,4,21,30,3.9000000000000004,0,0,0,0.28,348,1.6
2021,2,4,22,30,3.3000000000000003,0,0,0,0.28,347,1.6
2021,2,4,23,30,2.7,0,0,0,0.28,344,1.6
2021,2,5,0,30,2.3000000000000003,0,0,0,0.28,340,1.7000000000000002
2021,2,5,1,30,1.9000000000000001,0,0,0,0.28,335,1.7000000000000002
2021,2,5,2,30,1.7000000000000002,0,0,0,0.28,333,1.8
2021,2,5,3,30,1.6,0,0,0,0.28,330,1.9000000000000001
2021,2,5,4,30,1.5,0,0,0,0.28,328,1.9000000000000001
2021,2,5,5,30,1.6,0,0,0,0.28,325,1.8
2021,2,5,6,30,3.6,1,0,1,0.28,323,2.2
2021,2,5,7,30,7.2,47,517,129,0.28,327,3
2021,2,5,8,30,10.100000000000001,52,848,332,0.28,336,3.5
2021,2,5,9,30,12.600000000000001,61,938,500,0.28,338,3.3000000000000003
2021,2,5,10,30,14.8,67,987,623,0.28,331,3.1
2021,2,5,11,30,16.900000000000002,67,1010,683,0.28,322,3.3000000000000003
2021,2,5,12,30,18.6,71,1000,675,0.28,317,3.5
2021,2,5,13,30,19.6,73,966,601,0.28,313,3.4000000000000004
2021,2,5,14,30,19.3,67,912,468,0.28,310,2.7
2021,2,5,15,30,16.3,54,794,287,0.28,306,1.7000000000000002
2021,2,5,16,30,12.8,34,516,94,0.28,313,1.3
2021,2,5,17,30,11.4,0,0,0,0.28,331,1.3
2021,2,5,18,30,10.100000000000001,0,0,0,0.28,348,1.4000000000000001
2021,2,5,19,30,8.5,0,0,0,0.28,356,1.7000000000000002
2021,2,5,20,30,7.300000000000001,0,0,0,0.28,356,2
2021,2,5,21,30,6.4,0,0,0,0.28,350,2.1
2021,2,5,22,30,5.5,0,0,0,0.28,342,2.1
2021,2,5,23,30,4.7,0,0,0,0.28,337,2.2
2021,2,6,0,30,4.2,0,0,0,0.28,334,2.3000000000000003
2021,2,6,1,30,3.8000000000000003,0,0,0,0.28,332,2.4000000000000004
2021,2,6,2,30,3.4000000000000004,0,0,0,0.28,331,2.3000000000000003
2021,2,6,3,30,3,0,0,0,0.28,331,2.2
2021,2,6,4,30,2.6,0,0,0,0.28,331,2.1
2021,2,6,5,30,2.5,0,0,0,0.28,333,2.1
2021,2,6,6,30,4.6000000000000005,1,0,1,0.28,336,2.6
2021,2,6,7,30,8.3,47,554,137,0.28,343,3.4000000000000004
2021,2,6,8,30,11.5,49,874,340,0.28,181,3.4000000000000004
2021,2,6,9,30,14.100000000000001,64,937,506,0.28,17,2.9000000000000004
2021,2,6,10,30,16.1,83,950,622,0.28,21,2.3000000000000003
2021,2,6,11,30,17.7,86,966,680,0.28,13,1.7000000000000002
2021,2,6,12,30,18.8,86,965,673,0.28,164,1.2000000000000002
2021,2,6,13,30,19.400000000000002,81,951,604,0.28,299,1
2021,2,6,14,30,19.1,73,893,470,0.28,255,1
2021,2,6,15,30,16.6,61,775,291,0.28,213,1
2021,2,6,16,30,13.100000000000001,38,486,96,0.28,195,1.3
2021,2,6,17,30,10.8,0,0,0,0.28,212,1.4000000000000001
2021,2,6,18,30,9.700000000000001,0,0,0,0.28,234,1.4000000000000001
2021,2,6,19,30,9.1,0,0,0,0.28,253,1.4000000000000001
2021,2,6,20,30,8.700000000000001,0,0,0,0.28,267,1.4000000000000001
2021,2,6,21,30,8.3,0,0,0,0.28,276,1.4000000000000001
2021,2,6,22,30,7.800000000000001,0,0,0,0.28,282,1.4000000000000001
2021,2,6,23,30,7.5,0,0,0,0.28,289,1.4000000000000001
2021,2,7,0,30,7.2,0,0,0,0.28,298,1.4000000000000001
2021,2,7,1,30,6.800000000000001,0,0,0,0.28,309,1.3
2021,2,7,2,30,6.2,0,0,0,0.28,318,1.3
2021,2,7,3,30,5.6000000000000005,0,0,0,0.28,323,1.4000000000000001
2021,2,7,4,30,5,0,0,0,0.28,325,1.4000000000000001
2021,2,7,5,30,4.7,0,0,0,0.28,326,1.5
2021,2,7,6,30,6.1000000000000005,1,0,1,0.28,325,1.7000000000000002
2021,2,7,7,30,9.3,57,464,134,0.28,325,2.5
2021,2,7,8,30,12.700000000000001,54,860,344,0.28,334,2.7
2021,2,7,9,30,15.700000000000001,64,946,514,0.28,171,2.3000000000000003
2021,2,7,10,30,17.900000000000002,71,984,634,0.28,5,1.9000000000000001
2021,2,7,11,30,19.400000000000002,75,1001,694,0.28,8,1.5
2021,2,7,12,30,20.400000000000002,76,995,686,0.28,5,1.1
2021,2,7,13,30,20.700000000000003,74,968,611,0.28,139,0.8
2021,2,7,14,30,20.200000000000003,67,916,478,0.28,235,0.7000000000000001
2021,2,7,15,30,17.5,56,807,299,0.28,174,0.9
2021,2,7,16,30,14.100000000000001,36,536,102,0.28,163,1.1
2021,2,7,17,30,12.100000000000001,0,0,0,0.28,187,1.3
2021,2,7,18,30,10.9,0,0,0,0.28,215,1.3
2021,2,7,19,30,10.100000000000001,0,0,0,0.28,236,1.3
2021,2,7,20,30,9.8,0,0,0,0.28,251,1.3
2021,2,7,21,30,9.5,0,0,0,0.28,269,1.2000000000000002
2021,2,7,22,30,9.200000000000001,0,0,0,0.28,289,1.2000000000000002
2021,2,7,23,30,8.8,0,0,0,0.28,301,1.2000000000000002
2021,2,8,0,30,8.4,0,0,0,0.28,305,1.2000000000000002
2021,2,8,1,30,7.800000000000001,0,0,0,0.28,312,1.2000000000000002
2021,2,8,2,30,7.300000000000001,0,0,0,0.28,321,1.2000000000000002
2021,2,8,3,30,6.9,0,0,0,0.28,328,1.2000000000000002
2021,2,8,4,30,6.5,0,0,0,0.28,334,1.2000000000000002
2021,2,8,5,30,6.1000000000000005,0,0,0,0.28,341,1.3
2021,2,8,6,30,7,2,0,2,0.28,346,1.2000000000000002
2021,2,8,7,30,9.9,75,292,124,0.28,347,1.4000000000000001
2021,2,8,8,30,13.200000000000001,82,720,328,0.28,305,1.2000000000000002
2021,2,8,9,30,16.1,204,491,440,0.28,229,1.2000000000000002
2021,2,8,10,30,18.3,210,603,558,0.28,183,1.7000000000000002
2021,2,8,11,30,19.700000000000003,271,418,531,0.28,167,2.1
2021,2,8,12,30,20.3,270,414,525,0.28,159,2.4000000000000004
2021,2,8,13,30,20.3,263,343,455,0.28,155,2.4000000000000004
2021,2,8,14,30,19.700000000000003,165,560,418,0.28,152,2.3000000000000003
2021,2,8,15,30,17,156,136,197,0.28,143,1.6
2021,2,8,16,30,13.8,69,55,76,0.27,138,1.2000000000000002
2021,2,8,17,30,12.5,0,0,0,0.27,139,1.2000000000000002
2021,2,8,18,30,12.200000000000001,0,0,0,0.27,134,1
2021,2,8,19,30,12,0,0,0,0.27,117,1
2021,2,8,20,30,11.600000000000001,0,0,0,0.27,104,1
2021,2,8,21,30,11.3,0,0,0,0.27,104,1
2021,2,8,22,30,11.100000000000001,0,0,0,0.27,100,0.9
2021,2,8,23,30,10.9,0,0,0,0.27,101,0.8
2021,2,9,0,30,10.700000000000001,0,0,0,0.27,120,0.8
2021,2,9,1,30,10.3,0,0,0,0.27,146,0.8
2021,2,9,2,30,9.8,0,0,0,0.27,169,0.9
2021,2,9,3,30,9.4,0,0,0,0.27,184,0.8
2021,2,9,4,30,9.200000000000001,0,0,0,0.27,198,0.8
2021,2,9,5,30,9,0,0,0,0.27,209,0.7000000000000001
2021,2,9,6,30,9.8,2,0,2,0.27,238,0.6000000000000001
2021,2,9,7,30,11.9,67,25,71,0.27,276,0.7000000000000001
2021,2,9,8,30,13.8,142,263,233,0.27,262,1
2021,2,9,9,30,14.8,246,142,315,0.27,222,1.1
2021,2,9,10,30,15.8,285,111,349,0.27,214,1.1
2021,2,9,11,30,16.5,241,116,314,0.27,238,1
2021,2,9,12,30,16.6,262,99,324,0.27,144,0.8
2021,2,9,13,30,16.2,131,2,132,0.27,38,0.8
2021,2,9,14,30,15.200000000000001,224,71,256,0.27,51,0.7000000000000001
2021,2,9,15,30,13.600000000000001,146,61,165,0.27,51,0.9
2021,2,9,16,30,12,34,2,34,0.27,42,1.1
2021,2,9,17,30,10.700000000000001,0,0,0,0.27,29,1.3
2021,2,9,18,30,9.700000000000001,0,0,0,0.27,16,1.4000000000000001
2021,2,9,19,30,8.9,0,0,0,0.27,7,1.5
2021,2,9,20,30,8.3,0,0,0,0.27,182,1.5
2021,2,9,21,30,8,0,0,0,0.27,358,1.5
2021,2,9,22,30,7.800000000000001,0,0,0,0.27,355,1.5
2021,2,9,23,30,7.7,0,0,0,0.27,350,1.4000000000000001
2021,2,10,0,30,7.800000000000001,0,0,0,0.27,344,1.3
2021,2,10,1,30,7.800000000000001,0,0,0,0.27,338,1.3
2021,2,10,2,30,7.6000000000000005,0,0,0,0.27,334,1.3
2021,2,10,3,30,7.4,0,0,0,0.27,333,1.3
2021,2,10,4,30,7.1000000000000005,0,0,0,0.27,333,1.3
2021,2,10,5,30,7.2,0,0,0,0.27,332,1.3
2021,2,10,6,30,8.8,2,0,2,0.27,333,1.5
2021,2,10,7,30,12.100000000000001,50,515,141,0.27,339,2
2021,2,10,8,30,15,64,782,337,0.27,173,2.1
2021,2,10,9,30,17.1,73,882,504,0.27,6,1.8
2021,2,10,10,30,18.5,77,934,623,0.27,15,1.6
2021,2,10,11,30,19.3,80,952,681,0.27,17,1.5
2021,2,10,12,30,19.8,78,952,674,0.27,9,1.5
2021,2,10,13,30,19.900000000000002,73,935,604,0.27,178,1.5
2021,2,10,14,30,19.6,67,886,475,0.27,350,1.4000000000000001
2021,2,10,15,30,18.2,55,786,301,0.27,352,1
2021,2,10,16,30,16.400000000000002,36,544,109,0.27,348,0.5
2021,2,10,17,30,15.3,0,0,0,0.27,307,0.6000000000000001
2021,2,10,18,30,14.3,0,0,0,0.27,269,0.9
2021,2,10,19,30,13.3,0,0,0,0.27,267,1.1
2021,2,10,20,30,12.5,0,0,0,0.27,278,1.1
2021,2,10,21,30,11.9,0,0,0,0.27,290,1.1
2021,2,10,22,30,11.3,0,0,0,0.27,299,1.1
2021,2,10,23,30,10.5,0,0,0,0.27,307,1.1
2021,2,11,0,30,9.8,0,0,0,0.27,316,1.2000000000000002
2021,2,11,1,30,9,0,0,0,0.27,324,1.2000000000000002
2021,2,11,2,30,8.3,0,0,0,0.27,330,1.3
2021,2,11,3,30,7.800000000000001,0,0,0,0.27,335,1.3
2021,2,11,4,30,7.6000000000000005,0,0,0,0.27,336,1.3
2021,2,11,5,30,7.6000000000000005,0,0,0,0.27,335,1.3
2021,2,11,6,30,9.200000000000001,3,0,3,0.27,333,1.4000000000000001
2021,2,11,7,30,12.4,51,541,148,0.27,334,1.9000000000000001
2021,2,11,8,30,15.700000000000001,59,823,349,0.27,336,1.8
2021,2,11,9,30,18.3,115,753,486,0.27,336,1.3
2021,2,11,10,30,19.900000000000002,79,944,635,0.27,323,1
2021,2,11,11,30,20.8,144,800,653,0.27,286,0.9
2021,2,11,12,30,21.400000000000002,274,304,466,0.27,220,1.1
2021,2,11,13,30,21.700000000000003,262,241,400,0.27,176,1.8
2021,2,11,14,30,21.200000000000003,206,367,377,0.27,177,2.4000000000000004
2021,2,11,15,30,19.1,124,366,240,0.27,182,1.8
2021,2,11,16,30,16.400000000000002,56,12,58,0.27,187,1.2000000000000002
2021,2,11,17,30,15.100000000000001,0,0,0,0.27,190,1.2000000000000002
2021,2,11,18,30,14.600000000000001,0,0,0,0.27,188,1.2000000000000002
2021,2,11,19,30,14.100000000000001,0,0,0,0.27,195,1.3
2021,2,11,20,30,13.8,0,0,0,0.27,207,1.5
2021,2,11,21,30,13.700000000000001,0,0,0,0.27,216,2
2021,2,11,22,30,13.600000000000001,0,0,0,0.27,221,2.4000000000000004
2021,2,11,23,30,13.100000000000001,0,0,0,0.27,221,2.5
2021,2,12,0,30,12,0,0,0,0.27,223,2.4000000000000004
2021,2,12,1,30,10.9,0,0,0,0.27,227,2.3000000000000003
2021,2,12,2,30,9.9,0,0,0,0.27,231,2.2
2021,2,12,3,30,9.1,0,0,0,0.27,232,1.9000000000000001
2021,2,12,4,30,8.6,0,0,0,0.27,232,1.8
2021,2,12,5,30,8.8,0,0,0,0.27,233,1.8
2021,2,12,6,30,10.5,3,0,3,0.27,238,2.3000000000000003
2021,2,12,7,30,12.9,15,77,29,0.27,260,3.5
2021,2,12,8,30,14.9,103,105,140,0.27,298,4.1000000000000005
2021,2,12,9,30,16.5,83,852,506,0.27,338,3.9000000000000004
2021,2,12,10,30,17.900000000000002,84,917,628,0.27,192,3.6
2021,2,12,11,30,18.900000000000002,84,944,689,0.27,30,3.3000000000000003
2021,2,12,12,30,19.700000000000003,86,937,681,0.27,23,3.2
2021,2,12,13,30,20.1,86,907,609,0.27,19,2.7
2021,2,12,14,30,19.900000000000002,77,861,481,0.27,16,1.7000000000000002
2021,2,12,15,30,18.6,62,756,305,0.27,160,0.9
2021,2,12,16,30,16.1,40,509,112,0.27,279,0.8
2021,2,12,17,30,14.100000000000001,0,0,0,0.27,244,1.2000000000000002
2021,2,12,18,30,12.8,0,0,0,0.27,238,1.4000000000000001
2021,2,12,19,30,11.8,0,0,0,0.27,229,1.5
2021,2,12,20,30,10.8,0,0,0,0.27,234,1.5
2021,2,12,21,30,10.100000000000001,0,0,0,0.27,240,1.4000000000000001
2021,2,12,22,30,9.5,0,0,0,0.27,242,1.4000000000000001
2021,2,12,23,30,8.9,0,0,0,0.27,247,1.4000000000000001
2021,2,13,0,30,8.700000000000001,0,0,0,0.27,250,1.4000000000000001
2021,2,13,1,30,8.8,0,0,0,0.27,245,1.4000000000000001
2021,2,13,2,30,9.200000000000001,0,0,0,0.27,232,1.5
2021,2,13,3,30,9.4,0,0,0,0.27,221,1.6
2021,2,13,4,30,9.200000000000001,0,0,0,0.27,228,1.9000000000000001
2021,2,13,5,30,9,0,0,0,0.27,238,1.8
2021,2,13,6,30,10,4,0,4,0.27,220,1.6
2021,2,13,7,30,12.200000000000001,57,499,151,0.27,215,2.4000000000000004
2021,2,13,8,30,14.5,108,560,310,0.27,247,3.5
2021,2,13,9,30,16.900000000000002,87,66,120,0.27,275,4.1000000000000005
2021,2,13,10,30,18.7,165,703,585,0.27,292,4.5
2021,2,13,11,30,19.700000000000003,194,624,597,0.27,298,5
2021,2,13,12,30,19.400000000000002,233,308,430,0.27,303,5.7
2021,2,13,13,30,18.2,149,26,164,0.27,309,6
2021,2,13,14,30,17.1,78,4,80,0.27,318,5.800000000000001
2021,2,13,15,30,15.600000000000001,91,87,119,0.27,325,5.300000000000001
2021,2,13,16,30,13.3,42,51,49,0.27,328,4.6000000000000005
2021,2,13,17,30,11.600000000000001,0,0,0,0.27,330,4.3
2021,2,13,18,30,10.9,0,0,0,0.27,333,4.7
2021,2,13,19,30,10.5,0,0,0,0.27,337,5.300000000000001
2021,2,13,20,30,10,0,0,0,0.27,339,5.7
2021,2,13,21,30,9.3,0,0,0,0.27,337,5.800000000000001
2021,2,13,22,30,8.4,0,0,0,0.27,335,5.9
2021,2,13,23,30,7.5,0,0,0,0.27,335,5.9
2021,2,14,0,30,6.6000000000000005,0,0,0,0.27,337,5.800000000000001
2021,2,14,1,30,5.9,0,0,0,0.27,337,5.6000000000000005
2021,2,14,2,30,5.2,0,0,0,0.27,335,5.300000000000001
2021,2,14,3,30,4.7,0,0,0,0.27,336,5
2021,2,14,4,30,4.2,0,0,0,0.27,337,4.7
2021,2,14,5,30,4,0,0,0,0.27,339,4.3
2021,2,14,6,30,5.4,5,0,5,0.27,341,4.7
2021,2,14,7,30,8,43,669,171,0.27,350,5.6000000000000005
2021,2,14,8,30,9.9,101,644,336,0.27,180,6
2021,2,14,9,30,11.4,185,537,456,0.27,3,5.800000000000001
2021,2,14,10,30,12.8,224,523,539,0.27,3,5.2
2021,2,14,11,30,13.8,244,556,605,0.27,177,5
2021,2,14,12,30,14.5,179,725,646,0.27,351,4.800000000000001
2021,2,14,13,30,14.700000000000001,161,714,579,0.27,349,4.5
2021,2,14,14,30,14.4,95,809,481,0.27,346,4
2021,2,14,15,30,12.9,54,829,326,0.27,342,2.8000000000000003
2021,2,14,16,30,10.4,44,538,124,0.27,337,1.5
2021,2,14,17,30,9,0,0,0,0.27,335,1.2000000000000002
2021,2,14,18,30,8.6,0,0,0,0.27,332,1.2000000000000002
2021,2,14,19,30,7.800000000000001,0,0,0,0.27,332,1.2000000000000002
2021,2,14,20,30,7,0,0,0,0.27,334,1.3
2021,2,14,21,30,6.4,0,0,0,0.27,336,1.2000000000000002
2021,2,14,22,30,5.800000000000001,0,0,0,0.27,339,1.2000000000000002
2021,2,14,23,30,5.4,0,0,0,0.27,344,1.1
2021,2,15,0,30,5,0,0,0,0.27,345,1.1
2021,2,15,1,30,4.4,0,0,0,0.27,344,1.1
2021,2,15,2,30,4.4,0,0,0,0.27,339,1
2021,2,15,3,30,4.3,0,0,0,0.27,335,1
2021,2,15,4,30,4.1000000000000005,0,0,0,0.27,332,0.9
2021,2,15,5,30,4.1000000000000005,0,0,0,0.27,325,0.8
2021,2,15,6,30,5.5,5,0,5,0.27,305,0.9
2021,2,15,7,30,8.200000000000001,95,148,124,0.27,264,1.3
2021,2,15,8,30,10.9,72,775,358,0.27,235,1.9000000000000001
2021,2,15,9,30,13.3,104,812,518,0.27,229,2.3000000000000003
2021,2,15,10,30,15.4,85,926,647,0.27,230,2.5
2021,2,15,11,30,17,87,944,705,0.27,234,2.6
2021,2,15,12,30,18.1,114,886,688,0.27,236,2.6
2021,2,15,13,30,18.6,190,612,551,0.27,230,2.8000000000000003
2021,2,15,14,30,18.400000000000002,233,192,325,0.27,222,3.1
2021,2,15,15,30,16.8,84,14,89,0.27,214,2.5
2021,2,15,16,30,13.700000000000001,79,65,89,0.27,210,1.7000000000000002
2021,2,15,17,30,11.5,0,0,0,0.27,214,1.6
2021,2,15,18,30,10.9,0,0,0,0.27,221,1.7000000000000002
2021,2,15,19,30,10.600000000000001,0,0,0,0.27,224,1.7000000000000002
2021,2,15,20,30,10.4,0,0,0,0.27,227,1.6
2021,2,15,21,30,10.200000000000001,0,0,0,0.27,228,1.6
2021,2,15,22,30,10,0,0,0,0.27,235,1.7000000000000002
2021,2,15,23,30,8.9,0,0,0,0.27,265,1.6
2021,2,16,0,30,8.200000000000001,0,0,0,0.27,302,1.9000000000000001
2021,2,16,1,30,8.4,0,0,0,0.27,324,3.1
2021,2,16,2,30,8.200000000000001,0,0,0,0.27,332,4.2
2021,2,16,3,30,7.4,0,0,0,0.27,331,4.5
2021,2,16,4,30,6.4,0,0,0,0.27,329,4.1000000000000005
2021,2,16,5,30,5.9,0,0,0,0.27,328,3.9000000000000004
2021,2,16,6,30,7.7,6,0,6,0.27,331,4.9
2021,2,16,7,30,10.4,48,676,183,0.27,337,6.5
2021,2,16,8,30,12.200000000000001,59,889,391,0.27,343,7.2
2021,2,16,9,30,13.8,71,951,560,0.27,346,6.9
2021,2,16,10,30,15.200000000000001,220,579,574,0.27,345,6.300000000000001
2021,2,16,11,30,16.2,137,844,693,0.27,340,6
2021,2,16,12,30,16.7,245,546,601,0.27,336,6
2021,2,16,13,30,16.7,88,941,647,0.27,335,6.1000000000000005
2021,2,16,14,30,16.1,201,411,401,0.27,336,6.1000000000000005
2021,2,16,15,30,14.600000000000001,155,308,259,0.27,340,5.2
2021,2,16,16,30,11.5,55,429,122,0.27,344,3.4000000000000004
2021,2,16,17,30,8.9,0,0,0,0.27,345,2.3000000000000003
2021,2,16,18,30,7.800000000000001,0,0,0,0.27,342,2.2
2021,2,16,19,30,7,0,0,0,0.27,341,2.4000000000000004
2021,2,16,20,30,6.4,0,0,0,0.27,341,2.9000000000000004
2021,2,16,21,30,5.9,0,0,0,0.27,339,3.5
2021,2,16,22,30,5.2,0,0,0,0.27,336,3.7
2021,2,16,23,30,4.6000000000000005,0,0,0,0.27,335,3.8000000000000003
2021,2,17,0,30,3.9000000000000004,0,0,0,0.27,336,3.7
2021,2,17,1,30,3.2,0,0,0,0.27,337,3.3000000000000003
2021,2,17,2,30,2.5,0,0,0,0.27,338,2.9000000000000004
2021,2,17,3,30,1.9000000000000001,0,0,0,0.27,337,2.6
2021,2,17,4,30,1.5,0,0,0,0.27,335,2.4000000000000004
2021,2,17,5,30,1.5,0,0,0,0.27,331,2.4000000000000004
2021,2,17,6,30,3.7,7,0,7,0.27,330,3.3000000000000003
2021,2,17,7,30,7.1000000000000005,43,706,187,0.27,342,4.800000000000001
2021,2,17,8,30,9.5,58,880,391,0.27,356,5.5
2021,2,17,9,30,11.200000000000001,75,938,562,0.27,358,5.800000000000001
2021,2,17,10,30,12.3,74,996,688,0.27,355,6
2021,2,17,11,30,12.8,77,1012,748,0.27,351,6.4
2021,2,17,12,30,12.9,147,833,694,0.27,350,6.7
2021,2,17,13,30,12.8,148,718,577,0.27,351,6.9
2021,2,17,14,30,12.3,74,920,525,0.27,354,6.7
2021,2,17,15,30,11,54,871,351,0.27,178,5.9
2021,2,17,16,30,8.5,38,663,144,0.27,2,4.2
2021,2,17,17,30,6.2,0,0,0,0.27,5,3
2021,2,17,18,30,5,0,0,0,0.27,5,2.8000000000000003
2021,2,17,19,30,4.1000000000000005,0,0,0,0.27,5,2.5
2021,2,17,20,30,3.3000000000000003,0,0,0,0.27,181,2.3000000000000003
2021,2,17,21,30,2.5,0,0,0,0.27,353,2.1
2021,2,17,22,30,2,0,0,0,0.27,351,2.1
2021,2,17,23,30,1.6,0,0,0,0.27,354,2.3000000000000003
2021,2,18,0,30,1.2000000000000002,0,0,0,0.27,355,2.4000000000000004
2021,2,18,1,30,0.8,0,0,0,0.27,353,2.5
2021,2,18,2,30,0.5,0,0,0,0.27,353,2.5
2021,2,18,3,30,0.2,0,0,0,0.27,354,2.4000000000000004
2021,2,18,4,30,-0.1,0,0,0,0.27,354,2.2
2021,2,18,5,30,0.30000000000000004,0,0,0,0.27,354,2.2
2021,2,18,6,30,2.8000000000000003,8,0,8,0.27,178,3
2021,2,18,7,30,6.1000000000000005,41,742,196,0.27,10,4
2021,2,18,8,30,8.3,55,907,402,0.27,19,4.1000000000000005
2021,2,18,9,30,10.100000000000001,67,974,577,0.27,18,3.7
2021,2,18,10,30,11.5,77,1004,700,0.27,19,3.1
2021,2,18,11,30,12.700000000000001,78,1022,761,0.27,19,2.6
2021,2,18,12,30,13.4,80,1009,748,0.27,17,2.1
2021,2,18,13,30,13.700000000000001,81,977,670,0.27,14,1.8
2021,2,18,14,30,13.5,74,922,530,0.27,10,1.6
2021,2,18,15,30,12.3,63,822,346,0.27,11,1.1
2021,2,18,16,30,10.4,42,595,140,0.27,176,0.5
2021,2,18,17,30,8.9,3,23,2,0.27,301,0.5
2021,2,18,18,30,8,0,0,0,0.27,260,0.8
2021,2,18,19,30,7.300000000000001,0,0,0,0.27,258,1
2021,2,18,20,30,6.9,0,0,0,0.27,263,1
2021,2,18,21,30,6.7,0,0,0,0.27,270,1
2021,2,18,22,30,6.7,0,0,0,0.27,282,0.8
2021,2,18,23,30,6.5,0,0,0,0.27,302,0.7000000000000001
2021,2,19,0,30,6.2,0,0,0,0.27,335,0.7000000000000001
2021,2,19,1,30,5.6000000000000005,0,0,0,0.27,184,0.9
2021,2,19,2,30,4.800000000000001,0,0,0,0.27,17,1.1
2021,2,19,3,30,4.3,0,0,0,0.27,22,1.1
2021,2,19,4,30,3.8000000000000003,0,0,0,0.27,25,1.2000000000000002
2021,2,19,5,30,3.6,0,0,0,0.27,24,1.2000000000000002
2021,2,19,6,30,5.2,9,0,9,0.27,22,1.3
2021,2,19,7,30,8.200000000000001,57,601,185,0.27,36,1.4000000000000001
2021,2,19,8,30,10.9,67,845,394,0.27,65,1.2000000000000002
2021,2,19,9,30,12.9,78,925,567,0.27,91,1.2000000000000002
2021,2,19,10,30,14.4,85,964,688,0.27,115,1.2000000000000002
2021,2,19,11,30,15.600000000000001,89,980,748,0.27,142,1.2000000000000002
2021,2,19,12,30,16.6,89,977,740,0.27,166,1.4000000000000001
2021,2,19,13,30,17.1,86,954,665,0.27,179,1.8
2021,2,19,14,30,17,78,905,529,0.27,183,2.1
2021,2,19,15,30,15.3,65,810,347,0.27,181,1.6
2021,2,19,16,30,12.4,48,560,142,0.27,177,1.2000000000000002
2021,2,19,17,30,10.700000000000001,3,24,2,0.27,180,1.2000000000000002
2021,2,19,18,30,10.200000000000001,0,0,0,0.27,187,1.1
2021,2,19,19,30,9.4,0,0,0,0.27,189,1.1
2021,2,19,20,30,8.6,0,0,0,0.27,191,1.1
2021,2,19,21,30,8.3,0,0,0,0.27,208,0.9
2021,2,19,22,30,8,0,0,0,0.27,247,0.8
2021,2,19,23,30,7.4,0,0,0,0.27,289,0.7000000000000001
2021,2,20,0,30,6.9,0,0,0,0.27,308,0.7000000000000001
2021,2,20,1,30,6.5,0,0,0,0.27,301,0.7000000000000001
2021,2,20,2,30,6.2,0,0,0,0.27,286,0.7000000000000001
2021,2,20,3,30,5.800000000000001,0,0,0,0.27,278,0.8
2021,2,20,4,30,5.300000000000001,0,0,0,0.27,276,0.9
2021,2,20,5,30,5,0,0,0,0.27,273,1.1
2021,2,20,6,30,6.800000000000001,11,0,11,0.27,278,1.6
2021,2,20,7,30,10.600000000000001,49,692,199,0.27,286,3.2
2021,2,20,8,30,13.700000000000001,62,873,404,0.27,294,4.9
2021,2,20,9,30,15.8,79,930,574,0.27,305,5.800000000000001
2021,2,20,10,30,17,98,946,694,0.27,314,6.300000000000001
2021,2,20,11,30,17.5,259,446,561,0.27,322,6.9
2021,2,20,12,30,17.3,238,437,531,0.27,327,7.5
2021,2,20,13,30,16.7,209,83,260,0.27,327,7.9
2021,2,20,14,30,15.8,145,630,462,0.27,326,7.800000000000001
2021,2,20,15,30,14.3,58,853,359,0.27,326,6.7
2021,2,20,16,30,11.600000000000001,40,640,150,0.27,327,4.6000000000000005
2021,2,20,17,30,9,4,35,3,0.27,331,3.1
2021,2,20,18,30,7.800000000000001,0,0,0,0.27,335,2.8000000000000003
2021,2,20,19,30,7.1000000000000005,0,0,0,0.27,340,3
2021,2,20,20,30,6.7,0,0,0,0.27,342,3.4000000000000004
2021,2,20,21,30,5.9,0,0,0,0.27,339,3.3000000000000003
2021,2,20,22,30,5.1000000000000005,0,0,0,0.27,336,3.1
2021,2,20,23,30,4.4,0,0,0,0.27,336,2.8000000000000003
2021,2,21,0,30,3.8000000000000003,0,0,0,0.27,337,2.7
2021,2,21,1,30,3.3000000000000003,0,0,0,0.27,337,2.7
2021,2,21,2,30,2.9000000000000004,0,0,0,0.27,336,2.9000000000000004
2021,2,21,3,30,2.6,0,0,0,0.27,336,3
2021,2,21,4,30,2.2,0,0,0,0.27,337,2.9000000000000004
2021,2,21,5,30,2.4000000000000004,0,0,0,0.27,338,3
2021,2,21,6,30,4.7,12,0,12,0.27,342,3.9000000000000004
2021,2,21,7,30,8.1,42,741,206,0.27,177,5
2021,2,21,8,30,10.600000000000001,66,861,407,0.27,15,4.9
2021,2,21,9,30,12.5,198,547,492,0.27,20,4.3
2021,2,21,10,30,14.100000000000001,75,998,709,0.27,21,3.7
2021,2,21,11,30,15.5,77,1015,769,0.27,19,3.2
2021,2,21,12,30,16.400000000000002,76,1014,761,0.27,13,2.6
2021,2,21,13,30,16.8,72,996,685,0.27,185,2.1
2021,2,21,14,30,16.6,65,955,549,0.27,355,1.9000000000000001
2021,2,21,15,30,15.200000000000001,55,871,365,0.27,350,1.4000000000000001
2021,2,21,16,30,12.8,38,674,156,0.27,350,1
2021,2,21,17,30,10.9,4,41,3,0.27,351,1.1
2021,2,21,18,30,9.600000000000001,0,0,0,0.27,355,1.3
2021,2,21,19,30,8.200000000000001,0,0,0,0.27,181,1.4000000000000001
2021,2,21,20,30,6.9,0,0,0,0.27,10,1.5
2021,2,21,21,30,5.6000000000000005,0,0,0,0.27,14,1.6
2021,2,21,22,30,4.6000000000000005,0,0,0,0.27,10,1.6
2021,2,21,23,30,3.7,0,0,0,0.27,182,1.6
2021,2,22,0,30,3,0,0,0,0.27,353,1.7000000000000002
2021,2,22,1,30,2.6,0,0,0,0.27,346,1.9000000000000001
2021,2,22,2,30,2.4000000000000004,0,0,0,0.27,344,2
2021,2,22,3,30,2.3000000000000003,0,0,0,0.27,343,1.9000000000000001
2021,2,22,4,30,2.2,0,0,0,0.27,343,1.9000000000000001
2021,2,22,5,30,2.7,0,0,0,0.27,343,1.9000000000000001
2021,2,22,6,30,5.6000000000000005,12,0,12,0.27,344,2.6
2021,2,22,7,30,9.700000000000001,40,728,204,0.27,177,3.6
2021,2,22,8,30,12.8,53,880,406,0.27,17,3.6
2021,2,22,9,30,15.100000000000001,74,921,573,0.27,27,3.3000000000000003
2021,2,22,10,30,16.900000000000002,98,924,689,0.27,30,2.9000000000000004
2021,2,22,11,30,18.400000000000002,98,950,750,0.27,34,2.8000000000000003
2021,2,22,12,30,19.5,92,962,746,0.27,38,2.8000000000000003
2021,2,22,13,30,20.200000000000003,83,952,673,0.27,42,2.7
2021,2,22,14,30,20.3,75,908,539,0.27,44,2.5
2021,2,22,15,30,19,63,817,357,0.27,48,1.6
2021,2,22,16,30,17,43,610,152,0.27,36,0.8
2021,2,22,17,30,15.4,4,31,3,0.27,182,0.8
2021,2,22,18,30,13.9,0,0,0,0.27,347,1.2000000000000002
2021,2,22,19,30,12.3,0,0,0,0.27,176,1.4000000000000001
2021,2,22,20,30,11,0,0,0,0.27,3,1.6
2021,2,22,21,30,9.8,0,0,0,0.27,181,1.7000000000000002
2021,2,22,22,30,8.6,0,0,0,0.27,353,1.7000000000000002
2021,2,22,23,30,7.7,0,0,0,0.27,345,1.7000000000000002
2021,2,23,0,30,7,0,0,0,0.27,340,1.6
2021,2,23,1,30,6.6000000000000005,0,0,0,0.27,336,1.5
2021,2,23,2,30,6.300000000000001,0,0,0,0.27,333,1.5
2021,2,23,3,30,6,0,0,0,0.27,330,1.5
2021,2,23,4,30,5.7,0,0,0,0.27,328,1.6
2021,2,23,5,30,6.1000000000000005,0,0,0,0.27,327,1.6
2021,2,23,6,30,8.8,14,0,14,0.27,323,2
2021,2,23,7,30,12.700000000000001,52,670,206,0.27,319,2.5
2021,2,23,8,30,16.1,64,855,411,0.27,329,2.7
2021,2,23,9,30,19,74,933,584,0.27,347,3
2021,2,23,10,30,21,79,972,705,0.27,179,3
2021,2,23,11,30,22.3,81,989,765,0.27,2,2.9000000000000004
2021,2,23,12,30,23.200000000000003,88,971,753,0.27,1,2.8000000000000003
2021,2,23,13,30,23.5,96,925,673,0.27,177,2.7
2021,2,23,14,30,23.200000000000003,91,865,536,0.27,349,2.7
2021,2,23,15,30,21.3,78,750,351,0.27,340,2.2
2021,2,23,16,30,18.1,55,504,147,0.27,336,1.6
2021,2,23,17,30,15.600000000000001,3,0,3,0.27,341,1.6
2021,2,23,18,30,14.100000000000001,0,0,0,0.27,352,1.9000000000000001
2021,2,23,19,30,12.600000000000001,0,0,0,0.27,180,1.9000000000000001
2021,2,23,20,30,11.100000000000001,0,0,0,0.27,178,1.7000000000000002
2021,2,23,21,30,9.8,0,0,0,0.27,346,1.7000000000000002
2021,2,23,22,30,8.8,0,0,0,0.27,335,1.7000000000000002
2021,2,23,23,30,8,0,0,0,0.27,329,1.8
2021,2,24,0,30,7.300000000000001,0,0,0,0.27,327,1.7000000000000002
2021,2,24,1,30,6.7,0,0,0,0.27,329,1.7000000000000002
2021,2,24,2,30,6,0,0,0,0.27,331,1.7000000000000002
2021,2,24,3,30,5.300000000000001,0,0,0,0.27,331,1.6
2021,2,24,4,30,4.800000000000001,0,0,0,0.27,330,1.6
2021,2,24,5,30,4.9,0,0,0,0.27,327,1.6
2021,2,24,6,30,7.5,19,30,20,0.27,325,2
2021,2,24,7,30,11.5,60,674,218,0.27,324,2.4000000000000004
2021,2,24,8,30,15,73,878,433,0.27,317,2
2021,2,24,9,30,17.900000000000002,88,942,608,0.27,301,1.9000000000000001
2021,2,24,10,30,19.900000000000002,104,965,730,0.27,292,2.3000000000000003
2021,2,24,11,30,21,104,987,791,0.27,293,2.6
2021,2,24,12,30,21.700000000000003,95,1003,786,0.27,293,2.9000000000000004
2021,2,24,13,30,22,83,1014,720,0.27,293,3.4000000000000004
2021,2,24,14,30,21.700000000000003,74,974,580,0.27,297,4.1000000000000005
2021,2,24,15,30,19.6,63,885,389,0.27,307,4.3
2021,2,24,16,30,15.8,45,671,170,0.27,318,4.4
2021,2,24,17,30,12.9,7,63,6,0.27,330,5.5
2021,2,24,18,30,11.200000000000001,0,0,0,0.27,343,7.300000000000001
2021,2,24,19,30,9.3,0,0,0,0.27,350,8.1
2021,2,24,20,30,7.6000000000000005,0,0,0,0.27,354,7.7
2021,2,24,21,30,6.5,0,0,0,0.27,181,7.300000000000001
2021,2,24,22,30,5.5,0,0,0,0.27,4,7.1000000000000005
2021,2,24,23,30,4.800000000000001,0,0,0,0.27,4,6.9
2021,2,25,0,30,4.1000000000000005,0,0,0,0.27,3,6.6000000000000005
2021,2,25,1,30,3.6,0,0,0,0.27,2,6.2
2021,2,25,2,30,3.2,0,0,0,0.27,180,5.800000000000001
2021,2,25,3,30,2.8000000000000003,0,0,0,0.27,358,5.800000000000001
2021,2,25,4,30,2.5,0,0,0,0.27,357,5.6000000000000005
2021,2,25,5,30,2.7,0,0,0,0.27,358,5.5
2021,2,25,6,30,4.2,20,58,23,0.27,181,6
2021,2,25,7,30,6.6000000000000005,46,788,235,0.27,9,6.6000000000000005
2021,2,25,8,30,8.9,60,932,447,0.27,19,6.4
2021,2,25,9,30,10.9,67,997,622,0.27,24,5.800000000000001
2021,2,25,10,30,12.600000000000001,72,1033,748,0.27,25,5.2
2021,2,25,11,30,14.100000000000001,74,1047,808,0.27,23,4.7
2021,2,25,12,30,15.100000000000001,75,1044,799,0.27,20,4.3
2021,2,25,13,30,15.600000000000001,72,1018,716,0.27,16,3.9000000000000004
2021,2,25,14,30,15.5,68,969,575,0.27,10,3.6
2021,2,25,15,30,14.100000000000001,60,881,387,0.27,182,2.7
2021,2,25,16,30,11.100000000000001,43,675,171,0.27,357,1.6
2021,2,25,17,30,9,6,41,6,0.27,351,1.3
2021,2,25,18,30,8.5,0,0,0,0.27,342,1.3
2021,2,25,19,30,7.800000000000001,0,0,0,0.27,331,1.3
2021,2,25,20,30,7.2,0,0,0,0.27,321,1.3
2021,2,25,21,30,6.7,0,0,0,0.27,312,1.3
2021,2,25,22,30,6.1000000000000005,0,0,0,0.27,309,1.3
2021,2,25,23,30,5.300000000000001,0,0,0,0.27,311,1.3
2021,2,26,0,30,4.5,0,0,0,0.27,314,1.3
2021,2,26,1,30,3.5,0,0,0,0.27,317,1.4000000000000001
2021,2,26,2,30,2.5,0,0,0,0.27,320,1.5
2021,2,26,3,30,1.8,0,0,0,0.27,324,1.5
2021,2,26,4,30,1.4000000000000001,0,0,0,0.27,328,1.5
2021,2,26,5,30,1.6,0,0,0,0.27,332,1.5
2021,2,26,6,30,4.3,22,50,24,0.27,335,2
2021,2,26,7,30,8.200000000000001,60,688,228,0.27,343,2.5
2021,2,26,8,30,11.100000000000001,72,889,445,0.27,349,2
2021,2,26,9,30,13.600000000000001,82,963,623,0.27,319,1.4000000000000001
2021,2,26,10,30,15.8,91,998,748,0.27,268,1.7000000000000002
2021,2,26,11,30,17.8,96,1010,808,0.27,249,2.7
2021,2,26,12,30,19.3,93,1010,798,0.27,246,3.2
2021,2,26,13,30,20.3,87,995,721,0.27,240,3.6
2021,2,26,14,30,20.3,78,955,581,0.27,234,3.9000000000000004
2021,2,26,15,30,18.400000000000002,66,866,391,0.27,231,3.4000000000000004
2021,2,26,16,30,14.200000000000001,48,658,175,0.27,228,2.4000000000000004
2021,2,26,17,30,10.9,7,66,7,0.27,227,2.3000000000000003
2021,2,26,18,30,9.700000000000001,0,0,0,0.27,230,2.3000000000000003
2021,2,26,19,30,8.9,0,0,0,0.27,246,2.1
2021,2,26,20,30,8.700000000000001,0,0,0,0.27,279,1.9000000000000001
2021,2,26,21,30,8.700000000000001,0,0,0,0.27,317,2.3000000000000003
2021,2,26,22,30,8.3,0,0,0,0.27,343,3.6
2021,2,26,23,30,7.4,0,0,0,0.27,352,4.1000000000000005
2021,2,27,0,30,5.800000000000001,0,0,0,0.27,349,3.1
2021,2,27,1,30,4.2,0,0,0,0.27,341,2.2
2021,2,27,2,30,3.1,0,0,0,0.27,337,1.9000000000000001
2021,2,27,3,30,2.4000000000000004,0,0,0,0.27,338,1.8
2021,2,27,4,30,1.8,0,0,0,0.27,340,1.7000000000000002
2021,2,27,5,30,2,0,0,0,0.27,341,1.6
2021,2,27,6,30,4.7,25,47,27,0.27,346,2.6
2021,2,27,7,30,8.1,59,696,232,0.27,354,4.1000000000000005
2021,2,27,8,30,10.3,77,860,442,0.27,351,4.6000000000000005
2021,2,27,9,30,11.9,86,942,619,0.27,340,4.5
2021,2,27,10,30,13.200000000000001,92,983,744,0.27,329,4.5
2021,2,27,11,30,14.100000000000001,94,1005,807,0.27,322,4.9
2021,2,27,12,30,14.5,95,1006,802,0.27,321,5.5
2021,2,27,13,30,14.5,92,982,722,0.27,325,6.1000000000000005
2021,2,27,14,30,13.9,83,939,582,0.27,330,6.5
2021,2,27,15,30,12.5,69,852,392,0.27,338,6.4
2021,2,27,16,30,9.9,49,657,178,0.27,349,5.300000000000001
2021,2,27,17,30,7.4,8,71,8,0.27,180,3.9000000000000004
2021,2,27,18,30,5.7,0,0,0,0.27,4,2.9000000000000004
2021,2,27,19,30,4.3,0,0,0,0.27,180,2.5
2021,2,27,20,30,3.4000000000000004,0,0,0,0.27,355,2.5
2021,2,27,21,30,2.9000000000000004,0,0,0,0.27,352,2.8000000000000003
2021,2,27,22,30,2.3000000000000003,0,0,0,0.27,351,3
2021,2,27,23,30,1.8,0,0,0,0.27,352,2.9000000000000004
2021,2,28,0,30,1.2000000000000002,0,0,0,0.27,351,2.7
2021,2,28,1,30,0.7000000000000001,0,0,0,0.27,348,2.8000000000000003
2021,2,28,2,30,0.4,0,0,0,0.27,347,2.9000000000000004
2021,2,28,3,30,0,0,0,0,0.27,347,2.9000000000000004
2021,2,28,4,30,-0.4,0,0,0,0.27,347,2.8000000000000003
2021,2,28,5,30,0.1,0,0,0,0.27,347,3
2021,2,28,6,30,2.6,28,144,36,0.27,353,4.3
2021,2,28,7,30,5.6000000000000005,65,674,236,0.27,187,5.5
2021,2,28,8,30,7.6000000000000005,74,883,453,0.27,17,5.5
2021,2,28,9,30,9.3,82,962,631,0.27,21,5
2021,2,28,10,30,10.9,86,996,752,0.27,22,4.6000000000000005
2021,2,28,11,30,12.200000000000001,87,1015,812,0.27,21,4.3
2021,2,28,12,30,13.200000000000001,85,1015,803,0.27,19,4
2021,2,28,13,30,13.8,81,997,725,0.27,16,3.8000000000000003
2021,2,28,14,30,13.8,73,956,585,0.27,12,3.6
2021,2,28,15,30,12.600000000000001,63,873,397,0.27,10,2.8000000000000003
2021,2,28,16,30,21.6,47,624,172,0.28,288,0.9
2021,2,28,17,30,19.8,0,0,0,0.28,293,1.1
2021,2,28,18,30,18.6,0,0,0,0.28,291,1.1
2021,2,28,19,30,17.400000000000002,0,0,0,0.28,289,1.2000000000000002
2021,2,28,20,30,16.5,0,0,0,0.28,292,1.3
2021,2,28,21,30,16,0,0,0,0.28,298,1.3
2021,2,28,22,30,15.600000000000001,0,0,0,0.28,307,1.2000000000000002
2021,2,28,23,30,14.9,0,0,0,0.28,319,1.2000000000000002
2016,3,1,0,30,13.9,0,0,0,0.28,329,1.3
2016,3,1,1,30,12.8,0,0,0,0.28,334,1.4000000000000001
2016,3,1,2,30,12.200000000000001,0,0,0,0.28,337,1.4000000000000001
2016,3,1,3,30,12.200000000000001,0,0,0,0.28,338,1.4000000000000001
2016,3,1,4,30,12,0,0,0,0.28,338,1.4000000000000001
2016,3,1,5,30,12.100000000000001,0,0,0,0.28,338,1.4000000000000001
2016,3,1,6,30,14.3,23,0,23,0.28,339,1.8
2016,3,1,7,30,17.8,148,109,177,0.28,346,2
2016,3,1,8,30,20.5,198,423,382,0.28,206,1.3
2016,3,1,9,30,22.700000000000003,172,711,582,0.28,103,0.9
2016,3,1,10,30,24.3,101,928,726,0.28,161,1.4000000000000001
2016,3,1,11,30,25.8,338,401,627,0.28,180,2.2
2016,3,1,12,30,26.6,264,577,676,0.28,186,2.6
2016,3,1,13,30,27,231,594,618,0.28,186,2.8000000000000003
2016,3,1,14,30,26.6,83,894,566,0.28,185,2.9000000000000004
2016,3,1,15,30,24.700000000000003,69,812,384,0.28,180,2.1
2016,3,1,16,30,21.400000000000002,113,122,138,0.28,170,1.3
2016,3,1,17,30,19,0,0,0,0.28,166,1.2000000000000002
2016,3,1,18,30,18.2,0,0,0,0.28,177,1.1
2016,3,1,19,30,17.6,0,0,0,0.28,199,1
2016,3,1,20,30,16.900000000000002,0,0,0,0.28,222,1
2016,3,1,21,30,16.2,0,0,0,0.28,238,1.1
2016,3,1,22,30,15.3,0,0,0,0.28,241,1.2000000000000002
2016,3,1,23,30,14.4,0,0,0,0.28,242,1.3
2016,3,2,0,30,13.8,0,0,0,0.28,255,1.4000000000000001
2016,3,2,1,30,13.200000000000001,0,0,0,0.28,278,1.3
2016,3,2,2,30,12.5,0,0,0,0.28,301,1.3
2016,3,2,3,30,11.9,0,0,0,0.28,318,1.3
2016,3,2,4,30,11.5,0,0,0,0.28,332,1.3
2016,3,2,5,30,11.8,0,0,0,0.28,341,1.2000000000000002
2016,3,2,6,30,14.200000000000001,32,6,33,0.28,345,1.6
2016,3,2,7,30,17.8,139,167,183,0.28,177,2.2
2016,3,2,8,30,20.8,172,576,426,0.28,24,2.4000000000000004
2016,3,2,9,30,23.1,151,720,570,0.28,47,2.5
2016,3,2,10,30,24.900000000000002,88,974,749,0.28,58,2.1
2016,3,2,11,30,26.1,90,990,808,0.28,63,1.7000000000000002
2016,3,2,12,30,26.8,275,723,794,0.28,73,1.4000000000000001
2016,3,2,13,30,27,89,960,718,0.28,101,1.1
2016,3,2,14,30,26.700000000000003,213,522,497,0.28,144,1.1
2016,3,2,15,30,25,71,826,394,0.28,171,1
2016,3,2,16,30,21.900000000000002,116,142,145,0.28,182,1.1
2016,3,2,17,30,19.8,0,0,0,0.28,202,1.3
2016,3,2,18,30,19.200000000000003,0,0,0,0.28,223,1.3
2016,3,2,19,30,19.3,0,0,0,0.28,233,1.1
2016,3,2,20,30,19.200000000000003,0,0,0,0.28,236,0.9
2016,3,2,21,30,18.6,0,0,0,0.28,234,0.8
2016,3,2,22,30,17.8,0,0,0,0.28,232,0.8
2016,3,2,23,30,17.1,0,0,0,0.28,230,0.6000000000000001
2016,3,3,0,30,16.5,0,0,0,0.28,137,0.4
2016,3,3,1,30,15.9,0,0,0,0.28,40,0.5
2016,3,3,2,30,15.3,0,0,0,0.28,32,0.7000000000000001
2016,3,3,3,30,14.600000000000001,0,0,0,0.28,26,0.9
2016,3,3,4,30,13.700000000000001,0,0,0,0.28,20,1.1
2016,3,3,5,30,13.200000000000001,0,0,0,0.28,18,1.2000000000000002
2016,3,3,6,30,14.3,33,3,33,0.28,15,1.3
2016,3,3,7,30,16.400000000000002,121,18,126,0.28,7,1.7000000000000002
2016,3,3,8,30,19.3,204,463,410,0.28,85,1.4000000000000001
2016,3,3,9,30,22.6,261,453,527,0.28,169,1.5
2016,3,3,10,30,24.5,204,676,666,0.28,170,2.5
2016,3,3,11,30,25.3,276,563,687,0.28,173,2.8000000000000003
2016,3,3,12,30,25.900000000000002,247,622,696,0.28,179,2.9000000000000004
2016,3,3,13,30,26.400000000000002,305,388,561,0.28,185,3
2016,3,3,14,30,26.400000000000002,250,377,456,0.28,191,2.8000000000000003
2016,3,3,15,30,24.5,210,316,335,0.28,194,1.8
2016,3,3,16,30,21.6,108,27,114,0.28,195,0.9
2016,3,3,17,30,19.8,0,0,0,0.28,191,0.7000000000000001
2016,3,3,18,30,18.7,0,0,0,0.28,104,0.6000000000000001
2016,3,3,19,30,17.8,0,0,0,0.28,187,0.7000000000000001
2016,3,3,20,30,17.1,0,0,0,0.28,326,0.8
2016,3,3,21,30,16.400000000000002,0,0,0,0.28,286,0.9
2016,3,3,22,30,15.700000000000001,0,0,0,0.28,268,1.1
2016,3,3,23,30,15.100000000000001,0,0,0,0.28,260,1.2000000000000002
2016,3,4,0,30,14.600000000000001,0,0,0,0.28,257,1.2000000000000002
2016,3,4,1,30,14.200000000000001,0,0,0,0.28,262,1.1
2016,3,4,2,30,14,0,0,0,0.28,277,1
2016,3,4,3,30,14,0,0,0,0.28,303,0.9
2016,3,4,4,30,14,0,0,0,0.28,332,0.8
2016,3,4,5,30,14.100000000000001,0,0,0,0.28,186,0.8
2016,3,4,6,30,15.8,31,0,31,0.28,36,0.9
2016,3,4,7,30,18.900000000000002,52,757,259,0.28,95,1.2000000000000002
2016,3,4,8,30,21.6,68,889,468,0.28,152,1.9000000000000001
2016,3,4,9,30,23.5,78,955,643,0.28,163,2.4000000000000004
2016,3,4,10,30,24.8,85,987,765,0.28,168,2.4000000000000004
2016,3,4,11,30,25.6,260,618,714,0.28,165,2.1
2016,3,4,12,30,25.900000000000002,372,320,605,0.28,152,1.9000000000000001
2016,3,4,13,30,25.8,92,956,727,0.28,139,1.9000000000000001
2016,3,4,14,30,25.1,217,528,509,0.28,134,1.9000000000000001
2016,3,4,15,30,23.5,205,203,286,0.28,127,1.4000000000000001
2016,3,4,16,30,21.200000000000003,118,94,138,0.28,116,0.9
2016,3,4,17,30,19.700000000000003,0,0,0,0.28,108,0.9
2016,3,4,18,30,19,0,0,0,0.28,106,0.8
2016,3,4,19,30,18.6,0,0,0,0.28,114,0.5
2016,3,4,20,30,17.900000000000002,0,0,0,0.28,148,0.5
2016,3,4,21,30,17.1,0,0,0,0.28,189,0.7000000000000001
2016,3,4,22,30,16.400000000000002,0,0,0,0.28,206,0.9
2016,3,4,23,30,15.3,0,0,0,0.28,210,1.2000000000000002
2016,3,5,0,30,13.9,0,0,0,0.28,212,1.4000000000000001
2016,3,5,1,30,12.8,0,0,0,0.28,216,1.5
2016,3,5,2,30,12.100000000000001,0,0,0,0.28,219,1.5
2016,3,5,3,30,11.8,0,0,0,0.28,219,1.5
2016,3,5,4,30,11.8,0,0,0,0.28,219,1.5
2016,3,5,5,30,12.4,0,0,0,0.28,221,1.5
2016,3,5,6,30,14.600000000000001,33,3,33,0.28,225,2.1
2016,3,5,7,30,17.5,97,9,100,0.28,229,3.2
2016,3,5,8,30,19.400000000000002,244,139,307,0.28,229,3.7
2016,3,5,9,30,20.400000000000002,299,211,424,0.28,221,3.7
2016,3,5,10,30,21,297,338,531,0.28,208,3.9000000000000004
2016,3,5,11,30,22.1,248,589,683,0.28,199,4.4
2016,3,5,12,30,23.5,354,259,543,0.28,199,5.300000000000001
2016,3,5,13,30,24.1,91,915,702,0.28,206,6
2016,3,5,14,30,23.700000000000003,241,31,258,0.28,213,6.300000000000001
2016,3,5,15,30,22.5,104,3,105,0.28,219,6.300000000000001
2016,3,5,16,30,20.400000000000002,67,3,67,0.28,223,5.7
2016,3,5,17,30,18.6,4,0,4,0.28,224,5.2
2016,3,5,18,30,17.400000000000002,0,0,0,0.28,219,4.4
2016,3,5,19,30,16.3,0,0,0,0.28,213,3.2
2016,3,5,20,30,15.200000000000001,0,0,0,0.28,215,2.6
2016,3,5,21,30,14.4,0,0,0,0.28,220,2.4000000000000004
2016,3,5,22,30,14,0,0,0,0.28,224,2.2
2016,3,5,23,30,13.8,0,0,0,0.28,225,1.9000000000000001
2016,3,6,0,30,13.100000000000001,0,0,0,0.28,226,1.8
2016,3,6,1,30,12.700000000000001,0,0,0,0.28,228,1.9000000000000001
2016,3,6,2,30,12.600000000000001,0,0,0,0.28,227,1.9000000000000001
2016,3,6,3,30,12.4,0,0,0,0.28,222,2
2016,3,6,4,30,12,0,0,0,0.28,214,2.2
2016,3,6,5,30,12.100000000000001,0,0,0,0.28,208,2.6
2016,3,6,6,30,13.5,18,0,18,0.28,208,3.8000000000000003
2016,3,6,7,30,15.3,80,4,81,0.28,212,5.5
2016,3,6,8,30,16.8,218,411,407,0.28,217,6.7
2016,3,6,9,30,17.8,93,880,623,0.28,220,7.4
2016,3,6,10,30,18.5,242,1,243,0.28,222,8
2016,3,6,11,30,18.900000000000002,188,1,189,0.28,225,8.5
2016,3,6,12,30,18.7,54,0,54,0.28,229,8.6
2016,3,6,13,30,18,336,112,412,0.28,234,8.4
2016,3,6,14,30,17.1,347,189,453,0.28,242,7.800000000000001
2016,3,6,15,30,16.1,220,21,228,0.28,258,6.300000000000001
2016,3,6,16,30,14.100000000000001,62,2,62,0.28,281,3.9000000000000004
2016,3,6,17,30,11.8,5,0,5,0.28,302,1.9000000000000001
2016,3,6,18,30,10.3,0,0,0,0.28,316,1.3
2016,3,6,19,30,9.4,0,0,0,0.28,326,1.1
2016,3,6,20,30,9.3,0,0,0,0.28,325,0.9
2016,3,6,21,30,9.4,0,0,0,0.28,297,0.5
2016,3,6,22,30,9.1,0,0,0,0.28,209,0.4
2016,3,6,23,30,8.5,0,0,0,0.28,151,0.8
2016,3,7,0,30,7.9,0,0,0,0.28,170,1
2016,3,7,1,30,7.5,0,0,0,0.28,188,0.9
2016,3,7,2,30,7.4,0,0,0,0.28,192,0.8
2016,3,7,3,30,7.2,0,0,0,0.28,178,0.7000000000000001
2016,3,7,4,30,6.800000000000001,0,0,0,0.28,167,0.8
2016,3,7,5,30,6.9,0,0,0,0.28,171,0.9
2016,3,7,6,30,8.9,42,6,43,0.28,181,1.5
2016,3,7,7,30,11.5,158,112,190,0.28,194,2.6
2016,3,7,8,30,13.100000000000001,200,492,429,0.28,200,3.1
2016,3,7,9,30,14.4,110,871,638,0.28,194,3.3000000000000003
2016,3,7,10,30,15.600000000000001,393,232,556,0.28,184,3.5
2016,3,7,11,30,16.3,399,300,624,0.28,175,3.8000000000000003
2016,3,7,12,30,16.8,400,131,497,0.28,171,3.9000000000000004
2016,3,7,13,30,16.7,270,492,602,0.28,168,3.6
2016,3,7,14,30,16.1,275,355,475,0.28,166,3.2
2016,3,7,15,30,15.100000000000001,210,423,383,0.28,169,2.4000000000000004
2016,3,7,16,30,13.600000000000001,125,56,138,0.28,189,1.2000000000000002
2016,3,7,17,30,12.200000000000001,8,0,8,0.28,265,0.6000000000000001
2016,3,7,18,30,11.4,0,0,0,0.28,166,0.7000000000000001
2016,3,7,19,30,10.600000000000001,0,0,0,0.28,15,0.9
2016,3,7,20,30,9.8,0,0,0,0.28,23,1.1
2016,3,7,21,30,8.9,0,0,0,0.28,23,1.4000000000000001
2016,3,7,22,30,8,0,0,0,0.28,20,1.6
2016,3,7,23,30,7.1000000000000005,0,0,0,0.28,13,1.8
2016,3,8,0,30,6.300000000000001,0,0,0,0.28,183,1.9000000000000001
2016,3,8,1,30,5.800000000000001,0,0,0,0.28,349,1.9000000000000001
2016,3,8,2,30,5.5,0,0,0,0.28,335,2
2016,3,8,3,30,5.4,0,0,0,0.28,328,2.2
2016,3,8,4,30,5.300000000000001,0,0,0,0.28,327,2.5
2016,3,8,5,30,6.1000000000000005,0,0,0,0.28,329,2.9000000000000004
2016,3,8,6,30,8.6,32,341,65,0.28,336,3.8000000000000003
2016,3,8,7,30,12,63,706,270,0.28,173,4.3
2016,3,8,8,30,15,80,856,482,0.28,13,4
2016,3,8,9,30,17.1,90,933,661,0.28,30,3.1
2016,3,8,10,30,18.7,95,972,783,0.28,20,2
2016,3,8,11,30,19.8,96,990,841,0.28,156,1.5
2016,3,8,12,30,20.400000000000002,93,991,830,0.28,309,2
2016,3,8,13,30,20.6,103,944,745,0.28,305,2.5
2016,3,8,14,30,20.1,97,890,602,0.28,300,2.6
2016,3,8,15,30,18.8,83,792,410,0.28,297,2
2016,3,8,16,30,16.6,127,105,151,0.28,288,1.1
2016,3,8,17,30,14.8,11,0,11,0.28,275,1
2016,3,8,18,30,13.8,0,0,0,0.28,266,1.1
2016,3,8,19,30,12.8,0,0,0,0.28,264,1.2000000000000002
2016,3,8,20,30,12,0,0,0,0.28,270,1.3
2016,3,8,21,30,11.3,0,0,0,0.28,282,1.3
2016,3,8,22,30,10.600000000000001,0,0,0,0.28,295,1.4000000000000001
2016,3,8,23,30,10.100000000000001,0,0,0,0.28,306,1.5
2016,3,9,0,30,9.700000000000001,0,0,0,0.28,314,1.6
2016,3,9,1,30,9.1,0,0,0,0.28,317,1.7000000000000002
2016,3,9,2,30,8.5,0,0,0,0.28,318,1.8
2016,3,9,3,30,8.1,0,0,0,0.28,319,1.8
2016,3,9,4,30,7.800000000000001,0,0,0,0.28,323,1.7000000000000002
2016,3,9,5,30,8.6,0,0,0,0.28,327,1.6
2016,3,9,6,30,11.8,27,480,75,0.28,334,2.3000000000000003
2016,3,9,7,30,15.8,50,780,283,0.28,172,3.2
2016,3,9,8,30,18.3,64,897,490,0.28,9,3.3000000000000003
2016,3,9,9,30,20.1,74,950,659,0.28,15,2.9000000000000004
2016,3,9,10,30,21.400000000000002,82,977,778,0.28,18,2.6
2016,3,9,11,30,22.400000000000002,89,983,833,0.28,19,2.3000000000000003
2016,3,9,12,30,23,266,575,696,0.28,14,2
2016,3,9,13,30,23.3,272,673,732,0.28,181,1.7000000000000002
2016,3,9,14,30,23.1,217,515,511,0.28,354,1.4000000000000001
2016,3,9,15,30,22,206,286,325,0.28,184,0.8
2016,3,9,16,30,20,118,76,135,0.28,103,0.6000000000000001
2016,3,9,17,30,18.1,12,0,12,0.28,206,0.9
2016,3,9,18,30,17,0,0,0,0.28,227,1.1
2016,3,9,19,30,16.5,0,0,0,0.28,243,1.2000000000000002
2016,3,9,20,30,16.400000000000002,0,0,0,0.28,259,1.1
2016,3,9,21,30,16.400000000000002,0,0,0,0.28,280,1
2016,3,9,22,30,16.1,0,0,0,0.28,306,0.9
2016,3,9,23,30,15.600000000000001,0,0,0,0.28,332,0.9
2016,3,10,0,30,14.8,0,0,0,0.28,172,1
2016,3,10,1,30,13.8,0,0,0,0.28,4,1.2000000000000002
2016,3,10,2,30,12.600000000000001,0,0,0,0.28,7,1.3
2016,3,10,3,30,11.4,0,0,0,0.28,6,1.4000000000000001
2016,3,10,4,30,10.3,0,0,0,0.28,5,1.4000000000000001
2016,3,10,5,30,10.5,0,0,0,0.28,6,1.5
2016,3,10,6,30,13.3,30,463,79,0.28,7,2.1
2016,3,10,7,30,17.1,56,774,292,0.28,24,2.6
2016,3,10,8,30,20.1,70,900,502,0.28,54,2.3000000000000003
2016,3,10,9,30,22.400000000000002,79,962,676,0.28,80,1.7000000000000002
2016,3,10,10,30,24.1,84,994,797,0.28,110,1.3
2016,3,10,11,30,25.400000000000002,85,1009,853,0.28,145,1.4000000000000001
2016,3,10,12,30,26.200000000000003,274,745,834,0.28,168,1.9000000000000001
2016,3,10,13,30,26.5,274,698,754,0.28,176,2.3000000000000003
2016,3,10,14,30,26.3,252,613,605,0.28,180,2.6
2016,3,10,15,30,24.900000000000002,71,854,430,0.28,179,2.1
2016,3,10,16,30,22.1,106,323,182,0.28,166,1.3
2016,3,10,17,30,19.700000000000003,14,1,15,0.28,154,1.1
2016,3,10,18,30,18.6,0,0,0,0.28,154,1.1
2016,3,10,19,30,17.7,0,0,0,0.28,162,1.1
2016,3,10,20,30,16.7,0,0,0,0.28,178,1.1
2016,3,10,21,30,15.8,0,0,0,0.28,200,1.2000000000000002
2016,3,10,22,30,15,0,0,0,0.28,219,1.2000000000000002
2016,3,10,23,30,14.5,0,0,0,0.28,230,1.3
2016,3,11,0,30,14.3,0,0,0,0.28,237,1.2000000000000002
2016,3,11,1,30,14.200000000000001,0,0,0,0.28,242,1.1
2016,3,11,2,30,14.100000000000001,0,0,0,0.28,244,1.1
2016,3,11,3,30,13.9,0,0,0,0.28,240,1.1
2016,3,11,4,30,13.700000000000001,0,0,0,0.28,226,1.1
2016,3,11,5,30,14.100000000000001,0,0,0,0.28,207,1.2000000000000002
2016,3,11,6,30,15.3,52,9,53,0.28,189,1.1
2016,3,11,7,30,17.1,142,28,151,0.28,173,1.5
2016,3,11,8,30,19.200000000000003,244,60,274,0.28,169,2.6
2016,3,11,9,30,21.200000000000003,335,237,483,0.28,174,4
2016,3,11,10,30,22.700000000000003,341,33,365,0.28,179,5.2
2016,3,11,11,30,23.6,420,119,512,0.28,182,5.9
2016,3,11,12,30,23.900000000000002,387,347,650,0.28,184,6.4
2016,3,11,13,30,24,343,341,579,0.28,186,6.9
2016,3,11,14,30,23.900000000000002,281,281,444,0.28,189,7.4
2016,3,11,15,30,23.1,208,463,404,0.28,192,7.300000000000001
2016,3,11,16,30,21.200000000000003,63,591,203,0.28,201,6.7
2016,3,11,17,30,18.7,12,0,12,0.28,216,7
2016,3,11,18,30,16.2,0,0,0,0.28,226,7.5
2016,3,11,19,30,13.9,0,0,0,0.28,225,6.9
2016,3,11,20,30,12.4,0,0,0,0.28,221,6
2016,3,11,21,30,11.100000000000001,0,0,0,0.28,221,5.4
2016,3,11,22,30,9.8,0,0,0,0.28,225,5
2016,3,11,23,30,8.6,0,0,0,0.28,233,4.5
2016,3,12,0,30,7.6000000000000005,0,0,0,0.28,243,3.5
2016,3,12,1,30,7,0,0,0,0.28,251,2.6
2016,3,12,2,30,6.800000000000001,0,0,0,0.28,258,2.2
2016,3,12,3,30,6.5,0,0,0,0.28,260,1.7000000000000002
2016,3,12,4,30,6,0,0,0,0.28,260,1.4000000000000001
2016,3,12,5,30,6.6000000000000005,0,0,0,0.28,265,1.7000000000000002
2016,3,12,6,30,8.9,34,417,82,0.28,279,2.6
2016,3,12,7,30,11.600000000000001,63,732,293,0.28,300,3.3000000000000003
2016,3,12,8,30,13.9,79,866,504,0.28,314,3.3000000000000003
2016,3,12,9,30,15.700000000000001,91,930,677,0.28,316,2.9000000000000004
2016,3,12,10,30,17.3,105,950,795,0.28,313,2.3000000000000003
2016,3,12,11,30,18.5,118,947,848,0.28,300,2
2016,3,12,12,30,19.200000000000003,438,355,708,0.28,279,1.9000000000000001
2016,3,12,13,30,19.700000000000003,282,534,654,0.28,256,1.9000000000000001
2016,3,12,14,30,19.8,305,244,447,0.28,229,1.9000000000000001
2016,3,12,15,30,19.1,208,226,305,0.28,204,1.9000000000000001
2016,3,12,16,30,16.400000000000002,58,633,211,0.28,179,1.5
2016,3,12,17,30,13.4,17,168,23,0.28,157,1.4000000000000001
2016,3,12,18,30,11.9,0,0,0,0.28,153,1.4000000000000001
2016,3,12,19,30,11.3,0,0,0,0.28,162,1.3
2016,3,12,20,30,10.8,0,0,0,0.28,176,1.2000000000000002
2016,3,12,21,30,10.200000000000001,0,0,0,0.28,197,1.1
2016,3,12,22,30,9.700000000000001,0,0,0,0.28,221,1.1
2016,3,12,23,30,9.5,0,0,0,0.28,237,1
2016,3,13,0,30,9.5,0,0,0,0.28,239,0.9
2016,3,13,1,30,9.3,0,0,0,0.28,222,0.9
2016,3,13,2,30,8.8,0,0,0,0.28,209,0.9
2016,3,13,3,30,8.200000000000001,0,0,0,0.28,207,1
2016,3,13,4,30,8,0,0,0,0.28,209,1
2016,3,13,5,30,8.700000000000001,0,0,0,0.28,213,0.9
2016,3,13,6,30,10.4,60,13,61,0.28,191,1.1
2016,3,13,7,30,12.8,155,250,235,0.28,163,1.9000000000000001
2016,3,13,8,30,15.3,268,291,412,0.28,158,2.7
2016,3,13,9,30,17.3,101,891,667,0.28,161,2.9000000000000004
2016,3,13,10,30,19,252,625,710,0.28,170,2.8000000000000003
2016,3,13,11,30,20.400000000000002,255,575,701,0.28,182,3
2016,3,13,12,30,21.400000000000002,352,368,633,0.28,195,3.5
2016,3,13,13,30,21.8,306,429,607,0.28,209,4.1000000000000005
2016,3,13,14,30,21.5,240,467,513,0.28,219,4.800000000000001
2016,3,13,15,30,20.200000000000003,201,300,330,0.28,225,5
2016,3,13,16,30,17.900000000000002,112,331,193,0.28,230,4.2
2016,3,13,17,30,15.700000000000001,18,125,24,0.28,231,3.1
2016,3,13,18,30,14.5,0,0,0,0.28,228,2.7
2016,3,13,19,30,13.5,0,0,0,0.28,230,2.7
2016,3,13,20,30,12.4,0,0,0,0.28,234,2.7
2016,3,13,21,30,11.3,0,0,0,0.28,239,2.4000000000000004
2016,3,13,22,30,10.200000000000001,0,0,0,0.28,245,2
2016,3,13,23,30,9.4,0,0,0,0.28,249,1.6
2016,3,14,0,30,8.8,0,0,0,0.28,248,1.4000000000000001
2016,3,14,1,30,8.4,0,0,0,0.28,249,1.2000000000000002
2016,3,14,2,30,8.4,0,0,0,0.28,248,1.1
2016,3,14,3,30,8.5,0,0,0,0.28,238,1
2016,3,14,4,30,8.4,0,0,0,0.28,223,1
2016,3,14,5,30,9.3,0,0,0,0.28,210,1
2016,3,14,6,30,11.9,65,20,67,0.28,204,1.5
2016,3,14,7,30,14.5,159,229,233,0.28,199,1.9000000000000001
2016,3,14,8,30,16.5,148,670,483,0.28,197,1.6
2016,3,14,9,30,18.400000000000002,190,682,627,0.28,220,1.2000000000000002
2016,3,14,10,30,20.200000000000003,254,550,658,0.28,261,1
2016,3,14,11,30,21.5,330,448,679,0.28,291,1.2000000000000002
2016,3,14,12,30,22.400000000000002,375,321,622,0.28,300,1.5
2016,3,14,13,30,22.8,98,939,759,0.28,295,1.9000000000000001
2016,3,14,14,30,22.700000000000003,88,900,619,0.28,288,2
2016,3,14,15,30,22,224,318,363,0.28,282,1.9000000000000001
2016,3,14,16,30,19.3,114,275,182,0.28,268,1.4000000000000001
2016,3,14,17,30,16.400000000000002,19,188,27,0.28,259,1.1
2016,3,14,18,30,15.200000000000001,0,0,0,0.28,274,1.2000000000000002
2016,3,14,19,30,14.600000000000001,0,0,0,0.28,299,1.2000000000000002
2016,3,14,20,30,13.5,0,0,0,0.28,318,1.4000000000000001
2016,3,14,21,30,11.9,0,0,0,0.28,330,1.6
2016,3,14,22,30,10.5,0,0,0,0.28,338,1.6
2016,3,14,23,30,9.4,0,0,0,0.28,343,1.7000000000000002
2016,3,15,0,30,8.700000000000001,0,0,0,0.28,343,1.7000000000000002
2016,3,15,1,30,8.3,0,0,0,0.28,340,1.6
2016,3,15,2,30,7.9,0,0,0,0.28,341,1.6
2016,3,15,3,30,7.5,0,0,0,0.28,346,1.6
2016,3,15,4,30,7.1000000000000005,0,0,0,0.28,347,1.6
2016,3,15,5,30,8.200000000000001,0,0,0,0.28,348,1.6
2016,3,15,6,30,11.600000000000001,40,443,98,0.28,353,2.4000000000000004
2016,3,15,7,30,15.100000000000001,173,184,234,0.28,191,3.3000000000000003
2016,3,15,8,30,17.5,216,520,478,0.28,24,3
2016,3,15,9,30,19.400000000000002,184,764,677,0.28,15,2.1
2016,3,15,10,30,21.1,107,951,811,0.28,146,1.4000000000000001
2016,3,15,11,30,22.6,106,971,867,0.28,269,1.6
2016,3,15,12,30,23.6,104,969,853,0.28,244,2.1
2016,3,15,13,30,24,123,902,761,0.28,238,2.5
2016,3,15,14,30,23.700000000000003,113,852,618,0.28,242,2.7
2016,3,15,15,30,22.6,97,756,428,0.28,251,2.4000000000000004
2016,3,15,16,30,19.700000000000003,71,570,214,0.28,256,1.5
2016,3,15,17,30,16.7,21,117,27,0.28,255,1.1
2016,3,15,18,30,15.4,0,0,0,0.28,255,1.2000000000000002
2016,3,15,19,30,14.700000000000001,0,0,0,0.28,263,1.2000000000000002
2016,3,15,20,30,14.200000000000001,0,0,0,0.28,280,1.2000000000000002
2016,3,15,21,30,13.700000000000001,0,0,0,0.28,305,1.1
2016,3,15,22,30,12.8,0,0,0,0.28,330,1.2000000000000002
2016,3,15,23,30,11.4,0,0,0,0.28,347,1.5
2016,3,16,0,30,10.100000000000001,0,0,0,0.28,354,1.9000000000000001
2016,3,16,1,30,9.4,0,0,0,0.28,354,2.2
2016,3,16,2,30,8.8,0,0,0,0.28,354,2.2
2016,3,16,3,30,8.4,0,0,0,0.28,356,2.1
2016,3,16,4,30,7.9,0,0,0,0.28,358,2
2016,3,16,5,30,9.1,0,0,0,0.28,359,2.1
2016,3,16,6,30,12.4,40,468,103,0.28,186,3.3000000000000003
2016,3,16,7,30,15.700000000000001,68,758,321,0.28,21,4.2
2016,3,16,8,30,18.400000000000002,85,878,532,0.28,30,3.9000000000000004
2016,3,16,9,30,20.5,96,939,707,0.28,33,3.3000000000000003
2016,3,16,10,30,22.200000000000003,102,973,826,0.28,35,2.7
2016,3,16,11,30,23.400000000000002,104,982,877,0.28,35,2.2
2016,3,16,12,30,24.200000000000003,102,980,863,0.28,32,1.8
2016,3,16,13,30,24.5,94,967,783,0.28,27,1.5
2016,3,16,14,30,24.3,258,623,630,0.28,23,1.2000000000000002
2016,3,16,15,30,23.400000000000002,75,846,448,0.28,24,0.9
2016,3,16,16,30,21.3,56,684,230,0.28,78,0.5
2016,3,16,17,30,19.400000000000002,20,250,33,0.28,173,0.5
2016,3,16,18,30,18.2,0,0,0,0.28,233,0.8
2016,3,16,19,30,17.3,0,0,0,0.28,258,1
2016,3,16,20,30,16.6,0,0,0,0.28,276,1.1
2016,3,16,21,30,15.9,0,0,0,0.28,292,1.1
2016,3,16,22,30,15.100000000000001,0,0,0,0.28,309,1.1
2016,3,16,23,30,14.200000000000001,0,0,0,0.28,324,1.2000000000000002
2016,3,17,0,30,13,0,0,0,0.28,336,1.3
2016,3,17,1,30,11.700000000000001,0,0,0,0.28,341,1.4000000000000001
2016,3,17,2,30,10.600000000000001,0,0,0,0.28,342,1.5
2016,3,17,3,30,9.9,0,0,0,0.28,340,1.5
2016,3,17,4,30,9.4,0,0,0,0.28,336,1.4000000000000001
2016,3,17,5,30,10.200000000000001,0,0,0,0.28,333,1.4000000000000001
2016,3,17,6,30,13.4,41,476,108,0.28,332,2
2016,3,17,7,30,17.5,69,752,324,0.28,339,2.4000000000000004
2016,3,17,8,30,20.8,86,871,534,0.28,346,2
2016,3,17,9,30,23.3,97,933,708,0.28,338,1.4000000000000001
2016,3,17,10,30,25.1,104,965,827,0.28,304,1.2000000000000002
2016,3,17,11,30,26.400000000000002,107,978,882,0.28,271,1.5
2016,3,17,12,30,27.200000000000003,106,975,867,0.28,259,1.9000000000000001
2016,3,17,13,30,27.400000000000002,118,917,774,0.28,258,2.1
2016,3,17,14,30,27.1,281,578,629,0.28,263,2.2
2016,3,17,15,30,25.900000000000002,97,765,437,0.28,268,1.9000000000000001
2016,3,17,16,30,23,72,574,220,0.28,266,1.3
2016,3,17,17,30,20.1,23,130,30,0.28,260,1.1
2016,3,17,18,30,18.8,0,0,0,0.28,261,1.1
2016,3,17,19,30,17.900000000000002,0,0,0,0.28,272,1.2000000000000002
2016,3,17,20,30,17.3,0,0,0,0.28,286,1.2000000000000002
2016,3,17,21,30,16.6,0,0,0,0.28,300,1.2000000000000002
2016,3,17,22,30,15.8,0,0,0,0.28,312,1.2000000000000002
2016,3,17,23,30,14.8,0,0,0,0.28,324,1.3
2016,3,18,0,30,13.700000000000001,0,0,0,0.28,333,1.4000000000000001
2016,3,18,1,30,12.600000000000001,0,0,0,0.28,339,1.6
2016,3,18,2,30,11.600000000000001,0,0,0,0.28,345,1.8
2016,3,18,3,30,10.700000000000001,0,0,0,0.28,348,2.1
2016,3,18,4,30,9.9,0,0,0,0.28,348,2.3000000000000003
2016,3,18,5,30,10.600000000000001,0,0,0,0.28,345,2.5
2016,3,18,6,30,13.5,43,473,112,0.28,344,3.3000000000000003
2016,3,18,7,30,16.8,69,757,330,0.28,174,3.7
2016,3,18,8,30,20.1,84,880,541,0.28,9,3.2
2016,3,18,9,30,22.900000000000002,92,950,719,0.28,20,2.5
2016,3,18,10,30,24.900000000000002,97,984,839,0.28,23,2
2016,3,18,11,30,26.200000000000003,98,999,894,0.28,12,1.7000000000000002
2016,3,18,12,30,26.900000000000002,97,996,879,0.28,175,1.7000000000000002
2016,3,18,13,30,27.1,105,954,791,0.28,345,1.8
2016,3,18,14,30,26.8,271,610,640,0.28,340,1.9000000000000001
2016,3,18,15,30,25.700000000000003,84,825,453,0.28,340,1.6
2016,3,18,16,30,23.5,63,658,234,0.28,172,1
2016,3,18,17,30,21.5,27,3,28,0.28,6,0.6000000000000001
2016,3,18,18,30,20.700000000000003,0,0,0,0.28,160,0.4
2016,3,18,19,30,20.1,0,0,0,0.28,292,0.30000000000000004
2016,3,18,20,30,19.400000000000002,0,0,0,0.28,293,0.4
2016,3,18,21,30,18.3,0,0,0,0.28,333,0.6000000000000001
2016,3,18,22,30,16.6,0,0,0,0.28,182,1.1
2016,3,18,23,30,14.4,0,0,0,0.28,12,1.4000000000000001
2016,3,19,0,30,12.5,0,0,0,0.28,11,1.6
2016,3,19,1,30,11.200000000000001,0,0,0,0.28,7,1.8
2016,3,19,2,30,10.3,0,0,0,0.28,3,2
2016,3,19,3,30,9.700000000000001,0,0,0,0.28,180,2.1
2016,3,19,4,30,9.200000000000001,0,0,0,0.28,359,2.1
2016,3,19,5,30,10.5,0,0,0,0.28,180,2.4000000000000004
2016,3,19,6,30,13.9,46,456,115,0.28,3,3.3000000000000003
2016,3,19,7,30,17.7,77,733,333,0.28,17,3.5
2016,3,19,8,30,21.5,97,852,544,0.28,42,2.7
2016,3,19,9,30,24.200000000000003,111,906,713,0.28,69,1.9000000000000001
2016,3,19,10,30,25.900000000000002,121,937,832,0.28,100,1.3
2016,3,19,11,30,26.8,280,666,813,0.28,133,1.3
2016,3,19,12,30,27.3,318,550,752,0.28,156,1.5
2016,3,19,13,30,27.400000000000002,302,507,669,0.28,167,1.8
2016,3,19,14,30,27.200000000000003,193,641,583,0.28,171,1.8
2016,3,19,15,30,26,210,394,387,0.28,167,1.4000000000000001
2016,3,19,16,30,24,142,171,188,0.28,149,0.9
2016,3,19,17,30,22.3,27,1,28,0.28,133,0.8
2016,3,19,18,30,21.700000000000003,0,0,0,0.28,132,0.8
2016,3,19,19,30,21.3,0,0,0,0.28,133,0.8
2016,3,19,20,30,20.700000000000003,0,0,0,0.28,123,0.6000000000000001
2016,3,19,21,30,20,0,0,0,0.28,68,0.5
2016,3,19,22,30,19.1,0,0,0,0.28,17,0.7000000000000001
2016,3,19,23,30,18.1,0,0,0,0.28,12,0.9
2016,3,20,0,30,17.3,0,0,0,0.28,13,1
2016,3,20,1,30,16.8,0,0,0,0.28,17,1.1
2016,3,20,2,30,16.3,0,0,0,0.28,22,1.1
2016,3,20,3,30,15.600000000000001,0,0,0,0.28,26,1.2000000000000002
2016,3,20,4,30,14.9,0,0,0,0.28,28,1.3
2016,3,20,5,30,15.100000000000001,0,0,0,0.28,28,1.3
2016,3,20,6,30,17.1,47,442,116,0.28,22,1.8
2016,3,20,7,30,20.400000000000002,76,717,330,0.28,67,1.8
2016,3,20,8,30,23.900000000000002,91,843,538,0.28,137,2
2016,3,20,9,30,26.3,167,717,647,0.28,160,2.9000000000000004
2016,3,20,10,30,27.900000000000002,364,391,662,0.28,166,3.5
2016,3,20,11,30,29,374,542,811,0.28,175,3.9000000000000004
2016,3,20,12,30,29.700000000000003,456,329,717,0.28,185,4.2
2016,3,20,13,30,29.900000000000002,129,885,772,0.28,196,4.4
2016,3,20,14,30,29.5,119,839,631,0.28,206,4.5
2016,3,20,15,30,28.3,242,241,352,0.28,216,3.9000000000000004
2016,3,20,16,30,24.900000000000002,102,10,104,0.3,221,2.4000000000000004
2016,3,20,17,30,21.1,26,1,26,0.3,224,1.7000000000000002
2016,3,20,18,30,19.1,0,0,0,0.3,224,1.7000000000000002
2016,3,20,19,30,18,0,0,0,0.3,224,1.8
2016,3,20,20,30,17.2,0,0,0,0.3,225,1.9000000000000001
2016,3,20,21,30,16.6,0,0,0,0.3,227,1.8
2016,3,20,22,30,15.9,0,0,0,0.3,227,1.8
2016,3,20,23,30,15.100000000000001,0,0,0,0.3,226,1.7000000000000002
2016,3,21,0,30,14.3,0,0,0,0.3,223,1.8
2016,3,21,1,30,13.600000000000001,0,0,0,0.3,222,1.8
2016,3,21,2,30,12.9,0,0,0,0.3,224,1.9000000000000001
2016,3,21,3,30,12.3,0,0,0,0.3,229,1.9000000000000001
2016,3,21,4,30,11.9,0,0,0,0.3,234,1.8
2016,3,21,5,30,13.3,0,0,0,0.3,235,1.9000000000000001
2016,3,21,6,30,17,88,81,101,0.3,234,2.9000000000000004
2016,3,21,7,30,20.8,167,326,285,0.3,232,4.2
2016,3,21,8,30,23.6,209,461,456,0.3,225,4.6000000000000005
2016,3,21,9,30,25.700000000000003,314,284,505,0.3,215,5
2016,3,21,10,30,27.400000000000002,382,139,489,0.3,211,5.800000000000001
2016,3,21,11,30,28.6,394,62,444,0.3,213,6.800000000000001
2016,3,21,12,30,29,398,84,465,0.3,218,7.7
2016,3,21,13,30,28.5,354,67,402,0.3,222,8.4
2016,3,21,14,30,27,80,0,80,0.3,226,8.5
2016,3,21,15,30,24.900000000000002,13,0,13,0.3,228,8
2016,3,21,16,30,22.5,108,13,111,0.3,231,7
2016,3,21,17,30,20.6,24,1,24,0.3,233,6.2
2016,3,21,18,30,19.200000000000003,0,0,0,0.3,235,5.9
2016,3,21,19,30,18,0,0,0,0.3,237,5.800000000000001
2016,3,21,20,30,16.8,0,0,0,0.3,238,5.5
2016,3,21,21,30,15.600000000000001,0,0,0,0.3,238,5.2
2016,3,21,22,30,14.4,0,0,0,0.3,237,5
2016,3,21,23,30,13.4,0,0,0,0.3,236,4.7
2016,3,22,0,30,12.5,0,0,0,0.3,236,4.4
2016,3,22,1,30,11.8,0,0,0,0.3,240,4.2
2016,3,22,2,30,11.4,0,0,0,0.3,246,4.2
2016,3,22,3,30,11,0,0,0,0.3,253,4
2016,3,22,4,30,10.4,0,0,0,0.3,261,3.8000000000000003
2016,3,22,5,30,10.8,0,0,0,0.3,270,4.1000000000000005
2016,3,22,6,30,13.100000000000001,41,558,133,0.3,282,5.4
2016,3,22,7,30,15.9,63,796,353,0.3,302,6.6000000000000005
2016,3,22,8,30,17.900000000000002,74,910,565,0.3,317,7.2
2016,3,22,9,30,18.8,266,690,734,0.3,318,7.6000000000000005
2016,3,22,10,30,19,85,1013,867,0.3,314,8
2016,3,22,11,30,19,471,372,774,0.3,313,8.200000000000001
2016,3,22,12,30,18.8,468,356,753,0.3,314,8.200000000000001
2016,3,22,13,30,18.5,296,564,709,0.3,315,8.1
2016,3,22,14,30,17.8,113,891,663,0.3,317,7.9
2016,3,22,15,30,16.8,94,813,468,0.3,320,7.6000000000000005
2016,3,22,16,30,15.100000000000001,67,664,248,0.29,325,6.5
2016,3,22,17,30,13,25,295,46,0.29,330,4.7
2016,3,22,18,30,11,0,0,0,0.29,333,3.2
2016,3,22,19,30,9.700000000000001,0,0,0,0.29,335,2.7
2016,3,22,20,30,8.8,0,0,0,0.29,338,2.7
2016,3,22,21,30,8.1,0,0,0,0.29,339,2.9000000000000004
2016,3,22,22,30,7.5,0,0,0,0.29,338,3.1
2016,3,22,23,30,7,0,0,0,0.29,337,3.2
2016,3,23,0,30,6.5,0,0,0,0.29,335,3.3000000000000003
2016,3,23,1,30,6,0,0,0,0.29,334,3.2
2016,3,23,2,30,5.6000000000000005,0,0,0,0.29,333,3.1
2016,3,23,3,30,5.1000000000000005,0,0,0,0.29,332,3
2016,3,23,4,30,4.800000000000001,0,0,0,0.29,331,3.1
2016,3,23,5,30,6,0,0,0,0.29,329,3.9000000000000004
2016,3,23,6,30,8.9,38,647,148,0.29,338,5
2016,3,23,7,30,11.700000000000001,57,858,374,0.29,176,5.5
2016,3,23,8,30,13.8,69,953,587,0.29,6,5.300000000000001
2016,3,23,9,30,15.600000000000001,77,1002,761,0.29,7,4.800000000000001
2016,3,23,10,30,17.3,81,1021,873,0.29,4,4.2
2016,3,23,11,30,18.7,83,1032,926,0.29,181,3.8000000000000003
2016,3,23,12,30,19.8,83,1028,909,0.29,358,3.4000000000000004
2016,3,23,13,30,20.3,91,991,822,0.29,354,3.1
2016,3,23,14,30,20.400000000000002,85,944,671,0.29,345,2.8000000000000003
2016,3,23,15,30,19.900000000000002,74,869,477,0.29,335,2.6
2016,3,23,16,30,17.7,57,722,256,0.3,322,1.8
2016,3,23,17,30,14.9,24,331,48,0.3,306,1.2000000000000002
2016,3,23,18,30,13.3,0,0,0,0.3,297,1.3
2016,3,23,19,30,12.5,0,0,0,0.3,299,1.4000000000000001
2016,3,23,20,30,12.100000000000001,0,0,0,0.3,305,1.3
2016,3,23,21,30,11.600000000000001,0,0,0,0.3,315,1.3
2016,3,23,22,30,10.8,0,0,0,0.3,327,1.3
2016,3,23,23,30,9.8,0,0,0,0.3,341,1.4000000000000001
2016,3,24,0,30,8.8,0,0,0,0.3,177,1.4000000000000001
2016,3,24,1,30,7.9,0,0,0,0.3,5,1.5
2016,3,24,2,30,7.2,0,0,0,0.3,4,1.4000000000000001
2016,3,24,3,30,6.800000000000001,0,0,0,0.3,178,1.4000000000000001
2016,3,24,4,30,6.5,0,0,0,0.3,353,1.4000000000000001
2016,3,24,5,30,8.1,0,0,0,0.3,348,1.4000000000000001
2016,3,24,6,30,11.700000000000001,46,547,143,0.3,348,1.7000000000000002
2016,3,24,7,30,15.100000000000001,74,773,363,0.3,178,1.6
2016,3,24,8,30,17.8,100,857,570,0.3,6,1.2000000000000002
2016,3,24,9,30,19.700000000000003,129,885,736,0.3,180,1.4000000000000001
2016,3,24,10,30,21.3,143,908,851,0.3,346,1.6
2016,3,24,11,30,22.6,271,708,852,0.3,331,1.7000000000000002
2016,3,24,12,30,23.5,113,969,896,0.3,317,1.9000000000000001
2016,3,24,13,30,24.1,338,451,672,0.3,305,2.1
2016,3,24,14,30,24.1,119,860,656,0.3,295,2.3000000000000003
2016,3,24,15,30,23.400000000000002,100,779,464,0.3,284,2.2
2016,3,24,16,30,20.8,78,589,242,0.3,258,1.6
2016,3,24,17,30,17.3,40,6,40,0.3,236,1.3
2016,3,24,18,30,15.4,0,0,0,0.3,242,1.5
2016,3,24,19,30,14.4,0,0,0,0.3,262,1.5
2016,3,24,20,30,13.700000000000001,0,0,0,0.3,281,1.6
2016,3,24,21,30,13.5,0,0,0,0.3,299,1.6
2016,3,24,22,30,13.200000000000001,0,0,0,0.3,315,1.7000000000000002
2016,3,24,23,30,12.600000000000001,0,0,0,0.3,329,1.7000000000000002
2016,3,25,0,30,11.8,0,0,0,0.3,335,1.7000000000000002
2016,3,25,1,30,11.100000000000001,0,0,0,0.3,333,1.8
2016,3,25,2,30,10.5,0,0,0,0.3,330,1.8
2016,3,25,3,30,9.9,0,0,0,0.3,327,1.8
2016,3,25,4,30,9.5,0,0,0,0.3,324,1.7000000000000002
2016,3,25,5,30,10.9,0,0,0,0.3,323,2
2016,3,25,6,30,14.4,48,546,147,0.3,328,2.9000000000000004
2016,3,25,7,30,18,74,781,370,0.3,342,3.6
2016,3,25,8,30,20.6,90,889,582,0.3,351,3.5
2016,3,25,9,30,22.400000000000002,100,947,755,0.3,345,3
2016,3,25,10,30,23.8,105,978,872,0.3,332,2.6
2016,3,25,11,30,24.900000000000002,109,982,920,0.3,314,2.5
2016,3,25,12,30,25.700000000000003,111,974,901,0.3,298,2.6
2016,3,25,13,30,26,288,712,817,0.3,288,2.7
2016,3,25,14,30,25.900000000000002,96,916,671,0.3,279,3
2016,3,25,15,30,25.200000000000003,88,824,475,0.3,272,3
2016,3,25,16,30,22.3,66,665,254,0.3,267,2.2
2016,3,25,17,30,18.7,27,301,51,0.3,265,1.5
2016,3,25,18,30,16.8,0,0,0,0.3,272,1.6
2016,3,25,19,30,15.8,0,0,0,0.3,286,1.8
2016,3,25,20,30,15.100000000000001,0,0,0,0.3,304,2.1
2016,3,25,21,30,14.4,0,0,0,0.3,314,2.5
2016,3,25,22,30,13.600000000000001,0,0,0,0.3,320,2.7
2016,3,25,23,30,12.600000000000001,0,0,0,0.3,328,2.6
2016,3,26,0,30,11.4,0,0,0,0.3,333,2.6
2016,3,26,1,30,10.5,0,0,0,0.3,336,2.9000000000000004
2016,3,26,2,30,9.9,0,0,0,0.3,339,3.6
2016,3,26,3,30,9.200000000000001,0,0,0,0.3,342,4.2
2016,3,26,4,30,8.5,0,0,0,0.3,348,4.3
2016,3,26,5,30,9,0,0,0,0.3,356,4.9
2016,3,26,6,30,10.700000000000001,45,626,162,0.3,186,6.1000000000000005
2016,3,26,7,30,12.4,67,856,395,0.3,15,6.7
2016,3,26,8,30,14.200000000000001,81,949,611,0.3,21,6.6000000000000005
2016,3,26,9,30,16.2,90,989,779,0.3,26,6
2016,3,26,10,30,17.900000000000002,95,1017,897,0.3,30,5.4
2016,3,26,11,30,19.3,98,1027,949,0.3,34,4.7
2016,3,26,12,30,20.200000000000003,96,1017,925,0.3,38,4
2016,3,26,13,30,20.6,106,973,834,0.3,42,3.4000000000000004
2016,3,26,14,30,20.5,98,932,686,0.3,45,2.9000000000000004
2016,3,26,15,30,19.8,86,845,485,0.3,48,2.4000000000000004
2016,3,26,16,30,17.8,65,693,263,0.3,60,1.5
2016,3,26,17,30,15.5,29,314,54,0.3,78,0.9
2016,3,26,18,30,14.3,0,0,0,0.3,85,0.9
2016,3,26,19,30,13.3,0,0,0,0.3,69,0.9
2016,3,26,20,30,12.100000000000001,0,0,0,0.3,51,1.1
2016,3,26,21,30,10.8,0,0,0,0.3,43,1.4000000000000001
2016,3,26,22,30,9.5,0,0,0,0.3,35,1.5
2016,3,26,23,30,8.4,0,0,0,0.3,23,1.5
2016,3,27,0,30,7.6000000000000005,0,0,0,0.3,10,1.5
2016,3,27,1,30,7,0,0,0,0.3,179,1.5
2016,3,27,2,30,6.7,0,0,0,0.3,355,1.6
2016,3,27,3,30,6.6000000000000005,0,0,0,0.3,355,1.5
2016,3,27,4,30,6.9,0,0,0,0.3,357,1.4000000000000001
2016,3,27,5,30,8.4,0,0,0,0.3,181,1.6
2016,3,27,6,30,11.200000000000001,101,32,107,0.3,8,2
2016,3,27,7,30,14.100000000000001,93,718,372,0.3,25,1.9000000000000001
2016,3,27,8,30,16.7,221,524,516,0.3,46,1.1
2016,3,27,9,30,18.7,355,271,545,0.3,117,0.7000000000000001
2016,3,27,10,30,20.400000000000002,327,558,770,0.3,195,1.2000000000000002
2016,3,27,11,30,21.6,355,508,778,0.3,211,2
2016,3,27,12,30,22.3,401,324,666,0.3,209,2.5
2016,3,27,13,30,22.5,403,318,641,0.3,203,2.9000000000000004
2016,3,27,14,30,22.6,341,203,470,0.3,198,3.1
2016,3,27,15,30,22.1,252,68,285,0.3,194,3
2016,3,27,16,30,19.8,153,152,197,0.3,178,2
2016,3,27,17,30,16.6,39,6,40,0.3,147,1.2000000000000002
2016,3,27,18,30,14.700000000000001,0,0,0,0.3,124,1.3
2016,3,27,19,30,14.100000000000001,0,0,0,0.3,127,1.2000000000000002
2016,3,27,20,30,13.9,0,0,0,0.3,156,1.1
2016,3,27,21,30,13.4,0,0,0,0.3,189,1.2000000000000002
2016,3,27,22,30,12.600000000000001,0,0,0,0.3,205,1.4000000000000001
2016,3,27,23,30,11.8,0,0,0,0.3,214,1.5
2016,3,28,0,30,11.4,0,0,0,0.3,219,1.6
2016,3,28,1,30,11.3,0,0,0,0.3,216,1.6
2016,3,28,2,30,11.3,0,0,0,0.3,210,1.6
2016,3,28,3,30,11.3,0,0,0,0.3,205,1.8
2016,3,28,4,30,11.600000000000001,0,0,0,0.3,203,2
2016,3,28,5,30,12.9,0,0,0,0.3,204,2.7
2016,3,28,6,30,14.9,85,9,86,0.3,209,4
2016,3,28,7,30,16.3,30,0,30,0.3,217,5.7
2016,3,28,8,30,17.5,61,0,61,0.3,222,7.2
2016,3,28,9,30,18.6,230,690,716,0.3,219,8.1
2016,3,28,10,30,20.1,385,516,796,0.3,216,9
2016,3,28,11,30,21.700000000000003,134,919,903,0.3,216,9.9
2016,3,28,12,30,22.400000000000002,142,900,882,0.3,220,10.9
2016,3,28,13,30,22,397,297,621,0.3,226,11.600000000000001
2016,3,28,14,30,20.700000000000003,209,6,213,0.3,231,11.8
2016,3,28,15,30,18.8,84,1,84,0.3,236,11.3
2016,3,28,16,30,16.400000000000002,87,4,89,0.3,241,10.100000000000001
2016,3,28,17,30,14.200000000000001,38,0,38,0.3,243,8.4
2016,3,28,18,30,12.4,0,0,0,0.3,241,7
2016,3,28,19,30,11.100000000000001,0,0,0,0.3,237,6
2016,3,28,20,30,10,0,0,0,0.3,236,5.6000000000000005
2016,3,28,21,30,9.1,0,0,0,0.3,235,5.4
2016,3,28,22,30,8.3,0,0,0,0.3,236,4.9
2016,3,28,23,30,7.5,0,0,0,0.3,240,4.1000000000000005
2016,3,29,0,30,6.9,0,0,0,0.3,244,3.5
2016,3,29,1,30,6.4,0,0,0,0.3,244,3.1
2016,3,29,2,30,6,0,0,0,0.3,245,2.8000000000000003
2016,3,29,3,30,5.5,0,0,0,0.3,248,2.6
2016,3,29,4,30,5.2,0,0,0,0.3,250,2.6
2016,3,29,5,30,6.300000000000001,0,0,0,0.3,253,3.5
2016,3,29,6,30,8.700000000000001,114,65,127,0.3,264,4.9
2016,3,29,7,30,10.5,165,445,342,0.3,278,5.300000000000001
2016,3,29,8,30,11.9,296,106,357,0.3,287,4.9
2016,3,29,9,30,13.100000000000001,327,427,630,0.3,286,4.3
2016,3,29,10,30,14.200000000000001,404,257,610,0.3,275,3.8000000000000003
2016,3,29,11,30,15.200000000000001,259,685,834,0.3,258,3.6
2016,3,29,12,30,15.9,429,463,811,0.3,246,3.7
2016,3,29,13,30,16.2,399,16,411,0.3,243,3.9000000000000004
2016,3,29,14,30,16.1,298,373,537,0.3,243,4
2016,3,29,15,30,15.600000000000001,175,592,460,0.3,244,4
2016,3,29,16,30,14.100000000000001,124,394,240,0.3,244,3.1
2016,3,29,17,30,11.600000000000001,38,1,38,0.3,242,1.9000000000000001
2016,3,29,18,30,9.700000000000001,0,0,0,0.3,245,1.5
2016,3,29,19,30,9,0,0,0,0.3,254,1.3
2016,3,29,20,30,8.4,0,0,0,0.3,268,1.2000000000000002
2016,3,29,21,30,8.200000000000001,0,0,0,0.3,290,1.1
2016,3,29,22,30,8.1,0,0,0,0.3,317,1.1
2016,3,29,23,30,7.7,0,0,0,0.3,340,1.2000000000000002
2016,3,30,0,30,7,0,0,0,0.3,348,1.2000000000000002
2016,3,30,1,30,6.6000000000000005,0,0,0,0.3,346,1.2000000000000002
2016,3,30,2,30,6.4,0,0,0,0.3,342,1.1
2016,3,30,3,30,6.300000000000001,0,0,0,0.3,339,1.2000000000000002
2016,3,30,4,30,6.300000000000001,0,0,0,0.3,336,1.1
2016,3,30,5,30,7.300000000000001,0,0,0,0.3,338,1.5
2016,3,30,6,30,9.600000000000001,112,83,129,0.3,340,2
2016,3,30,7,30,11.8,208,322,337,0.3,335,2
2016,3,30,8,30,13.4,88,895,604,0.3,327,1.8
2016,3,30,9,30,14.4,97,948,773,0.3,324,1.6
2016,3,30,10,30,15.100000000000001,104,974,888,0.3,327,1.5
2016,3,30,11,30,15.600000000000001,292,749,924,0.3,338,1.4000000000000001
2016,3,30,12,30,15.9,297,735,906,0.3,346,1.4000000000000001
2016,3,30,13,30,15.9,366,4,369,0.3,350,1.6
2016,3,30,14,30,15.8,94,0,94,0.3,355,1.7000000000000002
2016,3,30,15,30,15.3,194,476,425,0.3,184,1.7000000000000002
2016,3,30,16,30,14.3,60,721,274,0.3,14,1.3
2016,3,30,17,30,12.9,28,388,64,0.3,13,0.7000000000000001
2016,3,30,18,30,12.100000000000001,0,0,0,0.3,163,0.5
2016,3,30,19,30,11.4,0,0,0,0.3,312,0.6000000000000001
2016,3,30,20,30,10.4,0,0,0,0.3,309,0.9
2016,3,30,21,30,9.3,0,0,0,0.3,318,1.1
2016,3,30,22,30,8.3,0,0,0,0.3,327,1.3
2016,3,30,23,30,7.2,0,0,0,0.3,335,1.4000000000000001
2016,3,31,0,30,6.300000000000001,0,0,0,0.3,339,1.5
2016,3,31,1,30,5.6000000000000005,0,0,0,0.3,339,1.6
2016,3,31,2,30,5.1000000000000005,0,0,0,0.3,338,1.8
2016,3,31,3,30,4.7,0,0,0,0.3,336,2
2016,3,31,4,30,4.5,0,0,0,0.3,334,2.1
2016,3,31,5,30,6.4,0,0,0,0.3,330,2.9000000000000004
2016,3,31,6,30,10.100000000000001,47,639,182,0.3,336,3.8000000000000003
2016,3,31,7,30,13.4,68,824,404,0.3,350,3.8000000000000003
2016,3,31,8,30,15.9,82,913,613,0.3,357,3.6
2016,3,31,9,30,17.8,92,956,778,0.3,359,3.4000000000000004
2016,3,31,10,30,19.400000000000002,97,979,888,0.3,181,3.2
2016,3,31,11,30,20.700000000000003,99,989,937,0.3,3,3
2016,3,31,12,30,21.6,98,981,915,0.3,179,2.9000000000000004
2016,3,31,13,30,22,139,882,812,0.3,352,2.9000000000000004
2016,3,31,14,30,21.900000000000002,137,813,662,0.3,346,3.2
2016,3,31,15,30,21.3,262,102,312,0.3,345,3.4000000000000004
2016,3,31,16,30,19.700000000000003,79,609,260,0.28,227,6.4
2016,3,31,17,30,17.7,35,248,58,0.28,228,4.800000000000001
2016,3,31,18,30,16.2,0,0,0,0.28,228,3.8000000000000003
2016,3,31,19,30,15.5,0,0,0,0.28,227,3.9000000000000004
2016,3,31,20,30,15,0,0,0,0.28,227,4.7
2016,3,31,21,30,14.3,0,0,0,0.28,227,5.5
2016,3,31,22,30,12.8,0,0,0,0.28,230,5.7
2016,3,31,23,30,11.200000000000001,0,0,0,0.28,235,5.800000000000001
2014,4,1,0,30,9.9,0,0,0,0.28,237,5.6000000000000005
2014,4,1,1,30,9.1,0,0,0,0.28,235,5.300000000000001
2014,4,1,2,30,8.700000000000001,0,0,0,0.28,231,5
2014,4,1,3,30,8.3,0,0,0,0.28,227,4.4
2014,4,1,4,30,7.800000000000001,0,0,0,0.28,223,3.8000000000000003
2014,4,1,5,30,8.5,0,0,0,0.28,223,4.2
2014,4,1,6,30,10.700000000000001,52,614,183,0.28,232,5.300000000000001
2014,4,1,7,30,12.9,76,810,409,0.28,243,5.2
2014,4,1,8,30,14.8,93,900,618,0.28,244,4.3
2014,4,1,9,30,16.5,100,958,789,0.28,233,3.8000000000000003
2014,4,1,10,30,17.900000000000002,105,985,904,0.28,220,3.9000000000000004
2014,4,1,11,30,18.900000000000002,107,996,953,0.28,213,4.3
2014,4,1,12,30,19.5,106,993,934,0.28,212,4.9
2014,4,1,13,30,19.5,102,974,847,0.28,214,5.6000000000000005
2014,4,1,14,30,19,93,936,699,0.28,218,6.1000000000000005
2014,4,1,15,30,17.900000000000002,81,865,504,0.28,221,6.300000000000001
2014,4,1,16,30,16.1,64,717,280,0.28,224,5.800000000000001
2014,4,1,17,30,13.8,32,355,66,0.28,224,4.7
2014,4,1,18,30,12.100000000000001,0,0,0,0.28,225,4
2014,4,1,19,30,11,0,0,0,0.28,225,3.5
2014,4,1,20,30,10,0,0,0,0.28,226,3
2014,4,1,21,30,9.200000000000001,0,0,0,0.28,229,2.9000000000000004
2014,4,1,22,30,8.5,0,0,0,0.28,232,3
2014,4,1,23,30,7.800000000000001,0,0,0,0.28,234,2.9000000000000004
2014,4,2,0,30,7.2,0,0,0,0.28,233,2.5
2014,4,2,1,30,6.7,0,0,0,0.28,232,2.2
2014,4,2,2,30,6.4,0,0,0,0.28,229,2
2014,4,2,3,30,6.1000000000000005,0,0,0,0.28,225,1.8
2014,4,2,4,30,5.800000000000001,0,0,0,0.28,223,1.6
2014,4,2,5,30,7,0,0,0,0.28,227,2.2
2014,4,2,6,30,9.1,11,0,11,0.28,239,3
2014,4,2,7,30,10.700000000000001,252,67,280,0.28,245,2.6
2014,4,2,8,30,12,360,96,416,0.28,222,1.8
2014,4,2,9,30,12.9,109,924,777,0.28,196,1.6
2014,4,2,10,30,13.5,497,265,713,0.28,206,1.5
2014,4,2,11,30,14,498,327,777,0.28,241,1.6
2014,4,2,12,30,14.3,392,379,710,0.28,270,1.9000000000000001
2014,4,2,13,30,14,356,542,773,0.28,289,2.3000000000000003
2014,4,2,14,30,13.5,161,2,162,0.28,307,2.3000000000000003
2014,4,2,15,30,12.9,106,1,106,0.28,319,2.2
2014,4,2,16,30,12.200000000000001,158,79,182,0.29,324,1.6
2014,4,2,17,30,11,40,1,40,0.29,308,0.9
2014,4,2,18,30,9.8,0,0,0,0.29,278,0.7000000000000001
2014,4,2,19,30,9.1,0,0,0,0.29,263,0.9
2014,4,2,20,30,8.4,0,0,0,0.29,265,0.9
2014,4,2,21,30,7.800000000000001,0,0,0,0.29,273,1
2014,4,2,22,30,7.300000000000001,0,0,0,0.29,285,1
2014,4,2,23,30,6.800000000000001,0,0,0,0.29,297,1.1
2014,4,3,0,30,6.300000000000001,0,0,0,0.29,306,1.1
2014,4,3,1,30,5.800000000000001,0,0,0,0.29,315,1.2000000000000002
2014,4,3,2,30,5.4,0,0,0,0.29,326,1.2000000000000002
2014,4,3,3,30,4.9,0,0,0,0.29,338,1.3
2014,4,3,4,30,4.4,0,0,0,0.29,343,1.4000000000000001
2014,4,3,5,30,6,10,51,11,0.29,343,1.9000000000000001
2014,4,3,6,30,9.4,62,541,183,0.29,180,2.8000000000000003
2014,4,3,7,30,12.200000000000001,91,748,405,0.29,30,3
2014,4,3,8,30,14.200000000000001,112,845,612,0.29,50,2.5
2014,4,3,9,30,15.8,132,888,779,0.29,66,1.8
2014,4,3,10,30,17.1,448,432,801,0.29,91,1.2000000000000002
2014,4,3,11,30,18.2,145,928,940,0.29,133,1
2014,4,3,12,30,19.1,132,942,923,0.29,164,1.2000000000000002
2014,4,3,13,30,19.5,123,926,837,0.29,169,1.6
2014,4,3,14,30,19.400000000000002,115,879,689,0.29,167,2
2014,4,3,15,30,18.8,241,509,492,0.29,166,2.3000000000000003
2014,4,3,16,30,17,159,10,162,0.29,163,1.9000000000000001
2014,4,3,17,30,14.5,47,1,48,0.29,155,1.3
2014,4,3,18,30,12.9,0,0,0,0.29,151,1.1
2014,4,3,19,30,12.4,0,0,0,0.29,152,1.1
2014,4,3,20,30,12.100000000000001,0,0,0,0.29,152,1
2014,4,3,21,30,11.9,0,0,0,0.29,148,1
2014,4,3,22,30,11.600000000000001,0,0,0,0.29,140,0.9
2014,4,3,23,30,11.100000000000001,0,0,0,0.29,125,0.8
2014,4,4,0,30,10.5,0,0,0,0.29,102,0.8
2014,4,4,1,30,10.100000000000001,0,0,0,0.29,80,0.8
2014,4,4,2,30,9.8,0,0,0,0.29,67,0.9
2014,4,4,3,30,9.600000000000001,0,0,0,0.29,64,0.8
2014,4,4,4,30,9.600000000000001,0,0,0,0.29,65,0.8
2014,4,4,5,30,10.200000000000001,8,0,8,0.29,66,0.7000000000000001
2014,4,4,6,30,11.8,82,5,83,0.29,91,0.8
2014,4,4,7,30,13.9,148,1,148,0.29,132,1.5
2014,4,4,8,30,15.8,333,141,417,0.29,152,2.3000000000000003
2014,4,4,9,30,17.1,374,357,636,0.29,156,2.8000000000000003
2014,4,4,10,30,17.900000000000002,435,269,657,0.29,161,2.9000000000000004
2014,4,4,11,30,18.5,477,260,700,0.29,167,2.9000000000000004
2014,4,4,12,30,18.900000000000002,463,235,661,0.29,176,2.8000000000000003
2014,4,4,13,30,19.1,430,83,494,0.29,185,2.9000000000000004
2014,4,4,14,30,19,375,86,432,0.29,192,2.9000000000000004
2014,4,4,15,30,18.6,265,137,333,0.29,197,2.7
2014,4,4,16,30,17.2,43,484,193,0.29,201,1.8
2014,4,4,17,30,15.600000000000001,44,3,44,0.29,204,1
2014,4,4,18,30,15,0,0,0,0.29,201,0.9
2014,4,4,19,30,14.700000000000001,0,0,0,0.29,194,0.8
2014,4,4,20,30,14.200000000000001,0,0,0,0.29,190,0.9
2014,4,4,21,30,13.5,0,0,0,0.29,198,0.9
2014,4,4,22,30,12.700000000000001,0,0,0,0.29,218,1
2014,4,4,23,30,11.9,0,0,0,0.29,241,1
2014,4,5,0,30,11.3,0,0,0,0.29,265,0.9
2014,4,5,1,30,10.8,0,0,0,0.29,292,1
2014,4,5,2,30,10.4,0,0,0,0.29,315,1
2014,4,5,3,30,10,0,0,0,0.29,329,1.2000000000000002
2014,4,5,4,30,9.8,0,0,0,0.29,340,1.3
2014,4,5,5,30,11.100000000000001,9,0,9,0.29,349,1.7000000000000002
2014,4,5,6,30,13.9,84,1,85,0.29,187,2.5
2014,4,5,7,30,16.400000000000002,249,243,353,0.29,26,3.1
2014,4,5,8,30,18.2,139,780,607,0.29,26,3.1
2014,4,5,9,30,19.700000000000003,148,853,776,0.29,15,3
2014,4,5,10,30,21,147,901,890,0.29,183,3
2014,4,5,11,30,22,142,929,944,0.29,352,3.3000000000000003
2014,4,5,12,30,22.5,137,929,924,0.29,345,3.7
2014,4,5,13,30,22.6,127,913,837,0.29,342,4.2
2014,4,5,14,30,22.3,288,613,691,0.29,343,4.3
2014,4,5,15,30,21.700000000000003,309,112,365,0.29,346,4.2
2014,4,5,16,30,19.900000000000002,71,680,283,0.29,349,3
2014,4,5,17,30,17.1,35,357,74,0.29,352,1.7000000000000002
2014,4,5,18,30,15,0,0,0,0.29,354,1.5
2014,4,5,19,30,14,0,0,0,0.29,354,1.8
2014,4,5,20,30,13,0,0,0,0.29,350,2.3000000000000003
2014,4,5,21,30,11.9,0,0,0,0.29,345,2.6
2014,4,5,22,30,10.9,0,0,0,0.29,340,2.6
2014,4,5,23,30,10,0,0,0,0.29,337,2.5
2014,4,6,0,30,9.3,0,0,0,0.29,335,2.4000000000000004
2014,4,6,1,30,8.700000000000001,0,0,0,0.29,332,2.3000000000000003
2014,4,6,2,30,8.200000000000001,0,0,0,0.29,330,2.2
2014,4,6,3,30,7.800000000000001,0,0,0,0.29,328,2.1
2014,4,6,4,30,7.7,0,0,0,0.29,326,2.2
2014,4,6,5,30,9.8,14,155,19,0.29,325,2.9000000000000004
2014,4,6,6,30,13.700000000000001,56,625,204,0.29,335,4
2014,4,6,7,30,16.900000000000002,77,808,427,0.29,174,4.6000000000000005
2014,4,6,8,30,19.200000000000003,91,899,634,0.29,4,4.5
2014,4,6,9,30,20.900000000000002,99,950,802,0.29,5,4.2
2014,4,6,10,30,22.400000000000002,113,961,910,0.29,182,4
2014,4,6,11,30,23.6,116,971,958,0.29,356,3.8000000000000003
2014,4,6,12,30,24.6,114,969,938,0.29,350,3.7
2014,4,6,13,30,25.1,122,927,844,0.29,345,3.8000000000000003
2014,4,6,14,30,25.200000000000003,115,878,696,0.29,341,3.9000000000000004
2014,4,6,15,30,24.700000000000003,101,796,501,0.29,339,3.9000000000000004
2014,4,6,16,30,22.6,78,645,281,0.29,340,2.9000000000000004
2014,4,6,17,30,19.200000000000003,39,314,73,0.29,341,1.9000000000000001
2014,4,6,18,30,17,0,0,0,0.29,342,1.8
2014,4,6,19,30,16.1,0,0,0,0.29,341,1.8
2014,4,6,20,30,15.100000000000001,0,0,0,0.29,338,1.8
2014,4,6,21,30,14.200000000000001,0,0,0,0.29,334,1.8
2014,4,6,22,30,13.4,0,0,0,0.29,334,1.8
2014,4,6,23,30,12.600000000000001,0,0,0,0.29,335,1.8
2014,4,7,0,30,11.9,0,0,0,0.29,337,1.8
2014,4,7,1,30,11.4,0,0,0,0.29,338,1.9000000000000001
2014,4,7,2,30,11,0,0,0,0.29,338,2
2014,4,7,3,30,10.5,0,0,0,0.29,340,2.1
2014,4,7,4,30,10.4,0,0,0,0.29,343,2.1
2014,4,7,5,30,12.600000000000001,16,158,22,0.29,347,2.7
2014,4,7,6,30,16.6,58,618,208,0.29,183,3.6
2014,4,7,7,30,19.700000000000003,81,802,432,0.29,27,4
2014,4,7,8,30,22,94,893,638,0.29,40,3.9000000000000004
2014,4,7,9,30,23.8,104,944,806,0.29,42,3.3000000000000003
2014,4,7,10,30,25.400000000000002,134,928,907,0.29,42,2.6
2014,4,7,11,30,26.8,131,953,960,0.29,40,2
2014,4,7,12,30,27.8,125,957,941,0.29,39,1.6
2014,4,7,13,30,28.3,122,929,850,0.29,42,1.5
2014,4,7,14,30,28.200000000000003,113,887,702,0.29,47,1.3
2014,4,7,15,30,27.6,97,815,509,0.29,56,1.1
2014,4,7,16,30,25.8,74,677,289,0.29,88,0.8
2014,4,7,17,30,23.3,37,360,78,0.29,137,0.7000000000000001
2014,4,7,18,30,21.6,0,0,0,0.29,177,0.9
2014,4,7,19,30,20.900000000000002,0,0,0,0.29,202,0.8
2014,4,7,20,30,20.5,0,0,0,0.29,232,0.6000000000000001
2014,4,7,21,30,19.700000000000003,0,0,0,0.29,129,0.6000000000000001
2014,4,7,22,30,17.8,0,0,0,0.29,18,1.1
2014,4,7,23,30,15.5,0,0,0,0.29,31,1.6
2014,4,8,0,30,13.600000000000001,0,0,0,0.29,27,1.7000000000000002
2014,4,8,1,30,12.5,0,0,0,0.29,17,1.8
2014,4,8,2,30,11.8,0,0,0,0.29,6,1.8
2014,4,8,3,30,11.4,0,0,0,0.29,180,1.8
2014,4,8,4,30,11.4,0,0,0,0.29,357,1.7000000000000002
2014,4,8,5,30,13.9,16,162,23,0.29,358,2
2014,4,8,6,30,18.400000000000002,61,604,210,0.29,188,2.7
2014,4,8,7,30,22.5,86,787,434,0.29,34,2.8000000000000003
2014,4,8,8,30,25.8,104,876,641,0.29,63,2.5
2014,4,8,9,30,28,116,923,806,0.29,83,2.2
2014,4,8,10,30,29.5,130,940,916,0.29,102,1.8
2014,4,8,11,30,30.5,133,955,967,0.29,122,1.6
2014,4,8,12,30,31.1,131,952,946,0.29,143,1.8
2014,4,8,13,30,31.200000000000003,137,912,854,0.29,160,2
2014,4,8,14,30,31,380,350,613,0.29,171,2.2
2014,4,8,15,30,30.200000000000003,270,384,465,0.29,175,2.2
2014,4,8,16,30,27.900000000000002,193,44,207,0.29,170,1.6
2014,4,8,17,30,24.700000000000003,61,8,62,0.29,163,1.2000000000000002
2014,4,8,18,30,23,0,0,0,0.29,166,1.3
2014,4,8,19,30,22.200000000000003,0,0,0,0.29,183,1.2000000000000002
2014,4,8,20,30,21.400000000000002,0,0,0,0.29,206,1.2000000000000002
2014,4,8,21,30,20.5,0,0,0,0.29,227,1.1
2014,4,8,22,30,19.700000000000003,0,0,0,0.29,246,1.1
2014,4,8,23,30,18.900000000000002,0,0,0,0.29,261,1
2014,4,9,0,30,18.1,0,0,0,0.29,272,0.9
2014,4,9,1,30,17.5,0,0,0,0.29,278,0.9
2014,4,9,2,30,17,0,0,0,0.29,283,0.8
2014,4,9,3,30,16.8,0,0,0,0.29,289,0.8
2014,4,9,4,30,16.7,0,0,0,0.29,299,0.8
2014,4,9,5,30,17.8,16,0,16,0.29,318,0.7000000000000001
2014,4,9,6,30,20.5,108,13,111,0.29,246,0.7000000000000001
2014,4,9,7,30,23.8,50,699,362,0.29,180,1.3
2014,4,9,8,30,26.5,128,833,643,0.29,198,2.1
2014,4,9,9,30,28.6,402,69,454,0.29,200,2.5
2014,4,9,10,30,30.400000000000002,413,413,760,0.29,206,2.9000000000000004
2014,4,9,11,30,31.8,429,569,928,0.29,214,3.4000000000000004
2014,4,9,12,30,32.7,368,546,837,0.29,224,4
2014,4,9,13,30,32.9,134,935,871,0.29,233,4.7
2014,4,9,14,30,32,263,619,677,0.29,238,5.2
2014,4,9,15,30,30.3,215,559,501,0.29,239,5
2014,4,9,16,30,27.8,189,107,224,0.29,238,3.8000000000000003
2014,4,9,17,30,24.6,59,11,61,0.29,235,2.4000000000000004
2014,4,9,18,30,22.400000000000002,0,0,0,0.29,233,1.8
2014,4,9,19,30,21.1,0,0,0,0.29,233,1.6
2014,4,9,20,30,20.1,0,0,0,0.29,234,1.5
2014,4,9,21,30,19.200000000000003,0,0,0,0.29,235,1.5
2014,4,9,22,30,18.2,0,0,0,0.29,238,1.5
2014,4,9,23,30,17.7,0,0,0,0.29,245,1.5
2014,4,10,0,30,17.6,0,0,0,0.29,258,1.4000000000000001
2014,4,10,1,30,17.400000000000002,0,0,0,0.29,275,1.2000000000000002
2014,4,10,2,30,17,0,0,0,0.29,298,1.2000000000000002
2014,4,10,3,30,16.2,0,0,0,0.29,322,1.2000000000000002
2014,4,10,4,30,15.4,0,0,0,0.29,339,1.3
2014,4,10,5,30,16.7,18,0,18,0.29,348,1.3
2014,4,10,6,30,20.6,154,114,183,0.29,176,1.7000000000000002
2014,4,10,7,30,24.5,140,717,463,0.29,18,2
2014,4,10,8,30,27.200000000000003,89,942,674,0.29,55,1.8
2014,4,10,9,30,29.1,97,989,844,0.29,88,1.9000000000000001
2014,4,10,10,30,30.400000000000002,109,1002,954,0.29,106,2
2014,4,10,11,30,31.3,110,1013,1001,0.29,114,1.9000000000000001
2014,4,10,12,30,32,109,1009,978,0.29,119,1.7000000000000002
2014,4,10,13,30,32.2,106,988,887,0.29,128,1.7000000000000002
2014,4,10,14,30,32,98,949,736,0.29,133,1.7000000000000002
2014,4,10,15,30,31.200000000000003,243,541,521,0.29,131,1.7000000000000002
2014,4,10,16,30,28.8,70,745,312,0.29,128,1.3
2014,4,10,17,30,25.6,68,53,74,0.29,126,1.1
2014,4,10,18,30,23.900000000000002,0,0,0,0.29,129,1.2000000000000002
2014,4,10,19,30,23.400000000000002,0,0,0,0.29,146,1.1
2014,4,10,20,30,22.900000000000002,0,0,0,0.29,181,0.9
2014,4,10,21,30,22.1,0,0,0,0.29,220,0.9
2014,4,10,22,30,21.200000000000003,0,0,0,0.29,248,1
2014,4,10,23,30,20.400000000000002,0,0,0,0.29,265,1
2014,4,11,0,30,19.700000000000003,0,0,0,0.29,277,1
2014,4,11,1,30,19.400000000000002,0,0,0,0.29,300,0.9
2014,4,11,2,30,19,0,0,0,0.29,162,0.9
2014,4,11,3,30,18.400000000000002,0,0,0,0.29,18,1
2014,4,11,4,30,17.8,0,0,0,0.29,33,1.2000000000000002
2014,4,11,5,30,18.1,21,0,21,0.29,36,1.1
2014,4,11,6,30,20.200000000000003,73,2,74,0.29,36,1.3
2014,4,11,7,30,22.700000000000003,275,200,366,0.29,54,1.5
2014,4,11,8,30,25.3,400,158,499,0.29,108,1.7000000000000002
2014,4,11,9,30,27.6,436,363,711,0.29,153,2.3000000000000003
2014,4,11,10,30,29.400000000000002,468,433,834,0.29,164,2.5
2014,4,11,11,30,30.700000000000003,456,502,899,0.29,165,2.5
2014,4,11,12,30,31.6,423,534,885,0.29,168,2.6
2014,4,11,13,30,32.1,316,682,858,0.29,176,2.8000000000000003
2014,4,11,14,30,32,290,619,708,0.29,184,3.1
2014,4,11,15,30,31.3,237,520,506,0.29,190,3.2
2014,4,11,16,30,28.8,68,715,303,0.29,194,2.3000000000000003
2014,4,11,17,30,24.900000000000002,61,5,62,0.29,192,1.4000000000000001
2014,4,11,18,30,22.6,0,0,0,0.29,189,1.5
2014,4,11,19,30,21.900000000000002,0,0,0,0.29,190,1.6
2014,4,11,20,30,21.400000000000002,0,0,0,0.29,202,1.9000000000000001
2014,4,11,21,30,20.5,0,0,0,0.29,221,2
2014,4,11,22,30,19.200000000000003,0,0,0,0.29,236,2
2014,4,11,23,30,18.1,0,0,0,0.29,245,1.9000000000000001
2014,4,12,0,30,17.2,0,0,0,0.29,249,1.7000000000000002
2014,4,12,1,30,16.5,0,0,0,0.29,249,1.5
2014,4,12,2,30,16.1,0,0,0,0.29,248,1.3
2014,4,12,3,30,15.700000000000001,0,0,0,0.29,247,1.2000000000000002
2014,4,12,4,30,15.600000000000001,0,0,0,0.29,247,1.1
2014,4,12,5,30,17.3,23,174,33,0.29,245,1.1
2014,4,12,6,30,20.700000000000003,146,202,199,0.29,214,1.3
2014,4,12,7,30,23.8,97,758,445,0.29,164,1.9000000000000001
2014,4,12,8,30,26.1,112,855,650,0.29,138,2.6
2014,4,12,9,30,27.8,121,910,815,0.29,134,2.8000000000000003
2014,4,12,10,30,28.900000000000002,129,935,924,0.29,130,2.7
2014,4,12,11,30,29.700000000000003,136,936,965,0.29,120,2.2
2014,4,12,12,30,30,145,917,941,0.29,95,1.6
2014,4,12,13,30,29.700000000000003,157,861,843,0.29,65,1.3
2014,4,12,14,30,29.200000000000003,143,815,695,0.29,51,1.5
2014,4,12,15,30,28.6,116,755,507,0.29,51,1.5
2014,4,12,16,30,27,34,0,34,0.29,63,1.1
2014,4,12,17,30,24.200000000000003,43,341,86,0.29,90,1
2014,4,12,18,30,22.1,0,0,0,0.29,117,1.1
2014,4,12,19,30,21.1,0,0,0,0.29,156,1.1
2014,4,12,20,30,20,0,0,0,0.29,201,1.3
2014,4,12,21,30,18.7,0,0,0,0.29,229,1.6
2014,4,12,22,30,17.8,0,0,0,0.29,246,1.9000000000000001
2014,4,12,23,30,17.1,0,0,0,0.29,258,2.4000000000000004
2014,4,13,0,30,16.8,0,0,0,0.29,271,2.7
2014,4,13,1,30,16.6,0,0,0,0.29,286,2.7
2014,4,13,2,30,16.400000000000002,0,0,0,0.29,296,2.6
2014,4,13,3,30,16.1,0,0,0,0.29,304,2.6
2014,4,13,4,30,16,0,0,0,0.29,314,3.1
2014,4,13,5,30,17.6,23,248,39,0.29,322,3.9000000000000004
2014,4,13,6,30,20.700000000000003,60,669,240,0.29,328,5.300000000000001
2014,4,13,7,30,23,81,839,469,0.29,330,6.7
2014,4,13,8,30,24.400000000000002,95,927,681,0.29,329,7.4
2014,4,13,9,30,25.200000000000003,105,978,854,0.29,329,7.7
2014,4,13,10,30,25.8,113,998,964,0.29,332,7.800000000000001
2014,4,13,11,30,26.200000000000003,117,1005,1009,0.29,335,7.9
2014,4,13,12,30,26.400000000000002,116,1000,986,0.29,340,7.800000000000001
2014,4,13,13,30,26.1,112,979,894,0.29,345,7.6000000000000005
2014,4,13,14,30,25.5,104,941,743,0.29,348,7.300000000000001
2014,4,13,15,30,24.3,91,872,545,0.29,351,6.9
2014,4,13,16,30,22.6,72,743,320,0.29,353,5.7
2014,4,13,17,30,19.400000000000002,40,451,99,0.29,354,3.6
2014,4,13,18,30,16.7,0,0,0,0.29,354,2.4000000000000004
2014,4,13,19,30,15.700000000000001,0,0,0,0.29,354,2.6
2014,4,13,20,30,14.9,0,0,0,0.29,180,3
2014,4,13,21,30,14,0,0,0,0.29,10,3
2014,4,13,22,30,12.8,0,0,0,0.29,17,2.7
2014,4,13,23,30,11.5,0,0,0,0.29,16,2.3000000000000003
2014,4,14,0,30,10.5,0,0,0,0.29,10,2.1
2014,4,14,1,30,9.700000000000001,0,0,0,0.29,6,2
2014,4,14,2,30,9.200000000000001,0,0,0,0.29,5,2.1
2014,4,14,3,30,8.700000000000001,0,0,0,0.29,6,2.1
2014,4,14,4,30,8.6,0,0,0,0.29,7,2.2
2014,4,14,5,30,10.700000000000001,24,317,46,0.29,13,3.2
2014,4,14,6,30,14,59,716,254,0.29,33,4.7
2014,4,14,7,30,16.400000000000002,79,866,484,0.29,50,5.2
2014,4,14,8,30,18.3,92,943,693,0.29,54,5.1000000000000005
2014,4,14,9,30,20,102,985,859,0.29,55,4.7
2014,4,14,10,30,21.700000000000003,112,1000,968,0.29,56,4.1000000000000005
2014,4,14,11,30,23,113,1010,1013,0.29,56,3.4000000000000004
2014,4,14,12,30,24.1,111,1007,990,0.29,56,2.8000000000000003
2014,4,14,13,30,24.700000000000003,107,987,899,0.29,60,2.3000000000000003
2014,4,14,14,30,24.900000000000002,99,951,748,0.29,67,1.8
2014,4,14,15,30,24.5,87,884,550,0.29,82,1.3
2014,4,14,16,30,23,69,757,324,0.29,117,0.9
2014,4,14,17,30,20.200000000000003,40,465,102,0.29,163,0.9
2014,4,14,18,30,18,0,0,0,0.29,196,1.2000000000000002
2014,4,14,19,30,17.1,0,0,0,0.29,219,1.2000000000000002
2014,4,14,20,30,16.7,0,0,0,0.29,240,1.1
2014,4,14,21,30,16.5,0,0,0,0.29,263,0.9
2014,4,14,22,30,16,0,0,0,0.29,292,0.9
2014,4,14,23,30,15.100000000000001,0,0,0,0.29,327,1
2014,4,15,0,30,13.9,0,0,0,0.29,176,1.2000000000000002
2014,4,15,1,30,12.700000000000001,0,0,0,0.29,11,1.3
2014,4,15,2,30,11.8,0,0,0,0.29,15,1.4000000000000001
2014,4,15,3,30,11,0,0,0,0.29,15,1.4000000000000001
2014,4,15,4,30,10.8,0,0,0,0.29,13,1.3
2014,4,15,5,30,12.200000000000001,29,0,29,0.29,8,1.6
2014,4,15,6,30,14.5,169,57,185,0.29,181,2.2
2014,4,15,7,30,17.1,236,329,392,0.29,183,2.3000000000000003
2014,4,15,8,30,20.8,218,695,663,0.29,31,1.6
2014,4,15,9,30,24.1,180,772,777,0.29,87,1.2000000000000002
2014,4,15,10,30,26.200000000000003,776,0,776,0.29,141,1.5
2014,4,15,11,30,27.1,523,399,880,0.29,178,2.2
2014,4,15,12,30,27,392,634,947,0.29,199,2.8000000000000003
2014,4,15,13,30,26.700000000000003,326,525,748,0.29,206,3
2014,4,15,14,30,26.6,293,534,659,0.29,213,2.9000000000000004
2014,4,15,15,30,26.400000000000002,118,775,526,0.29,221,2.6
2014,4,15,16,30,24.700000000000003,153,401,288,0.29,222,1.7000000000000002
2014,4,15,17,30,21.700000000000003,43,406,98,0.29,213,1
2014,4,15,18,30,19.700000000000003,0,0,0,0.29,204,0.9
2014,4,15,19,30,18.8,0,0,0,0.29,208,0.9
2014,4,15,20,30,18.2,0,0,0,0.29,229,0.9
2014,4,15,21,30,17.7,0,0,0,0.29,262,1
2014,4,15,22,30,17,0,0,0,0.29,293,1.1
2014,4,15,23,30,16.1,0,0,0,0.29,316,1.2000000000000002
2014,4,16,0,30,15.3,0,0,0,0.29,330,1.3
2014,4,16,1,30,14.5,0,0,0,0.29,341,1.4000000000000001
2014,4,16,2,30,13.700000000000001,0,0,0,0.29,352,1.5
2014,4,16,3,30,12.9,0,0,0,0.29,182,1.7000000000000002
2014,4,16,4,30,12.600000000000001,0,0,0,0.29,9,2
2014,4,16,5,30,14.700000000000001,32,2,32,0.29,12,3.2
2014,4,16,6,30,18.2,166,115,198,0.29,22,4.9
2014,4,16,7,30,21.400000000000002,237,388,422,0.29,35,5.300000000000001
2014,4,16,8,30,24.1,109,865,666,0.29,39,4.7
2014,4,16,9,30,26.3,121,906,824,0.29,37,3.7
2014,4,16,10,30,27.900000000000002,123,939,933,0.29,30,2.5
2014,4,16,11,30,29.1,123,953,978,0.29,182,1.4000000000000001
2014,4,16,12,30,29.900000000000002,121,950,955,0.29,314,1
2014,4,16,13,30,30.400000000000002,125,914,862,0.29,277,0.9
2014,4,16,14,30,30.400000000000002,119,867,714,0.29,254,1
2014,4,16,15,30,29.900000000000002,104,792,523,0.29,236,1.3
2014,4,16,16,30,28.1,82,657,306,0.29,218,1.2000000000000002
2014,4,16,17,30,24.8,46,362,96,0.29,195,1.1
2014,4,16,18,30,22.3,0,0,0,0.29,183,1.3
2014,4,16,19,30,21.3,0,0,0,0.29,180,1.2000000000000002
2014,4,16,20,30,20.6,0,0,0,0.29,146,0.9
2014,4,16,21,30,19.5,0,0,0,0.29,85,1
2014,4,16,22,30,17.8,0,0,0,0.29,48,1.5
2014,4,16,23,30,16.3,0,0,0,0.29,36,1.8
2014,4,17,0,30,15.200000000000001,0,0,0,0.29,22,2.4000000000000004
2014,4,17,1,30,14.5,0,0,0,0.29,11,2.7
2014,4,17,2,30,14,0,0,0,0.29,7,2.5
2014,4,17,3,30,13.600000000000001,0,0,0,0.29,9,2.1
2014,4,17,4,30,13.700000000000001,0,0,0,0.29,12,1.8
2014,4,17,5,30,16.5,28,277,51,0.29,19,2.2
2014,4,17,6,30,20.8,66,646,251,0.29,47,2.7
2014,4,17,7,30,24.1,88,802,473,0.29,84,2.6
2014,4,17,8,30,26.6,103,883,675,0.29,114,2.7
2014,4,17,9,30,28.5,114,924,834,0.29,136,3
2014,4,17,10,30,30,123,943,940,0.29,154,3.6
2014,4,17,11,30,31.1,124,955,983,0.29,166,4.3
2014,4,17,12,30,31.8,122,948,957,0.29,175,5
2014,4,17,13,30,32.1,132,903,862,0.29,181,5.6000000000000005
2014,4,17,14,30,31.8,320,554,701,0.29,187,6.1000000000000005
2014,4,17,15,30,30.700000000000003,228,407,444,0.29,191,6.2
2014,4,17,16,30,28.900000000000002,199,158,253,0.29,191,5.5
2014,4,17,17,30,25.6,77,52,85,0.29,186,3.7
2014,4,17,18,30,22.5,0,0,0,0.29,182,2.4000000000000004
2014,4,17,19,30,21.1,0,0,0,0.29,182,2.1
2014,4,17,20,30,20.3,0,0,0,0.29,184,1.8
2014,4,17,21,30,19.700000000000003,0,0,0,0.29,186,1.6
2014,4,17,22,30,19.1,0,0,0,0.29,187,1.4000000000000001
2014,4,17,23,30,18.6,0,0,0,0.29,186,1.3
2014,4,18,0,30,18.3,0,0,0,0.29,183,1.2000000000000002
2014,4,18,1,30,18.1,0,0,0,0.29,171,1.2000000000000002
2014,4,18,2,30,17.6,0,0,0,0.29,149,1.3
2014,4,18,3,30,16.900000000000002,0,0,0,0.29,130,1.3
2014,4,18,4,30,16.900000000000002,0,0,0,0.29,123,1.3
2014,4,18,5,30,18.400000000000002,45,7,46,0.29,123,1.3
2014,4,18,6,30,20.8,162,111,194,0.29,131,2.2
2014,4,18,7,30,22.6,256,210,358,0.29,147,3.7
2014,4,18,8,30,23.5,349,76,398,0.29,159,4.6000000000000005
2014,4,18,9,30,24.200000000000003,433,199,589,0.29,163,5
2014,4,18,10,30,25,461,60,513,0.29,163,5
2014,4,18,11,30,25.700000000000003,515,203,698,0.29,159,4.9
2014,4,18,12,30,26,501,249,721,0.29,156,4.800000000000001
2014,4,18,13,30,26.200000000000003,283,581,755,0.29,156,4.5
2014,4,18,14,30,26.400000000000002,316,367,570,0.29,157,4.2
2014,4,18,15,30,26.200000000000003,269,227,390,0.29,160,3.9000000000000004
2014,4,18,16,30,25,58,581,259,0.29,162,3.2
2014,4,18,17,30,22.5,57,0,57,0.29,161,2.5
2014,4,18,18,30,20.5,0,0,0,0.29,163,3
2014,4,18,19,30,19.5,0,0,0,0.29,167,3.8000000000000003
2014,4,18,20,30,18.7,0,0,0,0.29,172,3.5
2014,4,18,21,30,18.1,0,0,0,0.29,176,2.7
2014,4,18,22,30,17.7,0,0,0,0.29,178,2
2014,4,18,23,30,17.5,0,0,0,0.29,177,1.6
2014,4,19,0,30,17.3,0,0,0,0.29,175,1.4000000000000001
2014,4,19,1,30,17,0,0,0,0.29,171,1.2000000000000002
2014,4,19,2,30,16.3,0,0,0,0.29,165,1.1
2014,4,19,3,30,15.5,0,0,0,0.29,158,1
2014,4,19,4,30,15.3,0,0,0,0.29,149,0.9
2014,4,19,5,30,16.8,35,176,51,0.29,142,1.4000000000000001
2014,4,19,6,30,19.3,88,510,238,0.29,136,2
2014,4,19,7,30,21.700000000000003,119,677,449,0.29,124,2.2
2014,4,19,8,30,23.6,140,773,646,0.29,114,2.2
2014,4,19,9,30,25.200000000000003,151,828,802,0.29,111,2.2
2014,4,19,10,30,26.5,136,893,914,0.29,112,2.1
2014,4,19,11,30,27.400000000000002,139,904,958,0.29,116,1.8
2014,4,19,12,30,28,141,896,934,0.29,119,1.6
2014,4,19,13,30,28.3,151,848,841,0.29,122,1.4000000000000001
2014,4,19,14,30,28.1,144,796,697,0.29,127,1.2000000000000002
2014,4,19,15,30,27.6,130,706,508,0.29,132,1.1
2014,4,19,16,30,26.5,104,555,297,0.29,131,0.9
2014,4,19,17,30,24.6,78,13,79,0.29,127,0.9
2014,4,19,18,30,22.900000000000002,0,0,0,0.29,128,1
2014,4,19,19,30,22.200000000000003,0,0,0,0.29,133,1
2014,4,19,20,30,21.700000000000003,0,0,0,0.29,140,1
2014,4,19,21,30,21.3,0,0,0,0.29,147,0.9
2014,4,19,22,30,20.900000000000002,0,0,0,0.29,162,0.8
2014,4,19,23,30,20.200000000000003,0,0,0,0.29,201,0.6000000000000001
2014,4,20,0,30,19.3,0,0,0,0.29,252,0.6000000000000001
2014,4,20,1,30,18.6,0,0,0,0.29,283,0.6000000000000001
2014,4,20,2,30,18,0,0,0,0.29,302,0.6000000000000001
2014,4,20,3,30,17.5,0,0,0,0.29,321,0.7000000000000001
2014,4,20,4,30,17.2,0,0,0,0.29,340,0.8
2014,4,20,5,30,18.8,39,0,39,0.29,179,1.1
2014,4,20,6,30,22,85,542,247,0.29,24,1.4000000000000001
2014,4,20,7,30,24.900000000000002,113,708,460,0.29,56,1.4000000000000001
2014,4,20,8,30,27.3,131,802,658,0.29,84,1.6
2014,4,20,9,30,29,141,856,817,0.29,102,1.9000000000000001
2014,4,20,10,30,30.3,165,861,917,0.29,115,2
2014,4,20,11,30,31.3,167,873,959,0.29,125,2.1
2014,4,20,12,30,31.900000000000002,166,869,938,0.29,134,2.1
2014,4,20,13,30,32.2,203,775,834,0.29,143,2.2
2014,4,20,14,30,32,189,718,689,0.29,149,2.3000000000000003
2014,4,20,15,30,31.400000000000002,164,626,501,0.29,154,2.4000000000000004
2014,4,20,16,30,29.8,125,474,291,0.29,156,2
2014,4,20,17,30,26.8,61,208,92,0.29,153,1.4000000000000001
2014,4,20,18,30,24.400000000000002,0,0,0,0.29,159,1.2000000000000002
2014,4,20,19,30,23.6,0,0,0,0.29,184,1.2000000000000002
2014,4,20,20,30,22.8,0,0,0,0.29,216,1.2000000000000002
2014,4,20,21,30,21.8,0,0,0,0.29,238,1.3
2014,4,20,22,30,20.900000000000002,0,0,0,0.29,250,1.3
2014,4,20,23,30,20.1,0,0,0,0.29,257,1.3
2014,4,21,0,30,19.5,0,0,0,0.29,263,1.3
2014,4,21,1,30,19.1,0,0,0,0.29,266,1.2000000000000002
2014,4,21,2,30,18.900000000000002,0,0,0,0.29,270,1.2000000000000002
2014,4,21,3,30,18.7,0,0,0,0.29,280,1
2014,4,21,4,30,18.8,0,0,0,0.29,304,0.9
2014,4,21,5,30,20.5,37,202,57,0.29,176,0.8
2014,4,21,6,30,23.900000000000002,86,549,252,0.29,84,1.4000000000000001
2014,4,21,7,30,27.200000000000003,112,724,469,0.29,143,2.7
2014,4,21,8,30,29.400000000000002,127,820,669,0.29,153,3.7
2014,4,21,9,30,31.1,138,873,829,0.29,159,4.4
2014,4,21,10,30,32.4,147,899,935,0.29,165,4.9
2014,4,21,11,30,33.300000000000004,157,900,976,0.29,171,5.4
2014,4,21,12,30,33.9,157,889,948,0.29,178,5.800000000000001
2014,4,21,13,30,34,150,867,859,0.29,184,6.1000000000000005
2014,4,21,14,30,33.6,138,824,714,0.29,190,6.300000000000001
2014,4,21,15,30,32.6,119,749,524,0.29,193,6.2
2014,4,21,16,30,31,196,212,271,0.29,193,5.4
2014,4,21,17,30,28.1,81,30,86,0.29,189,3.7
2014,4,21,18,30,25.700000000000003,0,0,0,0.29,186,3
2014,4,21,19,30,25,0,0,0,0.29,186,3.3000000000000003
2014,4,21,20,30,24.400000000000002,0,0,0,0.29,188,3.1
2014,4,21,21,30,23.5,0,0,0,0.29,193,2.7
2014,4,21,22,30,22.5,0,0,0,0.29,202,2.3000000000000003
2014,4,21,23,30,21.5,0,0,0,0.29,209,2
2014,4,22,0,30,20.900000000000002,0,0,0,0.29,211,1.8
2014,4,22,1,30,20.6,0,0,0,0.29,209,1.7000000000000002
2014,4,22,2,30,20.3,0,0,0,0.29,207,1.6
2014,4,22,3,30,19.900000000000002,0,0,0,0.29,207,1.6
2014,4,22,4,30,19.8,0,0,0,0.29,210,1.7000000000000002
2014,4,22,5,30,21.1,54,12,55,0.29,212,2.4000000000000004
2014,4,22,6,30,23,95,526,256,0.29,217,4
2014,4,22,7,30,24.400000000000002,310,102,361,0.29,222,5.6000000000000005
2014,4,22,8,30,25.6,349,339,574,0.29,221,6.9
2014,4,22,9,30,26.700000000000003,497,242,689,0.29,219,7.9
2014,4,22,10,30,28,504,385,843,0.29,219,8.6
2014,4,22,11,30,28.900000000000002,323,599,869,0.29,220,9.200000000000001
2014,4,22,12,30,29.200000000000003,172,879,957,0.29,223,9.700000000000001
2014,4,22,13,30,28.700000000000003,154,879,875,0.29,226,9.9
2014,4,22,14,30,27.6,128,868,736,0.29,228,9.9
2014,4,22,15,30,26.200000000000003,107,814,549,0.29,230,9.5
2014,4,22,16,30,24.5,84,697,332,0.29,231,8.200000000000001
2014,4,22,17,30,22.200000000000003,49,431,115,0.29,230,6.1000000000000005
2014,4,22,18,30,19.700000000000003,0,0,0,0.29,236,4
2014,4,22,19,30,17.7,0,0,0,0.29,261,2.8000000000000003
2014,4,22,20,30,16.5,0,0,0,0.29,299,2.8000000000000003
2014,4,22,21,30,16,0,0,0,0.29,328,4
2014,4,22,22,30,15.4,0,0,0,0.29,342,4.9
2014,4,22,23,30,14.700000000000001,0,0,0,0.29,352,4.800000000000001
2014,4,23,0,30,14.200000000000001,0,0,0,0.29,355,4.6000000000000005
2014,4,23,1,30,13.9,0,0,0,0.29,351,4.4
2014,4,23,2,30,13.700000000000001,0,0,0,0.29,348,4.1000000000000005
2014,4,23,3,30,13.4,0,0,0,0.29,347,3.7
2014,4,23,4,30,13.4,0,0,0,0.29,345,3.3000000000000003
2014,4,23,5,30,14.3,33,1,33,0.29,345,3.8000000000000003
2014,4,23,6,30,16.1,176,28,185,0.29,351,4.7
2014,4,23,7,30,18.1,86,834,504,0.29,355,4.9
2014,4,23,8,30,20.1,99,916,710,0.29,356,4.4
2014,4,23,9,30,21.700000000000003,107,964,876,0.29,357,3.8000000000000003
2014,4,23,10,30,23,128,963,977,0.29,356,3.4000000000000004
2014,4,23,11,30,24,135,965,1017,0.29,352,3.1
2014,4,23,12,30,24.700000000000003,136,955,991,0.29,352,2.8000000000000003
2014,4,23,13,30,25,127,950,908,0.29,354,2.4000000000000004
2014,4,23,14,30,24.900000000000002,118,909,758,0.29,355,2.1
2014,4,23,15,30,24.3,105,839,562,0.29,178,1.7000000000000002
2014,4,23,16,30,23.1,86,696,336,0.29,8,1.2000000000000002
2014,4,23,17,30,20.900000000000002,79,3,80,0.29,49,0.8
2014,4,23,18,30,19.200000000000003,0,0,0,0.29,98,0.8
2014,4,23,19,30,18.6,0,0,0,0.29,119,0.9
2014,4,23,20,30,18.3,0,0,0,0.29,134,0.9
2014,4,23,21,30,17.900000000000002,0,0,0,0.29,151,0.9
2014,4,23,22,30,17.6,0,0,0,0.29,165,0.9
2014,4,23,23,30,17.400000000000002,0,0,0,0.29,171,0.9
2014,4,24,0,30,17.2,0,0,0,0.29,166,0.8
2014,4,24,1,30,16.8,0,0,0,0.29,133,0.6000000000000001
2014,4,24,2,30,16.1,0,0,0,0.29,77,0.7000000000000001
2014,4,24,3,30,14.8,0,0,0,0.29,41,1
2014,4,24,4,30,13.8,0,0,0,0.29,27,1.2000000000000002
2014,4,24,5,30,15,55,4,55,0.29,19,1.9000000000000001
2014,4,24,6,30,18.3,76,660,282,0.29,36,2.2
2014,4,24,7,30,21.5,94,819,507,0.29,83,1.6
2014,4,24,8,30,23.900000000000002,106,903,711,0.29,121,1.4000000000000001
2014,4,24,9,30,25.700000000000003,114,949,873,0.29,144,1.6
2014,4,24,10,30,27.1,118,974,979,0.29,160,1.9000000000000001
2014,4,24,11,30,28.200000000000003,120,982,1021,0.29,169,2.3000000000000003
2014,4,24,12,30,29,118,978,995,0.29,171,2.8000000000000003
2014,4,24,13,30,29.3,121,953,906,0.29,171,3.2
2014,4,24,14,30,29.3,113,913,757,0.29,172,3.5
2014,4,24,15,30,28.700000000000003,100,845,562,0.29,174,3.7
2014,4,24,16,30,27.200000000000003,80,722,340,0.29,177,3.1
2014,4,24,17,30,23.8,49,457,122,0.29,179,1.9000000000000001
2014,4,24,18,30,20.8,0,0,0,0.29,186,1.4000000000000001
2014,4,24,19,30,19.6,0,0,0,0.29,195,1.4000000000000001
2014,4,24,20,30,18.6,0,0,0,0.29,199,1.5
2014,4,24,21,30,17.5,0,0,0,0.29,199,1.5
2014,4,24,22,30,16.5,0,0,0,0.29,198,1.6
2014,4,24,23,30,15.600000000000001,0,0,0,0.29,201,1.6
2014,4,25,0,30,14.9,0,0,0,0.29,204,1.7000000000000002
2014,4,25,1,30,14.4,0,0,0,0.29,205,1.8
2014,4,25,2,30,14.100000000000001,0,0,0,0.29,205,1.9000000000000001
2014,4,25,3,30,14,0,0,0,0.29,205,2
2014,4,25,4,30,14.5,0,0,0,0.29,205,2.2
2014,4,25,5,30,17.1,36,352,77,0.29,203,3.3000000000000003
2014,4,25,6,30,20.5,165,105,198,0.29,207,5.300000000000001
2014,4,25,7,30,22.8,215,431,434,0.29,215,6.7
2014,4,25,8,30,24,283,443,581,0.29,220,7.300000000000001
2014,4,25,9,30,24.8,419,394,735,0.29,221,7.5
2014,4,25,10,30,25.900000000000002,291,644,862,0.29,219,7.9
2014,4,25,11,30,27.1,360,637,946,0.29,217,8.4
2014,4,25,12,30,27.700000000000003,415,373,750,0.29,218,8.8
2014,4,25,13,30,27.400000000000002,412,9,419,0.29,221,9.1
2014,4,25,14,30,26.5,355,328,587,0.29,224,9.3
2014,4,25,15,30,25.400000000000002,311,259,453,0.29,226,9
2014,4,25,16,30,24,182,134,231,0.29,227,7.9
2014,4,25,17,30,22.3,67,6,68,0.29,232,6.5
2014,4,25,18,30,21.200000000000003,0,0,0,0.29,237,6.1000000000000005
2014,4,25,19,30,20.200000000000003,0,0,0,0.29,239,6.7
2014,4,25,20,30,18.7,0,0,0,0.29,240,7.2
2014,4,25,21,30,17,0,0,0,0.29,238,7.2
2014,4,25,22,30,15.4,0,0,0,0.29,233,6.800000000000001
2014,4,25,23,30,14,0,0,0,0.29,228,6.300000000000001
2014,4,26,0,30,13,0,0,0,0.29,225,5.800000000000001
2014,4,26,1,30,12.200000000000001,0,0,0,0.29,222,5.5
2014,4,26,2,30,11.3,0,0,0,0.29,218,5.2
2014,4,26,3,30,10.4,0,0,0,0.29,217,4.9
2014,4,26,4,30,9.8,0,0,0,0.29,218,5
2014,4,26,5,30,10.200000000000001,41,2,41,0.29,223,5.300000000000001
2014,4,26,6,30,11.600000000000001,151,7,153,0.29,229,5.4
2014,4,26,7,30,13.3,294,217,405,0.29,231,4.7
2014,4,26,8,30,15,107,881,704,0.29,233,3.9000000000000004
2014,4,26,9,30,16.5,117,921,859,0.29,241,3.3000000000000003
2014,4,26,10,30,17.7,485,36,517,0.29,266,3.1
2014,4,26,11,30,18.5,548,165,700,0.29,299,3
2014,4,26,12,30,19,540,171,694,0.29,321,2.8000000000000003
2014,4,26,13,30,19.5,468,116,564,0.29,327,2.4000000000000004
2014,4,26,14,30,19.900000000000002,330,5,334,0.29,318,2
2014,4,26,15,30,19.900000000000002,90,838,553,0.29,299,1.9000000000000001
2014,4,26,16,30,19.5,199,198,272,0.28,282,1.7000000000000002
2014,4,26,17,30,17.6,89,61,99,0.28,263,1.2000000000000002
2014,4,26,18,30,15.4,0,0,0,0.28,245,0.9
2014,4,26,19,30,14.100000000000001,0,0,0,0.28,246,1
2014,4,26,20,30,13,0,0,0,0.28,261,1.1
2014,4,26,21,30,12.100000000000001,0,0,0,0.28,277,1.2000000000000002
2014,4,26,22,30,11.4,0,0,0,0.28,289,1.3
2014,4,26,23,30,10.700000000000001,0,0,0,0.28,300,1.3
2014,4,27,0,30,10.100000000000001,0,0,0,0.28,307,1.3
2014,4,27,1,30,9.600000000000001,0,0,0,0.28,308,1.2000000000000002
2014,4,27,2,30,9.200000000000001,0,0,0,0.28,309,1.1
2014,4,27,3,30,8.5,0,0,0,0.28,317,1
2014,4,27,4,30,8.6,0,0,0,0.28,333,1
2014,4,27,5,30,10.700000000000001,57,2,57,0.28,173,1.6
2014,4,27,6,30,13.8,80,632,284,0.28,10,2.3000000000000003
2014,4,27,7,30,16.5,276,304,432,0.28,15,2.2
2014,4,27,8,30,18.5,120,852,699,0.28,184,1.7000000000000002
2014,4,27,9,30,20.200000000000003,355,445,715,0.28,346,1.6
2014,4,27,10,30,21.6,240,770,926,0.28,332,1.8
2014,4,27,11,30,22.700000000000003,137,936,1002,0.28,322,2
2014,4,27,12,30,23.5,305,723,958,0.28,316,2.1
2014,4,27,13,30,24,126,917,887,0.28,311,2.1
2014,4,27,14,30,23.900000000000002,123,866,740,0.28,304,1.8
2014,4,27,15,30,23.5,111,788,547,0.28,294,1.6
2014,4,27,16,30,22.400000000000002,90,659,333,0.29,277,1.3
2014,4,27,17,30,19.900000000000002,56,387,121,0.29,234,1
2014,4,27,18,30,17.5,0,0,0,0.29,203,1.1
2014,4,27,19,30,16.2,0,0,0,0.29,213,1.2000000000000002
2014,4,27,20,30,15.3,0,0,0,0.29,227,1.2000000000000002
2014,4,27,21,30,14.600000000000001,0,0,0,0.29,241,1.2000000000000002
2014,4,27,22,30,14.200000000000001,0,0,0,0.29,260,1.3
2014,4,27,23,30,13.9,0,0,0,0.29,285,1.3
2014,4,28,0,30,13.700000000000001,0,0,0,0.29,309,1.4000000000000001
2014,4,28,1,30,13.100000000000001,0,0,0,0.29,326,1.7000000000000002
2014,4,28,2,30,12.200000000000001,0,0,0,0.29,336,2.1
2014,4,28,3,30,11.3,0,0,0,0.29,341,2.5
2014,4,28,4,30,11.200000000000001,0,0,0,0.29,344,3
2014,4,28,5,30,13.100000000000001,37,413,89,0.29,349,4.2
2014,4,28,6,30,15.9,67,705,297,0.29,177,5.2
2014,4,28,7,30,18.3,86,834,517,0.29,179,5.300000000000001
2014,4,28,8,30,20.200000000000003,99,903,715,0.29,357,5
2014,4,28,9,30,21.8,108,939,869,0.29,356,4.6000000000000005
2014,4,28,10,30,23.200000000000003,122,951,972,0.29,355,4.5
2014,4,28,11,30,24.200000000000003,123,959,1012,0.29,353,4.4
2014,4,28,12,30,25,118,960,987,0.29,351,4.2
2014,4,28,13,30,25.3,105,956,901,0.29,349,4.2
2014,4,28,14,30,25.200000000000003,97,925,757,0.29,350,4.4
2014,4,28,15,30,24.700000000000003,86,862,566,0.29,353,4.5
2014,4,28,16,30,23.400000000000002,70,755,350,0.28,180,4.1000000000000005
2014,4,28,17,30,20.3,44,526,134,0.28,10,2.7
2014,4,28,18,30,17.3,0,0,0,0.28,17,2
2014,4,28,19,30,16.2,0,0,0,0.28,14,2.5
2014,4,28,20,30,15.700000000000001,0,0,0,0.28,8,3.3000000000000003
2014,4,28,21,30,15,0,0,0,0.28,5,3.9000000000000004
2014,4,28,22,30,13.8,0,0,0,0.28,6,3.6
2014,4,28,23,30,12.4,0,0,0,0.28,7,3.1
2014,4,29,0,30,11.200000000000001,0,0,0,0.28,9,2.7
2014,4,29,1,30,10.4,0,0,0,0.28,12,2.5
2014,4,29,2,30,9.8,0,0,0,0.28,11,2.5
2014,4,29,3,30,9.1,0,0,0,0.28,7,2.6
2014,4,29,4,30,9.4,0,0,0,0.28,182,3.1
2014,4,29,5,30,11.5,35,499,100,0.28,184,4.4
2014,4,29,6,30,14.3,61,774,317,0.28,15,5.7
2014,4,29,7,30,16.7,76,894,542,0.28,23,6.2
2014,4,29,8,30,18.8,88,957,744,0.28,26,6.4
2014,4,29,9,30,20.8,96,992,903,0.28,26,6.4
2014,4,29,10,30,22.6,119,976,994,0.28,25,6.4
2014,4,29,11,30,24,120,986,1035,0.28,24,6.4
2014,4,29,12,30,25,117,983,1009,0.28,23,6.4
2014,4,29,13,30,25.5,131,933,909,0.28,23,6.300000000000001
2014,4,29,14,30,25.5,120,905,767,0.28,24,6.300000000000001
2014,4,29,15,30,24.900000000000002,105,840,573,0.28,27,6.2
2014,4,29,16,30,23.400000000000002,85,717,353,0.28,31,5.7
2014,4,29,17,30,20.5,54,455,133,0.28,38,4.4
2014,4,29,18,30,17.5,0,0,0,0.28,44,3.8000000000000003
2014,4,29,19,30,15.700000000000001,0,0,0,0.28,43,3.7
2014,4,29,20,30,14,0,0,0,0.28,36,3.2
2014,4,29,21,30,12.700000000000001,0,0,0,0.28,23,2.9000000000000004
2014,4,29,22,30,11.700000000000001,0,0,0,0.28,11,2.8000000000000003
2014,4,29,23,30,11,0,0,0,0.28,3,2.8000000000000003
2014,4,30,0,30,10.5,0,0,0,0.28,179,3
2014,4,30,1,30,10.100000000000001,0,0,0,0.28,356,3.2
2014,4,30,2,30,9.600000000000001,0,0,0,0.28,355,3.3000000000000003
2014,4,30,3,30,9.1,0,0,0,0.28,354,3.3000000000000003
2014,4,30,4,30,9.5,0,0,0,0.28,354,3.8000000000000003
2014,4,30,5,30,11.600000000000001,38,467,100,0.28,178,4.800000000000001
2014,4,30,6,30,15,68,742,316,0.28,17,5.800000000000001
2014,4,30,7,30,18.1,87,863,539,0.28,38,6.1000000000000005
2014,4,30,8,30,20.5,101,930,741,0.28,43,5.800000000000001
2014,4,30,9,30,22.400000000000002,109,970,900,0.28,40,5.7
2014,4,30,10,30,23.900000000000002,130,967,998,0.28,36,5.7
2014,4,30,11,30,25.200000000000003,129,979,1040,0.28,32,5.800000000000001
2014,4,30,12,30,26.400000000000002,125,978,1014,0.28,29,6
2014,4,30,13,30,27.1,116,967,925,0.28,25,6.300000000000001
2014,4,30,14,30,27.1,107,932,776,0.28,22,6.800000000000001
2014,4,30,15,30,26.3,97,864,581,0.28,19,7.2
2014,4,30,16,30,23.1,97,478,276,0.28,166,2.1
2014,4,30,17,30,21.200000000000003,95,78,109,0.28,158,1.6
2014,4,30,18,30,19.3,2,0,2,0.28,142,1.1
2014,4,30,19,30,18.5,0,0,0,0.28,135,1
2014,4,30,20,30,18,0,0,0,0.28,160,1
2014,4,30,21,30,17.2,0,0,0,0.28,204,0.9
2014,4,30,22,30,16.400000000000002,0,0,0,0.28,236,1
2014,4,30,23,30,15.600000000000001,0,0,0,0.28,253,1.2000000000000002
2018,5,1,0,30,14.700000000000001,0,0,0,0.28,267,1.2000000000000002
2018,5,1,1,30,14.200000000000001,0,0,0,0.28,286,1
2018,5,1,2,30,14,0,0,0,0.28,326,0.8
2018,5,1,3,30,13.700000000000001,0,0,0,0.28,196,0.9
2018,5,1,4,30,13.9,0,0,0,0.28,42,1.2000000000000002
2018,5,1,5,30,14.9,34,3,34,0.28,51,2.2
2018,5,1,6,30,15.9,44,4,45,0.28,56,3.1
2018,5,1,7,30,16.6,106,3,108,0.28,59,2.9000000000000004
2018,5,1,8,30,17.6,215,43,245,0.28,63,2.3000000000000003
2018,5,1,9,30,18.900000000000002,185,0,185,0.28,76,1.9000000000000001
2018,5,1,10,30,20.200000000000003,357,20,375,0.28,111,2
2018,5,1,11,30,20.900000000000002,105,0,105,0.28,145,2.6
2018,5,1,12,30,20.8,347,498,801,0.28,157,3.1
2018,5,1,13,30,20.3,407,269,633,0.28,165,3.2
2018,5,1,14,30,19.400000000000002,393,190,530,0.28,175,3.1
2018,5,1,15,30,18.3,209,449,461,0.28,186,2.8000000000000003
2018,5,1,16,30,17.1,72,47,90,0.28,198,2.5
2018,5,1,17,30,15.8,55,2,55,0.28,204,2.1
2018,5,1,18,30,14.8,1,0,1,0.28,196,1.9000000000000001
2018,5,1,19,30,14,0,0,0,0.28,182,2.1
2018,5,1,20,30,13.4,0,0,0,0.28,175,2.3000000000000003
2018,5,1,21,30,12.8,0,0,0,0.28,171,2.2
2018,5,1,22,30,12.3,0,0,0,0.28,166,2
2018,5,1,23,30,11.8,0,0,0,0.28,154,1.6
2018,5,2,0,30,11.4,0,0,0,0.28,138,1.2000000000000002
2018,5,2,1,30,11.200000000000001,0,0,0,0.28,120,1.2000000000000002
2018,5,2,2,30,11.200000000000001,0,0,0,0.28,102,1.3
2018,5,2,3,30,11.100000000000001,0,0,0,0.28,89,1.3
2018,5,2,4,30,11.200000000000001,0,0,0,0.28,78,1.4000000000000001
2018,5,2,5,30,11.700000000000001,41,1,41,0.28,79,1.5
2018,5,2,6,30,12.4,191,178,252,0.28,89,1.5
2018,5,2,7,30,12.9,241,356,429,0.28,94,1.3
2018,5,2,8,30,13.4,361,269,547,0.28,92,1.1
2018,5,2,9,30,14,308,115,402,0.28,88,1.1
2018,5,2,10,30,14.700000000000001,426,462,843,0.28,87,1.2000000000000002
2018,5,2,11,30,15.5,278,686,919,0.28,89,1.1
2018,5,2,12,30,16.5,348,482,788,0.28,93,1
2018,5,2,13,30,17.5,140,881,880,0.28,220,0.7000000000000001
2018,5,2,14,30,18.1,134,836,737,0.28,331,0.7000000000000001
2018,5,2,15,30,18.2,111,782,552,0.28,322,0.8
2018,5,2,16,30,17.900000000000002,116,568,332,0.28,164,0.7000000000000001
2018,5,2,17,30,16.7,56,423,133,0.28,69,0.6000000000000001
2018,5,2,18,30,15.200000000000001,4,18,4,0.28,142,0.8
2018,5,2,19,30,14.3,0,0,0,0.28,155,1
2018,5,2,20,30,13.600000000000001,0,0,0,0.28,170,1
2018,5,2,21,30,13.100000000000001,0,0,0,0.28,190,1.1
2018,5,2,22,30,12.600000000000001,0,0,0,0.28,211,1.1
2018,5,2,23,30,12.3,0,0,0,0.28,230,1
2018,5,3,0,30,12.100000000000001,0,0,0,0.28,252,0.9
2018,5,3,1,30,11.700000000000001,0,0,0,0.28,278,0.8
2018,5,3,2,30,11.200000000000001,0,0,0,0.28,305,0.8
2018,5,3,3,30,10.5,0,0,0,0.28,326,0.9
2018,5,3,4,30,10.600000000000001,0,0,0,0.28,342,0.9
2018,5,3,5,30,12.8,43,410,102,0.28,353,1.4000000000000001
2018,5,3,6,30,16.2,71,690,308,0.28,182,1.8
2018,5,3,7,30,19.1,88,822,525,0.28,13,2
2018,5,3,8,30,21.200000000000003,98,898,722,0.28,24,2.1
2018,5,3,9,30,23,110,931,876,0.28,33,1.8
2018,5,3,10,30,24.400000000000002,122,944,976,0.28,38,1.5
2018,5,3,11,30,25.5,125,954,1018,0.28,36,1.2000000000000002
2018,5,3,12,30,26.3,128,943,990,0.28,29,1.1
2018,5,3,13,30,26.700000000000003,128,915,898,0.28,25,1.1
2018,5,3,14,30,26.6,118,878,753,0.28,32,1.1
2018,5,3,15,30,26.1,105,813,565,0.28,52,1.2000000000000002
2018,5,3,16,30,24.900000000000002,85,696,351,0.28,82,1.2000000000000002
2018,5,3,17,30,21.900000000000002,55,456,139,0.28,116,1.2000000000000002
2018,5,3,18,30,19.1,4,21,4,0.28,142,1.2000000000000002
2018,5,3,19,30,18.2,0,0,0,0.28,161,1.2000000000000002
2018,5,3,20,30,17.900000000000002,0,0,0,0.28,180,1.2000000000000002
2018,5,3,21,30,17.8,0,0,0,0.28,198,1.2000000000000002
2018,5,3,22,30,17.8,0,0,0,0.28,213,1.1
2018,5,3,23,30,17.7,0,0,0,0.28,228,0.9
2018,5,4,0,30,17.400000000000002,0,0,0,0.28,253,0.8
2018,5,4,1,30,16.7,0,0,0,0.28,302,0.8
2018,5,4,2,30,15.600000000000001,0,0,0,0.28,344,1
2018,5,4,3,30,14.5,0,0,0,0.28,357,1.2000000000000002
2018,5,4,4,30,14.3,0,0,0,0.28,360,1.3
2018,5,4,5,30,16.8,48,384,104,0.28,181,1.7000000000000002
2018,5,4,6,30,20.700000000000003,80,666,311,0.28,14,2.1
2018,5,4,7,30,24,100,801,528,0.28,45,1.8
2018,5,4,8,30,26.400000000000002,112,877,724,0.28,72,1.7000000000000002
2018,5,4,9,30,28.1,115,932,883,0.28,82,1.8
2018,5,4,10,30,29.400000000000002,111,968,988,0.28,84,1.8
2018,5,4,11,30,30.200000000000003,114,974,1027,0.28,84,1.8
2018,5,4,12,30,30.8,118,961,998,0.28,87,1.8
2018,5,4,13,30,31.1,120,932,906,0.28,91,1.8
2018,5,4,14,30,30.900000000000002,114,894,762,0.28,98,1.6
2018,5,4,15,30,30.400000000000002,102,829,573,0.28,106,1.5
2018,5,4,16,30,29.1,98,670,355,0.28,116,1.2000000000000002
2018,5,4,17,30,26.400000000000002,103,137,128,0.28,135,0.9
2018,5,4,18,30,24.3,4,0,4,0.28,161,0.9
2018,5,4,19,30,23.6,0,0,0,0.28,193,0.9
2018,5,4,20,30,23,0,0,0,0.28,243,0.8
2018,5,4,21,30,21.900000000000002,0,0,0,0.28,290,1
2018,5,4,22,30,20.700000000000003,0,0,0,0.28,318,1.2000000000000002
2018,5,4,23,30,19.400000000000002,0,0,0,0.28,335,1.4000000000000001
2018,5,5,0,30,18.3,0,0,0,0.28,347,1.5
2018,5,5,1,30,17.400000000000002,0,0,0,0.28,177,1.5
2018,5,5,2,30,16.7,0,0,0,0.28,7,1.5
2018,5,5,3,30,16.1,0,0,0,0.28,16,1.5
2018,5,5,4,30,16.5,0,0,0,0.28,20,1.4000000000000001
2018,5,5,5,30,19.5,42,472,113,0.28,20,1.9000000000000001
2018,5,5,6,30,23.700000000000003,67,732,323,0.28,32,2.3000000000000003
2018,5,5,7,30,27.3,84,848,540,0.28,68,2.3000000000000003
2018,5,5,8,30,30,98,911,736,0.28,101,2.3000000000000003
2018,5,5,9,30,31.6,118,930,886,0.28,114,2.1
2018,5,5,10,30,32.800000000000004,138,927,980,0.28,124,1.9000000000000001
2018,5,5,11,30,33.5,155,913,1012,0.28,138,1.9000000000000001
2018,5,5,12,30,33.9,226,760,924,0.28,149,1.9000000000000001
2018,5,5,13,30,34,162,836,869,0.28,154,1.9000000000000001
2018,5,5,14,30,33.7,203,693,707,0.28,152,1.9000000000000001
2018,5,5,15,30,33.1,158,690,551,0.28,145,1.9000000000000001
2018,5,5,16,30,31.6,107,558,323,0.28,133,1.4000000000000001
2018,5,5,17,30,28.700000000000003,101,68,114,0.28,115,1
2018,5,5,18,30,26,4,0,4,0.28,100,1.1
2018,5,5,19,30,24.8,0,0,0,0.28,96,1.2000000000000002
2018,5,5,20,30,24.400000000000002,0,0,0,0.28,95,1.2000000000000002
2018,5,5,21,30,24.200000000000003,0,0,0,0.28,91,1
2018,5,5,22,30,23.8,0,0,0,0.28,77,0.9
2018,5,5,23,30,23.1,0,0,0,0.28,59,0.9
2018,5,6,0,30,22.400000000000002,0,0,0,0.28,48,0.9
2018,5,6,1,30,21.8,0,0,0,0.28,37,0.9
2018,5,6,2,30,21.3,0,0,0,0.28,27,0.9
2018,5,6,3,30,20.8,0,0,0,0.28,22,1
2018,5,6,4,30,20.700000000000003,0,0,0,0.28,20,1
2018,5,6,5,30,22.200000000000003,80,48,87,0.28,14,1.2000000000000002
2018,5,6,6,30,25.1,181,188,247,0.28,21,1.2000000000000002
2018,5,6,7,30,28.8,228,37,248,0.28,97,1.8
2018,5,6,8,30,31.900000000000002,324,341,563,0.28,166,3
2018,5,6,9,30,33.4,328,479,725,0.28,174,3.7
2018,5,6,10,30,33.7,473,80,546,0.28,181,3.9000000000000004
2018,5,6,11,30,33.5,458,47,502,0.28,186,3.8000000000000003
2018,5,6,12,30,33.5,390,90,473,0.28,191,3.6
2018,5,6,13,30,33.300000000000004,395,529,843,0.28,193,3.2
2018,5,6,14,30,32.5,286,594,719,0.28,193,2.1
2018,5,6,15,30,31.5,263,332,453,0.28,196,1.4000000000000001
2018,5,6,16,30,30.200000000000003,172,386,322,0.28,205,1.2000000000000002
2018,5,6,17,30,28.5,98,40,106,0.28,218,1.1
2018,5,6,18,30,27.5,4,0,4,0.28,228,1.1
2018,5,6,19,30,27.1,0,0,0,0.28,236,0.9
2018,5,6,20,30,26.3,0,0,0,0.28,246,0.9
2018,5,6,21,30,25.1,0,0,0,0.28,256,1
2018,5,6,22,30,24.1,0,0,0,0.28,264,1.1
2018,5,6,23,30,23.400000000000002,0,0,0,0.28,273,1.2000000000000002
2018,5,7,0,30,22.900000000000002,0,0,0,0.28,283,1.2000000000000002
2018,5,7,1,30,22.400000000000002,0,0,0,0.28,294,1.1
2018,5,7,2,30,21.900000000000002,0,0,0,0.28,304,1.1
2018,5,7,3,30,21.3,0,0,0,0.28,312,1.1
2018,5,7,4,30,21.3,0,0,0,0.28,320,1
2018,5,7,5,30,22.400000000000002,50,3,50,0.28,336,0.8
2018,5,7,6,30,24.200000000000003,166,211,241,0.28,350,1
2018,5,7,7,30,26.200000000000003,112,775,532,0.28,299,0.9
2018,5,7,8,30,28.5,263,577,669,0.28,208,1.2000000000000002
2018,5,7,9,30,30.900000000000002,138,895,881,0.28,168,1.9000000000000001
2018,5,7,10,30,32.800000000000004,121,953,990,0.28,159,2.2
2018,5,7,11,30,34.2,124,961,1030,0.28,154,2.2
2018,5,7,12,30,35,122,958,1004,0.28,152,1.9000000000000001
2018,5,7,13,30,35.300000000000004,114,943,914,0.28,150,1.7000000000000002
2018,5,7,14,30,35.5,107,911,772,0.28,145,1.7000000000000002
2018,5,7,15,30,35.1,93,855,584,0.28,137,1.8
2018,5,7,16,30,33.300000000000004,77,749,370,0.28,131,1.4000000000000001
2018,5,7,17,30,29.900000000000002,53,521,154,0.28,128,1.1
2018,5,7,18,30,27.6,6,37,6,0.28,132,1.1
2018,5,7,19,30,26.8,0,0,0,0.28,147,1
2018,5,7,20,30,26.200000000000003,0,0,0,0.28,174,0.9
2018,5,7,21,30,25.5,0,0,0,0.28,210,0.9
2018,5,7,22,30,24.6,0,0,0,0.28,244,1
2018,5,7,23,30,23.5,0,0,0,0.28,268,1.1
2018,5,8,0,30,22.5,0,0,0,0.28,288,1.1
2018,5,8,1,30,21.5,0,0,0,0.28,311,1.2000000000000002
2018,5,8,2,30,20.6,0,0,0,0.28,338,1.3
2018,5,8,3,30,19.6,0,0,0,0.28,179,1.4000000000000001
2018,5,8,4,30,19.6,0,0,0,0.28,10,1.4000000000000001
2018,5,8,5,30,22.3,49,446,120,0.28,13,1.8
2018,5,8,6,30,26.400000000000002,77,705,329,0.28,20,2.3000000000000003
2018,5,8,7,30,29.900000000000002,95,830,547,0.28,50,2
2018,5,8,8,30,32.800000000000004,106,901,742,0.28,91,1.7000000000000002
2018,5,8,9,30,34.800000000000004,112,944,897,0.28,118,1.9000000000000001
2018,5,8,10,30,36.2,114,969,999,0.28,133,2.2
2018,5,8,11,30,37.2,116,980,1041,0.28,142,2.4000000000000004
2018,5,8,12,30,37.7,123,965,1013,0.28,150,2.4000000000000004
2018,5,8,13,30,37.9,131,927,919,0.28,155,2.4000000000000004
2018,5,8,14,30,37.7,237,687,740,0.28,161,2.4000000000000004
2018,5,8,15,30,37,133,775,580,0.28,169,2.2
2018,5,8,16,30,35.4,131,581,359,0.28,176,1.6
2018,5,8,17,30,32.5,75,251,124,0.28,181,1
2018,5,8,18,30,30.1,6,0,6,0.28,194,1.1
2018,5,8,19,30,28.5,0,0,0,0.28,216,1.2000000000000002
2018,5,8,20,30,26.900000000000002,0,0,0,0.28,234,1.4000000000000001
2018,5,8,21,30,25.6,0,0,0,0.28,248,1.4000000000000001
2018,5,8,22,30,24.700000000000003,0,0,0,0.28,258,1.4000000000000001
2018,5,8,23,30,24.1,0,0,0,0.28,269,1.4000000000000001
2018,5,9,0,30,23.700000000000003,0,0,0,0.28,280,1.3
2018,5,9,1,30,23.400000000000002,0,0,0,0.28,291,1.2000000000000002
2018,5,9,2,30,22.8,0,0,0,0.28,303,1.2000000000000002
2018,5,9,3,30,22.3,0,0,0,0.28,315,1.2000000000000002
2018,5,9,4,30,22.6,0,0,0,0.28,328,1.1
2018,5,9,5,30,25,77,96,93,0.28,342,1.2000000000000002
2018,5,9,6,30,28.8,84,662,322,0.28,187,1.3
2018,5,9,7,30,32.2,103,794,537,0.28,56,1.4000000000000001
2018,5,9,8,30,34.5,114,868,729,0.28,104,1.7000000000000002
2018,5,9,9,30,36.300000000000004,121,915,884,0.28,134,2.1
2018,5,9,10,30,37.7,125,941,986,0.28,158,2.6
2018,5,9,11,30,38.800000000000004,129,947,1024,0.28,180,3.3000000000000003
2018,5,9,12,30,39.5,117,954,999,0.28,199,4
2018,5,9,13,30,39.800000000000004,130,889,887,0.28,214,4.800000000000001
2018,5,9,14,30,39.400000000000006,368,244,547,0.28,224,5.4
2018,5,9,15,30,38.5,116,784,569,0.28,230,5.7
2018,5,9,16,30,37,76,732,365,0.28,236,5.300000000000001
2018,5,9,17,30,34.2,53,506,153,0.28,242,4.6000000000000005
2018,5,9,18,30,31.5,8,47,8,0.28,247,4.4
2018,5,9,19,30,29.200000000000003,0,0,0,0.28,246,3.7
2018,5,9,20,30,27,0,0,0,0.28,240,2.6
2018,5,9,21,30,25.3,0,0,0,0.28,233,2.1
2018,5,9,22,30,24.1,0,0,0,0.28,230,2
2018,5,9,23,30,23,0,0,0,0.28,230,1.9000000000000001
2018,5,10,0,30,22,0,0,0,0.28,231,1.8
2018,5,10,1,30,21.1,0,0,0,0.28,230,1.8
2018,5,10,2,30,20.3,0,0,0,0.28,229,1.9000000000000001
2018,5,10,3,30,19.6,0,0,0,0.28,229,1.9000000000000001
2018,5,10,4,30,20.3,2,9,2,0.28,230,2.1
2018,5,10,5,30,23.3,47,454,122,0.28,233,3.1
2018,5,10,6,30,27,74,709,331,0.28,232,4.3
2018,5,10,7,30,30,90,829,545,0.28,223,4.5
2018,5,10,8,30,32.2,101,895,737,0.28,210,4.2
2018,5,10,9,30,33.9,117,922,887,0.28,200,4.1000000000000005
2018,5,10,10,30,35.300000000000004,134,924,981,0.28,197,4.3
2018,5,10,11,30,36.2,141,927,1019,0.28,199,4.5
2018,5,10,12,30,36.800000000000004,156,899,988,0.28,204,4.800000000000001
2018,5,10,13,30,37,155,867,895,0.28,211,5.1000000000000005
2018,5,10,14,30,36.7,143,828,752,0.28,217,5.4
2018,5,10,15,30,35.9,123,767,568,0.28,221,5.5
2018,5,10,16,30,34.4,100,654,360,0.28,223,5.1000000000000005
2018,5,10,17,30,31.3,79,342,148,0.28,223,3.6
2018,5,10,18,30,28.1,7,0,7,0.28,223,2.5
2018,5,10,19,30,26.900000000000002,0,0,0,0.28,225,2.5
2018,5,10,20,30,26.5,0,0,0,0.28,232,2.9000000000000004
2018,5,10,21,30,25.900000000000002,0,0,0,0.28,240,3
2018,5,10,22,30,24.400000000000002,0,0,0,0.28,248,2.3000000000000003
2018,5,10,23,30,22.6,0,0,0,0.28,253,1.7000000000000002
2018,5,11,0,30,21.400000000000002,0,0,0,0.28,251,1.5
2018,5,11,1,30,20.700000000000003,0,0,0,0.28,241,1.4000000000000001
2018,5,11,2,30,20.1,0,0,0,0.28,231,1.4000000000000001
2018,5,11,3,30,19.5,0,0,0,0.28,224,1.5
2018,5,11,4,30,19.900000000000002,2,5,2,0.28,218,1.7000000000000002
2018,5,11,5,30,22.200000000000003,67,262,111,0.28,218,2.7
2018,5,11,6,30,25.1,86,644,321,0.28,212,3.6
2018,5,11,7,30,27.700000000000003,107,769,531,0.28,197,4.2
2018,5,11,8,30,29.8,122,838,719,0.28,192,4.9
2018,5,11,9,30,31.400000000000002,131,880,868,0.28,199,5.7
2018,5,11,10,30,32.800000000000004,137,900,963,0.28,206,6.6000000000000005
2018,5,11,11,30,33.6,144,897,995,0.28,212,7.6000000000000005
2018,5,11,12,30,33.9,142,890,967,0.28,217,8.5
2018,5,11,13,30,33.7,143,854,873,0.28,220,9.200000000000001
2018,5,11,14,30,32.800000000000004,131,824,739,0.28,222,9.5
2018,5,11,15,30,31.200000000000003,119,753,557,0.28,225,9.5
2018,5,11,16,30,29.200000000000003,100,628,351,0.28,227,9
2018,5,11,17,30,27,68,384,146,0.28,228,7.7
2018,5,11,18,30,24.900000000000002,8,19,8,0.28,233,5.5
2018,5,11,19,30,23.200000000000003,0,0,0,0.28,271,3.2
2018,5,11,20,30,21.6,0,0,0,0.28,322,3.2
2018,5,11,21,30,19.900000000000002,0,0,0,0.28,341,5.300000000000001
2018,5,11,22,30,17.900000000000002,0,0,0,0.28,343,6.7
2018,5,11,23,30,16.400000000000002,0,0,0,0.28,343,6.9
2018,5,12,0,30,15.600000000000001,0,0,0,0.28,343,6.4
2018,5,12,1,30,15.100000000000001,0,0,0,0.28,344,5.7
2018,5,12,2,30,14.600000000000001,0,0,0,0.28,346,4.4
2018,5,12,3,30,13.8,0,0,0,0.28,343,2.7
2018,5,12,4,30,13.9,2,12,2,0.28,332,2
2018,5,12,5,30,15.700000000000001,48,473,128,0.28,325,2.3000000000000003
2018,5,12,6,30,18.1,71,732,340,0.28,319,1.9000000000000001
2018,5,12,7,30,20.1,85,856,558,0.28,288,1.4000000000000001
2018,5,12,8,30,22,95,923,754,0.28,256,1.5
2018,5,12,9,30,23.6,106,956,908,0.28,240,1.8
2018,5,12,10,30,24.900000000000002,120,964,1006,0.28,229,1.9000000000000001
2018,5,12,11,30,26,120,977,1048,0.28,215,1.9000000000000001
2018,5,12,12,30,26.8,120,970,1021,0.28,201,2.1
2018,5,12,13,30,27.200000000000003,119,948,931,0.28,192,2.4000000000000004
2018,5,12,14,30,27.3,110,914,785,0.28,188,2.7
2018,5,12,15,30,26.900000000000002,97,854,596,0.28,188,2.9000000000000004
2018,5,12,16,30,26,81,748,382,0.28,190,2.8000000000000003
2018,5,12,17,30,23.700000000000003,56,532,165,0.28,192,1.9000000000000001
2018,5,12,18,30,21.1,9,58,10,0.28,198,1.1
2018,5,12,19,30,19.900000000000002,0,0,0,0.28,211,1.1
2018,5,12,20,30,19.200000000000003,0,0,0,0.28,230,1.1
2018,5,12,21,30,18.6,0,0,0,0.28,248,1.2000000000000002
2018,5,12,22,30,18,0,0,0,0.28,259,1.3
2018,5,12,23,30,17.1,0,0,0,0.28,269,1.3
2018,5,13,0,30,16.400000000000002,0,0,0,0.28,280,1.2000000000000002
2018,5,13,1,30,15.9,0,0,0,0.28,291,1.1
2018,5,13,2,30,15.5,0,0,0,0.28,303,1
2018,5,13,3,30,15,0,0,0,0.28,313,1
2018,5,13,4,30,15.700000000000001,2,10,2,0.28,326,0.8
2018,5,13,5,30,18.400000000000002,53,421,125,0.28,232,1.1
2018,5,13,6,30,21.5,132,415,285,0.28,139,2.2
2018,5,13,7,30,23.700000000000003,122,734,529,0.28,150,3
2018,5,13,8,30,25.200000000000003,122,849,729,0.28,153,3.3000000000000003
2018,5,13,9,30,26.5,153,847,865,0.28,155,3.6
2018,5,13,10,30,27.6,126,929,981,0.28,159,3.7
2018,5,13,11,30,28.400000000000002,163,867,988,0.28,163,3.6
2018,5,13,12,30,29,140,914,990,0.28,166,3.5
2018,5,13,13,30,29.3,159,840,880,0.28,169,3.5
2018,5,13,14,30,29.1,291,489,653,0.28,173,3.5
2018,5,13,15,30,28.5,139,739,572,0.28,178,3.5
2018,5,13,16,30,27.5,111,621,362,0.28,185,3.4000000000000004
2018,5,13,17,30,25.400000000000002,60,478,159,0.28,191,2.5
2018,5,13,18,30,22.900000000000002,9,51,10,0.28,197,1.6
2018,5,13,19,30,21.5,0,0,0,0.28,208,1.6
2018,5,13,20,30,20.6,0,0,0,0.28,223,1.7000000000000002
2018,5,13,21,30,19.700000000000003,0,0,0,0.28,237,1.8
2018,5,13,22,30,18.900000000000002,0,0,0,0.28,251,1.7000000000000002
2018,5,13,23,30,18.1,0,0,0,0.28,271,1.4000000000000001
2018,5,14,0,30,17.5,0,0,0,0.28,296,1.2000000000000002
2018,5,14,1,30,17,0,0,0,0.28,316,1.2000000000000002
2018,5,14,2,30,16.5,0,0,0,0.28,329,1.2000000000000002
2018,5,14,3,30,16,0,0,0,0.28,336,1.1
2018,5,14,4,30,16.6,2,12,2,0.28,337,1.4000000000000001
2018,5,14,5,30,18.7,50,435,126,0.28,342,2.4000000000000004
2018,5,14,6,30,21.400000000000002,78,678,330,0.28,352,2.9000000000000004
2018,5,14,7,30,23.8,95,800,540,0.28,355,2.7
2018,5,14,8,30,25.6,108,868,730,0.28,350,2.4000000000000004
2018,5,14,9,30,27,115,909,880,0.28,345,2
2018,5,14,10,30,28,120,930,977,0.28,345,1.6
2018,5,14,11,30,28.700000000000003,123,935,1014,0.28,179,1.3
2018,5,14,12,30,29.1,133,917,987,0.28,36,1.1
2018,5,14,13,30,29.3,211,746,852,0.28,74,1.3
2018,5,14,14,30,29.1,124,854,758,0.28,94,1.6
2018,5,14,15,30,28.6,221,548,543,0.28,100,1.8
2018,5,14,16,30,27.700000000000003,96,665,366,0.28,101,1.9000000000000001
2018,5,14,17,30,26.1,65,452,160,0.28,98,1.4000000000000001
2018,5,14,18,30,24.3,12,53,13,0.28,92,0.9
2018,5,14,19,30,23.400000000000002,0,0,0,0.28,93,0.7000000000000001
2018,5,14,20,30,23,0,0,0,0.28,108,0.7000000000000001
2018,5,14,21,30,22.3,0,0,0,0.28,139,0.7000000000000001
2018,5,14,22,30,21.1,0,0,0,0.28,169,0.9
2018,5,14,23,30,19.6,0,0,0,0.28,190,1.1
2018,5,15,0,30,18.5,0,0,0,0.28,209,1.2000000000000002
2018,5,15,1,30,18,0,0,0,0.28,234,1
2018,5,15,2,30,17.6,0,0,0,0.28,273,0.9
2018,5,15,3,30,17,0,0,0,0.28,320,0.8
2018,5,15,4,30,17.3,2,12,2,0.28,176,1.1
2018,5,15,5,30,19.6,52,440,130,0.28,21,1.6
2018,5,15,6,30,22.6,81,681,335,0.28,52,1.8
2018,5,15,7,30,25.1,99,803,547,0.28,95,1.7000000000000002
2018,5,15,8,30,27,113,870,738,0.28,129,2
2018,5,15,9,30,28.5,118,915,889,0.28,144,2.4000000000000004
2018,5,15,10,30,29.700000000000003,118,944,990,0.28,152,2.7
2018,5,15,11,30,30.700000000000003,121,952,1029,0.28,155,2.9000000000000004
2018,5,15,12,30,31.400000000000002,132,931,1000,0.28,156,3.1
2018,5,15,13,30,31.8,140,892,908,0.28,154,3.3000000000000003
2018,5,15,14,30,31.8,127,862,768,0.28,153,3.5
2018,5,15,15,30,31.3,111,804,585,0.28,154,3.6
2018,5,15,16,30,30.3,91,696,375,0.28,156,3.3000000000000003
2018,5,15,17,30,27.6,62,489,166,0.28,151,2.2
2018,5,15,18,30,24.6,12,62,13,0.28,145,1.3
2018,5,15,19,30,23.3,0,0,0,0.28,148,1.3
2018,5,15,20,30,22.6,0,0,0,0.28,160,1.2000000000000002
2018,5,15,21,30,21.700000000000003,0,0,0,0.28,180,1.2000000000000002
2018,5,15,22,30,20.8,0,0,0,0.28,210,1.2000000000000002
2018,5,15,23,30,20,0,0,0,0.28,239,1.1
2018,5,16,0,30,19.5,0,0,0,0.28,254,1.1
2018,5,16,1,30,19.400000000000002,0,0,0,0.28,252,0.9
2018,5,16,2,30,19.200000000000003,0,0,0,0.28,221,0.8
2018,5,16,3,30,18.7,0,0,0,0.28,184,0.9
2018,5,16,4,30,19,4,22,4,0.28,173,1.1
2018,5,16,5,30,21.900000000000002,51,470,135,0.28,177,1.9000000000000001
2018,5,16,6,30,25.5,78,709,344,0.28,182,3.2
2018,5,16,7,30,28.200000000000003,95,827,558,0.28,185,4.2
2018,5,16,8,30,30.1,107,896,752,0.28,187,4.7
2018,5,16,9,30,31.6,120,927,903,0.28,191,5.2
2018,5,16,10,30,32.800000000000004,133,940,1002,0.28,197,5.7
2018,5,16,11,30,33.6,136,947,1040,0.28,204,6.2
2018,5,16,12,30,33.9,129,952,1018,0.28,210,6.7
2018,5,16,13,30,33.9,121,941,932,0.28,216,7.1000000000000005
2018,5,16,14,30,33.4,114,903,787,0.28,220,7.2
2018,5,16,15,30,32.4,102,843,600,0.28,223,7.1000000000000005
2018,5,16,16,30,31,85,737,387,0.28,227,6.5
2018,5,16,17,30,28.3,59,525,172,0.28,234,4.800000000000001
2018,5,16,18,30,25,12,72,14,0.28,245,3.1
2018,5,16,19,30,23.1,0,0,0,0.28,253,2.8000000000000003
2018,5,16,20,30,22,0,0,0,0.28,256,2.8000000000000003
2018,5,16,21,30,20.700000000000003,0,0,0,0.28,258,2.6
2018,5,16,22,30,19.5,0,0,0,0.28,259,2.3000000000000003
2018,5,16,23,30,18.400000000000002,0,0,0,0.28,257,1.9000000000000001
2018,5,17,0,30,17.5,0,0,0,0.28,254,1.6
2018,5,17,1,30,16.6,0,0,0,0.28,253,1.4000000000000001
2018,5,17,2,30,15.700000000000001,0,0,0,0.28,256,1.3
2018,5,17,3,30,15,0,0,0,0.28,263,1.3
2018,5,17,4,30,15.9,4,25,4,0.28,269,1.6
2018,5,17,5,30,19,52,478,139,0.28,276,2.5
2018,5,17,6,30,22.5,80,710,348,0.28,281,3
2018,5,17,7,30,25.200000000000003,99,825,562,0.28,274,2.6
2018,5,17,8,30,27.1,111,891,754,0.28,252,2.5
2018,5,17,9,30,28.900000000000002,121,928,906,0.28,231,2.6
2018,5,17,10,30,30.3,127,947,1004,0.28,220,2.9000000000000004
2018,5,17,11,30,31.400000000000002,130,954,1042,0.28,218,3.2
2018,5,17,12,30,32.2,134,941,1014,0.28,222,3.5
2018,5,17,13,30,32.5,138,909,923,0.28,229,3.7
2018,5,17,14,30,32.300000000000004,129,870,779,0.28,235,3.9000000000000004
2018,5,17,15,30,31.6,117,800,591,0.28,240,4
2018,5,17,16,30,30.400000000000002,99,680,379,0.28,244,3.8000000000000003
2018,5,17,17,30,27.6,68,456,167,0.28,245,2.8000000000000003
2018,5,17,18,30,24.3,13,51,14,0.28,245,1.8
2018,5,17,19,30,22.6,0,0,0,0.28,250,1.7000000000000002
2018,5,17,20,30,21.700000000000003,0,0,0,0.28,263,1.6
2018,5,17,21,30,20.8,0,0,0,0.28,283,1.6
2018,5,17,22,30,20,0,0,0,0.28,303,1.7000000000000002
2018,5,17,23,30,19.1,0,0,0,0.28,317,1.8
2018,5,18,0,30,18.2,0,0,0,0.28,327,1.9000000000000001
2018,5,18,1,30,17.5,0,0,0,0.28,332,1.9000000000000001
2018,5,18,2,30,16.8,0,0,0,0.28,334,1.9000000000000001
2018,5,18,3,30,16.2,0,0,0,0.28,334,1.8
2018,5,18,4,30,17,4,12,4,0.28,334,2.1
2018,5,18,5,30,19.8,62,378,131,0.28,346,2.9000000000000004
2018,5,18,6,30,22.8,95,631,334,0.28,186,3.5
2018,5,18,7,30,25.400000000000002,114,763,544,0.28,17,3.3000000000000003
2018,5,18,8,30,27.6,127,837,732,0.28,19,2.5
2018,5,18,9,30,29.3,133,887,884,0.28,19,1.4000000000000001
2018,5,18,10,30,30.700000000000003,131,919,983,0.28,120,0.8
2018,5,18,11,30,31.8,130,930,1020,0.28,217,1.1
2018,5,18,12,30,32.5,128,927,996,0.28,214,1.7000000000000002
2018,5,18,13,30,32.9,124,909,910,0.28,218,2
2018,5,18,14,30,32.800000000000004,171,766,744,0.28,224,2.1
2018,5,18,15,30,32.4,104,809,585,0.28,231,2.3000000000000003
2018,5,18,16,30,31.5,87,700,377,0.28,238,2.3000000000000003
2018,5,18,17,30,29.200000000000003,61,491,169,0.28,241,1.7000000000000002
2018,5,18,18,30,26.5,13,69,15,0.28,243,1.1
2018,5,18,19,30,25.1,0,0,0,0.28,248,1.2000000000000002
2018,5,18,20,30,24.3,0,0,0,0.28,255,1.2000000000000002
2018,5,18,21,30,23.6,0,0,0,0.28,262,1.1
2018,5,18,22,30,23,0,0,0,0.28,272,1.1
2018,5,18,23,30,22.5,0,0,0,0.28,287,1
2018,5,19,0,30,21.8,0,0,0,0.28,310,1
2018,5,19,1,30,20.900000000000002,0,0,0,0.28,339,1.1
2018,5,19,2,30,20,0,0,0,0.28,186,1.2000000000000002
2018,5,19,3,30,19.3,0,0,0,0.28,26,1.3
2018,5,19,4,30,20.1,5,18,5,0.28,36,1.8
2018,5,19,5,30,22.5,58,407,133,0.28,45,2.9000000000000004
2018,5,19,6,30,25.3,90,640,334,0.28,61,3.6
2018,5,19,7,30,27.900000000000002,113,760,542,0.28,78,3.3000000000000003
2018,5,19,8,30,29.900000000000002,228,638,690,0.28,94,2.8000000000000003
2018,5,19,9,30,31.6,145,862,876,0.28,114,2.5
2018,5,19,10,30,32.9,225,780,949,0.28,136,2.5
2018,5,19,11,30,33.800000000000004,159,888,1010,0.28,153,2.8000000000000003
2018,5,19,12,30,34.4,170,867,983,0.28,167,3.1
2018,5,19,13,30,34.5,210,757,866,0.28,179,3.3000000000000003
2018,5,19,14,30,34.1,286,506,665,0.28,191,3.3000000000000003
2018,5,19,15,30,33.4,289,279,455,0.28,209,3.1
2018,5,19,16,30,32.2,114,619,371,0.28,232,2.7
2018,5,19,17,30,30,103,213,150,0.28,261,1.7000000000000002
2018,5,19,18,30,27.700000000000003,13,1,13,0.28,294,1
2018,5,19,19,30,26.6,0,0,0,0.28,323,0.9
2018,5,19,20,30,25.700000000000003,0,0,0,0.28,343,0.9
2018,5,19,21,30,24.700000000000003,0,0,0,0.28,355,1
2018,5,19,22,30,23.400000000000002,0,0,0,0.28,182,1.1
2018,5,19,23,30,22,0,0,0,0.28,3,1.1
2018,5,20,0,30,20.8,0,0,0,0.28,1,1.1
2018,5,20,1,30,20,0,0,0,0.28,2,1.1
2018,5,20,2,30,19.400000000000002,0,0,0,0.28,5,1
2018,5,20,3,30,18.900000000000002,0,0,0,0.28,9,1
2018,5,20,4,30,19.700000000000003,5,12,5,0.28,21,1
2018,5,20,5,30,22.1,64,358,131,0.28,60,1.5
2018,5,20,6,30,24.900000000000002,104,592,330,0.28,113,2.4000000000000004
2018,5,20,7,30,26.900000000000002,177,582,506,0.28,145,3.3000000000000003
2018,5,20,8,30,28.200000000000003,294,447,618,0.28,156,4
2018,5,20,9,30,29.3,326,487,739,0.28,160,4.4
2018,5,20,10,30,30.400000000000002,143,894,973,0.28,159,4.4
2018,5,20,11,30,31.6,369,484,833,0.28,157,4.4
2018,5,20,12,30,32.7,254,680,892,0.28,157,4.4
2018,5,20,13,30,33.2,140,870,895,0.28,160,4.6000000000000005
2018,5,20,14,30,33.1,136,822,753,0.28,163,4.800000000000001
2018,5,20,15,30,32.4,126,746,572,0.28,167,4.9
2018,5,20,16,30,31.400000000000002,115,600,366,0.28,171,5
2018,5,20,17,30,29.6,111,151,145,0.28,173,4.4
2018,5,20,18,30,27.400000000000002,14,20,15,0.28,171,3.8000000000000003
2018,5,20,19,30,26,0,0,0,0.28,170,3.9000000000000004
2018,5,20,20,30,25,0,0,0,0.28,174,3.7
2018,5,20,21,30,23.700000000000003,0,0,0,0.28,184,2.8000000000000003
2018,5,20,22,30,22.6,0,0,0,0.28,199,2.2
2018,5,20,23,30,21.900000000000002,0,0,0,0.28,208,1.8
2018,5,21,0,30,21.5,0,0,0,0.28,208,1.5
2018,5,21,1,30,21.1,0,0,0,0.28,202,1.3
2018,5,21,2,30,20.8,0,0,0,0.28,197,1.3
2018,5,21,3,30,20.5,0,0,0,0.28,195,1.3
2018,5,21,4,30,20.700000000000003,3,0,3,0.28,195,1.3
2018,5,21,5,30,21.8,48,1,48,0.28,193,1.8
2018,5,21,6,30,23.1,92,4,94,0.28,185,2.5
2018,5,21,7,30,24.1,116,2,117,0.28,172,3.1
2018,5,21,8,30,24.5,139,1,140,0.28,164,3.4000000000000004
2018,5,21,9,30,24.6,273,5,277,0.28,160,3.5
2018,5,21,10,30,24.700000000000003,198,4,202,0.28,154,3.4000000000000004
2018,5,21,11,30,25,396,85,478,0.28,145,3.3000000000000003
2018,5,21,12,30,25.5,257,4,261,0.28,137,3.1
2018,5,21,13,30,26.3,289,624,831,0.28,138,2.7
2018,5,21,14,30,26.700000000000003,358,205,512,0.28,153,2.2
2018,5,21,15,30,26.5,197,567,537,0.28,185,1.9000000000000001
2018,5,21,16,30,25.700000000000003,190,274,305,0.28,223,1.8
2018,5,21,17,30,24.200000000000003,99,63,113,0.28,259,1.7000000000000002
2018,5,21,18,30,22.6,12,0,12,0.28,287,2.1
2018,5,21,19,30,21.400000000000002,0,0,0,0.28,302,2.6
2018,5,21,20,30,20.5,0,0,0,0.28,309,2.5
2018,5,21,21,30,19.8,0,0,0,0.28,314,1.9000000000000001
2018,5,21,22,30,19.700000000000003,0,0,0,0.28,322,1.3
2018,5,21,23,30,19.900000000000002,0,0,0,0.28,332,0.9
2018,5,22,0,30,19.8,0,0,0,0.28,170,0.8
2018,5,22,1,30,19.5,0,0,0,0.28,18,0.9
2018,5,22,2,30,19,0,0,0,0.28,44,0.9
2018,5,22,3,30,18.5,0,0,0,0.28,54,0.9
2018,5,22,4,30,18.8,4,0,4,0.28,47,0.9
2018,5,22,5,30,20.900000000000002,96,22,100,0.28,46,1.3
2018,5,22,6,30,23.5,198,218,282,0.28,72,1.8
2018,5,22,7,30,25.5,187,552,501,0.28,107,2
2018,5,22,8,30,27,144,802,727,0.28,133,2.2
2018,5,22,9,30,28.200000000000003,411,393,745,0.28,149,2.3000000000000003
2018,5,22,10,30,29.1,189,819,951,0.28,162,2.3000000000000003
2018,5,22,11,30,29.5,157,885,1008,0.28,173,2.3000000000000003
2018,5,22,12,30,29.700000000000003,313,608,885,0.28,180,2.1
2018,5,22,13,30,29.700000000000003,427,232,629,0.28,181,1.9000000000000001
2018,5,22,14,30,29.6,357,177,490,0.28,175,1.8
2018,5,22,15,30,29.200000000000003,176,627,553,0.28,168,1.7000000000000002
2018,5,22,16,30,28.5,123,577,366,0.28,162,1.7000000000000002
2018,5,22,17,30,26.900000000000002,89,335,165,0.28,151,1.2000000000000002
2018,5,22,18,30,25.1,13,0,13,0.28,136,0.9
2018,5,22,19,30,23.900000000000002,0,0,0,0.28,129,1.1
2018,5,22,20,30,23,0,0,0,0.28,130,1.2000000000000002
2018,5,22,21,30,22.200000000000003,0,0,0,0.28,136,1.3
2018,5,22,22,30,21.6,0,0,0,0.28,145,1.2000000000000002
2018,5,22,23,30,21,0,0,0,0.28,165,1.1
2018,5,23,0,30,20.5,0,0,0,0.28,191,1
2018,5,23,1,30,20,0,0,0,0.28,214,0.8
2018,5,23,2,30,19.6,0,0,0,0.28,226,0.7000000000000001
2018,5,23,3,30,19.400000000000002,0,0,0,0.28,163,0.6000000000000001
2018,5,23,4,30,20,7,24,7,0.28,102,0.9
2018,5,23,5,30,22.1,61,403,138,0.28,118,1.9000000000000001
2018,5,23,6,30,24.8,91,639,338,0.28,138,2.9000000000000004
2018,5,23,7,30,27,111,762,545,0.28,147,3.5
2018,5,23,8,30,28.700000000000003,124,834,732,0.28,146,3.8000000000000003
2018,5,23,9,30,30.1,134,878,882,0.28,145,3.9000000000000004
2018,5,23,10,30,31.1,140,904,982,0.28,144,4
2018,5,23,11,30,31.900000000000002,138,919,1022,0.28,145,4
2018,5,23,12,30,32.4,133,922,1001,0.28,146,4
2018,5,23,13,30,32.6,125,912,919,0.28,148,4
2018,5,23,14,30,32.4,114,885,782,0.28,150,4
2018,5,23,15,30,31.8,100,832,601,0.28,152,3.8000000000000003
2018,5,23,16,30,30.8,83,735,394,0.28,153,3.5
2018,5,23,17,30,28.400000000000002,59,544,184,0.28,151,2.4000000000000004
2018,5,23,18,30,25.3,18,114,22,0.28,151,1.4000000000000001
2018,5,23,19,30,23.6,0,0,0,0.28,160,1.4000000000000001
2018,5,23,20,30,22.6,0,0,0,0.28,174,1.4000000000000001
2018,5,23,21,30,21.700000000000003,0,0,0,0.28,189,1.4000000000000001
2018,5,23,22,30,20.900000000000002,0,0,0,0.28,202,1.4000000000000001
2018,5,23,23,30,20.1,0,0,0,0.28,211,1.4000000000000001
2018,5,24,0,30,19.5,0,0,0,0.28,218,1.3
2018,5,24,1,30,19.200000000000003,0,0,0,0.28,223,1.2000000000000002
2018,5,24,2,30,19.1,0,0,0,0.28,227,1.1
2018,5,24,3,30,19.200000000000003,0,0,0,0.28,228,0.8
2018,5,24,4,30,20,8,48,8,0.28,159,0.6000000000000001
2018,5,24,5,30,22.400000000000002,52,497,148,0.28,108,1.3
2018,5,24,6,30,25.5,78,711,354,0.28,133,2.7
2018,5,24,7,30,27.900000000000002,95,818,562,0.28,141,3.6
2018,5,24,8,30,29.5,109,879,750,0.28,141,3.9000000000000004
2018,5,24,9,30,30.900000000000002,117,918,900,0.28,143,4.1000000000000005
2018,5,24,10,30,32.1,119,944,999,0.28,146,4.2
2018,5,24,11,30,33,120,952,1037,0.28,149,4.3
2018,5,24,12,30,33.7,125,939,1010,0.28,153,4.4
2018,5,24,13,30,34,128,912,923,0.28,156,4.5
2018,5,24,14,30,34,119,879,784,0.28,160,4.6000000000000005
2018,5,24,15,30,33.5,108,820,603,0.28,164,4.7
2018,5,24,16,30,32.4,91,715,395,0.28,168,4.6000000000000005
2018,5,24,17,30,29.700000000000003,65,517,185,0.28,170,3.3000000000000003
2018,5,24,18,30,26.3,18,96,22,0.28,173,2.1
2018,5,24,19,30,24.3,0,0,0,0.28,177,2
2018,5,24,20,30,23.3,0,0,0,0.28,183,2
2018,5,24,21,30,22.200000000000003,0,0,0,0.28,192,1.9000000000000001
2018,5,24,22,30,21.3,0,0,0,0.28,203,1.8
2018,5,24,23,30,20.400000000000002,0,0,0,0.28,213,1.6
2018,5,25,0,30,19.6,0,0,0,0.28,218,1.3
2018,5,25,1,30,19.200000000000003,0,0,0,0.28,215,1.2000000000000002
2018,5,25,2,30,18.8,0,0,0,0.28,210,1.3
2018,5,25,3,30,18.3,0,0,0,0.28,207,1.4000000000000001
2018,5,25,4,30,19.5,8,28,8,0.28,203,1.6
2018,5,25,5,30,22.6,61,425,144,0.28,195,2.8000000000000003
2018,5,25,6,30,25.5,91,658,347,0.28,183,4.6000000000000005
2018,5,25,7,30,27.5,110,780,556,0.28,175,5.7
2018,5,25,8,30,29.200000000000003,121,853,744,0.28,174,6.300000000000001
2018,5,25,9,30,30.700000000000003,125,904,897,0.28,176,6.6000000000000005
2018,5,25,10,30,31.900000000000002,124,935,997,0.28,180,6.800000000000001
2018,5,25,11,30,32.800000000000004,126,946,1038,0.28,185,6.9
2018,5,25,12,30,33.300000000000004,125,944,1015,0.28,192,7
2018,5,25,13,30,33.4,120,930,932,0.28,200,7.1000000000000005
2018,5,25,14,30,32.9,114,895,792,0.28,207,7.2
2018,5,25,15,30,31.900000000000002,105,835,611,0.28,214,7.1000000000000005
2018,5,25,16,30,30.3,92,722,400,0.28,220,6.6000000000000005
2018,5,25,17,30,27.900000000000002,68,514,188,0.28,228,5.300000000000001
2018,5,25,18,30,24.8,19,97,23,0.28,237,3.4000000000000004
2018,5,25,19,30,22.400000000000002,0,0,0,0.28,244,2.3000000000000003
2018,5,25,20,30,21.1,0,0,0,0.28,249,2
2018,5,25,21,30,20,0,0,0,0.28,251,2.1
2018,5,25,22,30,19,0,0,0,0.28,254,2.1
2018,5,25,23,30,17.900000000000002,0,0,0,0.28,257,1.9000000000000001
2018,5,26,0,30,16.7,0,0,0,0.28,257,1.6
2018,5,26,1,30,15.700000000000001,0,0,0,0.28,251,1.4000000000000001
2018,5,26,2,30,14.9,0,0,0,0.28,245,1.4000000000000001
2018,5,26,3,30,14.100000000000001,0,0,0,0.28,244,1.3
2018,5,26,4,30,14.8,9,45,9,0.28,246,1.8
2018,5,26,5,30,17.2,56,496,153,0.28,245,2.5
2018,5,26,6,30,20,80,719,361,0.28,215,2.7
2018,5,26,7,30,22.6,97,829,572,0.28,180,3.2
2018,5,26,8,30,24.5,109,888,758,0.28,171,3.8000000000000003
2018,5,26,9,30,26,125,913,905,0.28,172,4
2018,5,26,10,30,27.3,141,918,998,0.28,175,4
2018,5,26,11,30,28.3,140,928,1035,0.28,180,3.8000000000000003
2018,5,26,12,30,28.900000000000002,147,907,1003,0.28,186,3.8000000000000003
2018,5,26,13,30,29.1,186,823,905,0.28,192,3.7
2018,5,26,14,30,28.8,320,559,744,0.28,198,3.5
2018,5,26,15,30,28.3,138,740,587,0.28,204,3.2
2018,5,26,16,30,27.3,116,621,382,0.28,210,2.9000000000000004
2018,5,26,17,30,25.3,81,406,177,0.28,213,2.1
2018,5,26,18,30,22.6,19,53,21,0.28,216,1.4000000000000001
2018,5,26,19,30,21.1,0,0,0,0.28,226,1.4000000000000001
2018,5,26,20,30,20.400000000000002,0,0,0,0.28,239,1.8
2018,5,26,21,30,19.900000000000002,0,0,0,0.28,250,2.1
2018,5,26,22,30,19.200000000000003,0,0,0,0.28,262,2.2
2018,5,26,23,30,18.5,0,0,0,0.28,274,2.1
2018,5,27,0,30,18,0,0,0,0.28,286,2.1
2018,5,27,1,30,17.5,0,0,0,0.28,295,2
2018,5,27,2,30,17,0,0,0,0.28,301,1.8
2018,5,27,3,30,16.400000000000002,0,0,0,0.28,306,1.6
2018,5,27,4,30,17.2,7,16,7,0.28,313,1.8
2018,5,27,5,30,19.8,68,354,138,0.28,331,2.3000000000000003
2018,5,27,6,30,22.900000000000002,205,185,277,0.28,188,2.2
2018,5,27,7,30,25.3,243,420,484,0.28,58,1.8
2018,5,27,8,30,27,162,768,724,0.28,99,1.7000000000000002
2018,5,27,9,30,28.3,385,477,793,0.28,120,1.8
2018,5,27,10,30,29.400000000000002,180,832,958,0.28,128,1.8
2018,5,27,11,30,30.200000000000003,177,860,1007,0.28,129,1.7000000000000002
2018,5,27,12,30,30.700000000000003,310,546,826,0.28,130,1.6
2018,5,27,13,30,30.8,267,661,845,0.28,128,1.4000000000000001
2018,5,27,14,30,30.5,153,805,765,0.28,121,1
2018,5,27,15,30,30,138,734,585,0.28,231,0.7000000000000001
2018,5,27,16,30,29.200000000000003,113,593,368,0.28,340,0.9
2018,5,27,17,30,27.700000000000003,128,110,154,0.28,335,1
2018,5,27,18,30,25.8,17,0,17,0.28,337,0.8
2018,5,27,19,30,24.3,0,0,0,0.28,340,0.9
2018,5,27,20,30,22.900000000000002,0,0,0,0.28,347,1.3
2018,5,27,21,30,21.700000000000003,0,0,0,0.28,351,1.9000000000000001
2018,5,27,22,30,20.6,0,0,0,0.28,349,2.2
2018,5,27,23,30,19.5,0,0,0,0.28,344,1.9000000000000001
2018,5,28,0,30,18.6,0,0,0,0.28,338,1.7000000000000002
2018,5,28,1,30,18,0,0,0,0.28,334,1.6
2018,5,28,2,30,17.6,0,0,0,0.28,332,1.6
2018,5,28,3,30,17.400000000000002,0,0,0,0.28,331,1.5
2018,5,28,4,30,18.7,8,54,9,0.28,329,2
2018,5,28,5,30,21.700000000000003,52,485,148,0.28,335,3.3000000000000003
2018,5,28,6,30,24.400000000000002,75,697,349,0.28,342,4.1000000000000005
2018,5,28,7,30,26.6,91,806,554,0.28,340,3.9000000000000004
2018,5,28,8,30,28.400000000000002,101,871,739,0.28,333,3.6
2018,5,28,9,30,30,118,893,882,0.28,326,3.4000000000000004
2018,5,28,10,30,31.400000000000002,140,891,973,0.28,322,3.3000000000000003
2018,5,28,11,30,32.4,176,845,992,0.28,321,3.3000000000000003
2018,5,28,12,30,33.2,138,901,990,0.28,324,3.3000000000000003
2018,5,28,13,30,33.6,123,898,910,0.28,329,3.4000000000000004
2018,5,28,14,30,33.6,115,862,772,0.28,336,3.4000000000000004
2018,5,28,15,30,33.2,105,801,594,0.28,344,3.4000000000000004
2018,5,28,16,30,32.300000000000004,89,698,391,0.28,351,3.4000000000000004
2018,5,28,17,30,30.1,64,508,186,0.28,179,2.6
2018,5,28,18,30,27.400000000000002,20,113,26,0.28,6,1.6
2018,5,28,19,30,25.6,0,0,0,0.28,14,1.4000000000000001
2018,5,28,20,30,24.6,0,0,0,0.28,22,1.5
2018,5,28,21,30,23.5,0,0,0,0.28,32,1.7000000000000002
2018,5,28,22,30,22.400000000000002,0,0,0,0.28,39,1.8
2018,5,28,23,30,21.400000000000002,0,0,0,0.28,40,1.6
2018,5,29,0,30,20.400000000000002,0,0,0,0.28,29,1.4000000000000001
2018,5,29,1,30,19.700000000000003,0,0,0,0.28,189,1.3
2018,5,29,2,30,19,0,0,0,0.28,355,1.3
2018,5,29,3,30,18.6,0,0,0,0.28,351,1.4000000000000001
2018,5,29,4,30,19.8,9,56,10,0.28,350,1.8
2018,5,29,5,30,23,52,503,153,0.28,180,2.4000000000000004
2018,5,29,6,30,26.3,76,715,357,0.28,24,2.6
2018,5,29,7,30,29,92,821,564,0.28,48,2.2
2018,5,29,8,30,31,105,880,750,0.28,63,1.6
2018,5,29,9,30,32.6,111,918,897,0.28,80,1.1
2018,5,29,10,30,33.9,113,941,994,0.28,120,0.7000000000000001
2018,5,29,11,30,35,116,946,1031,0.28,174,0.7000000000000001
2018,5,29,12,30,35.7,124,930,1004,0.28,200,0.8
2018,5,29,13,30,36.1,170,823,892,0.28,198,0.9
2018,5,29,14,30,36,308,454,654,0.28,189,1
2018,5,29,15,30,35.5,152,701,581,0.28,182,1.2000000000000002
2018,5,29,16,30,34.5,96,684,393,0.28,177,1.4000000000000001
2018,5,29,17,30,32.4,117,249,177,0.28,170,1.3
2018,5,29,18,30,29.700000000000003,22,99,27,0.28,164,1.2000000000000002
2018,5,29,19,30,28.1,0,0,0,0.28,166,1.2000000000000002
2018,5,29,20,30,27.200000000000003,0,0,0,0.28,173,1.2000000000000002
2018,5,29,21,30,26.6,0,0,0,0.28,177,1.1
2018,5,29,22,30,26.200000000000003,0,0,0,0.28,175,1
2018,5,29,23,30,25.700000000000003,0,0,0,0.28,164,0.9
2018,5,30,0,30,25.200000000000003,0,0,0,0.28,148,0.8
2018,5,30,1,30,24.700000000000003,0,0,0,0.28,126,0.8
2018,5,30,2,30,24.200000000000003,0,0,0,0.28,107,0.8
2018,5,30,3,30,23.6,0,0,0,0.28,107,0.9
2018,5,30,4,30,24.1,9,30,9,0.28,121,1.1
2018,5,30,5,30,26.3,64,400,144,0.28,140,2
2018,5,30,6,30,29.200000000000003,94,626,341,0.28,158,3.4000000000000004
2018,5,30,7,30,31.900000000000002,149,638,517,0.28,170,4.5
2018,5,30,8,30,33.9,182,696,693,0.28,173,5.300000000000001
2018,5,30,9,30,35.4,129,874,878,0.28,174,5.9
2018,5,30,10,30,36.5,126,910,978,0.28,176,6.5
2018,5,30,11,30,37.1,133,914,1017,0.28,179,6.800000000000001
2018,5,30,12,30,37.300000000000004,135,907,994,0.28,182,7
2018,5,30,13,30,37.2,132,890,913,0.28,185,7.2
2018,5,30,14,30,36.800000000000004,122,858,778,0.28,187,7.2
2018,5,30,15,30,36.1,109,804,602,0.28,189,7.2
2018,5,30,16,30,34.9,90,711,400,0.28,191,7
2018,5,30,17,30,32.9,65,528,194,0.28,191,6
2018,5,30,18,30,30.400000000000002,22,129,29,0.28,191,4.6000000000000005
2018,5,30,19,30,28.6,0,0,0,0.28,194,4
2018,5,30,20,30,27.5,0,0,0,0.28,203,3.9000000000000004
2018,5,30,21,30,26.3,0,0,0,0.28,213,3.5
2018,5,30,22,30,25,0,0,0,0.28,222,3.1
2018,5,30,23,30,23.700000000000003,0,0,0,0.28,226,2.7
2018,5,31,0,30,22.5,0,0,0,0.28,224,2.2
2018,5,31,1,30,21.5,0,0,0,0.28,220,2
2018,5,31,2,30,20.6,0,0,0,0.28,216,2
2018,5,31,3,30,19.900000000000002,0,0,0,0.28,214,2
2018,5,31,4,30,20.6,9,12,9,0.28,212,2.9000000000000004
2018,5,31,5,30,22.900000000000002,78,337,146,0.28,210,4.3
2018,5,31,6,30,25.400000000000002,78,719,362,0.28,204,5.5
2018,5,31,7,30,27.6,95,822,569,0.28,199,6.4
2018,5,31,8,30,29.6,108,880,754,0.28,200,7.1000000000000005
2018,5,31,9,30,31.400000000000002,112,921,902,0.28,204,7.6000000000000005
2018,5,31,10,30,32.800000000000004,115,945,1000,0.28,208,8
2018,5,31,11,30,33.800000000000004,118,950,1038,0.28,211,8.200000000000001
2018,5,31,12,30,34.300000000000004,203,768,931,0.28,213,8.4
2018,5,31,13,30,34.300000000000004,448,100,536,0.28,216,8.5
2018,5,31,14,30,33.9,325,428,652,0.28,218,8.5
2018,5,31,15,30,33,110,812,609,0.28,220,8.4
2018,5,31,16,30,34.9,90,725,408,0.29,4,2.5
2018,5,31,17,30,32.6,63,551,199,0.29,7,1.6
2018,5,31,18,30,30.3,21,162,30,0.29,5,1
2018,5,31,19,30,29.200000000000003,0,0,0,0.29,178,1.1
2018,5,31,20,30,27.8,0,0,0,0.29,183,1.2000000000000002
2018,5,31,21,30,26,0,0,0,0.29,19,1.5
2018,5,31,22,30,24.400000000000002,0,0,0,0.29,32,1.7000000000000002
2018,5,31,23,30,22.8,0,0,0,0.29,32,1.8
2016,6,1,0,30,21.6,0,0,0,0.29,24,1.9000000000000001
2016,6,1,1,30,20.6,0,0,0,0.29,16,1.9000000000000001
2016,6,1,2,30,19.700000000000003,0,0,0,0.29,11,1.9000000000000001
2016,6,1,3,30,19.1,0,0,0,0.29,10,1.9000000000000001
2016,6,1,4,30,20.400000000000002,0,0,0,0.29,11,2.3000000000000003
2016,6,1,5,30,23.6,53,525,159,0.29,14,3.2
2016,6,1,6,30,27.3,77,734,367,0.29,29,3.9000000000000004
2016,6,1,7,30,30.400000000000002,93,840,578,0.29,44,4
2016,6,1,8,30,32.7,104,906,770,0.29,45,3.4000000000000004
2016,6,1,9,30,34.5,112,942,919,0.29,38,2.7
2016,6,1,10,30,35.9,125,952,1018,0.29,21,2.1
2016,6,1,11,30,37,126,960,1057,0.29,178,1.9000000000000001
2016,6,1,12,30,37.9,125,960,1037,0.29,339,1.9000000000000001
2016,6,1,13,30,38.300000000000004,125,937,950,0.29,330,1.9000000000000001
2016,6,1,14,30,38.300000000000004,117,900,807,0.29,325,1.8
2016,6,1,15,30,37.9,106,842,625,0.29,321,1.8
2016,6,1,16,30,36.9,89,746,417,0.29,318,1.4000000000000001
2016,6,1,17,30,34.7,64,564,204,0.29,304,0.9
2016,6,1,18,30,32.300000000000004,22,166,32,0.29,271,0.7000000000000001
2016,6,1,19,30,30.700000000000003,0,0,0,0.29,244,0.9
2016,6,1,20,30,29.3,0,0,0,0.29,239,1.1
2016,6,1,21,30,28,0,0,0,0.29,240,1.2000000000000002
2016,6,1,22,30,27.1,0,0,0,0.29,243,1.2000000000000002
2016,6,1,23,30,26.3,0,0,0,0.29,246,1.2000000000000002
2016,6,2,0,30,25.5,0,0,0,0.29,252,1.1
2016,6,2,1,30,24.8,0,0,0,0.29,267,1
2016,6,2,2,30,23.900000000000002,0,0,0,0.29,300,0.9
2016,6,2,3,30,23,0,0,0,0.29,339,1
2016,6,2,4,30,23.3,0,0,0,0.29,184,1.1
2016,6,2,5,30,26,58,484,156,0.29,20,1.5
2016,6,2,6,30,29.6,87,698,363,0.29,43,1.9000000000000001
2016,6,2,7,30,32.6,107,808,574,0.29,74,1.5
2016,6,2,8,30,35.2,120,873,762,0.29,108,1.4000000000000001
2016,6,2,9,30,37.2,129,912,912,0.29,135,1.8
2016,6,2,10,30,38.7,127,949,1017,0.29,149,2.3000000000000003
2016,6,2,11,30,39.7,127,959,1057,0.29,158,2.7
2016,6,2,12,30,40.300000000000004,125,957,1033,0.29,164,2.9000000000000004
2016,6,2,13,30,40.5,144,904,940,0.29,170,3
2016,6,2,14,30,40.2,136,865,801,0.29,175,2.8000000000000003
2016,6,2,15,30,39.5,124,802,619,0.29,183,2.6
2016,6,2,16,30,38.2,104,695,411,0.28,189,2
2016,6,2,17,30,35.5,74,498,199,0.28,189,1.2000000000000002
2016,6,2,18,30,33,23,118,30,0.28,191,1
2016,6,2,19,30,31.700000000000003,0,0,0,0.28,205,1.1
2016,6,2,20,30,30.6,0,0,0,0.28,223,1.2000000000000002
2016,6,2,21,30,29.5,0,0,0,0.28,240,1.2000000000000002
2016,6,2,22,30,28.3,0,0,0,0.28,257,1.3
2016,6,2,23,30,27.200000000000003,0,0,0,0.28,272,1.3
2016,6,3,0,30,26.3,0,0,0,0.28,286,1.3
2016,6,3,1,30,25.3,0,0,0,0.28,300,1.2000000000000002
2016,6,3,2,30,24.200000000000003,0,0,0,0.28,316,1.3
2016,6,3,3,30,23.200000000000003,0,0,0,0.28,333,1.4000000000000001
2016,6,3,4,30,23.900000000000002,9,37,10,0.28,347,1.7000000000000002
2016,6,3,5,30,26.900000000000002,58,473,155,0.28,181,2.7
2016,6,3,6,30,30.400000000000002,87,690,361,0.28,21,3.5
2016,6,3,7,30,33.5,106,804,570,0.28,39,3.3000000000000003
2016,6,3,8,30,36,120,869,759,0.28,50,2.9000000000000004
2016,6,3,9,30,38,130,906,908,0.28,65,2.2
2016,6,3,10,30,39.5,156,897,998,0.28,87,1.7000000000000002
2016,6,3,11,30,40.5,161,904,1038,0.28,113,1.6
2016,6,3,12,30,41,161,896,1013,0.28,133,1.6
2016,6,3,13,30,41.1,154,880,930,0.28,144,1.7000000000000002
2016,6,3,14,30,40.800000000000004,145,841,792,0.28,146,1.7000000000000002
2016,6,3,15,30,40.2,130,777,611,0.28,142,1.7000000000000002
2016,6,3,16,30,38.900000000000006,109,675,407,0.28,136,1.5
2016,6,3,17,30,36.2,76,486,198,0.28,135,1.1
2016,6,3,18,30,33.6,23,128,30,0.28,142,1
2016,6,3,19,30,32.7,0,0,0,0.28,159,1.1
2016,6,3,20,30,32.300000000000004,0,0,0,0.28,184,1
2016,6,3,21,30,31.700000000000003,0,0,0,0.28,211,0.9
2016,6,3,22,30,30.700000000000003,0,0,0,0.28,250,0.7000000000000001
2016,6,3,23,30,29.1,0,0,0,0.28,138,0.8
2016,6,4,0,30,27,0,0,0,0.28,7,1.2000000000000002
2016,6,4,1,30,25,0,0,0,0.28,15,1.6
2016,6,4,2,30,23.5,0,0,0,0.28,16,1.7000000000000002
2016,6,4,3,30,22.6,0,0,0,0.28,16,1.8
2016,6,4,4,30,23.900000000000002,9,42,10,0.28,15,2.3000000000000003
2016,6,4,5,30,27.3,60,466,155,0.28,16,3.4000000000000004
2016,6,4,6,30,31.400000000000002,89,684,360,0.28,28,4.1000000000000005
2016,6,4,7,30,35.2,106,804,571,0.28,49,4.1000000000000005
2016,6,4,8,30,38,117,873,760,0.28,66,3.7
2016,6,4,9,30,39.900000000000006,124,914,910,0.28,79,3.2
2016,6,4,10,30,41.300000000000004,139,921,1004,0.28,92,2.6
2016,6,4,11,30,42.2,141,929,1043,0.28,108,2
2016,6,4,12,30,42.6,140,924,1019,0.28,124,1.6
2016,6,4,13,30,42.7,133,910,936,0.28,139,1.4000000000000001
2016,6,4,14,30,42.400000000000006,124,877,799,0.28,153,1.3
2016,6,4,15,30,41.7,111,821,620,0.28,163,1.2000000000000002
2016,6,4,16,30,40.400000000000006,93,726,415,0.28,156,0.9
2016,6,4,17,30,38,66,552,206,0.28,117,0.7000000000000001
2016,6,4,18,30,35.7,22,192,34,0.28,85,0.7000000000000001
2016,6,4,19,30,34.7,0,0,0,0.28,87,0.8
2016,6,4,20,30,34.2,0,0,0,0.28,102,0.7000000000000001
2016,6,4,21,30,33.5,0,0,0,0.28,125,0.7000000000000001
2016,6,4,22,30,32.4,0,0,0,0.28,157,0.7000000000000001
2016,6,4,23,30,30.900000000000002,0,0,0,0.28,197,0.7000000000000001
2016,6,5,0,30,29.6,0,0,0,0.28,238,0.7000000000000001
2016,6,5,1,30,28.400000000000002,0,0,0,0.28,271,0.9
2016,6,5,2,30,27.200000000000003,0,0,0,0.28,300,0.9
2016,6,5,3,30,26.200000000000003,0,0,0,0.28,329,1
2016,6,5,4,30,26.6,10,81,11,0.28,176,1
2016,6,5,5,30,29,53,519,160,0.28,34,1.2000000000000002
2016,6,5,6,30,32.6,80,718,365,0.28,93,1.8
2016,6,5,7,30,36,98,827,576,0.28,136,2.7
2016,6,5,8,30,38.5,108,892,765,0.28,148,3.7
2016,6,5,9,30,40.2,114,932,915,0.28,155,4.5
2016,6,5,10,30,41.400000000000006,120,950,1012,0.28,161,4.9
2016,6,5,11,30,42.400000000000006,123,960,1054,0.28,169,5.300000000000001
2016,6,5,12,30,43,120,956,1031,0.28,177,5.5
2016,6,5,13,30,43.2,155,856,912,0.28,187,5.6000000000000005
2016,6,5,14,30,42.800000000000004,130,870,800,0.28,197,5.7
2016,6,5,15,30,41.900000000000006,114,817,622,0.28,208,5.800000000000001
2016,6,5,16,30,40.400000000000006,92,728,416,0.28,217,5.5
2016,6,5,17,30,37.1,125,220,181,0.28,226,3.8000000000000003
2016,6,5,18,30,33,23,214,36,0.28,237,2.1
2016,6,5,19,30,30.6,0,0,0,0.28,248,1.6
2016,6,5,20,30,29.5,0,0,0,0.28,256,1.5
2016,6,5,21,30,28.6,0,0,0,0.28,261,1.5
2016,6,5,22,30,27.700000000000003,0,0,0,0.28,265,1.5
2016,6,5,23,30,27,0,0,0,0.28,271,1.4000000000000001
2016,6,6,0,30,26.6,0,0,0,0.28,282,1.3
2016,6,6,1,30,26.200000000000003,0,0,0,0.28,297,1.2000000000000002
2016,6,6,2,30,25.6,0,0,0,0.28,311,1.1
2016,6,6,3,30,24.900000000000002,0,0,0,0.28,326,1.1
2016,6,6,4,30,25.400000000000002,10,87,12,0.28,341,1
2016,6,6,5,30,28,51,550,164,0.28,180,1.3
2016,6,6,6,30,31.6,74,747,371,0.28,59,1.8
2016,6,6,7,30,34.5,90,849,581,0.28,118,2.4000000000000004
2016,6,6,8,30,36.300000000000004,102,907,770,0.28,136,3
2016,6,6,9,30,37.7,109,942,919,0.28,143,3.3000000000000003
2016,6,6,10,30,38.800000000000004,126,944,1012,0.28,146,3.5
2016,6,6,11,30,39.6,129,946,1048,0.28,147,3.5
2016,6,6,12,30,40.2,127,943,1025,0.28,148,3.5
2016,6,6,13,30,40.400000000000006,119,933,944,0.28,149,3.4000000000000004
2016,6,6,14,30,40.300000000000004,112,901,807,0.28,152,3.2
2016,6,6,15,30,39.800000000000004,101,847,628,0.28,156,2.9000000000000004
2016,6,6,16,30,38.800000000000004,85,755,422,0.28,163,2.5
2016,6,6,17,30,36,63,583,212,0.28,173,1.6
2016,6,6,18,30,32.5,23,214,37,0.28,191,1.2000000000000002
2016,6,6,19,30,30.5,0,0,0,0.28,212,1.3
2016,6,6,20,30,29.200000000000003,0,0,0,0.28,227,1.3
2016,6,6,21,30,28.1,0,0,0,0.28,240,1.4000000000000001
2016,6,6,22,30,27.1,0,0,0,0.28,250,1.4000000000000001
2016,6,6,23,30,26.200000000000003,0,0,0,0.28,260,1.4000000000000001
2016,6,7,0,30,25.5,0,0,0,0.28,271,1.3
2016,6,7,1,30,24.900000000000002,0,0,0,0.28,283,1.2000000000000002
2016,6,7,2,30,24.3,0,0,0,0.28,294,1.1
2016,6,7,3,30,23.900000000000002,0,0,0,0.28,308,1
2016,6,7,4,30,24.8,9,59,10,0.28,331,0.9
2016,6,7,5,30,27.900000000000002,56,483,156,0.28,183,1.3
2016,6,7,6,30,31.3,85,687,359,0.28,42,1.8
2016,6,7,7,30,34.1,105,794,565,0.28,79,1.9000000000000001
2016,6,7,8,30,36.2,120,854,749,0.28,99,2
2016,6,7,9,30,37.9,130,891,896,0.28,107,2.1
2016,6,7,10,30,39.2,141,904,991,0.28,115,2.1
2016,6,7,11,30,40.2,145,910,1029,0.28,124,2.2
2016,6,7,12,30,40.900000000000006,146,901,1005,0.28,132,2.3000000000000003
2016,6,7,13,30,41.2,167,842,912,0.28,140,2.4000000000000004
2016,6,7,14,30,41.1,160,795,775,0.28,149,2.6
2016,6,7,15,30,40.6,144,725,596,0.28,160,2.7
2016,6,7,16,30,39.5,119,618,396,0.28,171,2.7
2016,6,7,17,30,36.7,135,173,180,0.28,180,2
2016,6,7,18,30,33.300000000000004,26,0,26,0.28,195,1.4000000000000001
2016,6,7,19,30,31.5,0,0,0,0.28,214,1.6
2016,6,7,20,30,30.5,0,0,0,0.28,228,1.7000000000000002
2016,6,7,21,30,29.6,0,0,0,0.28,237,1.7000000000000002
2016,6,7,22,30,28.700000000000003,0,0,0,0.28,244,1.6
2016,6,7,23,30,28,0,0,0,0.28,254,1.6
2016,6,8,0,30,27.400000000000002,0,0,0,0.28,267,1.4000000000000001
2016,6,8,1,30,26.900000000000002,0,0,0,0.28,281,1.3
2016,6,8,2,30,26.200000000000003,0,0,0,0.28,298,1.1
2016,6,8,3,30,25.8,0,0,0,0.28,315,1
2016,6,8,4,30,26.6,9,33,10,0.28,162,0.9
2016,6,8,5,30,29.200000000000003,61,428,150,0.28,26,1.2000000000000002
2016,6,8,6,30,32.4,91,652,350,0.28,79,1.7000000000000002
2016,6,8,7,30,35.2,108,774,556,0.28,114,2
2016,6,8,8,30,37.300000000000004,120,844,741,0.28,126,2.5
2016,6,8,9,30,39,128,886,890,0.28,136,2.9000000000000004
2016,6,8,10,30,40.300000000000004,134,907,986,0.28,145,3.4000000000000004
2016,6,8,11,30,41.300000000000004,139,909,1022,0.28,155,3.8000000000000003
2016,6,8,12,30,42,141,899,998,0.28,169,4.2
2016,6,8,13,30,42.300000000000004,397,397,748,0.28,185,4.7
2016,6,8,14,30,42,373,74,431,0.28,200,5.2
2016,6,8,15,30,41.300000000000004,235,519,559,0.28,210,5.6000000000000005
2016,6,8,16,30,40.2,206,63,234,0.28,215,5.7
2016,6,8,17,30,37.9,136,125,168,0.28,214,4.800000000000001
2016,6,8,18,30,34.800000000000004,28,1,28,0.28,210,3.3000000000000003
2016,6,8,19,30,32.4,0,0,0,0.28,207,2.7
2016,6,8,20,30,30.900000000000002,0,0,0,0.28,208,2.4000000000000004
2016,6,8,21,30,29.6,0,0,0,0.28,213,2.1
2016,6,8,22,30,28.3,0,0,0,0.28,217,1.9000000000000001
2016,6,8,23,30,27.200000000000003,0,0,0,0.28,221,1.7000000000000002
2016,6,9,0,30,26.3,0,0,0,0.28,220,1.7000000000000002
2016,6,9,1,30,25.6,0,0,0,0.28,214,1.7000000000000002
2016,6,9,2,30,25,0,0,0,0.28,205,1.8
2016,6,9,3,30,24.6,0,0,0,0.28,198,2
2016,6,9,4,30,25.5,7,0,7,0.28,194,2.5
2016,6,9,5,30,28.1,107,136,135,0.28,193,3.9000000000000004
2016,6,9,6,30,31.400000000000002,73,743,369,0.28,194,5.7
2016,6,9,7,30,34.300000000000004,90,837,574,0.28,195,6.6000000000000005
2016,6,9,8,30,36.300000000000004,103,888,757,0.28,195,6.800000000000001
2016,6,9,9,30,37.9,113,920,904,0.28,194,6.9
2016,6,9,10,30,39.2,115,941,1000,0.28,193,7.1000000000000005
2016,6,9,11,30,40.2,216,801,995,0.28,193,7.4
2016,6,9,12,30,40.7,479,162,634,0.28,192,7.6000000000000005
2016,6,9,13,30,40.800000000000004,11,813,732,0.28,192,7.9
2016,6,9,14,30,40.400000000000006,379,219,549,0.28,193,8
2016,6,9,15,30,39.6,280,52,312,0.28,193,7.800000000000001
2016,6,9,16,30,38.400000000000006,221,69,252,0.28,194,7.4
2016,6,9,17,30,36.4,133,77,154,0.28,191,6.300000000000001
2016,6,9,18,30,33.9,30,3,30,0.28,189,5.2
2016,6,9,19,30,31.900000000000002,0,0,0,0.28,189,4.5
2016,6,9,20,30,30.400000000000002,0,0,0,0.28,193,3.8000000000000003
2016,6,9,21,30,28.900000000000002,0,0,0,0.28,197,3.1
2016,6,9,22,30,27.400000000000002,0,0,0,0.28,201,2.5
2016,6,9,23,30,26.200000000000003,0,0,0,0.28,203,2.1
2016,6,10,0,30,25.400000000000002,0,0,0,0.28,203,2.1
2016,6,10,1,30,24.700000000000003,0,0,0,0.28,204,2
2016,6,10,2,30,23.700000000000003,0,0,0,0.28,202,1.9000000000000001
2016,6,10,3,30,23,0,0,0,0.28,195,1.8
2016,6,10,4,30,23.900000000000002,5,0,5,0.28,185,2.2
2016,6,10,5,30,26.3,113,70,128,0.28,180,3.4000000000000004
2016,6,10,6,30,29.1,195,204,276,0.28,181,4.6000000000000005
2016,6,10,7,30,31.5,262,9,267,0.28,180,5.1000000000000005
2016,6,10,8,30,33.300000000000004,121,847,744,0.28,180,5.1000000000000005
2016,6,10,9,30,35,130,880,886,0.28,182,5.1000000000000005
2016,6,10,10,30,36.5,144,887,978,0.28,184,5.2
2016,6,10,11,30,37.800000000000004,150,888,1013,0.28,186,5.300000000000001
2016,6,10,12,30,38.7,150,878,989,0.28,188,5.4
2016,6,10,13,30,39.1,329,632,889,0.28,192,5.6000000000000005
2016,6,10,14,30,38.800000000000004,150,795,766,0.28,195,5.7
2016,6,10,15,30,38.1,276,387,519,0.28,198,5.7
2016,6,10,16,30,36.9,216,44,236,0.28,201,5.300000000000001
2016,6,10,17,30,35.1,73,3,74,0.28,199,4.6000000000000005
2016,6,10,18,30,33.2,17,0,17,0.28,188,4.7
2016,6,10,19,30,31.6,0,0,0,0.28,181,6.2
2016,6,10,20,30,30,0,0,0,0.28,183,7.4
2016,6,10,21,30,28.3,0,0,0,0.28,190,7.6000000000000005
2016,6,10,22,30,26.900000000000002,0,0,0,0.28,196,6.9
2016,6,10,23,30,26,0,0,0,0.28,198,5.5
2016,6,11,0,30,25.1,0,0,0,0.28,204,4.1000000000000005
2016,6,11,1,30,23.900000000000002,0,0,0,0.28,228,2.8000000000000003
2016,6,11,2,30,22.900000000000002,0,0,0,0.28,264,2.1
2016,6,11,3,30,22.1,0,0,0,0.28,290,1.9000000000000001
2016,6,11,4,30,22.200000000000003,4,0,4,0.28,308,1.7000000000000002
2016,6,11,5,30,23.6,84,1,84,0.28,314,1.1
2016,6,11,6,30,25.8,224,49,243,0.28,247,1
2016,6,11,7,30,28,172,0,172,0.28,179,1.6
2016,6,11,8,30,30,145,778,717,0.28,169,2.3000000000000003
2016,6,11,9,30,31.900000000000002,157,819,861,0.28,160,2.9000000000000004
2016,6,11,10,30,33.300000000000004,149,865,962,0.28,155,3.5
2016,6,11,11,30,34.4,152,874,1002,0.28,154,4
2016,6,11,12,30,35.1,152,867,980,0.28,156,4.6000000000000005
2016,6,11,13,30,35.5,302,660,888,0.28,159,5.2
2016,6,11,14,30,35.6,123,842,777,0.28,164,5.6000000000000005
2016,6,11,15,30,35,111,789,606,0.28,168,5.9
2016,6,11,16,30,34,94,692,407,0.28,171,5.800000000000001
2016,6,11,17,30,32.2,70,515,205,0.28,173,4.9
2016,6,11,18,30,29.8,28,0,28,0.28,176,3.2
2016,6,11,19,30,28.1,0,0,0,0.28,178,2.3000000000000003
2016,6,11,20,30,27.1,0,0,0,0.28,180,2.2
2016,6,11,21,30,26.1,0,0,0,0.28,180,2.2
2016,6,11,22,30,25,0,0,0,0.28,180,2.1
2016,6,11,23,30,23.900000000000002,0,0,0,0.28,180,2
2016,6,12,0,30,22.8,0,0,0,0.28,179,1.7000000000000002
2016,6,12,1,30,21.900000000000002,0,0,0,0.28,176,1.6
2016,6,12,2,30,21.1,0,0,0,0.28,171,1.6
2016,6,12,3,30,20.6,0,0,0,0.28,166,1.5
2016,6,12,4,30,21.6,9,21,10,0.28,161,2.2
2016,6,12,5,30,24.1,65,410,149,0.28,158,3.7
2016,6,12,6,30,26.400000000000002,97,633,349,0.28,156,4.7
2016,6,12,7,30,28.400000000000002,117,755,554,0.28,153,5
2016,6,12,8,30,30.1,130,828,740,0.28,154,5.1000000000000005
2016,6,12,9,30,31.700000000000003,136,875,889,0.28,157,5.300000000000001
2016,6,12,10,30,33,137,906,988,0.28,160,5.4
2016,6,12,11,30,33.9,136,918,1029,0.28,165,5.6000000000000005
2016,6,12,12,30,34.5,134,915,1008,0.28,168,5.7
2016,6,12,13,30,34.7,156,857,918,0.28,171,5.800000000000001
2016,6,12,14,30,34.5,140,833,787,0.28,174,5.800000000000001
2016,6,12,15,30,33.9,120,786,615,0.28,176,5.5
2016,6,12,16,30,32.9,97,703,416,0.28,178,5
2016,6,12,17,30,30.8,69,541,212,0.28,178,3.5
2016,6,12,18,30,28,27,189,41,0.28,178,1.9000000000000001
2016,6,12,19,30,26.1,0,0,0,0.28,181,1.5
2016,6,12,20,30,25.3,0,0,0,0.28,187,1.4000000000000001
2016,6,12,21,30,24.5,0,0,0,0.28,198,1.4000000000000001
2016,6,12,22,30,23.700000000000003,0,0,0,0.28,213,1.3
2016,6,12,23,30,22.900000000000002,0,0,0,0.28,232,1.2000000000000002
2016,6,13,0,30,22.400000000000002,0,0,0,0.28,252,1.1
2016,6,13,1,30,21.900000000000002,0,0,0,0.28,278,0.9
2016,6,13,2,30,21.200000000000003,0,0,0,0.28,309,0.8
2016,6,13,3,30,20.6,0,0,0,0.28,338,0.8
2016,6,13,4,30,21.400000000000002,10,62,12,0.28,182,1
2016,6,13,5,30,24,55,492,157,0.28,31,1.5
2016,6,13,6,30,26.6,82,696,359,0.28,71,1.8
2016,6,13,7,30,28.8,99,803,564,0.28,110,1.8
2016,6,13,8,30,30.5,112,863,747,0.28,136,1.7000000000000002
2016,6,13,9,30,32,121,901,895,0.28,156,1.7000000000000002
2016,6,13,10,30,33.300000000000004,125,924,993,0.28,172,1.8
2016,6,13,11,30,34.2,127,932,1033,0.28,185,2
2016,6,13,12,30,34.800000000000004,371,612,956,0.28,195,2.2
2016,6,13,13,30,35.1,326,651,905,0.28,206,2.6
2016,6,13,14,30,35.1,302,633,795,0.28,215,3
2016,6,13,15,30,34.6,377,152,473,0.28,226,3.4000000000000004
2016,6,13,16,30,33.6,88,735,423,0.28,235,3.6
2016,6,13,17,30,31.400000000000002,64,581,218,0.28,241,2.9000000000000004
2016,6,13,18,30,28.400000000000002,26,240,44,0.28,245,1.8
2016,6,13,19,30,26.3,0,0,0,0.28,246,1.5
2016,6,13,20,30,25.3,0,0,0,0.28,245,1.6
2016,6,13,21,30,24.400000000000002,0,0,0,0.28,244,1.6
2016,6,13,22,30,23.6,0,0,0,0.28,242,1.7000000000000002
2016,6,13,23,30,22.8,0,0,0,0.28,240,1.7000000000000002
2016,6,14,0,30,22,0,0,0,0.28,240,1.6
2016,6,14,1,30,21.3,0,0,0,0.28,238,1.4000000000000001
2016,6,14,2,30,20.6,0,0,0,0.28,234,1.3
2016,6,14,3,30,20.1,0,0,0,0.28,229,1.3
2016,6,14,4,30,21.5,11,97,13,0.28,226,1.5
2016,6,14,5,30,24.700000000000003,51,532,161,0.28,220,2.6
2016,6,14,6,30,28,76,723,364,0.28,207,3.9000000000000004
2016,6,14,7,30,30.5,91,828,569,0.28,194,4.9
2016,6,14,8,30,32.300000000000004,100,896,759,0.28,186,5.5
2016,6,14,9,30,33.800000000000004,105,934,908,0.28,185,5.9
2016,6,14,10,30,35,112,950,1005,0.28,189,6.300000000000001
2016,6,14,11,30,35.9,116,958,1048,0.28,193,6.6000000000000005
2016,6,14,12,30,36.4,115,953,1026,0.28,198,7
2016,6,14,13,30,36.5,129,912,940,0.28,203,7.2
2016,6,14,14,30,36.2,123,879,807,0.28,208,7.300000000000001
2016,6,14,15,30,35.5,109,829,632,0.28,211,7.2
2016,6,14,16,30,34.300000000000004,87,752,430,0.28,214,6.9
2016,6,14,17,30,32.4,62,603,223,0.28,216,5.6000000000000005
2016,6,14,18,30,29.5,26,253,45,0.28,218,3.8000000000000003
2016,6,14,19,30,27.200000000000003,0,0,0,0.28,218,3
2016,6,14,20,30,25.900000000000002,0,0,0,0.28,218,2.9000000000000004
2016,6,14,21,30,24.700000000000003,0,0,0,0.28,221,2.9000000000000004
2016,6,14,22,30,23.400000000000002,0,0,0,0.28,223,2.8000000000000003
2016,6,14,23,30,22.1,0,0,0,0.28,224,2.3000000000000003
2016,6,15,0,30,20.8,0,0,0,0.28,223,2
2016,6,15,1,30,19.900000000000002,0,0,0,0.28,219,1.8
2016,6,15,2,30,19.1,0,0,0,0.28,214,1.7000000000000002
2016,6,15,3,30,18.5,0,0,0,0.28,208,1.7000000000000002
2016,6,15,4,30,19.900000000000002,11,134,13,0.28,205,2.4000000000000004
2016,6,15,5,30,22.8,46,605,170,0.28,204,4.1000000000000005
2016,6,15,6,30,25.5,65,787,378,0.28,200,5.7
2016,6,15,7,30,28,79,881,588,0.28,195,6.7
2016,6,15,8,30,30.200000000000003,89,935,776,0.28,194,7.300000000000001
2016,6,15,9,30,32.1,96,967,926,0.28,197,7.800000000000001
2016,6,15,10,30,33.5,105,978,1024,0.28,201,8.200000000000001
2016,6,15,11,30,34.4,109,977,1060,0.28,205,8.5
2016,6,15,12,30,34.9,110,971,1038,0.28,209,8.9
2016,6,15,13,30,35,115,938,950,0.28,212,9.1
2016,6,15,14,30,34.6,108,908,816,0.28,215,9.200000000000001
2016,6,15,15,30,33.800000000000004,97,855,637,0.28,220,9.1
2016,6,15,16,30,32.4,81,769,432,0.28,226,8.700000000000001
2016,6,15,17,30,30.3,60,608,222,0.28,233,7.7
2016,6,15,18,30,27.700000000000003,26,259,46,0.28,239,6.300000000000001
2016,6,15,19,30,25.6,0,0,0,0.28,243,5.2
2016,6,15,20,30,24.200000000000003,0,0,0,0.28,243,4.6000000000000005
2016,6,15,21,30,22.900000000000002,0,0,0,0.28,243,4.3
2016,6,15,22,30,21.6,0,0,0,0.28,246,3.8000000000000003
2016,6,15,23,30,20.200000000000003,0,0,0,0.28,250,3
2016,6,16,0,30,18.900000000000002,0,0,0,0.28,253,2.3000000000000003
2016,6,16,1,30,17.900000000000002,0,0,0,0.28,255,1.7000000000000002
2016,6,16,2,30,17,0,0,0,0.28,255,1.4000000000000001
2016,6,16,3,30,16.5,0,0,0,0.28,253,1.2000000000000002
2016,6,16,4,30,17.8,11,154,14,0.28,249,1.6
2016,6,16,5,30,21,43,621,171,0.28,245,2.4000000000000004
2016,6,16,6,30,24.200000000000003,62,801,379,0.28,228,2.8000000000000003
2016,6,16,7,30,27,75,891,590,0.28,201,3.4000000000000004
2016,6,16,8,30,29.3,85,943,778,0.28,189,4.2
2016,6,16,9,30,31.3,91,969,924,0.28,188,5
2016,6,16,10,30,33,104,971,1017,0.28,191,5.7
2016,6,16,11,30,34.1,107,973,1054,0.28,197,6.300000000000001
2016,6,16,12,30,34.7,107,965,1030,0.28,203,6.800000000000001
2016,6,16,13,30,34.800000000000004,115,929,942,0.28,209,7
2016,6,16,14,30,34.4,108,894,805,0.28,214,6.9
2016,6,16,15,30,33.7,96,848,632,0.28,217,6.6000000000000005
2016,6,16,16,30,32.7,78,769,430,0.28,219,6
2016,6,16,17,30,30.6,57,627,225,0.28,221,4.5
2016,6,16,18,30,27.5,24,305,48,0.28,227,2.5
2016,6,16,19,30,25.3,0,0,0,0.28,234,1.6
2016,6,16,20,30,24.3,0,0,0,0.28,239,1.6
2016,6,16,21,30,23.400000000000002,0,0,0,0.28,244,1.7000000000000002
2016,6,16,22,30,22.400000000000002,0,0,0,0.28,247,1.6
2016,6,16,23,30,21.5,0,0,0,0.28,249,1.5
2016,6,17,0,30,20.8,0,0,0,0.28,247,1.4000000000000001
2016,6,17,1,30,20.3,0,0,0,0.28,240,1.3
2016,6,17,2,30,19.8,0,0,0,0.28,229,1.2000000000000002
2016,6,17,3,30,19.400000000000002,0,0,0,0.28,220,1.2000000000000002
2016,6,17,4,30,20.8,10,134,13,0.28,212,1.4000000000000001
2016,6,17,5,30,24.3,45,583,165,0.28,204,2.3000000000000003
2016,6,17,6,30,27.8,65,770,370,0.28,196,3.6
2016,6,17,7,30,30.400000000000002,79,865,578,0.28,189,4.4
2016,6,17,8,30,32.2,87,925,767,0.28,184,4.9
2016,6,17,9,30,33.800000000000004,94,958,917,0.28,184,5.300000000000001
2016,6,17,10,30,35.1,107,962,1012,0.28,185,5.6000000000000005
2016,6,17,11,30,36.2,110,968,1052,0.28,188,5.9
2016,6,17,12,30,36.800000000000004,109,965,1032,0.28,192,6.1000000000000005
2016,6,17,13,30,37.1,125,919,943,0.28,198,6.1000000000000005
2016,6,17,14,30,36.9,121,880,808,0.28,203,6.1000000000000005
2016,6,17,15,30,36.300000000000004,111,821,631,0.28,208,5.9
2016,6,17,16,30,35.2,94,728,427,0.28,212,5.4
2016,6,17,17,30,32.7,67,574,222,0.28,215,3.8000000000000003
2016,6,17,18,30,29.5,38,9,39,0.28,221,2
2016,6,17,19,30,27.700000000000003,0,0,0,0.28,227,1.4000000000000001
2016,6,17,20,30,27.1,0,0,0,0.28,230,1.3
2016,6,17,21,30,26.400000000000002,0,0,0,0.28,232,1.2000000000000002
2016,6,17,22,30,25.5,0,0,0,0.28,236,1.2000000000000002
2016,6,17,23,30,24.700000000000003,0,0,0,0.28,244,1.3
2016,6,18,0,30,24,0,0,0,0.28,250,1.3
2016,6,18,1,30,23.400000000000002,0,0,0,0.28,250,1.3
2016,6,18,2,30,22.8,0,0,0,0.28,249,1.2000000000000002
2016,6,18,3,30,22.400000000000002,0,0,0,0.28,249,1.2000000000000002
2016,6,18,4,30,23.400000000000002,10,148,13,0.28,245,1.1
2016,6,18,5,30,26.5,45,595,167,0.28,231,1.6
2016,6,18,6,30,30,65,783,375,0.28,209,2.5
2016,6,18,7,30,32.7,79,877,584,0.28,192,3.2
2016,6,18,8,30,34.7,89,935,775,0.28,184,3.6
2016,6,18,9,30,36.2,96,961,921,0.28,180,3.9000000000000004
2016,6,18,10,30,37,112,963,1017,0.28,181,4.1000000000000005
2016,6,18,11,30,36.9,115,969,1058,0.28,185,4.3
2016,6,18,12,30,36.9,310,712,992,0.28,192,4.4
2016,6,18,13,30,37.4,311,687,924,0.28,201,4.6000000000000005
2016,6,18,14,30,37.800000000000004,284,558,720,0.28,210,4.800000000000001
2016,6,18,15,30,37.5,271,567,630,0.28,216,4.800000000000001
2016,6,18,16,30,36.5,227,342,384,0.29,221,4.3
2016,6,18,17,30,33.800000000000004,114,27,121,0.29,224,2.8000000000000003
2016,6,18,18,30,30.6,30,2,30,0.29,229,1.7000000000000002
2016,6,18,19,30,29.1,0,0,0,0.29,234,1.5
2016,6,18,20,30,28.5,0,0,0,0.29,241,1.4000000000000001
2016,6,18,21,30,27.5,0,0,0,0.29,249,1.4000000000000001
2016,6,18,22,30,26.6,0,0,0,0.29,259,1.4000000000000001
2016,6,18,23,30,26.3,0,0,0,0.29,270,1.4000000000000001
2016,6,19,0,30,26.1,0,0,0,0.29,283,1.2000000000000002
2016,6,19,1,30,25.900000000000002,0,0,0,0.29,296,1.1
2016,6,19,2,30,25.400000000000002,0,0,0,0.29,310,1
2016,6,19,3,30,25,0,0,0,0.29,324,1.1
2016,6,19,4,30,25.900000000000002,9,127,12,0.29,335,1
2016,6,19,5,30,28.900000000000002,45,558,158,0.29,343,1.4000000000000001
2016,6,19,6,30,32.7,65,743,359,0.29,228,1.1
2016,6,19,7,30,35.800000000000004,79,833,559,0.29,140,0.8
2016,6,19,8,30,37.9,90,888,742,0.29,171,1.4000000000000001
2016,6,19,9,30,39.400000000000006,98,919,886,0.29,169,1.7000000000000002
2016,6,19,10,30,40.6,121,908,974,0.29,166,2.1
2016,6,19,11,30,41.5,125,913,1014,0.29,165,2.4000000000000004
2016,6,19,12,30,42.2,123,911,995,0.29,167,2.6
2016,6,19,13,30,42.5,116,897,916,0.29,172,2.8000000000000003
2016,6,19,14,30,42.5,283,634,779,0.29,183,2.8000000000000003
2016,6,19,15,30,41.900000000000006,319,316,519,0.29,196,2.6
2016,6,19,16,30,40.800000000000004,197,328,348,0.29,204,2
2016,6,19,17,30,38.6,136,170,182,0.29,203,1.2000000000000002
2016,6,19,18,30,36.300000000000004,33,1,33,0.29,209,0.8
2016,6,19,19,30,35,0,0,0,0.29,229,0.9
2016,6,19,20,30,34.1,0,0,0,0.29,249,1
2016,6,19,21,30,33.300000000000004,0,0,0,0.29,263,1
2016,6,19,22,30,32.4,0,0,0,0.29,274,1
2016,6,19,23,30,31.400000000000002,0,0,0,0.29,285,1.1
2016,6,20,0,30,30.3,0,0,0,0.29,297,1.1
2016,6,20,1,30,29.3,0,0,0,0.29,310,1.1
2016,6,20,2,30,28.3,0,0,0,0.29,323,1.2000000000000002
2016,6,20,3,30,27.5,0,0,0,0.29,332,1.2000000000000002
2016,6,20,4,30,28.400000000000002,9,110,11,0.29,340,1.2000000000000002
2016,6,20,5,30,31.5,51,516,156,0.29,346,1.5
2016,6,20,6,30,35.4,81,692,354,0.29,188,1.4000000000000001
2016,6,20,7,30,38.7,104,787,557,0.29,73,0.8
2016,6,20,8,30,40.800000000000004,121,845,741,0.29,133,1
2016,6,20,9,30,42.300000000000004,136,875,887,0.29,154,1.5
2016,6,20,10,30,43.5,165,867,979,0.29,166,1.9000000000000001
2016,6,20,11,30,44.400000000000006,176,863,1015,0.29,175,2.2
2016,6,20,12,30,44.900000000000006,180,849,993,0.29,183,2.5
2016,6,20,13,30,45.1,174,833,917,0.29,192,2.8000000000000003
2016,6,20,14,30,45,160,803,788,0.29,205,3.1
2016,6,20,15,30,44.400000000000006,132,768,620,0.29,219,3.2
2016,6,20,16,30,43.2,99,708,426,0.29,232,3.1
2016,6,20,17,30,40.300000000000004,66,582,224,0.29,240,2.1
2016,6,20,18,30,36.9,26,287,49,0.29,244,1.4000000000000001
2016,6,20,19,30,35.1,0,0,0,0.29,247,1.5
2016,6,20,20,30,33.9,0,0,0,0.29,252,1.6
2016,6,20,21,30,32.800000000000004,0,0,0,0.29,261,1.8
2016,6,20,22,30,31.8,0,0,0,0.29,270,1.8
2016,6,20,23,30,31,0,0,0,0.29,277,1.7000000000000002
2016,6,21,0,30,30.400000000000002,0,0,0,0.29,281,1.6
2016,6,21,1,30,29.900000000000002,0,0,0,0.29,284,1.5
2016,6,21,2,30,29.3,0,0,0,0.29,285,1.5
2016,6,21,3,30,28.700000000000003,0,0,0,0.29,284,1.4000000000000001
2016,6,21,4,30,29.6,9,77,10,0.29,281,1.4000000000000001
2016,6,21,5,30,32.6,57,468,152,0.29,275,1.9000000000000001
2016,6,21,6,30,36.1,211,209,293,0.29,261,2.7
2016,6,21,7,30,38.7,315,49,344,0.29,231,2.8000000000000003
2016,6,21,8,30,40.5,401,317,633,0.29,197,3.4000000000000004
2016,6,21,9,30,41.800000000000004,385,534,843,0.29,180,4.4
2016,6,21,10,30,42.7,321,668,949,0.29,176,5.2
2016,6,21,11,30,43.2,392,595,972,0.29,179,5.6000000000000005
2016,6,21,12,30,43.2,196,823,984,0.29,186,5.800000000000001
2016,6,21,13,30,43.1,210,769,896,0.29,192,5.9
2016,6,21,14,30,42.900000000000006,200,725,767,0.29,197,5.800000000000001
2016,6,21,15,30,42.2,179,656,596,0.29,199,5.5
2016,6,21,16,30,41,227,283,357,0.3,202,5
2016,6,21,17,30,38.900000000000006,92,418,206,0.3,206,4.1000000000000005
2016,6,21,18,30,36.2,30,147,42,0.3,215,3.2
2016,6,21,19,30,34.2,0,0,0,0.3,225,3
2016,6,21,20,30,32.7,0,0,0,0.3,233,2.8000000000000003
2016,6,21,21,30,31.1,0,0,0,0.3,240,2.4000000000000004
2016,6,21,22,30,29.8,0,0,0,0.3,247,2.2
2016,6,21,23,30,28.900000000000002,0,0,0,0.3,253,1.9000000000000001
2016,6,22,0,30,28.200000000000003,0,0,0,0.3,259,1.7000000000000002
2016,6,22,1,30,27.5,0,0,0,0.3,263,1.5
2016,6,22,2,30,27,0,0,0,0.3,261,1.3
2016,6,22,3,30,26.8,0,0,0,0.3,247,1.2000000000000002
2016,6,22,4,30,27.900000000000002,0,0,0,0.3,214,1.2000000000000002
2016,6,22,5,30,30.5,59,443,149,0.3,180,2.1
2016,6,22,6,30,33.4,92,645,346,0.3,159,3.5
2016,6,22,7,30,35.800000000000004,111,758,547,0.3,149,4.6000000000000005
2016,6,22,8,30,37.7,125,827,731,0.3,149,5.2
2016,6,22,9,30,39.300000000000004,136,867,878,0.3,151,5.2
2016,6,22,10,30,40.800000000000004,151,876,974,0.3,153,5
2016,6,22,11,30,41.900000000000006,149,892,1017,0.3,159,4.7
2016,6,22,12,30,42.800000000000004,142,898,1002,0.3,169,4.6000000000000005
2016,6,22,13,30,43.2,113,920,935,0.3,180,4.6000000000000005
2016,6,22,14,30,43.1,106,892,804,0.3,190,4.800000000000001
2016,6,22,15,30,42.5,96,844,633,0.3,199,4.9
2016,6,22,16,30,41.300000000000004,206,459,418,0.3,206,4.800000000000001
2016,6,22,17,30,38.7,61,604,226,0.3,211,3.6
2016,6,22,18,30,35.2,27,273,49,0.3,214,2.3000000000000003
2016,6,22,19,30,33,0,0,0,0.3,219,2.2
2016,6,22,20,30,31.900000000000002,0,0,0,0.3,226,2.5
2016,6,22,21,30,30.700000000000003,0,0,0,0.3,232,2.5
2016,6,22,22,30,29.3,0,0,0,0.3,233,2.2
2016,6,22,23,30,28.1,0,0,0,0.3,233,1.8
2016,6,23,0,30,27.3,0,0,0,0.3,233,1.5
2016,6,23,1,30,26.700000000000003,0,0,0,0.3,237,1.3
2016,6,23,2,30,26.200000000000003,0,0,0,0.3,243,1.1
2016,6,23,3,30,26.1,0,0,0,0.3,249,1
2016,6,23,4,30,27.3,0,0,0,0.3,247,0.8
2016,6,23,5,30,30.400000000000002,49,539,157,0.3,216,1.1
2016,6,23,6,30,33.800000000000004,73,732,360,0.3,182,2.5
2016,6,23,7,30,36.5,89,833,567,0.3,174,3.6
2016,6,23,8,30,38.2,102,890,753,0.3,171,4
2016,6,23,9,30,39.6,110,925,902,0.3,168,4.1000000000000005
2016,6,23,10,30,40.800000000000004,115,945,1003,0.3,166,4.1000000000000005
2016,6,23,11,30,41.6,117,956,1048,0.3,164,4.1000000000000005
2016,6,23,12,30,42.2,116,953,1029,0.3,165,4.1000000000000005
2016,6,23,13,30,42.5,120,926,947,0.3,168,4.1000000000000005
2016,6,23,14,30,42.300000000000004,113,900,818,0.3,173,4.2
2016,6,23,15,30,41.800000000000004,101,852,643,0.3,178,4.2
2016,6,23,16,30,40.7,85,769,441,0.3,183,4.1000000000000005
2016,6,23,17,30,37.9,63,618,232,0.3,187,3.1
2016,6,23,18,30,34.300000000000004,27,292,51,0.3,190,2.3000000000000003
2016,6,23,19,30,32.1,0,0,0,0.3,194,2.4000000000000004
2016,6,23,20,30,31,0,0,0,0.3,201,2.4000000000000004
2016,6,23,21,30,29.700000000000003,0,0,0,0.3,210,2.2
2016,6,23,22,30,28.5,0,0,0,0.3,221,1.9000000000000001
2016,6,23,23,30,27.400000000000002,0,0,0,0.3,230,1.6
2016,6,24,0,30,26.5,0,0,0,0.3,234,1.4000000000000001
2016,6,24,1,30,25.700000000000003,0,0,0,0.3,235,1.3
2016,6,24,2,30,25,0,0,0,0.3,238,1.2000000000000002
2016,6,24,3,30,24.6,0,0,0,0.3,244,1.1
2016,6,24,4,30,25.700000000000003,0,0,0,0.3,248,1
2016,6,24,5,30,28.8,58,443,146,0.3,240,1.1
2016,6,24,6,30,32.4,93,648,346,0.3,192,1.7000000000000002
2016,6,24,7,30,35.300000000000004,117,764,555,0.3,146,2.3000000000000003
2016,6,24,8,30,37.4,134,831,742,0.3,141,2.6
2016,6,24,9,30,39.1,147,872,893,0.3,140,2.8000000000000003
2016,6,24,10,30,40.400000000000006,144,911,999,0.3,142,3.1
2016,6,24,11,30,41.400000000000006,152,911,1039,0.3,147,3.3000000000000003
2016,6,24,12,30,42.1,158,902,1022,0.3,156,3.6
2016,6,24,13,30,42.400000000000006,118,941,958,0.3,167,3.8000000000000003
2016,6,24,14,30,42.300000000000004,117,899,822,0.3,178,4
2016,6,24,15,30,41.7,110,836,642,0.3,188,4.2
2016,6,24,16,30,40.5,95,737,436,0.3,199,4.1000000000000005
2016,6,24,17,30,37.4,70,571,226,0.3,208,3.1
2016,6,24,18,30,33.5,27,245,48,0.3,213,2.1
2016,6,24,19,30,31.200000000000003,0,0,0,0.3,216,2
2016,6,24,20,30,29.900000000000002,0,0,0,0.3,219,1.8
2016,6,24,21,30,28.900000000000002,0,0,0,0.3,226,1.6
2016,6,24,22,30,28.200000000000003,0,0,0,0.3,243,1.4000000000000001
2016,6,24,23,30,27.5,0,0,0,0.3,271,1.3
2016,6,25,0,30,27.1,0,0,0,0.3,301,1.3
2016,6,25,1,30,26.6,0,0,0,0.3,328,1.4000000000000001
2016,6,25,2,30,25.700000000000003,0,0,0,0.3,171,1.9000000000000001
2016,6,25,3,30,24.900000000000002,0,0,0,0.3,4,2.6
2016,6,25,4,30,25.6,0,0,0,0.3,6,4.1000000000000005
2016,6,25,5,30,27.900000000000002,55,462,147,0.3,13,5.6000000000000005
2016,6,25,6,30,30.900000000000002,86,670,347,0.3,24,5.4
2016,6,25,7,30,34.1,106,782,553,0.3,35,4.1000000000000005
2016,6,25,8,30,36.5,121,848,740,0.3,52,2.7
2016,6,25,9,30,38.300000000000004,130,889,891,0.3,77,1.9000000000000001
2016,6,25,10,30,39.800000000000004,136,912,991,0.3,109,1.7000000000000002
2016,6,25,11,30,40.800000000000004,138,921,1034,0.3,135,1.8
2016,6,25,12,30,41.400000000000006,137,921,1019,0.3,145,2
2016,6,25,13,30,41.6,142,889,936,0.3,146,2.2
2016,6,25,14,30,41.400000000000006,133,856,804,0.3,143,2.3000000000000003
2016,6,25,15,30,40.800000000000004,119,800,629,0.3,140,2.3000000000000003
2016,6,25,16,30,39.800000000000004,101,705,428,0.3,137,2.4000000000000004
2016,6,25,17,30,37.1,73,540,221,0.3,135,1.8
2016,6,25,18,30,33.6,28,222,46,0.3,139,1.3
2016,6,25,19,30,31.700000000000003,0,0,0,0.3,150,1.4000000000000001
2016,6,25,20,30,30.8,0,0,0,0.3,164,1.4000000000000001
2016,6,25,21,30,30.3,0,0,0,0.3,179,1.3
2016,6,25,22,30,30,0,0,0,0.3,196,1.1
2016,6,25,23,30,29.5,0,0,0,0.3,237,0.8
2016,6,26,0,30,28.6,0,0,0,0.3,311,0.8
2016,6,26,1,30,27.200000000000003,0,0,0,0.3,181,1.2000000000000002
2016,6,26,2,30,25.8,0,0,0,0.3,12,1.4000000000000001
2016,6,26,3,30,24.8,0,0,0,0.3,12,1.4000000000000001
2016,6,26,4,30,25.8,0,0,0,0.3,9,1.8
2016,6,26,5,30,28.8,54,471,147,0.3,8,2.5
2016,6,26,6,30,32.4,83,678,347,0.3,26,2.4000000000000004
2016,6,26,7,30,35.9,103,790,554,0.3,65,1.9000000000000001
2016,6,26,8,30,38.5,116,855,741,0.3,101,1.7000000000000002
2016,6,26,9,30,40.300000000000004,124,897,891,0.3,121,1.8
2016,6,26,10,30,41.6,141,899,984,0.3,134,1.9000000000000001
2016,6,26,11,30,42.5,141,911,1027,0.3,145,2
2016,6,26,12,30,43.1,138,910,1010,0.3,154,2
2016,6,26,13,30,43.400000000000006,128,903,934,0.3,160,2
2016,6,26,14,30,43.300000000000004,118,878,806,0.3,165,1.9000000000000001
2016,6,26,15,30,42.800000000000004,105,829,633,0.3,168,1.8
2016,6,26,16,30,41.800000000000004,88,748,435,0.29,168,1.5
2016,6,26,17,30,39.800000000000004,65,596,228,0.29,156,1.1
2016,6,26,18,30,37.7,27,270,50,0.29,146,0.7000000000000001
2016,6,26,19,30,36.800000000000004,0,0,0,0.29,167,0.6000000000000001
2016,6,26,20,30,36.1,0,0,0,0.29,219,0.5
2016,6,26,21,30,34.9,0,0,0,0.29,258,0.7000000000000001
2016,6,26,22,30,33.5,0,0,0,0.29,272,0.9
2016,6,26,23,30,32,0,0,0,0.29,282,1.1
2016,6,27,0,30,30.6,0,0,0,0.29,302,1.1
2016,6,27,1,30,29.400000000000002,0,0,0,0.29,166,1.1
2016,6,27,2,30,28.1,0,0,0,0.29,32,1.3
2016,6,27,3,30,26.900000000000002,0,0,0,0.29,56,1.4000000000000001
2016,6,27,4,30,27.400000000000002,0,0,0,0.29,57,1.8
2016,6,27,5,30,29.8,59,416,141,0.29,54,2.6
2016,6,27,6,30,32.4,92,628,336,0.29,56,3
2016,6,27,7,30,35.2,114,740,537,0.29,69,3.1
2016,6,27,8,30,37.800000000000004,132,805,719,0.29,84,3.3000000000000003
2016,6,27,9,30,39.800000000000004,144,843,864,0.29,94,3.2
2016,6,27,10,30,41.300000000000004,147,872,964,0.29,102,3.1
2016,6,27,11,30,42.400000000000006,146,886,1008,0.29,109,3
2016,6,27,12,30,43,141,890,993,0.29,113,3
2016,6,27,13,30,43.300000000000004,223,737,882,0.29,116,3
2016,6,27,14,30,43.2,213,596,681,0.29,120,3.1
2016,6,27,15,30,42.6,108,805,622,0.29,126,3
2016,6,27,16,30,41.5,91,723,426,0.29,135,2.7
2016,6,27,17,30,39.300000000000004,117,310,202,0.29,149,1.7000000000000002
2016,6,27,18,30,36.6,34,1,34,0.29,172,1.2000000000000002
2016,6,27,19,30,35.1,0,0,0,0.29,195,1.5
2016,6,27,20,30,34.4,0,0,0,0.29,208,2
2016,6,27,21,30,34,0,0,0,0.29,214,2.4000000000000004
2016,6,27,22,30,33.300000000000004,0,0,0,0.29,216,2.4000000000000004
2016,6,27,23,30,32.300000000000004,0,0,0,0.29,220,2.2
2016,6,28,0,30,31.200000000000003,0,0,0,0.29,224,1.7000000000000002
2016,6,28,1,30,30.3,0,0,0,0.29,218,1.2000000000000002
2016,6,28,2,30,29.900000000000002,0,0,0,0.29,199,1
2016,6,28,3,30,29.900000000000002,0,0,0,0.29,164,0.9
2016,6,28,4,30,30.700000000000003,0,0,0,0.29,129,0.9
2016,6,28,5,30,32.300000000000004,44,1,44,0.29,110,1.2000000000000002
2016,6,28,6,30,34.4,109,4,111,0.29,88,1.4000000000000001
2016,6,28,7,30,36.5,255,44,280,0.29,40,1.8
2016,6,28,8,30,38.300000000000004,241,531,627,0.29,7,2.2
2016,6,28,9,30,39.900000000000006,410,398,749,0.29,16,1.9000000000000001
2016,6,28,10,30,41.1,259,708,923,0.29,27,1.4000000000000001
2016,6,28,11,30,41.900000000000006,269,705,955,0.29,18,1
2016,6,28,12,30,42.2,129,888,979,0.29,24,0.9
2016,6,28,13,30,42.2,152,830,894,0.29,52,1.1
2016,6,28,14,30,41.800000000000004,449,151,567,0.29,60,1.3
2016,6,28,15,30,40.900000000000006,334,289,518,0.29,57,1.2000000000000002
2016,6,28,16,30,39.800000000000004,199,325,350,0.29,65,1.2000000000000002
2016,6,28,17,30,38.400000000000006,125,37,135,0.29,73,1.6
2016,6,28,18,30,36.7,25,1,25,0.29,68,1.7000000000000002
2016,6,28,19,30,35.2,0,0,0,0.29,55,1.9000000000000001
2016,6,28,20,30,33.9,0,0,0,0.29,47,2.6
2016,6,28,21,30,32.6,0,0,0,0.29,48,3.4000000000000004
2016,6,28,22,30,31.3,0,0,0,0.29,49,3.5
2016,6,28,23,30,30,0,0,0,0.29,35,2.8000000000000003
2016,6,29,0,30,29,0,0,0,0.29,11,2.2
2016,6,29,1,30,28.400000000000002,0,0,0,0.29,178,1.9000000000000001
2016,6,29,2,30,27.900000000000002,0,0,0,0.29,358,1.5
2016,6,29,3,30,27.6,0,0,0,0.29,181,1.3
2016,6,29,4,30,28.6,0,0,0,0.29,181,1.9000000000000001
2016,6,29,5,30,31.200000000000003,56,417,137,0.29,181,2.6
2016,6,29,6,30,34.2,183,325,308,0.29,9,2.5
2016,6,29,7,30,36.7,106,742,528,0.29,29,2
2016,6,29,8,30,38.6,118,816,712,0.29,71,1.6
2016,6,29,9,30,40.1,127,859,859,0.29,118,1.8
2016,6,29,10,30,41.300000000000004,131,885,960,0.29,147,2.3000000000000003
2016,6,29,11,30,42.2,134,893,1003,0.29,166,2.8000000000000003
2016,6,29,12,30,42.800000000000004,135,890,987,0.29,179,3.1
2016,6,29,13,30,43,127,879,912,0.29,183,3.3000000000000003
2016,6,29,14,30,42.800000000000004,121,846,785,0.29,184,3.4000000000000004
2016,6,29,15,30,42.1,195,0,195,0.29,185,3.4000000000000004
2016,6,29,16,30,41.1,96,696,419,0.29,187,3.3000000000000003
2016,6,29,17,30,39.2,114,4,115,0.29,184,2.5
2016,6,29,18,30,36.7,36,3,36,0.29,173,1.6
2016,6,29,19,30,35,0,0,0,0.29,157,1.4000000000000001
2016,6,29,20,30,34.1,0,0,0,0.29,144,1.5
2016,6,29,21,30,33.1,0,0,0,0.29,134,1.4000000000000001
2016,6,29,22,30,32.1,0,0,0,0.29,120,1.3
2016,6,29,23,30,31,0,0,0,0.29,103,1.3
2016,6,30,0,30,30,0,0,0,0.29,90,1.3
2016,6,30,1,30,29.1,0,0,0,0.29,85,1.3
2016,6,30,2,30,28.5,0,0,0,0.29,81,1.2000000000000002
2016,6,30,3,30,28.1,0,0,0,0.29,83,1.2000000000000002
2016,6,30,4,30,28.700000000000003,0,0,0,0.29,96,1.8
2016,6,30,5,30,30.1,55,422,137,0.29,123,3.3000000000000003
2016,6,30,6,30,31.700000000000003,88,623,328,0.29,148,4.5
2016,6,30,7,30,33.4,111,730,525,0.29,156,4.800000000000001
2016,6,30,8,30,35,127,795,705,0.29,156,4.5
2016,6,30,9,30,36.5,137,836,849,0.29,154,4.1000000000000005
2016,6,30,10,30,37.9,132,875,951,0.29,149,3.7
2016,6,30,11,30,39,137,878,991,0.29,142,3.5
2016,6,30,12,30,39.7,140,867,970,0.29,134,3.4000000000000004
2016,6,30,13,30,39.800000000000004,453,256,682,0.29,127,3.4000000000000004
2016,6,30,14,30,39.2,29,0,29,0.29,122,3.3000000000000003
2016,6,30,15,30,37.9,24,0,24,0.29,118,3.3000000000000003
2016,6,30,16,30,39.400000000000006,79,758,431,0.29,225,5.800000000000001
2016,6,30,17,30,37.4,59,610,227,0.29,229,4.6000000000000005
2016,6,30,18,30,34.5,29,279,53,0.29,233,3
2016,6,30,19,30,32.5,0,0,0,0.29,238,2.3000000000000003
2016,6,30,20,30,31.400000000000002,0,0,0,0.29,242,2.2
2016,6,30,21,30,30.3,0,0,0,0.29,244,2.1
2016,6,30,22,30,29.200000000000003,0,0,0,0.29,245,1.9000000000000001
2016,6,30,23,30,28.1,0,0,0,0.29,246,1.7000000000000002
2022,7,1,0,30,27.200000000000003,0,0,0,0.29,245,1.5
2022,7,1,1,30,26.5,0,0,0,0.29,243,1.4000000000000001
2022,7,1,2,30,25.700000000000003,0,0,0,0.29,237,1.4000000000000001
2022,7,1,3,30,25.1,0,0,0,0.29,229,1.3
2022,7,1,4,30,26.400000000000002,8,79,9,0.29,218,1.6
2022,7,1,5,30,29.6,44,554,151,0.29,208,2.8000000000000003
2022,7,1,6,30,32.7,63,757,354,0.29,201,4.1000000000000005
2022,7,1,7,30,35.2,76,856,561,0.29,195,4.7
2022,7,1,8,30,37.1,84,915,748,0.29,193,5.1000000000000005
2022,7,1,9,30,38.7,94,945,899,0.29,196,5.300000000000001
2022,7,1,10,30,40,103,959,1000,0.29,202,5.4
2022,7,1,11,30,41,104,968,1045,0.29,207,5.5
2022,7,1,12,30,41.5,104,965,1028,0.29,212,5.7
2022,7,1,13,30,41.7,102,950,951,0.29,216,5.7
2022,7,1,14,30,41.5,97,921,820,0.29,219,5.6000000000000005
2022,7,1,15,30,40.800000000000004,89,873,646,0.29,222,5.6000000000000005
2022,7,1,16,30,39.7,76,790,443,0.29,225,5.4
2022,7,1,17,30,37.4,57,639,233,0.29,226,4.1000000000000005
2022,7,1,18,30,34.1,29,301,54,0.29,227,2.6
2022,7,1,19,30,31.900000000000002,0,0,0,0.29,227,2
2022,7,1,20,30,30.8,0,0,0,0.29,231,2
2022,7,1,21,30,29.700000000000003,0,0,0,0.29,238,2
2022,7,1,22,30,28.700000000000003,0,0,0,0.29,243,2
2022,7,1,23,30,27.6,0,0,0,0.29,245,1.8
2022,7,2,0,30,26.6,0,0,0,0.29,245,1.6
2022,7,2,1,30,25.900000000000002,0,0,0,0.29,244,1.4000000000000001
2022,7,2,2,30,25.3,0,0,0,0.29,239,1.3
2022,7,2,3,30,25,0,0,0,0.29,228,1.3
2022,7,2,4,30,26.3,8,68,9,0.29,212,1.6
2022,7,2,5,30,29.5,47,534,149,0.29,201,2.4000000000000004
2022,7,2,6,30,33,67,741,351,0.29,198,3.5
2022,7,2,7,30,35.6,80,845,558,0.29,191,4.2
2022,7,2,8,30,37.300000000000004,88,906,745,0.29,185,4.800000000000001
2022,7,2,9,30,38.6,91,948,898,0.29,182,5.2
2022,7,2,10,30,39.7,92,973,1002,0.29,182,5.6000000000000005
2022,7,2,11,30,40.5,94,981,1047,0.29,183,5.9
2022,7,2,12,30,41,99,974,1031,0.29,185,6.2
2022,7,2,13,30,41.1,102,953,953,0.29,190,6.300000000000001
2022,7,2,14,30,40.900000000000006,95,928,823,0.29,195,6.5
2022,7,2,15,30,40.1,84,884,648,0.29,200,6.5
2022,7,2,16,30,38.900000000000006,70,807,445,0.29,205,6.2
2022,7,2,17,30,36.9,54,660,236,0.29,210,4.9
2022,7,2,18,30,33.9,28,321,55,0.29,214,3.1
2022,7,2,19,30,31.8,0,0,0,0.29,218,2.3000000000000003
2022,7,2,20,30,30.700000000000003,0,0,0,0.29,225,2.3000000000000003
2022,7,2,21,30,29.8,0,0,0,0.29,237,2.7
2022,7,2,22,30,28.6,0,0,0,0.29,248,2.6
2022,7,2,23,30,27,0,0,0,0.29,252,2
2022,7,3,0,30,25.700000000000003,0,0,0,0.29,252,1.6
2022,7,3,1,30,24.700000000000003,0,0,0,0.29,246,1.4000000000000001
2022,7,3,2,30,23.8,0,0,0,0.29,237,1.4000000000000001
2022,7,3,3,30,23.1,0,0,0,0.29,229,1.4000000000000001
2022,7,3,4,30,24.400000000000002,8,81,9,0.29,222,1.8
2022,7,3,5,30,27.6,44,571,152,0.29,215,3.1
2022,7,3,6,30,30.8,63,769,357,0.29,205,4.3
2022,7,3,7,30,33.2,76,866,565,0.29,197,5.300000000000001
2022,7,3,8,30,34.9,86,922,754,0.29,193,5.9
2022,7,3,9,30,36.300000000000004,94,953,905,0.29,193,6.300000000000001
2022,7,3,10,30,37.5,101,971,1009,0.29,195,6.7
2022,7,3,11,30,38.400000000000006,103,979,1054,0.29,197,6.9
2022,7,3,12,30,38.900000000000006,106,971,1035,0.29,201,7.1000000000000005
2022,7,3,13,30,39,107,952,957,0.29,204,7
2022,7,3,14,30,38.7,98,931,829,0.29,208,6.9
2022,7,3,15,30,38,87,889,655,0.29,211,6.7
2022,7,3,16,30,36.9,74,812,451,0.29,213,6.2
2022,7,3,17,30,34.7,57,662,239,0.29,216,4.6000000000000005
2022,7,3,18,30,31.400000000000002,29,311,55,0.29,220,2.6
2022,7,3,19,30,29.1,0,0,0,0.29,221,1.8
2022,7,3,20,30,28,0,0,0,0.29,221,1.9000000000000001
2022,7,3,21,30,26.900000000000002,0,0,0,0.29,226,1.9000000000000001
2022,7,3,22,30,25.700000000000003,0,0,0,0.29,231,1.8
2022,7,3,23,30,24.700000000000003,0,0,0,0.29,232,1.5
2022,7,4,0,30,23.8,0,0,0,0.29,226,1.4000000000000001
2022,7,4,1,30,23,0,0,0,0.29,218,1.3
2022,7,4,2,30,22.400000000000002,0,0,0,0.29,213,1.3
2022,7,4,3,30,21.900000000000002,0,0,0,0.29,211,1.3
2022,7,4,4,30,23.400000000000002,8,66,8,0.29,208,1.6
2022,7,4,5,30,26.8,46,541,148,0.29,198,2.6
2022,7,4,6,30,30.1,67,748,352,0.29,183,4
2022,7,4,7,30,32.300000000000004,82,847,559,0.29,174,4.9
2022,7,4,8,30,34.1,93,904,747,0.29,173,5.300000000000001
2022,7,4,9,30,35.6,98,943,899,0.29,175,5.6000000000000005
2022,7,4,10,30,36.9,98,968,1002,0.29,177,5.800000000000001
2022,7,4,11,30,37.9,101,972,1044,0.29,179,5.9
2022,7,4,12,30,38.5,101,968,1027,0.29,183,6
2022,7,4,13,30,38.7,99,953,950,0.29,187,6
2022,7,4,14,30,38.5,93,926,820,0.29,191,6
2022,7,4,15,30,37.9,85,881,647,0.29,194,5.800000000000001
2022,7,4,16,30,36.800000000000004,73,804,446,0.29,197,5.5
2022,7,4,17,30,34.5,55,658,236,0.29,200,4
2022,7,4,18,30,31.400000000000002,28,319,55,0.29,202,2.3000000000000003
2022,7,4,19,30,29.200000000000003,0,0,0,0.29,205,1.9000000000000001
2022,7,4,20,30,28.200000000000003,0,0,0,0.29,212,1.9000000000000001
2022,7,4,21,30,27.200000000000003,0,0,0,0.29,220,1.9000000000000001
2022,7,4,22,30,26.200000000000003,0,0,0,0.29,227,1.8
2022,7,4,23,30,25.200000000000003,0,0,0,0.29,232,1.6
2022,7,5,0,30,24.400000000000002,0,0,0,0.29,235,1.4000000000000001
2022,7,5,1,30,23.8,0,0,0,0.29,234,1.2000000000000002
2022,7,5,2,30,23.6,0,0,0,0.29,228,1.1
2022,7,5,3,30,23.6,0,0,0,0.29,217,1.1
2022,7,5,4,30,24.900000000000002,6,52,6,0.29,202,1.2000000000000002
2022,7,5,5,30,28.1,43,538,144,0.29,182,2.2
2022,7,5,6,30,31.200000000000003,63,743,345,0.29,169,3.8000000000000003
2022,7,5,7,30,33.5,77,845,552,0.29,168,4.800000000000001
2022,7,5,8,30,35.1,87,903,739,0.29,171,5.300000000000001
2022,7,5,9,30,36.6,96,935,890,0.29,174,5.6000000000000005
2022,7,5,10,30,37.800000000000004,103,951,991,0.29,177,5.9
2022,7,5,11,30,38.6,107,958,1036,0.29,180,6
2022,7,5,12,30,39.1,109,951,1018,0.29,185,6.1000000000000005
2022,7,5,13,30,39.2,109,931,940,0.29,189,6
2022,7,5,14,30,39,101,904,810,0.29,193,5.9
2022,7,5,15,30,38.300000000000004,90,857,637,0.29,195,5.6000000000000005
2022,7,5,16,30,37.2,77,777,438,0.28,196,5.300000000000001
2022,7,5,17,30,35.2,59,624,230,0.28,195,4
2022,7,5,18,30,32.300000000000004,29,278,52,0.28,191,2.6
2022,7,5,19,30,30.3,0,0,0,0.28,188,2.3000000000000003
2022,7,5,20,30,29.3,0,0,0,0.28,189,2.4000000000000004
2022,7,5,21,30,28.1,0,0,0,0.28,196,2.2
2022,7,5,22,30,27,0,0,0,0.28,202,1.9000000000000001
2022,7,5,23,30,26,0,0,0,0.28,206,1.6
2022,7,6,0,30,25.200000000000003,0,0,0,0.28,208,1.4000000000000001
2022,7,6,1,30,24.700000000000003,0,0,0,0.28,207,1.3
2022,7,6,2,30,24.200000000000003,0,0,0,0.28,203,1.3
2022,7,6,3,30,23.8,0,0,0,0.28,198,1.3
2022,7,6,4,30,25.200000000000003,6,36,6,0.28,192,1.7000000000000002
2022,7,6,5,30,28.400000000000002,50,482,139,0.28,183,3
2022,7,6,6,30,31.200000000000003,74,699,338,0.28,174,4.2
2022,7,6,7,30,33.2,91,808,544,0.28,170,4.9
2022,7,6,8,30,34.800000000000004,103,872,732,0.28,169,5.300000000000001
2022,7,6,9,30,36.2,107,919,887,0.28,168,5.7
2022,7,6,10,30,37.5,104,955,995,0.28,168,5.9
2022,7,6,11,30,38.400000000000006,104,970,1045,0.28,169,6.2
2022,7,6,12,30,38.900000000000006,107,967,1031,0.28,169,6.4
2022,7,6,13,30,39,106,952,956,0.28,171,6.5
2022,7,6,14,30,38.800000000000004,95,932,826,0.28,173,6.300000000000001
2022,7,6,15,30,38.2,85,894,655,0.28,176,5.9
2022,7,6,16,30,37.1,72,819,452,0.28,178,5.300000000000001
2022,7,6,17,30,34.7,55,672,239,0.28,179,3.7
2022,7,6,18,30,31.3,28,333,55,0.28,179,2.1
2022,7,6,19,30,29.3,0,0,0,0.28,185,1.8
2022,7,6,20,30,28.3,0,0,0,0.28,192,1.8
2022,7,6,21,30,27.400000000000002,0,0,0,0.28,199,1.7000000000000002
2022,7,6,22,30,26.6,0,0,0,0.28,206,1.7000000000000002
2022,7,6,23,30,25.900000000000002,0,0,0,0.28,215,1.6
2022,7,7,0,30,25.200000000000003,0,0,0,0.28,224,1.5
2022,7,7,1,30,24.6,0,0,0,0.28,227,1.4000000000000001
2022,7,7,2,30,24.200000000000003,0,0,0,0.28,228,1.3
2022,7,7,3,30,24.1,0,0,0,0.28,224,1.3
2022,7,7,4,30,25.5,6,47,6,0.28,213,1.3
2022,7,7,5,30,28.700000000000003,46,520,142,0.28,193,2.1
2022,7,7,6,30,31.900000000000002,70,727,344,0.28,175,3.4000000000000004
2022,7,7,7,30,34.2,85,830,550,0.28,168,4.2
2022,7,7,8,30,35.7,98,890,739,0.28,166,4.5
2022,7,7,9,30,37.1,105,928,891,0.28,168,4.6000000000000005
2022,7,7,10,30,38.300000000000004,109,949,994,0.28,169,4.7
2022,7,7,11,30,39.2,111,956,1038,0.28,171,4.800000000000001
2022,7,7,12,30,39.800000000000004,113,948,1019,0.28,174,4.800000000000001
2022,7,7,13,30,40.1,113,927,940,0.28,176,4.800000000000001
2022,7,7,14,30,40,109,895,811,0.28,179,4.7
2022,7,7,15,30,39.5,101,841,637,0.28,182,4.6000000000000005
2022,7,7,16,30,38.5,88,749,435,0.28,184,4.3
2022,7,7,17,30,36.1,67,580,226,0.28,182,3.1
2022,7,7,18,30,32.9,31,223,49,0.28,180,1.9000000000000001
2022,7,7,19,30,30.900000000000002,0,0,0,0.28,181,1.8
2022,7,7,20,30,30,0,0,0,0.28,188,1.9000000000000001
2022,7,7,21,30,29.200000000000003,0,0,0,0.28,195,1.9000000000000001
2022,7,7,22,30,28.400000000000002,0,0,0,0.28,203,1.9000000000000001
2022,7,7,23,30,27.6,0,0,0,0.28,211,1.8
2022,7,8,0,30,26.900000000000002,0,0,0,0.28,218,1.6
2022,7,8,1,30,26.3,0,0,0,0.28,223,1.4000000000000001
2022,7,8,2,30,26,0,0,0,0.28,223,1.2000000000000002
2022,7,8,3,30,25.900000000000002,0,0,0,0.28,219,1.2000000000000002
2022,7,8,4,30,27.1,5,42,5,0.28,210,1.1
2022,7,8,5,30,30,46,506,138,0.28,191,1.7000000000000002
2022,7,8,6,30,33.4,68,718,337,0.28,172,3.1
2022,7,8,7,30,35.800000000000004,83,823,543,0.28,165,4.2
2022,7,8,8,30,37.4,94,885,731,0.28,164,4.800000000000001
2022,7,8,9,30,38.800000000000004,105,917,881,0.28,164,5.300000000000001
2022,7,8,10,30,40,114,935,985,0.28,167,5.7
2022,7,8,11,30,40.900000000000006,114,949,1033,0.28,170,6
2022,7,8,12,30,41.5,110,954,1021,0.28,175,6.2
2022,7,8,13,30,41.800000000000004,103,949,950,0.28,181,6.2
2022,7,8,14,30,41.6,95,930,824,0.28,187,6
2022,7,8,15,30,41,85,891,653,0.28,192,5.6000000000000005
2022,7,8,16,30,39.900000000000006,73,819,452,0.28,195,5
2022,7,8,17,30,37,55,677,240,0.28,196,3.3000000000000003
2022,7,8,18,30,33.300000000000004,28,334,55,0.28,196,1.9000000000000001
2022,7,8,19,30,31.1,0,0,0,0.28,198,1.7000000000000002
2022,7,8,20,30,30.1,0,0,0,0.28,203,1.6
2022,7,8,21,30,29.200000000000003,0,0,0,0.28,211,1.6
2022,7,8,22,30,28.6,0,0,0,0.28,219,1.5
2022,7,8,23,30,28.1,0,0,0,0.28,227,1.5
2022,7,9,0,30,27.8,0,0,0,0.28,233,1.4000000000000001
2022,7,9,1,30,27.400000000000002,0,0,0,0.28,233,1.3
2022,7,9,2,30,26.900000000000002,0,0,0,0.28,230,1.2000000000000002
2022,7,9,3,30,26.700000000000003,0,0,0,0.28,227,1.2000000000000002
2022,7,9,4,30,27.700000000000003,5,44,5,0.28,225,1
2022,7,9,5,30,30.700000000000003,45,514,138,0.28,214,1.2000000000000002
2022,7,9,6,30,34.300000000000004,67,726,338,0.28,190,2.3000000000000003
2022,7,9,7,30,37.1,81,830,543,0.28,176,3.4000000000000004
2022,7,9,8,30,39,91,890,730,0.28,176,4
2022,7,9,9,30,40.6,96,926,879,0.28,180,4.4
2022,7,9,10,30,42,100,948,982,0.28,184,4.7
2022,7,9,11,30,42.900000000000006,101,957,1027,0.28,189,4.9
2022,7,9,12,30,43.5,104,949,1010,0.28,196,5
2022,7,9,13,30,43.7,105,928,933,0.28,203,5.1000000000000005
2022,7,9,14,30,43.5,97,902,804,0.28,210,5.1000000000000005
2022,7,9,15,30,42.7,88,856,633,0.28,216,5
2022,7,9,16,30,41.5,75,777,434,0.28,222,4.7
2022,7,9,17,30,38.7,57,629,228,0.28,228,3.2
2022,7,9,18,30,35.1,27,298,51,0.28,235,1.8
2022,7,9,19,30,33.1,0,0,0,0.28,240,1.5
2022,7,9,20,30,32.1,0,0,0,0.28,242,1.5
2022,7,9,21,30,31.3,0,0,0,0.28,241,1.4000000000000001
2022,7,9,22,30,30.5,0,0,0,0.28,241,1.4000000000000001
2022,7,9,23,30,29.8,0,0,0,0.28,242,1.4000000000000001
2022,7,10,0,30,29.3,0,0,0,0.28,245,1.3
2022,7,10,1,30,29,0,0,0,0.28,249,1.2000000000000002
2022,7,10,2,30,28.900000000000002,0,0,0,0.28,251,1
2022,7,10,3,30,28.700000000000003,0,0,0,0.28,226,0.7000000000000001
2022,7,10,4,30,29.5,5,39,5,0.28,179,0.7000000000000001
2022,7,10,5,30,32,45,489,133,0.28,157,1.4000000000000001
2022,7,10,6,30,35.300000000000004,68,704,330,0.28,162,2.7
2022,7,10,7,30,38.1,82,811,533,0.28,170,3.6
2022,7,10,8,30,39.900000000000006,94,872,719,0.28,170,3.9000000000000004
2022,7,10,9,30,41.2,104,904,868,0.28,170,4.2
2022,7,10,10,30,42.2,112,918,966,0.28,171,4.3
2022,7,10,11,30,42.900000000000006,113,927,1010,0.28,172,4.4
2022,7,10,12,30,43.300000000000004,112,924,994,0.28,175,4.3
2022,7,10,13,30,43.400000000000006,109,909,919,0.28,178,4.2
2022,7,10,14,30,43.2,101,881,791,0.28,181,4.1000000000000005
2022,7,10,15,30,42.5,91,833,621,0.28,185,3.8000000000000003
2022,7,10,16,30,41.5,77,751,424,0.28,189,3.4000000000000004
2022,7,10,17,30,39.1,58,601,221,0.28,195,2.3000000000000003
2022,7,10,18,30,36,28,262,49,0.28,207,1.3
2022,7,10,19,30,34.2,0,0,0,0.28,222,1.3
2022,7,10,20,30,33.2,0,0,0,0.28,237,1.4000000000000001
2022,7,10,21,30,32.2,0,0,0,0.28,251,1.4000000000000001
2022,7,10,22,30,31.400000000000002,0,0,0,0.28,265,1.4000000000000001
2022,7,10,23,30,30.900000000000002,0,0,0,0.28,278,1.3
2022,7,11,0,30,30.400000000000002,0,0,0,0.28,290,1.2000000000000002
2022,7,11,1,30,30,0,0,0,0.28,303,1.1
2022,7,11,2,30,29.5,0,0,0,0.28,317,1
2022,7,11,3,30,28.8,0,0,0,0.28,333,1.1
2022,7,11,4,30,29.6,4,31,4,0.28,345,1.3
2022,7,11,5,30,32.4,46,457,127,0.28,181,1.8
2022,7,11,6,30,35.800000000000004,70,681,322,0.28,46,2.1
2022,7,11,7,30,38.5,83,797,525,0.28,95,2.2
2022,7,11,8,30,40.400000000000006,91,864,710,0.28,118,2.4000000000000004
2022,7,11,9,30,41.800000000000004,96,906,860,0.28,130,2.5
2022,7,11,10,30,42.900000000000006,97,931,962,0.28,137,2.6
2022,7,11,11,30,43.800000000000004,97,942,1008,0.28,142,2.7
2022,7,11,12,30,44.300000000000004,100,935,992,0.28,143,2.7
2022,7,11,13,30,44.5,102,916,918,0.28,141,2.6
2022,7,11,14,30,44.300000000000004,95,891,792,0.28,139,2.6
2022,7,11,15,30,43.7,86,846,624,0.28,138,2.5
2022,7,11,16,30,42.800000000000004,74,768,428,0.28,137,2.3000000000000003
2022,7,11,17,30,40.6,56,620,224,0.28,136,1.6
2022,7,11,18,30,38,27,284,49,0.28,143,1
2022,7,11,19,30,36.5,0,0,0,0.28,167,1.1
2022,7,11,20,30,35.2,0,0,0,0.28,198,1.2000000000000002
2022,7,11,21,30,33.800000000000004,0,0,0,0.28,218,1.3
2022,7,11,22,30,32.6,0,0,0,0.28,227,1.3
2022,7,11,23,30,31.700000000000003,0,0,0,0.28,229,1.3
2022,7,12,0,30,31.1,0,0,0,0.28,231,1.3
2022,7,12,1,30,30.700000000000003,0,0,0,0.28,233,1.2000000000000002
2022,7,12,2,30,30.400000000000002,0,0,0,0.28,236,1.1
2022,7,12,3,30,30.3,0,0,0,0.28,242,1
2022,7,12,4,30,31.200000000000003,3,0,3,0.28,258,0.8
2022,7,12,5,30,33.6,56,331,114,0.28,212,0.8
2022,7,12,6,30,36.7,72,666,318,0.28,161,1.8
2022,7,12,7,30,39.400000000000006,91,772,518,0.28,165,3
2022,7,12,8,30,41,126,791,691,0.28,161,3.6
2022,7,12,9,30,42.2,114,868,846,0.28,156,4.2
2022,7,12,10,30,42.800000000000004,117,893,946,0.28,151,4.6000000000000005
2022,7,12,11,30,42.900000000000006,120,899,989,0.28,146,4.7
2022,7,12,12,30,42.800000000000004,120,895,973,0.28,140,4.3
2022,7,12,13,30,42.7,116,882,901,0.28,133,3.7
2022,7,12,14,30,42.7,105,861,778,0.28,128,3
2022,7,12,15,30,42.5,94,817,613,0.28,131,2.5
2022,7,12,16,30,42,81,735,419,0.28,147,2.3000000000000003
2022,7,12,17,30,39.900000000000006,61,577,217,0.28,164,1.8
2022,7,12,18,30,36.9,28,229,46,0.28,176,1.4000000000000001
2022,7,12,19,30,35.2,0,0,0,0.28,190,1.6
2022,7,12,20,30,34.4,0,0,0,0.28,201,2
2022,7,12,21,30,33.6,0,0,0,0.28,207,2.2
2022,7,12,22,30,32.7,0,0,0,0.28,211,2
2022,7,12,23,30,31.8,0,0,0,0.28,216,1.7000000000000002
2022,7,13,0,30,31,0,0,0,0.28,219,1.4000000000000001
2022,7,13,1,30,30.5,0,0,0,0.28,212,1.3
2022,7,13,2,30,30,0,0,0,0.28,199,1.3
2022,7,13,3,30,29.700000000000003,0,0,0,0.28,186,1.5
2022,7,13,4,30,30.5,3,3,3,0.28,177,1.8
2022,7,13,5,30,32.9,70,155,97,0.28,173,2.7
2022,7,13,6,30,35.300000000000004,96,563,303,0.28,174,3.6
2022,7,13,7,30,37.4,141,613,479,0.28,173,3.7
2022,7,13,8,30,39,166,696,663,0.28,169,3.4000000000000004
2022,7,13,9,30,40.5,133,835,836,0.28,162,3
2022,7,13,10,30,42,217,694,861,0.28,153,2.7
2022,7,13,11,30,43,110,910,989,0.28,149,2.9000000000000004
2022,7,13,12,30,43.400000000000006,116,899,972,0.28,150,3.2
2022,7,13,13,30,43.300000000000004,118,874,896,0.28,158,3.5
2022,7,13,14,30,43,108,849,771,0.28,171,3.7
2022,7,13,15,30,42.400000000000006,93,808,606,0.28,185,3.6
2022,7,13,16,30,41.7,77,734,414,0.28,194,3.4000000000000004
2022,7,13,17,30,39.800000000000004,68,526,209,0.28,197,2.4000000000000004
2022,7,13,18,30,37.2,26,266,46,0.28,195,1.6
2022,7,13,19,30,35.6,0,0,0,0.28,192,1.8
2022,7,13,20,30,34.7,0,0,0,0.28,190,2.3000000000000003
2022,7,13,21,30,33.7,0,0,0,0.28,190,2.7
2022,7,13,22,30,32.6,0,0,0,0.28,194,2.8000000000000003
2022,7,13,23,30,31.5,0,0,0,0.28,203,2.3000000000000003
2022,7,14,0,30,30.5,0,0,0,0.28,211,1.7000000000000002
2022,7,14,1,30,29.900000000000002,0,0,0,0.28,212,1.3
2022,7,14,2,30,29.700000000000003,0,0,0,0.28,210,1.1
2022,7,14,3,30,29.8,0,0,0,0.28,204,1.1
2022,7,14,4,30,30.8,2,11,2,0.28,188,1.1
2022,7,14,5,30,32.7,73,91,89,0.28,178,1.5
2022,7,14,6,30,35.4,164,100,201,0.28,182,2.4000000000000004
2022,7,14,7,30,38.1,121,652,480,0.28,184,3.1
2022,7,14,8,30,40,108,815,689,0.28,180,3.4000000000000004
2022,7,14,9,30,41.400000000000006,121,845,832,0.28,175,3.6
2022,7,14,10,30,42.400000000000006,299,542,801,0.28,174,3.7
2022,7,14,11,30,42.7,317,515,814,0.28,181,3.9000000000000004
2022,7,14,12,30,42.1,327,507,810,0.28,189,4.2
2022,7,14,13,30,40.900000000000006,295,522,759,0.28,193,4.5
2022,7,14,14,30,39.400000000000006,93,3,95,0.28,195,4.7
2022,7,14,15,30,37.4,34,0,34,0.28,202,4.800000000000001
2022,7,14,16,30,34.6,13,0,13,0.28,216,4.6000000000000005
2022,7,14,17,30,31.8,9,0,9,0.28,240,3.9000000000000004
2022,7,14,18,30,29.700000000000003,9,0,9,0.28,277,2.8000000000000003
2022,7,14,19,30,28.700000000000003,0,0,0,0.28,153,2.5
2022,7,14,20,30,28.200000000000003,0,0,0,0.28,12,2.9000000000000004
2022,7,14,21,30,27.900000000000002,0,0,0,0.28,27,2.9000000000000004
2022,7,14,22,30,27.5,0,0,0,0.28,36,2.3000000000000003
2022,7,14,23,30,27.200000000000003,0,0,0,0.28,30,2
2022,7,15,0,30,26.900000000000002,0,0,0,0.28,21,2
2022,7,15,1,30,26.8,0,0,0,0.28,11,1.9000000000000001
2022,7,15,2,30,26.6,0,0,0,0.28,183,1.6
2022,7,15,3,30,26.400000000000002,0,0,0,0.28,359,1.3
2022,7,15,4,30,27.1,1,0,1,0.28,184,1.8
2022,7,15,5,30,28.900000000000002,73,40,80,0.28,16,2.4000000000000004
2022,7,15,6,30,31.3,80,606,301,0.28,31,2.5
2022,7,15,7,30,33.6,102,724,499,0.28,42,2.2
2022,7,15,8,30,35.9,105,814,684,0.28,58,1.6
2022,7,15,9,30,37.9,110,862,834,0.28,97,1.2000000000000002
2022,7,15,10,30,39.6,154,812,906,0.28,146,1.3
2022,7,15,11,30,40.900000000000006,112,902,982,0.28,172,1.8
2022,7,15,12,30,41.7,116,895,967,0.28,179,2.2
2022,7,15,13,30,42.1,116,874,893,0.28,181,2.5
2022,7,15,14,30,42,108,846,768,0.28,182,2.5
2022,7,15,15,30,41.5,148,683,580,0.28,184,2.5
2022,7,15,16,30,40.6,198,230,303,0.28,185,2.5
2022,7,15,17,30,38.800000000000004,81,444,199,0.28,185,1.9000000000000001
2022,7,15,18,30,36.4,26,217,42,0.28,184,1.2000000000000002
2022,7,15,19,30,34.9,0,0,0,0.28,183,1.1
2022,7,15,20,30,34,0,0,0,0.28,187,1.1
2022,7,15,21,30,33.5,0,0,0,0.28,197,1.1
2022,7,15,22,30,33.300000000000004,0,0,0,0.28,210,1
2022,7,15,23,30,33,0,0,0,0.28,223,0.8
2022,7,16,0,30,32.4,0,0,0,0.28,292,0.6000000000000001
2022,7,16,1,30,31.6,0,0,0,0.28,191,0.7000000000000001
2022,7,16,2,30,30.700000000000003,0,0,0,0.28,32,0.9
2022,7,16,3,30,30.1,0,0,0,0.28,37,1
2022,7,16,4,30,30.700000000000003,2,15,2,0.28,35,1.6
2022,7,16,5,30,32.9,44,434,117,0.28,46,2.3000000000000003
2022,7,16,6,30,35.5,68,665,309,0.28,73,2.5
2022,7,16,7,30,37.800000000000004,82,781,510,0.28,89,2.4000000000000004
2022,7,16,8,30,39.6,93,846,694,0.28,100,2.2
2022,7,16,9,30,41.1,99,887,843,0.28,111,2
2022,7,16,10,30,42.300000000000004,101,912,945,0.28,120,1.9000000000000001
2022,7,16,11,30,43.2,103,921,990,0.28,127,1.8
2022,7,16,12,30,43.7,106,913,974,0.28,132,1.7000000000000002
2022,7,16,13,30,44,110,890,900,0.28,137,1.7000000000000002
2022,7,16,14,30,43.900000000000006,102,863,774,0.28,142,1.8
2022,7,16,15,30,43.400000000000006,92,816,608,0.28,152,1.8
2022,7,16,16,30,42.5,88,698,407,0.28,167,1.8
2022,7,16,17,30,40.6,72,504,206,0.28,184,1.4000000000000001
2022,7,16,18,30,38.300000000000004,25,245,43,0.28,200,1
2022,7,16,19,30,36.800000000000004,0,0,0,0.28,217,1
2022,7,16,20,30,36,0,0,0,0.28,236,1.1
2022,7,16,21,30,35.4,0,0,0,0.28,251,1
2022,7,16,22,30,34.800000000000004,0,0,0,0.28,254,1
2022,7,16,23,30,34.1,0,0,0,0.28,252,0.9
2022,7,17,0,30,33.300000000000004,0,0,0,0.28,252,0.9
2022,7,17,1,30,32.6,0,0,0,0.28,257,0.8
2022,7,17,2,30,31.900000000000002,0,0,0,0.28,262,0.7000000000000001
2022,7,17,3,30,31.1,0,0,0,0.28,211,0.7000000000000001
2022,7,17,4,30,31.200000000000003,1,0,1,0.28,153,1.4000000000000001
2022,7,17,5,30,32.7,52,302,102,0.28,160,2.6
2022,7,17,6,30,34.9,124,94,158,0.28,169,3.1
2022,7,17,7,30,37.1,189,67,226,0.28,163,3.3000000000000003
2022,7,17,8,30,37.300000000000004,43,0,43,0.28,162,4.4
2022,7,17,9,30,35.6,335,194,498,0.28,175,5.300000000000001
2022,7,17,10,30,34,159,808,906,0.28,213,5.1000000000000005
2022,7,17,11,30,34,349,420,753,0.28,271,5.2
2022,7,17,12,30,35.7,158,818,935,0.28,311,5.6000000000000005
2022,7,17,13,30,38,109,887,896,0.28,321,5.1000000000000005
2022,7,17,14,30,39.800000000000004,98,874,778,0.28,314,4.2
2022,7,17,15,30,40.5,86,835,613,0.28,298,3.3000000000000003
2022,7,17,16,30,40.2,72,761,419,0.28,285,2.6
2022,7,17,17,30,38.6,55,611,216,0.28,279,1.5
2022,7,17,18,30,37,32,30,34,0.28,272,0.7000000000000001
2022,7,17,19,30,36.2,0,0,0,0.28,247,0.4
2022,7,17,20,30,35.300000000000004,0,0,0,0.28,259,0.5
2022,7,17,21,30,34.4,0,0,0,0.28,152,0.7000000000000001
2022,7,17,22,30,33.4,0,0,0,0.28,37,0.9
2022,7,17,23,30,32.300000000000004,0,0,0,0.28,66,1.1
2022,7,18,0,30,31.1,0,0,0,0.28,67,1.3
2022,7,18,1,30,30.1,0,0,0,0.28,63,1.3
2022,7,18,2,30,29,0,0,0,0.28,69,1.4000000000000001
2022,7,18,3,30,28.1,0,0,0,0.28,86,1.7000000000000002
2022,7,18,4,30,28.3,1,0,1,0.28,114,3.3000000000000003
2022,7,18,5,30,29.3,63,31,68,0.28,143,5
2022,7,18,6,30,30.400000000000002,143,246,231,0.28,163,4.9
2022,7,18,7,30,32.1,233,156,318,0.28,170,4
2022,7,18,8,30,34.5,326,142,426,0.28,162,3.5
2022,7,18,9,30,36.5,350,254,562,0.28,147,3.9000000000000004
2022,7,18,10,30,37.5,384,289,651,0.28,141,4.6000000000000005
2022,7,18,11,30,38.2,351,466,799,0.28,144,4.6000000000000005
2022,7,18,12,30,39.400000000000006,143,860,959,0.28,150,4.2
2022,7,18,13,30,40.400000000000006,118,876,894,0.28,156,3.9000000000000004
2022,7,18,14,30,40.7,106,854,770,0.28,161,3.7
2022,7,18,15,30,40.5,95,807,604,0.28,169,3.6
2022,7,18,16,30,39.800000000000004,81,722,409,0.28,178,3.5
2022,7,18,17,30,37.6,114,78,134,0.28,188,2.4000000000000004
2022,7,18,18,30,34.9,29,4,29,0.28,200,1.3
2022,7,18,19,30,33.7,0,0,0,0.28,217,1.1
2022,7,18,20,30,33.2,0,0,0,0.28,237,1
2022,7,18,21,30,32.800000000000004,0,0,0,0.28,256,1
2022,7,18,22,30,32.5,0,0,0,0.28,278,0.9
2022,7,18,23,30,31.900000000000002,0,0,0,0.28,308,0.8
2022,7,19,0,30,31,0,0,0,0.28,336,0.8
2022,7,19,1,30,30,0,0,0,0.28,350,0.9
2022,7,19,2,30,29,0,0,0,0.28,357,0.9
2022,7,19,3,30,28.200000000000003,0,0,0,0.28,180,1
2022,7,19,4,30,28.900000000000002,2,11,2,0.28,1,1.3
2022,7,19,5,30,31.3,45,422,113,0.28,19,1.7000000000000002
2022,7,19,6,30,34.2,70,658,305,0.28,65,1.8
2022,7,19,7,30,36.6,86,774,506,0.28,105,1.9000000000000001
2022,7,19,8,30,38.400000000000006,98,840,691,0.28,128,2.2
2022,7,19,9,30,39.900000000000006,107,879,841,0.28,144,2.3000000000000003
2022,7,19,10,30,41.1,113,900,943,0.28,156,2.5
2022,7,19,11,30,42,115,910,989,0.28,166,2.7
2022,7,19,12,30,42.7,112,910,975,0.28,174,3
2022,7,19,13,30,43.1,106,900,903,0.28,181,3.2
2022,7,19,14,30,43.1,99,872,776,0.28,189,3.3000000000000003
2022,7,19,15,30,42.7,91,822,608,0.28,199,3.3000000000000003
2022,7,19,16,30,41.7,77,739,412,0.28,210,3.1
2022,7,19,17,30,39.400000000000006,57,585,210,0.28,221,2.1
2022,7,19,18,30,36.800000000000004,24,241,40,0.28,232,1.2000000000000002
2022,7,19,19,30,35.4,0,0,0,0.28,242,1.2000000000000002
2022,7,19,20,30,34.7,0,0,0,0.28,248,1.3
2022,7,19,21,30,33.9,0,0,0,0.28,251,1.3
2022,7,19,22,30,33.1,0,0,0,0.28,255,1.3
2022,7,19,23,30,32.2,0,0,0,0.28,259,1.4000000000000001
2022,7,20,0,30,31.6,0,0,0,0.28,266,1.3
2022,7,20,1,30,31.200000000000003,0,0,0,0.28,276,1.2000000000000002
2022,7,20,2,30,30.900000000000002,0,0,0,0.28,292,1
2022,7,20,3,30,30.3,0,0,0,0.28,313,1
2022,7,20,4,30,30.8,2,13,2,0.28,337,1
2022,7,20,5,30,33.2,42,442,113,0.28,185,1.5
2022,7,20,6,30,36.2,67,671,305,0.28,42,1.9000000000000001
2022,7,20,7,30,38.400000000000006,83,783,507,0.28,75,1.8
2022,7,20,8,30,40,96,846,692,0.28,100,1.8
2022,7,20,9,30,41.5,104,885,842,0.28,128,2
2022,7,20,10,30,42.6,108,908,945,0.28,152,2.1
2022,7,20,11,30,43.400000000000006,111,917,991,0.28,173,2.1
2022,7,20,12,30,43.900000000000006,348,461,785,0.28,191,2.1
2022,7,20,13,30,44.1,347,443,739,0.28,205,2.2
2022,7,20,14,30,44,260,538,677,0.28,216,2.2
2022,7,20,15,30,43.5,204,531,537,0.28,223,2.3000000000000003
2022,7,20,16,30,42.5,212,174,291,0.28,230,2.3000000000000003
2022,7,20,17,30,40.1,125,131,159,0.28,236,1.7000000000000002
2022,7,20,18,30,37.300000000000004,28,92,34,0.28,242,1.2000000000000002
2022,7,20,19,30,35.7,0,0,0,0.28,249,1.3
2022,7,20,20,30,34.6,0,0,0,0.28,255,1.4000000000000001
2022,7,20,21,30,33.5,0,0,0,0.28,261,1.5
2022,7,20,22,30,32.6,0,0,0,0.28,268,1.5
2022,7,20,23,30,31.8,0,0,0,0.28,274,1.5
2022,7,21,0,30,31.400000000000002,0,0,0,0.28,281,1.4000000000000001
2022,7,21,1,30,31.1,0,0,0,0.28,289,1.2000000000000002
2022,7,21,2,30,30.6,0,0,0,0.28,298,1.1
2022,7,21,3,30,30.3,0,0,0,0.28,307,1
2022,7,21,4,30,31,0,0,0,0.28,313,0.9
2022,7,21,5,30,33.5,46,396,109,0.28,331,0.9
2022,7,21,6,30,36.800000000000004,74,651,304,0.28,228,1.3
2022,7,21,7,30,39.400000000000006,91,777,510,0.28,121,1.8
2022,7,21,8,30,41.2,103,845,697,0.28,139,2.2
2022,7,21,9,30,42.6,109,889,850,0.28,154,2.5
2022,7,21,10,30,43.800000000000004,112,913,952,0.28,170,2.6
2022,7,21,11,30,44.7,116,920,998,0.28,185,2.8000000000000003
2022,7,21,12,30,45.300000000000004,110,923,984,0.28,198,3
2022,7,21,13,30,45.5,102,916,911,0.28,207,3.2
2022,7,21,14,30,45.300000000000004,243,570,684,0.28,215,3.5
2022,7,21,15,30,44.6,160,661,574,0.28,223,3.7
2022,7,21,16,30,43.400000000000006,78,748,415,0.28,228,3.7
2022,7,21,17,30,40.6,56,598,210,0.28,230,2.8000000000000003
2022,7,21,18,30,37.4,24,221,38,0.28,232,2
2022,7,21,19,30,35.5,0,0,0,0.28,237,1.8
2022,7,21,20,30,34.4,0,0,0,0.28,242,1.8
2022,7,21,21,30,33.4,0,0,0,0.28,246,1.7000000000000002
2022,7,21,22,30,32.7,0,0,0,0.28,251,1.6
2022,7,21,23,30,32,0,0,0,0.28,255,1.5
2022,7,22,0,30,31.6,0,0,0,0.28,260,1.4000000000000001
2022,7,22,1,30,31.400000000000002,0,0,0,0.28,268,1.3
2022,7,22,2,30,31.200000000000003,0,0,0,0.28,281,1.3
2022,7,22,3,30,30.6,0,0,0,0.28,301,1.4000000000000001
2022,7,22,4,30,31.1,0,0,0,0.28,200,1.7000000000000002
2022,7,22,5,30,32.800000000000004,43,408,107,0.28,97,3
2022,7,22,6,30,34.6,86,544,277,0.28,111,4.3
2022,7,22,7,30,36.7,214,216,330,0.28,123,4.5
2022,7,22,8,30,38.800000000000004,234,431,537,0.28,135,4.2
2022,7,22,9,30,40.800000000000004,236,570,710,0.28,145,3.6
2022,7,22,10,30,42.6,117,883,929,0.28,152,3
2022,7,22,11,30,44,121,891,975,0.28,157,2.5
2022,7,22,12,30,44.800000000000004,303,550,823,0.28,151,2.3000000000000003
2022,7,22,13,30,45.2,331,439,718,0.28,143,2.6
2022,7,22,14,30,44.900000000000006,316,358,593,0.28,162,2.8000000000000003
2022,7,22,15,30,44,265,298,451,0.28,207,3.1
2022,7,22,16,30,42.6,208,124,264,0.28,237,3.5
2022,7,22,17,30,40,104,27,111,0.28,247,3
2022,7,22,18,30,37,26,3,26,0.28,253,1.7000000000000002
2022,7,22,19,30,35.5,0,0,0,0.28,253,1.2000000000000002
2022,7,22,20,30,35,0,0,0,0.28,242,1.1
2022,7,22,21,30,34.6,0,0,0,0.28,230,1.2000000000000002
2022,7,22,22,30,34.5,0,0,0,0.28,228,1.6
2022,7,22,23,30,34.5,0,0,0,0.28,239,1.8
2022,7,23,0,30,34,0,0,0,0.28,259,1.7000000000000002
2022,7,23,1,30,33.300000000000004,0,0,0,0.28,283,1.3
2022,7,23,2,30,32.800000000000004,0,0,0,0.28,302,0.9
2022,7,23,3,30,32.4,0,0,0,0.28,288,0.6000000000000001
2022,7,23,4,30,32.7,0,0,0,0.28,208,0.6000000000000001
2022,7,23,5,30,34.4,61,42,67,0.28,152,1.1
2022,7,23,6,30,36.800000000000004,155,183,219,0.28,164,2
2022,7,23,7,30,38.900000000000006,227,293,384,0.28,177,2.9000000000000004
2022,7,23,8,30,40.400000000000006,294,269,482,0.28,177,3.7
2022,7,23,9,30,41.2,396,116,492,0.28,174,4.3
2022,7,23,10,30,41.800000000000004,365,416,747,0.28,176,4.7
2022,7,23,11,30,42.400000000000006,414,294,695,0.28,180,5
2022,7,23,12,30,42.900000000000006,401,239,627,0.28,184,5
2022,7,23,13,30,42.800000000000004,346,17,361,0.28,188,4.800000000000001
2022,7,23,14,30,42.300000000000004,328,66,379,0.28,190,4.800000000000001
2022,7,23,15,30,41.300000000000004,209,25,225,0.28,189,4.800000000000001
2022,7,23,16,30,39.900000000000006,190,150,257,0.28,188,4.800000000000001
2022,7,23,17,30,38.2,116,56,130,0.28,189,4.3
2022,7,23,18,30,36.7,24,2,24,0.28,189,3.6
2022,7,23,19,30,35.7,0,0,0,0.28,190,3
2022,7,23,20,30,34.800000000000004,0,0,0,0.28,193,2.3000000000000003
2022,7,23,21,30,33.800000000000004,0,0,0,0.28,191,1.7000000000000002
2022,7,23,22,30,33,0,0,0,0.28,186,1.3
2022,7,23,23,30,32,0,0,0,0.28,185,1.2000000000000002
2022,7,24,0,30,31.1,0,0,0,0.28,195,1.1
2022,7,24,1,30,30.400000000000002,0,0,0,0.28,212,1.1
2022,7,24,2,30,30,0,0,0,0.28,219,1.2000000000000002
2022,7,24,3,30,29.5,0,0,0,0.28,202,1.5
2022,7,24,4,30,29.6,0,0,0,0.28,169,1.8
2022,7,24,5,30,30.900000000000002,53,256,92,0.28,153,2.5
2022,7,24,6,30,33.1,137,306,243,0.28,151,3.2
2022,7,24,7,30,35.2,123,661,476,0.28,145,3.6
2022,7,24,8,30,37,141,744,661,0.28,138,3.8000000000000003
2022,7,24,9,30,38.7,140,814,815,0.28,136,3.8000000000000003
2022,7,24,10,30,40.1,129,867,924,0.28,140,3.7
2022,7,24,11,30,41,130,879,970,0.28,147,3.7
2022,7,24,12,30,41.7,139,862,952,0.28,154,3.8000000000000003
2022,7,24,13,30,41.900000000000006,147,826,874,0.28,159,4.2
2022,7,24,14,30,41.300000000000004,138,790,747,0.28,163,5.1000000000000005
2022,7,24,15,30,39.6,127,723,577,0.28,169,6.4
2022,7,24,16,30,36.800000000000004,111,605,381,0.28,178,7.4
2022,7,24,17,30,33.9,78,416,183,0.28,186,7.1000000000000005
2022,7,24,18,30,32.300000000000004,23,86,28,0.28,191,5.800000000000001
2022,7,24,19,30,31.5,0,0,0,0.28,188,5.2
2022,7,24,20,30,30.900000000000002,0,0,0,0.28,185,5
2022,7,24,21,30,30.400000000000002,0,0,0,0.28,185,4.2
2022,7,24,22,30,30.200000000000003,0,0,0,0.28,186,3
2022,7,24,23,30,30,0,0,0,0.28,181,1.6
2022,7,25,0,30,29.5,0,0,0,0.28,173,1
2022,7,25,1,30,29.1,0,0,0,0.28,170,0.9
2022,7,25,2,30,28.900000000000002,0,0,0,0.28,169,0.9
2022,7,25,3,30,28.900000000000002,0,0,0,0.28,165,0.9
2022,7,25,4,30,29.3,0,0,0,0.28,159,1.3
2022,7,25,5,30,30.1,62,29,66,0.28,155,2.3000000000000003
2022,7,25,6,30,31.1,137,295,239,0.28,149,2.9000000000000004
2022,7,25,7,30,32.1,225,331,401,0.28,137,3.2
2022,7,25,8,30,32.800000000000004,175,667,640,0.28,126,3.4000000000000004
2022,7,25,9,30,33.2,261,584,745,0.28,117,3.5
2022,7,25,10,30,33.2,235,681,859,0.28,107,3.4000000000000004
2022,7,25,11,30,32.7,298,570,842,0.28,96,3.2
2022,7,25,12,30,32.1,181,4,185,0.28,80,3.2
2022,7,25,13,30,31.3,50,0,50,0.28,61,3.2
2022,7,25,14,30,30.900000000000002,53,0,53,0.28,43,2.9000000000000004
2022,7,25,15,30,30.700000000000003,143,6,147,0.28,35,2.4000000000000004
2022,7,25,16,30,30.200000000000003,204,69,235,0.28,39,1.7000000000000002
2022,7,25,17,30,29.200000000000003,74,6,76,0.28,49,1.2000000000000002
2022,7,25,18,30,28.3,10,0,10,0.28,51,0.9
2022,7,25,19,30,27.900000000000002,0,0,0,0.28,43,0.8
2022,7,25,20,30,27.5,0,0,0,0.28,33,0.7000000000000001
2022,7,25,21,30,27.200000000000003,0,0,0,0.28,17,0.7000000000000001
2022,7,25,22,30,26.900000000000002,0,0,0,0.28,175,0.6000000000000001
2022,7,25,23,30,26.6,0,0,0,0.28,331,0.6000000000000001
2022,7,26,0,30,26.3,0,0,0,0.28,322,0.6000000000000001
2022,7,26,1,30,26,0,0,0,0.28,337,0.7000000000000001
2022,7,26,2,30,25.700000000000003,0,0,0,0.28,185,0.9
2022,7,26,3,30,25.3,0,0,0,0.28,28,1.2000000000000002
2022,7,26,4,30,25.3,0,0,0,0.28,43,1.5
2022,7,26,5,30,26.1,60,15,62,0.28,57,1.8
2022,7,26,6,30,27.400000000000002,103,476,267,0.28,72,1.7000000000000002
2022,7,26,7,30,28.6,131,624,463,0.28,87,1.5
2022,7,26,8,30,29.900000000000002,150,712,646,0.28,102,1.3
2022,7,26,9,30,31.1,149,785,798,0.28,114,1.1
2022,7,26,10,30,32.4,136,842,906,0.28,121,0.9
2022,7,26,11,30,33.6,137,854,952,0.28,121,0.8
2022,7,26,12,30,34.6,130,861,940,0.28,118,0.7000000000000001
2022,7,26,13,30,35.1,223,640,785,0.28,124,0.7000000000000001
2022,7,26,14,30,35.2,347,220,516,0.28,139,0.8
2022,7,26,15,30,35,256,277,428,0.28,154,0.8
2022,7,26,16,30,34.4,199,175,276,0.28,161,0.9
2022,7,26,17,30,33.300000000000004,109,106,135,0.28,161,0.8
2022,7,26,18,30,32,22,3,22,0.28,157,0.7000000000000001
2022,7,26,19,30,31,0,0,0,0.28,146,0.8
2022,7,26,20,30,30.3,0,0,0,0.28,137,1.1
2022,7,26,21,30,29.400000000000002,0,0,0,0.28,135,1.5
2022,7,26,22,30,28.400000000000002,0,0,0,0.28,134,1.9000000000000001
2022,7,26,23,30,27.400000000000002,0,0,0,0.28,136,2.2
2022,7,27,0,30,26.8,0,0,0,0.28,135,2.4000000000000004
2022,7,27,1,30,26.400000000000002,0,0,0,0.28,131,2.5
2022,7,27,2,30,26.1,0,0,0,0.28,128,2.3000000000000003
2022,7,27,3,30,25.8,0,0,0,0.28,123,1.6
2022,7,27,4,30,26.1,0,0,0,0.28,120,1.4000000000000001
2022,7,27,5,30,27.400000000000002,42,358,94,0.28,128,1.9000000000000001
2022,7,27,6,30,29.3,70,613,280,0.28,134,2.3000000000000003
2022,7,27,7,30,31.200000000000003,89,739,480,0.28,131,2.5
2022,7,27,8,30,33,100,810,663,0.28,125,2.6
2022,7,27,9,30,34.5,121,829,805,0.28,121,2.8000000000000003
2022,7,27,10,30,35.7,105,889,917,0.28,117,3.1
2022,7,27,11,30,36.4,107,898,962,0.28,115,3.4000000000000004
2022,7,27,12,30,36.800000000000004,138,851,938,0.28,116,3.5
2022,7,27,13,30,36.800000000000004,367,303,633,0.28,119,3.3000000000000003
2022,7,27,14,30,36.6,134,31,158,0.28,119,3.1
2022,7,27,15,30,36.1,48,1,49,0.28,118,2.9000000000000004
2022,7,27,16,30,35.2,97,18,105,0.28,116,2.6
2022,7,27,17,30,33.2,65,9,67,0.28,111,1.8
2022,7,27,18,30,31.200000000000003,14,0,14,0.28,94,0.9
2022,7,27,19,30,30.1,0,0,0,0.28,56,0.8
2022,7,27,20,30,29,0,0,0,0.28,16,0.9
2022,7,27,21,30,28.1,0,0,0,0.28,174,1
2022,7,27,22,30,27.3,0,0,0,0.28,349,0.8
2022,7,27,23,30,26.5,0,0,0,0.28,185,0.6000000000000001
2022,7,28,0,30,25.8,0,0,0,0.28,26,0.5
2022,7,28,1,30,25.400000000000002,0,0,0,0.28,43,0.4
2022,7,28,2,30,25.200000000000003,0,0,0,0.28,50,0.4
2022,7,28,3,30,24.900000000000002,0,0,0,0.28,42,0.4
2022,7,28,4,30,25.200000000000003,0,0,0,0.28,38,0.5
2022,7,28,5,30,26.6,59,33,64,0.28,67,0.8
2022,7,28,6,30,28.6,76,595,278,0.28,104,1
2022,7,28,7,30,30.400000000000002,96,722,477,0.28,116,1.1
2022,7,28,8,30,32,111,794,661,0.28,112,1
2022,7,28,9,30,33.6,119,839,811,0.28,105,1.1
2022,7,28,10,30,35,123,867,914,0.28,104,1.5
2022,7,28,11,30,36.2,126,878,961,0.28,108,1.9000000000000001
2022,7,28,12,30,37,125,876,947,0.28,112,2.2
2022,7,28,13,30,37.5,120,863,875,0.28,117,2.4000000000000004
2022,7,28,14,30,37.6,110,838,751,0.28,123,2.6
2022,7,28,15,30,37.300000000000004,96,792,584,0.28,130,2.9000000000000004
2022,7,28,16,30,36.300000000000004,79,708,389,0.28,138,3.1
2022,7,28,17,30,34.1,57,539,188,0.28,145,2.5
2022,7,28,18,30,31.5,19,116,25,0.28,152,2.1
2022,7,28,19,30,30.1,0,0,0,0.28,159,2.4000000000000004
2022,7,28,20,30,29,0,0,0,0.28,161,2.7
2022,7,28,21,30,28,0,0,0,0.28,160,2.4000000000000004
2022,7,28,22,30,27.200000000000003,0,0,0,0.28,157,1.7000000000000002
2022,7,28,23,30,26.700000000000003,0,0,0,0.28,139,0.9
2022,7,29,0,30,26.3,0,0,0,0.28,108,0.5
2022,7,29,1,30,25.900000000000002,0,0,0,0.28,85,0.4
2022,7,29,2,30,25.5,0,0,0,0.28,77,0.4
2022,7,29,3,30,25.200000000000003,0,0,0,0.28,78,0.5
2022,7,29,4,30,25.3,0,0,0,0.28,86,0.9
2022,7,29,5,30,26.3,41,8,42,0.28,102,1.5
2022,7,29,6,30,27.900000000000002,155,125,197,0.28,117,1.8
2022,7,29,7,30,29.700000000000003,230,215,343,0.28,122,1.9000000000000001
2022,7,29,8,30,31.5,282,318,502,0.28,119,1.9000000000000001
2022,7,29,9,30,33,318,369,622,0.28,113,1.9000000000000001
2022,7,29,10,30,34.2,133,846,904,0.28,110,2
2022,7,29,11,30,35.300000000000004,128,867,952,0.28,112,2.3000000000000003
2022,7,29,12,30,36.1,119,881,945,0.28,115,2.5
2022,7,29,13,30,36.6,118,863,872,0.28,118,2.6
2022,7,29,14,30,36.800000000000004,108,838,748,0.28,122,2.7
2022,7,29,15,30,36.5,96,790,581,0.28,129,2.9000000000000004
2022,7,29,16,30,35.7,79,701,385,0.28,135,3
2022,7,29,17,30,33.6,61,511,184,0.28,143,2.3000000000000003
2022,7,29,18,30,31.3,13,0,13,0.28,153,1.7000000000000002
2022,7,29,19,30,29.900000000000002,0,0,0,0.28,166,1.7000000000000002
2022,7,29,20,30,28.900000000000002,0,0,0,0.28,176,1.7000000000000002
2022,7,29,21,30,28,0,0,0,0.28,181,1.3
2022,7,29,22,30,27.400000000000002,0,0,0,0.28,178,1.1
2022,7,29,23,30,26.900000000000002,0,0,0,0.28,165,1
2022,7,30,0,30,26.400000000000002,0,0,0,0.28,149,0.9
2022,7,30,1,30,26.1,0,0,0,0.28,138,0.8
2022,7,30,2,30,25.8,0,0,0,0.28,122,0.7000000000000001
2022,7,30,3,30,25.5,0,0,0,0.28,88,0.6000000000000001
2022,7,30,4,30,25.6,0,0,0,0.28,60,0.8
2022,7,30,5,30,26.6,50,217,80,0.28,67,1.2000000000000002
2022,7,30,6,30,28.3,102,441,250,0.28,88,1.4000000000000001
2022,7,30,7,30,30.3,159,533,438,0.28,103,1.6
2022,7,30,8,30,32.1,154,688,629,0.28,113,1.8
2022,7,30,9,30,33.5,312,305,563,0.28,123,2
2022,7,30,10,30,34.7,157,792,878,0.28,131,2.2
2022,7,30,11,30,35.4,229,645,841,0.28,139,2.4000000000000004
2022,7,30,12,30,35.800000000000004,112,886,941,0.28,143,2.6
2022,7,30,13,30,36,101,881,870,0.28,144,2.7
2022,7,30,14,30,36,93,856,745,0.28,144,2.9000000000000004
2022,7,30,15,30,35.7,245,305,432,0.28,145,3.1
2022,7,30,16,30,34.9,188,181,267,0.28,145,3.1
2022,7,30,17,30,33.2,100,96,123,0.28,143,2.3000000000000003
2022,7,30,18,30,31.3,16,2,16,0.28,141,1.4000000000000001
2022,7,30,19,30,30.3,0,0,0,0.28,140,1
2022,7,30,20,30,29.700000000000003,0,0,0,0.28,138,0.9
2022,7,30,21,30,29.200000000000003,0,0,0,0.28,135,0.8
2022,7,30,22,30,28.8,0,0,0,0.28,131,0.8
2022,7,30,23,30,28.400000000000002,0,0,0,0.28,126,0.7000000000000001
2022,7,31,0,30,28.1,0,0,0,0.28,116,0.7000000000000001
2022,7,31,1,30,27.700000000000003,0,0,0,0.28,105,0.7000000000000001
2022,7,31,2,30,27.3,0,0,0,0.28,99,0.7000000000000001
2022,7,31,3,30,26.900000000000002,0,0,0,0.28,100,0.8
2022,7,31,4,30,26.900000000000002,0,0,0,0.28,106,1.2000000000000002
2022,7,31,5,30,27.8,46,7,47,0.28,128,1.8
2022,7,31,6,30,29,104,25,112,0.28,152,2.4000000000000004
2022,7,31,7,30,30.200000000000003,211,136,282,0.28,163,2.8000000000000003
2022,7,31,8,30,31.1,285,204,425,0.28,168,3
2022,7,31,9,30,31.700000000000003,319,311,574,0.28,172,3.2
2022,7,31,10,30,31.8,187,735,855,0.28,174,3.5
2022,7,31,11,30,31.3,393,25,417,0.28,174,3.7
2022,7,31,12,30,30.5,357,10,366,0.28,173,3.7
2022,7,31,13,30,29.6,356,19,373,0.28,174,3.7
2022,7,31,14,30,28.8,236,5,240,0.28,176,3.4000000000000004
2022,7,31,15,30,28.3,258,279,428,0.28,178,2.8000000000000003
2022,7,31,16,30,39.400000000000006,205,275,324,0.26,127,1.3
2022,7,31,17,30,37.1,81,2,81,0.26,154,1
2022,7,31,18,30,34.9,12,0,12,0.26,184,0.9
2022,7,31,19,30,34.1,0,0,0,0.26,200,1
2022,7,31,20,30,33.7,0,0,0,0.26,207,0.9
2022,7,31,21,30,33.1,0,0,0,0.26,205,0.9
2022,7,31,22,30,32.7,0,0,0,0.26,195,0.9
2022,7,31,23,30,32.300000000000004,0,0,0,0.26,182,0.8
2017,8,1,0,30,31.700000000000003,0,0,0,0.26,181,0.8
2017,8,1,1,30,30.8,0,0,0,0.26,207,0.9
2017,8,1,2,30,29.900000000000002,0,0,0,0.26,241,0.9
2017,8,1,3,30,29.3,0,0,0,0.26,271,0.9
2017,8,1,4,30,29.400000000000002,0,0,0,0.26,314,0.8
2017,8,1,5,30,31,38,370,87,0.26,207,1.1
2017,8,1,6,30,33.4,68,631,277,0.26,92,1.7000000000000002
2017,8,1,7,30,35.7,86,758,481,0.26,112,2.1
2017,8,1,8,30,37.4,98,831,669,0.26,111,2.3000000000000003
2017,8,1,9,30,38.800000000000004,105,877,822,0.26,111,2.3000000000000003
2017,8,1,10,30,39.900000000000006,124,880,922,0.26,111,2.4000000000000004
2017,8,1,11,30,40.800000000000004,120,900,972,0.26,114,2.3000000000000003
2017,8,1,12,30,41.5,115,905,960,0.26,118,2.3000000000000003
2017,8,1,13,30,41.7,118,880,883,0.26,121,2.1
2017,8,1,14,30,41.6,107,853,754,0.26,126,1.8
2017,8,1,15,30,41.1,95,804,583,0.26,137,1.6
2017,8,1,16,30,40,80,708,383,0.26,151,1.4000000000000001
2017,8,1,17,30,37.7,56,522,178,0.26,163,1
2017,8,1,18,30,35.5,14,117,19,0.26,170,0.9
2017,8,1,19,30,34.1,0,0,0,0.26,169,1
2017,8,1,20,30,33.1,0,0,0,0.26,141,1.3
2017,8,1,21,30,31.900000000000002,0,0,0,0.26,114,1.6
2017,8,1,22,30,30.6,0,0,0,0.26,129,1.6
2017,8,1,23,30,29.8,0,0,0,0.26,172,1.3
2017,8,2,0,30,29.200000000000003,0,0,0,0.26,219,1
2017,8,2,1,30,28.6,0,0,0,0.26,297,0.8
2017,8,2,2,30,28,0,0,0,0.26,196,1.2000000000000002
2017,8,2,3,30,27.3,0,0,0,0.26,36,1.5
2017,8,2,4,30,27.3,0,0,0,0.26,38,1.9000000000000001
2017,8,2,5,30,28.3,53,1,53,0.26,50,2
2017,8,2,6,30,29.8,172,127,214,0.26,73,1.7000000000000002
2017,8,2,7,30,31.400000000000002,103,700,465,0.26,96,1.5
2017,8,2,8,30,32.800000000000004,116,783,653,0.26,115,1.5
2017,8,2,9,30,34.1,123,837,807,0.26,121,1.6
2017,8,2,10,30,35.4,117,882,915,0.26,116,1.9000000000000001
2017,8,2,11,30,36.5,115,900,965,0.26,114,2.3000000000000003
2017,8,2,12,30,37.4,111,903,951,0.26,126,2.7
2017,8,2,13,30,38,126,859,870,0.26,140,3.1
2017,8,2,14,30,38.300000000000004,115,832,744,0.26,148,3.3000000000000003
2017,8,2,15,30,38,100,781,574,0.26,155,3.5
2017,8,2,16,30,37.1,82,691,377,0.26,162,3.1
2017,8,2,17,30,35.1,109,36,117,0.26,167,2
2017,8,2,18,30,33.1,11,0,11,0.26,171,1.1
2017,8,2,19,30,32.1,0,0,0,0.26,172,1
2017,8,2,20,30,31.400000000000002,0,0,0,0.26,173,0.9
2017,8,2,21,30,30.900000000000002,0,0,0,0.26,181,0.8
2017,8,2,22,30,30.400000000000002,0,0,0,0.26,171,0.6000000000000001
2017,8,2,23,30,29.6,0,0,0,0.26,109,0.6000000000000001
2017,8,3,0,30,28.700000000000003,0,0,0,0.26,67,0.9
2017,8,3,1,30,28.200000000000003,0,0,0,0.26,92,1.2000000000000002
2017,8,3,2,30,27.8,0,0,0,0.26,134,1.6
2017,8,3,3,30,27.5,0,0,0,0.26,160,1.7000000000000002
2017,8,3,4,30,27.400000000000002,0,0,0,0.26,170,2
2017,8,3,5,30,27.700000000000003,43,0,43,0.26,178,2.8000000000000003
2017,8,3,6,30,28.400000000000002,161,225,234,0.26,188,3.4000000000000004
2017,8,3,7,30,29.3,268,211,377,0.26,197,3.3000000000000003
2017,8,3,8,30,30.700000000000003,345,282,538,0.26,192,2.5
2017,8,3,9,30,32.4,307,571,772,0.26,177,2.5
2017,8,3,10,30,33.9,146,830,896,0.26,172,3.4000000000000004
2017,8,3,11,30,34.9,150,840,942,0.26,172,3.9000000000000004
2017,8,3,12,30,35.2,500,270,750,0.26,168,4
2017,8,3,13,30,35.2,108,875,865,0.26,166,4.3
2017,8,3,14,30,34.9,99,849,739,0.26,168,4.4
2017,8,3,15,30,34.300000000000004,87,801,570,0.26,172,4.1000000000000005
2017,8,3,16,30,33.300000000000004,199,269,313,0.26,178,3.2
2017,8,3,17,30,31.700000000000003,49,550,175,0.26,187,1.8
2017,8,3,18,30,30.400000000000002,9,0,9,0.26,201,0.9
2017,8,3,19,30,30,0,0,0,0.26,213,0.7000000000000001
2017,8,3,20,30,29.900000000000002,0,0,0,0.26,207,0.6000000000000001
2017,8,3,21,30,29.5,0,0,0,0.26,185,0.7000000000000001
2017,8,3,22,30,28.700000000000003,0,0,0,0.26,169,0.8
2017,8,3,23,30,27.900000000000002,0,0,0,0.26,165,0.9
2017,8,4,0,30,27.3,0,0,0,0.26,161,0.9
2017,8,4,1,30,26.8,0,0,0,0.26,150,0.8
2017,8,4,2,30,26.3,0,0,0,0.26,137,0.8
2017,8,4,3,30,25.900000000000002,0,0,0,0.26,128,0.7000000000000001
2017,8,4,4,30,26,0,0,0,0.26,121,1
2017,8,4,5,30,26.900000000000002,49,1,49,0.26,122,1.7000000000000002
2017,8,4,6,30,28.200000000000003,71,589,262,0.26,125,2.2
2017,8,4,7,30,29.5,280,104,333,0.26,123,2.3000000000000003
2017,8,4,8,30,30.5,279,4,282,0.26,121,2.4000000000000004
2017,8,4,9,30,31.200000000000003,191,0,191,0.26,117,2.4000000000000004
2017,8,4,10,30,31.3,423,68,485,0.26,114,2.4000000000000004
2017,8,4,11,30,31,274,592,831,0.26,118,2.2
2017,8,4,12,30,30.8,439,198,623,0.26,138,1.7000000000000002
2017,8,4,13,30,30.6,407,185,567,0.26,188,1.3
2017,8,4,14,30,30.200000000000003,343,54,384,0.26,254,1.3
2017,8,4,15,30,29.8,284,77,331,0.26,288,1.8
2017,8,4,16,30,29.400000000000002,211,172,283,0.26,304,1.9000000000000001
2017,8,4,17,30,28.3,112,70,128,0.26,329,1.7000000000000002
2017,8,4,18,30,27.1,7,0,7,0.26,175,1.9000000000000001
2017,8,4,19,30,26.5,0,0,0,0.26,9,2.1
2017,8,4,20,30,26.200000000000003,0,0,0,0.26,10,1.9000000000000001
2017,8,4,21,30,25.8,0,0,0,0.26,177,1.3
2017,8,4,22,30,25.400000000000002,0,0,0,0.26,333,0.8
2017,8,4,23,30,25.200000000000003,0,0,0,0.26,312,0.7000000000000001
2017,8,5,0,30,25,0,0,0,0.26,308,0.6000000000000001
2017,8,5,1,30,24.6,0,0,0,0.26,316,0.6000000000000001
2017,8,5,2,30,24.1,0,0,0,0.26,323,0.6000000000000001
2017,8,5,3,30,23.700000000000003,0,0,0,0.26,327,0.7000000000000001
2017,8,5,4,30,23.6,0,0,0,0.26,327,1
2017,8,5,5,30,24.5,43,0,43,0.26,325,1.4000000000000001
2017,8,5,6,30,26.200000000000003,158,13,163,0.26,320,1.1
2017,8,5,7,30,28.1,267,262,401,0.26,286,0.7000000000000001
2017,8,5,8,30,29.900000000000002,343,342,576,0.26,226,0.9
2017,8,5,9,30,31.5,181,731,774,0.26,194,1.4000000000000001
2017,8,5,10,30,32.7,182,776,881,0.26,191,1.8
2017,8,5,11,30,33.6,186,789,928,0.26,194,1.9000000000000001
2017,8,5,12,30,34.300000000000004,184,787,913,0.26,196,2
2017,8,5,13,30,34.800000000000004,146,818,851,0.26,195,1.9000000000000001
2017,8,5,14,30,35,132,791,725,0.26,190,1.8
2017,8,5,15,30,34.9,115,738,557,0.26,178,1.8
2017,8,5,16,30,34.1,93,639,360,0.26,154,1.7000000000000002
2017,8,5,17,30,32,60,456,161,0.26,119,1.5
2017,8,5,18,30,29.700000000000003,11,73,13,0.26,94,1.3
2017,8,5,19,30,28.700000000000003,0,0,0,0.26,82,1.2000000000000002
2017,8,5,20,30,28.1,0,0,0,0.26,67,1.1
2017,8,5,21,30,27.6,0,0,0,0.26,50,1
2017,8,5,22,30,27.200000000000003,0,0,0,0.26,35,1
2017,8,5,23,30,26.8,0,0,0,0.26,22,1
2017,8,6,0,30,26.400000000000002,0,0,0,0.26,11,1
2017,8,6,1,30,25.700000000000003,0,0,0,0.26,182,1
2017,8,6,2,30,25.1,0,0,0,0.26,357,1.1
2017,8,6,3,30,24.6,0,0,0,0.26,355,1.1
2017,8,6,4,30,24.900000000000002,0,0,0,0.26,355,1.5
2017,8,6,5,30,26.400000000000002,50,1,50,0.26,186,1.9000000000000001
2017,8,6,6,30,28.400000000000002,174,44,188,0.26,35,1.8
2017,8,6,7,30,30.5,114,674,459,0.26,89,1.6
2017,8,6,8,30,32.4,131,759,646,0.26,139,1.8
2017,8,6,9,30,33.9,143,810,799,0.26,157,2
2017,8,6,10,30,35.2,165,814,898,0.26,162,2.1
2017,8,6,11,30,36.1,176,818,943,0.26,166,2.1
2017,8,6,12,30,36.6,184,803,926,0.26,168,2
2017,8,6,13,30,36.7,173,789,851,0.26,164,2
2017,8,6,14,30,36.4,167,738,719,0.26,161,1.9000000000000001
2017,8,6,15,30,35.9,148,670,547,0.26,158,1.7000000000000002
2017,8,6,16,30,35.1,114,572,352,0.26,150,1.4000000000000001
2017,8,6,17,30,33.5,117,40,125,0.26,127,0.9
2017,8,6,18,30,31.900000000000002,5,0,5,0.26,106,0.8
2017,8,6,19,30,31.1,0,0,0,0.26,104,0.9
2017,8,6,20,30,30.400000000000002,0,0,0,0.26,114,1
2017,8,6,21,30,29.700000000000003,0,0,0,0.26,130,1.2000000000000002
2017,8,6,22,30,29,0,0,0,0.26,151,1.3
2017,8,6,23,30,28.3,0,0,0,0.26,173,1.4000000000000001
2017,8,7,0,30,27.6,0,0,0,0.26,188,1.4000000000000001
2017,8,7,1,30,27.200000000000003,0,0,0,0.26,194,1.2000000000000002
2017,8,7,2,30,26.900000000000002,0,0,0,0.26,191,0.8
2017,8,7,3,30,26.5,0,0,0,0.26,112,0.6000000000000001
2017,8,7,4,30,26.200000000000003,0,0,0,0.26,40,0.9
2017,8,7,5,30,27.1,50,1,50,0.26,48,1.8
2017,8,7,6,30,28.8,151,9,154,0.26,70,2.3000000000000003
2017,8,7,7,30,30.5,287,62,318,0.26,100,2.2
2017,8,7,8,30,32.1,158,708,637,0.26,124,2.3000000000000003
2017,8,7,9,30,33.6,170,768,791,0.26,135,2.4000000000000004
2017,8,7,10,30,35,127,875,913,0.26,135,2.3000000000000003
2017,8,7,11,30,36.2,124,895,962,0.26,132,2.1
2017,8,7,12,30,37.1,121,895,947,0.26,133,1.9000000000000001
2017,8,7,13,30,37.6,139,845,864,0.26,136,1.9000000000000001
2017,8,7,14,30,37.4,135,803,733,0.26,137,1.8
2017,8,7,15,30,36.800000000000004,124,730,557,0.26,133,1.8
2017,8,7,16,30,35.800000000000004,102,617,357,0.26,124,1.6
2017,8,7,17,30,33.9,67,409,155,0.26,105,1.2000000000000002
2017,8,7,18,30,32,9,34,10,0.26,86,1.1
2017,8,7,19,30,31.1,0,0,0,0.26,76,1.1
2017,8,7,20,30,30.5,0,0,0,0.26,70,1.1
2017,8,7,21,30,29.900000000000002,0,0,0,0.26,65,1
2017,8,7,22,30,29.3,0,0,0,0.26,60,0.9
2017,8,7,23,30,29,0,0,0,0.26,47,0.8
2017,8,8,0,30,28.6,0,0,0,0.26,26,0.7000000000000001
2017,8,8,1,30,28.1,0,0,0,0.26,10,0.6000000000000001
2017,8,8,2,30,27.6,0,0,0,0.26,5,0.6000000000000001
2017,8,8,3,30,27,0,0,0,0.26,9,0.7000000000000001
2017,8,8,4,30,27,0,0,0,0.26,21,0.7000000000000001
2017,8,8,5,30,28.5,52,3,52,0.26,39,1.1
2017,8,8,6,30,31.1,169,130,210,0.26,73,1.7000000000000002
2017,8,8,7,30,33.7,89,762,475,0.26,108,2.1
2017,8,8,8,30,35.7,100,842,668,0.26,128,2.5
2017,8,8,9,30,37,108,888,826,0.26,139,2.7
2017,8,8,10,30,38,115,908,928,0.26,144,2.9000000000000004
2017,8,8,11,30,38.6,117,917,974,0.26,145,2.8000000000000003
2017,8,8,12,30,39,117,914,959,0.26,145,2.7
2017,8,8,13,30,39.1,111,900,881,0.26,143,2.8000000000000003
2017,8,8,14,30,39,104,868,749,0.26,139,2.9000000000000004
2017,8,8,15,30,38.400000000000006,253,498,547,0.26,135,2.9000000000000004
2017,8,8,16,30,37.300000000000004,78,708,368,0.26,129,2.6
2017,8,8,17,30,34.7,54,508,162,0.26,117,1.8
2017,8,8,18,30,32.2,0,0,0,0.26,107,1.3
2017,8,8,19,30,31,0,0,0,0.26,108,1.3
2017,8,8,20,30,30.200000000000003,0,0,0,0.26,115,1.2000000000000002
2017,8,8,21,30,29.5,0,0,0,0.26,122,1.2000000000000002
2017,8,8,22,30,28.900000000000002,0,0,0,0.26,127,1.1
2017,8,8,23,30,28.5,0,0,0,0.26,137,1.1
2017,8,9,0,30,28,0,0,0,0.26,155,1
2017,8,9,1,30,27.5,0,0,0,0.26,183,0.9
2017,8,9,2,30,26.700000000000003,0,0,0,0.26,214,0.9
2017,8,9,3,30,25.900000000000002,0,0,0,0.26,237,0.9
2017,8,9,4,30,26.200000000000003,0,0,0,0.26,258,0.7000000000000001
2017,8,9,5,30,28.1,35,348,75,0.26,195,0.7000000000000001
2017,8,9,6,30,31.3,68,644,271,0.26,137,1.7000000000000002
2017,8,9,7,30,34.2,89,778,481,0.26,153,2.7
2017,8,9,8,30,36.1,103,851,675,0.26,152,3.2
2017,8,9,9,30,37.5,113,893,832,0.26,151,3.4000000000000004
2017,8,9,10,30,38.5,117,918,938,0.26,150,3.6
2017,8,9,11,30,39.2,120,927,985,0.26,150,3.7
2017,8,9,12,30,39.7,119,921,966,0.26,150,3.7
2017,8,9,13,30,40,116,901,884,0.26,151,3.8000000000000003
2017,8,9,14,30,39.900000000000006,108,865,749,0.26,153,3.8000000000000003
2017,8,9,15,30,39.400000000000006,97,802,569,0.26,156,3.8000000000000003
2017,8,9,16,30,38.1,190,354,334,0.26,160,3.2
2017,8,9,17,30,35.300000000000004,111,39,119,0.26,165,2
2017,8,9,18,30,32.6,0,0,0,0.26,175,1.5
2017,8,9,19,30,31.400000000000002,0,0,0,0.26,188,1.6
2017,8,9,20,30,30.400000000000002,0,0,0,0.26,197,1.8
2017,8,9,21,30,29.5,0,0,0,0.26,204,1.8
2017,8,9,22,30,28.5,0,0,0,0.26,212,1.6
2017,8,9,23,30,27.700000000000003,0,0,0,0.26,223,1.5
2017,8,10,0,30,27,0,0,0,0.26,237,1.4000000000000001
2017,8,10,1,30,26.6,0,0,0,0.26,250,1.3
2017,8,10,2,30,26.3,0,0,0,0.26,259,1.2000000000000002
2017,8,10,3,30,26.1,0,0,0,0.26,263,1.1
2017,8,10,4,30,26.400000000000002,0,0,0,0.26,264,0.9
2017,8,10,5,30,28.6,30,408,76,0.26,236,0.9
2017,8,10,6,30,32,58,688,273,0.26,186,1.6
2017,8,10,7,30,34.9,76,809,483,0.26,164,2.7
2017,8,10,8,30,36.800000000000004,89,873,675,0.26,166,3.4000000000000004
2017,8,10,9,30,38.2,99,910,830,0.26,168,3.6
2017,8,10,10,30,39.300000000000004,108,923,932,0.26,170,3.7
2017,8,10,11,30,40.2,112,927,975,0.26,173,3.7
2017,8,10,12,30,40.900000000000006,113,920,956,0.26,178,3.7
2017,8,10,13,30,41.2,104,909,878,0.26,186,3.7
2017,8,10,14,30,41.1,97,876,744,0.26,195,3.6
2017,8,10,15,30,40.5,87,820,568,0.26,205,3.5
2017,8,10,16,30,39,208,25,218,0.26,213,2.8000000000000003
2017,8,10,17,30,35.9,48,527,156,0.26,220,1.7000000000000002
2017,8,10,18,30,33,0,0,0,0.26,227,1.3
2017,8,10,19,30,31.900000000000002,0,0,0,0.26,231,1.4000000000000001
2017,8,10,20,30,31,0,0,0,0.26,228,1.5
2017,8,10,21,30,30,0,0,0,0.26,222,1.6
2017,8,10,22,30,29.1,0,0,0,0.26,218,1.7000000000000002
2017,8,10,23,30,28.3,0,0,0,0.26,220,1.7000000000000002
2017,8,11,0,30,27.400000000000002,0,0,0,0.26,223,1.6
2017,8,11,1,30,26.6,0,0,0,0.26,226,1.5
2017,8,11,2,30,25.900000000000002,0,0,0,0.26,231,1.4000000000000001
2017,8,11,3,30,25.3,0,0,0,0.26,240,1.3
2017,8,11,4,30,25.6,0,0,0,0.26,257,1.1
2017,8,11,5,30,27.900000000000002,36,0,36,0.26,247,1.3
2017,8,11,6,30,31,65,628,259,0.26,199,1.9000000000000001
2017,8,11,7,30,33.4,89,751,465,0.26,161,2.4000000000000004
2017,8,11,8,30,35.1,104,822,654,0.26,147,2.6
2017,8,11,9,30,36.4,113,865,807,0.26,143,2.8000000000000003
2017,8,11,10,30,37.6,117,892,912,0.26,142,2.9000000000000004
2017,8,11,11,30,38.400000000000006,118,905,959,0.26,142,2.9000000000000004
2017,8,11,12,30,38.800000000000004,257,719,915,0.26,144,2.8000000000000003
2017,8,11,13,30,39,284,664,848,0.26,147,2.7
2017,8,11,14,30,38.800000000000004,69,0,69,0.26,150,2.6
2017,8,11,15,30,38.2,103,771,552,0.26,151,2.5
2017,8,11,16,30,37,100,5,102,0.27,151,2.2
2017,8,11,17,30,34.7,101,14,104,0.27,147,1.4000000000000001
2017,8,11,18,30,32.4,0,0,0,0.27,145,1
2017,8,11,19,30,31.400000000000002,0,0,0,0.27,151,1
2017,8,11,20,30,30.8,0,0,0,0.27,158,1
2017,8,11,21,30,30.200000000000003,0,0,0,0.27,166,0.9
2017,8,11,22,30,29.8,0,0,0,0.27,174,0.8
2017,8,11,23,30,29.5,0,0,0,0.27,181,0.7000000000000001
2017,8,12,0,30,29.1,0,0,0,0.27,164,0.6000000000000001
2017,8,12,1,30,28.8,0,0,0,0.27,112,0.6000000000000001
2017,8,12,2,30,28.400000000000002,0,0,0,0.27,74,0.8
2017,8,12,3,30,27.900000000000002,0,0,0,0.27,69,1
2017,8,12,4,30,27.8,0,0,0,0.27,73,1.3
2017,8,12,5,30,28.5,37,227,61,0.27,83,1.8
2017,8,12,6,30,30.1,83,517,242,0.27,103,2.4000000000000004
2017,8,12,7,30,31.700000000000003,112,665,444,0.27,123,2.7
2017,8,12,8,30,33.4,123,767,635,0.27,133,2.7
2017,8,12,9,30,35.2,383,388,694,0.27,140,2.5
2017,8,12,10,30,36.800000000000004,141,849,895,0.27,141,2.5
2017,8,12,11,30,37.9,144,860,942,0.27,139,2.6
2017,8,12,12,30,38.6,284,678,904,0.27,137,2.7
2017,8,12,13,30,38.800000000000004,280,654,834,0.27,134,2.8000000000000003
2017,8,12,14,30,38.6,99,857,727,0.27,129,3
2017,8,12,15,30,37.9,89,796,551,0.27,122,3.3000000000000003
2017,8,12,16,30,36.7,74,694,349,0.27,113,3.5
2017,8,12,17,30,34.4,49,487,146,0.27,102,3.2
2017,8,12,18,30,32.1,0,0,0,0.27,92,2.8000000000000003
2017,8,12,19,30,30.900000000000002,0,0,0,0.27,87,2.5
2017,8,12,20,30,30.200000000000003,0,0,0,0.27,88,1.9000000000000001
2017,8,12,21,30,29.700000000000003,0,0,0,0.27,90,1.3
2017,8,12,22,30,29.400000000000002,0,0,0,0.27,89,0.9
2017,8,12,23,30,29,0,0,0,0.27,148,0.6000000000000001
2017,8,13,0,30,28.400000000000002,0,0,0,0.27,222,0.6000000000000001
2017,8,13,1,30,27.5,0,0,0,0.27,237,0.9
2017,8,13,2,30,26.8,0,0,0,0.27,239,1.1
2017,8,13,3,30,26.3,0,0,0,0.27,240,1.1
2017,8,13,4,30,26.3,0,0,0,0.27,233,1.1
2017,8,13,5,30,27.8,35,254,62,0.27,214,1.6
2017,8,13,6,30,30.5,74,579,251,0.27,193,2.8000000000000003
2017,8,13,7,30,33.1,97,733,461,0.27,182,3.8000000000000003
2017,8,13,8,30,34.9,114,807,651,0.27,177,4.3
2017,8,13,9,30,36.1,126,848,803,0.27,176,4.7
2017,8,13,10,30,37.1,137,864,904,0.27,177,5.1000000000000005
2017,8,13,11,30,37.800000000000004,147,860,943,0.27,180,5.300000000000001
2017,8,13,12,30,38.2,152,847,924,0.27,184,5.4
2017,8,13,13,30,38.5,275,675,845,0.27,192,5.300000000000001
2017,8,13,14,30,38.5,106,851,728,0.27,202,5.2
2017,8,13,15,30,38.1,97,792,553,0.27,213,5.1000000000000005
2017,8,13,16,30,36.800000000000004,80,690,352,0.27,222,4.3
2017,8,13,17,30,33.7,51,485,146,0.27,229,2.7
2017,8,13,18,30,30.700000000000003,0,0,0,0.27,233,1.7000000000000002
2017,8,13,19,30,29.3,0,0,0,0.27,234,1.6
2017,8,13,20,30,28.3,0,0,0,0.27,233,1.7000000000000002
2017,8,13,21,30,27.3,0,0,0,0.27,235,1.7000000000000002
2017,8,13,22,30,26.400000000000002,0,0,0,0.27,240,1.8
2017,8,13,23,30,25.6,0,0,0,0.27,245,1.7000000000000002
2017,8,14,0,30,24.8,0,0,0,0.27,246,1.6
2017,8,14,1,30,24.1,0,0,0,0.27,241,1.5
2017,8,14,2,30,23.5,0,0,0,0.27,231,1.4000000000000001
2017,8,14,3,30,22.900000000000002,0,0,0,0.27,217,1.4000000000000001
2017,8,14,4,30,22.8,0,0,0,0.27,204,1.4000000000000001
2017,8,14,5,30,24.8,31,337,65,0.27,194,2
2017,8,14,6,30,28.200000000000003,67,646,262,0.27,190,3.6
2017,8,14,7,30,31.1,89,783,477,0.27,188,5
2017,8,14,8,30,33.2,106,854,673,0.27,186,5.7
2017,8,14,9,30,34.9,121,886,827,0.27,189,6
2017,8,14,10,30,36.300000000000004,118,925,937,0.27,194,6.1000000000000005
2017,8,14,11,30,37.300000000000004,119,934,981,0.27,199,6.2
2017,8,14,12,30,38,117,931,964,0.27,202,6.2
2017,8,14,13,30,38.300000000000004,118,905,880,0.27,206,6.300000000000001
2017,8,14,14,30,38,283,631,742,0.27,211,6.4
2017,8,14,15,30,37.300000000000004,195,471,465,0.27,217,6.2
2017,8,14,16,30,35.6,198,108,240,0.27,220,5.4
2017,8,14,17,30,32.9,52,473,143,0.27,221,3.9000000000000004
2017,8,14,18,30,30.3,0,0,0,0.27,224,2.7
2017,8,14,19,30,28.900000000000002,0,0,0,0.27,228,2.3000000000000003
2017,8,14,20,30,28.200000000000003,0,0,0,0.27,233,2.4000000000000004
2017,8,14,21,30,27.700000000000003,0,0,0,0.27,238,2.4000000000000004
2017,8,14,22,30,26.900000000000002,0,0,0,0.27,244,2.1
2017,8,14,23,30,26.1,0,0,0,0.27,250,1.7000000000000002
2017,8,15,0,30,25.400000000000002,0,0,0,0.27,249,1.4000000000000001
2017,8,15,1,30,24.900000000000002,0,0,0,0.27,228,1.2000000000000002
2017,8,15,2,30,24.400000000000002,0,0,0,0.27,206,1.4000000000000001
2017,8,15,3,30,23.6,0,0,0,0.27,204,1.4000000000000001
2017,8,15,4,30,23.200000000000003,0,0,0,0.27,208,1.3
2017,8,15,5,30,24.8,37,0,37,0.27,207,2
2017,8,15,6,30,27.200000000000003,149,129,188,0.27,191,2.7
2017,8,15,7,30,29.200000000000003,267,211,371,0.27,159,2.9000000000000004
2017,8,15,8,30,30.8,102,837,656,0.27,136,3.3000000000000003
2017,8,15,9,30,32.1,114,876,810,0.27,127,3.4000000000000004
2017,8,15,10,30,33.2,133,881,912,0.27,122,3.4000000000000004
2017,8,15,11,30,34,137,887,955,0.27,116,3.2
2017,8,15,12,30,34.6,137,882,937,0.27,111,3
2017,8,15,13,30,34.9,105,907,867,0.27,109,2.8000000000000003
2017,8,15,14,30,34.9,99,876,733,0.27,105,2.5
2017,8,15,15,30,34.4,88,816,554,0.27,98,2.3000000000000003
2017,8,15,16,30,33.4,72,711,348,0.27,88,2.1
2017,8,15,17,30,31,47,500,141,0.27,79,1.5
2017,8,15,18,30,28.700000000000003,0,0,0,0.27,75,1.2000000000000002
2017,8,15,19,30,27.5,0,0,0,0.27,81,1.2000000000000002
2017,8,15,20,30,26.700000000000003,0,0,0,0.27,96,1.3
2017,8,15,21,30,26.1,0,0,0,0.27,117,1.3
2017,8,15,22,30,25.5,0,0,0,0.27,142,1.3
2017,8,15,23,30,24.700000000000003,0,0,0,0.27,160,1.2000000000000002
2017,8,16,0,30,24.1,0,0,0,0.27,169,1.1
2017,8,16,1,30,23.700000000000003,0,0,0,0.27,161,0.9
2017,8,16,2,30,23.400000000000002,0,0,0,0.27,137,0.9
2017,8,16,3,30,22.900000000000002,0,0,0,0.27,111,0.9
2017,8,16,4,30,23,0,0,0,0.27,95,0.9
2017,8,16,5,30,24.900000000000002,30,308,60,0.27,93,1.4000000000000001
2017,8,16,6,30,28.200000000000003,64,625,251,0.27,114,2.3000000000000003
2017,8,16,7,30,30.900000000000002,85,770,462,0.27,130,2.8000000000000003
2017,8,16,8,30,32.6,98,847,656,0.27,126,3
2017,8,16,9,30,34,107,894,816,0.27,122,3
2017,8,16,10,30,35.1,106,931,926,0.27,122,3.1
2017,8,16,11,30,35.800000000000004,107,941,973,0.27,125,3.1
2017,8,16,12,30,36.2,106,941,957,0.27,128,3
2017,8,16,13,30,36.300000000000004,108,916,875,0.27,130,2.9000000000000004
2017,8,16,14,30,36,100,884,738,0.27,130,2.7
2017,8,16,15,30,35.300000000000004,237,560,555,0.27,131,2.6
2017,8,16,16,30,33.9,71,725,350,0.27,133,2.1
2017,8,16,17,30,31.200000000000003,46,511,140,0.27,139,1.4000000000000001
2017,8,16,18,30,29,0,0,0,0.27,149,1
2017,8,16,19,30,28.400000000000002,0,0,0,0.27,163,1.1
2017,8,16,20,30,28,0,0,0,0.27,180,1.1
2017,8,16,21,30,27.700000000000003,0,0,0,0.27,198,1.1
2017,8,16,22,30,27.3,0,0,0,0.27,213,1
2017,8,16,23,30,27.1,0,0,0,0.27,226,0.9
2017,8,17,0,30,26.8,0,0,0,0.27,240,0.8
2017,8,17,1,30,26.400000000000002,0,0,0,0.27,267,0.6000000000000001
2017,8,17,2,30,25.900000000000002,0,0,0,0.27,313,0.6000000000000001
2017,8,17,3,30,25.3,0,0,0,0.27,171,0.7000000000000001
2017,8,17,4,30,25.1,0,0,0,0.27,9,0.8
2017,8,17,5,30,26.5,29,313,58,0.27,22,1.1
2017,8,17,6,30,29.700000000000003,63,634,251,0.27,66,1.3
2017,8,17,7,30,32.6,82,777,462,0.27,109,1.5
2017,8,17,8,30,34.5,95,854,657,0.27,115,1.9000000000000001
2017,8,17,9,30,35.800000000000004,104,898,814,0.27,116,2.2
2017,8,17,10,30,36.800000000000004,107,925,921,0.27,119,2.3000000000000003
2017,8,17,11,30,37.5,108,936,967,0.27,121,2.3000000000000003
2017,8,17,12,30,37.9,106,934,949,0.27,123,2.2
2017,8,17,13,30,38,95,932,873,0.27,124,2.1
2017,8,17,14,30,37.800000000000004,88,902,736,0.27,125,1.9000000000000001
2017,8,17,15,30,37.1,77,851,557,0.27,126,1.6
2017,8,17,16,30,35.800000000000004,63,752,349,0.27,129,1.2000000000000002
2017,8,17,17,30,33.5,41,543,139,0.27,142,0.9
2017,8,17,18,30,31.6,0,0,0,0.27,163,0.9
2017,8,17,19,30,30.6,0,0,0,0.27,180,1.1
2017,8,17,20,30,29.5,0,0,0,0.27,192,1.2000000000000002
2017,8,17,21,30,28.400000000000002,0,0,0,0.27,201,1.3
2017,8,17,22,30,27.5,0,0,0,0.27,210,1.4000000000000001
2017,8,17,23,30,26.900000000000002,0,0,0,0.27,218,1.3
2017,8,18,0,30,26.400000000000002,0,0,0,0.27,228,1.3
2017,8,18,1,30,26.1,0,0,0,0.27,241,1.2000000000000002
2017,8,18,2,30,25.8,0,0,0,0.27,255,1.1
2017,8,18,3,30,25.5,0,0,0,0.27,274,1
2017,8,18,4,30,25.5,0,0,0,0.27,301,0.8
2017,8,18,5,30,27.200000000000003,27,339,58,0.27,172,0.9
2017,8,18,6,30,30.5,58,656,251,0.27,69,1.3
2017,8,18,7,30,33.6,75,795,462,0.27,117,1.8
2017,8,18,8,30,35.6,87,871,658,0.27,120,2.3000000000000003
2017,8,18,9,30,37,95,913,815,0.27,120,2.8000000000000003
2017,8,18,10,30,38.1,103,934,922,0.27,123,3.1
2017,8,18,11,30,38.800000000000004,103,949,971,0.27,127,3.2
2017,8,18,12,30,39.2,100,952,956,0.27,130,3.1
2017,8,18,13,30,39.400000000000006,102,928,874,0.27,133,2.9000000000000004
2017,8,18,14,30,39.1,93,902,739,0.27,135,2.6
2017,8,18,15,30,38.400000000000006,81,853,559,0.27,137,2.2
2017,8,18,16,30,36.9,65,753,348,0.27,140,1.6
2017,8,18,17,30,34.300000000000004,41,545,137,0.27,145,1
2017,8,18,18,30,32.300000000000004,0,0,0,0.27,160,1
2017,8,18,19,30,31.1,0,0,0,0.27,182,1.2000000000000002
2017,8,18,20,30,29.700000000000003,0,0,0,0.27,201,1.4000000000000001
2017,8,18,21,30,28.3,0,0,0,0.27,215,1.5
2017,8,18,22,30,27.1,0,0,0,0.27,224,1.5
2017,8,18,23,30,26.3,0,0,0,0.27,228,1.5
2017,8,19,0,30,25.6,0,0,0,0.27,230,1.5
2017,8,19,1,30,25.3,0,0,0,0.27,229,1.4000000000000001
2017,8,19,2,30,25.200000000000003,0,0,0,0.27,228,1.3
2017,8,19,3,30,25.3,0,0,0,0.27,225,1.3
2017,8,19,4,30,25.700000000000003,0,0,0,0.27,222,1.1
2017,8,19,5,30,27.700000000000003,26,346,57,0.27,209,1.1
2017,8,19,6,30,31.200000000000003,57,666,251,0.27,183,1.7000000000000002
2017,8,19,7,30,34.2,74,806,465,0.27,164,2.8000000000000003
2017,8,19,8,30,36.1,85,881,661,0.27,155,3.6
2017,8,19,9,30,37.4,91,928,821,0.27,152,3.9000000000000004
2017,8,19,10,30,38.300000000000004,101,943,926,0.27,151,4.1000000000000005
2017,8,19,11,30,39,101,957,975,0.27,151,4.1000000000000005
2017,8,19,12,30,39.300000000000004,99,958,959,0.27,151,4.1000000000000005
2017,8,19,13,30,39.400000000000006,91,953,880,0.27,152,4.1000000000000005
2017,8,19,14,30,39,85,921,741,0.27,153,4
2017,8,19,15,30,38.300000000000004,227,569,544,0.27,155,3.8000000000000003
2017,8,19,16,30,36.7,63,759,346,0.28,156,3
2017,8,19,17,30,33.5,40,535,132,0.28,155,1.9000000000000001
2017,8,19,18,30,30.6,0,0,0,0.28,160,1.5
2017,8,19,19,30,29.5,0,0,0,0.28,172,1.6
2017,8,19,20,30,28.6,0,0,0,0.28,184,1.8
2017,8,19,21,30,27.8,0,0,0,0.28,192,1.9000000000000001
2017,8,19,22,30,26.900000000000002,0,0,0,0.28,199,1.8
2017,8,19,23,30,26.1,0,0,0,0.28,206,1.6
2017,8,20,0,30,25.700000000000003,0,0,0,0.28,212,1.3
2017,8,20,1,30,25.700000000000003,0,0,0,0.28,217,1.1
2017,8,20,2,30,25.900000000000002,0,0,0,0.28,217,0.9
2017,8,20,3,30,26,0,0,0,0.28,205,0.6000000000000001
2017,8,20,4,30,26.200000000000003,0,0,0,0.28,143,0.4
2017,8,20,5,30,27.8,26,328,54,0.28,92,0.5
2017,8,20,6,30,30.900000000000002,57,660,248,0.28,125,1.4000000000000001
2017,8,20,7,30,33.800000000000004,74,801,460,0.28,161,2.5
2017,8,20,8,30,35.5,86,873,655,0.28,160,3.1
2017,8,20,9,30,36.800000000000004,96,910,810,0.28,156,3.5
2017,8,20,10,30,37.800000000000004,108,920,911,0.28,153,3.8000000000000003
2017,8,20,11,30,38.400000000000006,111,927,956,0.28,151,3.9000000000000004
2017,8,20,12,30,38.800000000000004,110,921,934,0.28,150,3.9000000000000004
2017,8,20,13,30,38.900000000000006,104,907,853,0.28,149,3.9000000000000004
2017,8,20,14,30,38.6,97,873,716,0.28,149,4
2017,8,20,15,30,37.800000000000004,85,810,534,0.28,147,4.1000000000000005
2017,8,20,16,30,36.5,69,700,327,0.27,146,4
2017,8,20,17,30,33.800000000000004,43,470,121,0.27,144,2.9000000000000004
2017,8,20,18,30,31.1,0,0,0,0.27,144,2.2
2017,8,20,19,30,29.700000000000003,0,0,0,0.27,146,2
2017,8,20,20,30,28.5,0,0,0,0.27,151,1.6
2017,8,20,21,30,27.700000000000003,0,0,0,0.27,160,1.3
2017,8,20,22,30,27.3,0,0,0,0.27,167,1.1
2017,8,20,23,30,27.1,0,0,0,0.27,168,0.9
2017,8,21,0,30,26.900000000000002,0,0,0,0.27,179,0.7000000000000001
2017,8,21,1,30,26.3,0,0,0,0.27,206,0.8
2017,8,21,2,30,25.6,0,0,0,0.27,225,1
2017,8,21,3,30,25.200000000000003,0,0,0,0.27,235,1.2000000000000002
2017,8,21,4,30,25.3,0,0,0,0.27,248,1.5
2017,8,21,5,30,26.8,33,3,34,0.27,265,1.9000000000000001
2017,8,21,6,30,29.3,76,6,78,0.27,209,1.5
2017,8,21,7,30,31.200000000000003,213,55,239,0.27,123,1.7000000000000002
2017,8,21,8,30,32.2,289,33,310,0.27,101,2.9000000000000004
2017,8,21,9,30,33,118,841,776,0.27,96,3.3000000000000003
2017,8,21,10,30,33.9,252,3,254,0.27,93,3.3000000000000003
2017,8,21,11,30,34.300000000000004,264,3,267,0.27,91,3.1
2017,8,21,12,30,34.300000000000004,293,8,300,0.27,92,2.7
2017,8,21,13,30,34.1,331,17,345,0.27,91,2.3000000000000003
2017,8,21,14,30,33.9,345,235,511,0.27,83,1.8
2017,8,21,15,30,33.5,96,762,516,0.27,72,1.5
2017,8,21,16,30,32.6,179,180,245,0.28,65,1.3
2017,8,21,17,30,30.900000000000002,78,59,88,0.28,61,0.9
2017,8,21,18,30,29.3,0,0,0,0.28,55,0.7000000000000001
2017,8,21,19,30,28.400000000000002,0,0,0,0.28,50,0.8
2017,8,21,20,30,27.700000000000003,0,0,0,0.28,47,0.9
2017,8,21,21,30,27,0,0,0,0.28,44,1
2017,8,21,22,30,26.400000000000002,0,0,0,0.28,40,1
2017,8,21,23,30,25.700000000000003,0,0,0,0.28,36,1
2017,8,22,0,30,25.1,0,0,0,0.28,33,1
2017,8,22,1,30,24.400000000000002,0,0,0,0.28,32,1
2017,8,22,2,30,23.8,0,0,0,0.28,27,1.1
2017,8,22,3,30,23.3,0,0,0,0.28,20,1.1
2017,8,22,4,30,23.400000000000002,0,0,0,0.28,16,1.3
2017,8,22,5,30,25.3,26,291,49,0.28,22,1.8
2017,8,22,6,30,28.200000000000003,59,629,238,0.28,39,2
2017,8,22,7,30,30.8,78,776,449,0.28,61,1.5
2017,8,22,8,30,32.800000000000004,90,852,642,0.28,95,1.2000000000000002
2017,8,22,9,30,34.6,98,899,800,0.28,135,1.4000000000000001
2017,8,22,10,30,35.9,112,911,903,0.28,155,1.9000000000000001
2017,8,22,11,30,36.7,113,925,951,0.28,158,2.2
2017,8,22,12,30,37.2,111,925,934,0.28,155,2.3000000000000003
2017,8,22,13,30,37.4,107,909,853,0.28,151,2.3000000000000003
2017,8,22,14,30,37.2,98,880,717,0.28,147,2.3000000000000003
2017,8,22,15,30,36.6,86,822,535,0.28,143,2.3000000000000003
2017,8,22,16,30,35.4,69,712,326,0.27,138,2
2017,8,22,17,30,32.9,42,477,118,0.27,128,1.4000000000000001
2017,8,22,18,30,30.5,0,0,0,0.27,121,1.2000000000000002
2017,8,22,19,30,29.400000000000002,0,0,0,0.27,120,1.2000000000000002
2017,8,22,20,30,28.8,0,0,0,0.27,120,1.2000000000000002
2017,8,22,21,30,28.400000000000002,0,0,0,0.27,119,1.2000000000000002
2017,8,22,22,30,28.3,0,0,0,0.27,117,1.2000000000000002
2017,8,22,23,30,28.1,0,0,0,0.27,111,1.1
2017,8,23,0,30,27.8,0,0,0,0.27,91,0.9
2017,8,23,1,30,27.200000000000003,0,0,0,0.27,55,0.9
2017,8,23,2,30,26.200000000000003,0,0,0,0.27,25,1
2017,8,23,3,30,25.1,0,0,0,0.27,15,1.2000000000000002
2017,8,23,4,30,24.700000000000003,0,0,0,0.27,16,1.3
2017,8,23,5,30,26.6,26,283,48,0.27,20,2
2017,8,23,6,30,30.3,61,623,237,0.27,40,2.6
2017,8,23,7,30,33.4,80,772,448,0.27,75,2.3000000000000003
2017,8,23,8,30,35.6,93,851,642,0.27,106,2.1
2017,8,23,9,30,37.1,101,898,800,0.27,128,2.1
2017,8,23,10,30,38.1,101,929,906,0.27,143,2.4000000000000004
2017,8,23,11,30,38.800000000000004,277,708,916,0.27,151,2.6
2017,8,23,12,30,39.1,346,416,715,0.27,155,2.9000000000000004
2017,8,23,13,30,39.1,387,221,567,0.27,158,3.1
2017,8,23,14,30,38.6,67,0,67,0.27,160,3.2
2017,8,23,15,30,37.7,18,0,18,0.27,165,3.1
2017,8,23,16,30,36.4,6,0,6,0.27,174,2.7
2017,8,23,17,30,34.2,39,1,39,0.27,187,1.7000000000000002
2017,8,23,18,30,32.4,0,0,0,0.27,205,0.9
2017,8,23,19,30,31.6,0,0,0,0.27,225,0.9
2017,8,23,20,30,31.200000000000003,0,0,0,0.27,247,0.9
2017,8,23,21,30,30.8,0,0,0,0.27,272,0.8
2017,8,23,22,30,30.200000000000003,0,0,0,0.27,293,0.5
2017,8,23,23,30,29.200000000000003,0,0,0,0.27,231,0.6000000000000001
2017,8,24,0,30,27.8,0,0,0,0.27,175,1.1
2017,8,24,1,30,26.400000000000002,0,0,0,0.27,198,2
2017,8,24,2,30,25.200000000000003,0,0,0,0.27,221,2.4000000000000004
2017,8,24,3,30,24.5,0,0,0,0.27,249,2.1
2017,8,24,4,30,24.5,0,0,0,0.27,269,1.6
2017,8,24,5,30,25.3,13,0,13,0.27,253,0.8
2017,8,24,6,30,26.900000000000002,41,0,41,0.27,191,1
2017,8,24,7,30,28.6,131,0,131,0.27,160,1.9000000000000001
2017,8,24,8,30,29.700000000000003,240,23,255,0.27,165,2.3000000000000003
2017,8,24,9,30,30.5,116,840,768,0.27,165,2.4000000000000004
2017,8,24,10,30,31.200000000000003,245,652,808,0.27,164,2.5
2017,8,24,11,30,31.700000000000003,284,673,891,0.27,165,2.4000000000000004
2017,8,24,12,30,32.1,121,881,899,0.27,164,2.3000000000000003
2017,8,24,13,30,32.4,105,883,824,0.27,160,2.1
2017,8,24,14,30,32.5,94,859,693,0.27,152,1.8
2017,8,24,15,30,32.300000000000004,216,555,515,0.27,138,1.5
2017,8,24,16,30,31.400000000000002,63,704,311,0.27,121,1.3
2017,8,24,17,30,29.200000000000003,38,472,109,0.27,107,1
2017,8,24,18,30,27.5,0,0,0,0.27,94,0.8
2017,8,24,19,30,27,0,0,0,0.27,78,0.8
2017,8,24,20,30,26.8,0,0,0,0.27,52,0.7000000000000001
2017,8,24,21,30,26.400000000000002,0,0,0,0.27,22,0.7000000000000001
2017,8,24,22,30,25.8,0,0,0,0.27,183,0.9
2017,8,24,23,30,25.200000000000003,0,0,0,0.27,358,1
2017,8,25,0,30,24.5,0,0,0,0.27,181,1.1
2017,8,25,1,30,23.8,0,0,0,0.27,5,1.2000000000000002
2017,8,25,2,30,23.3,0,0,0,0.27,9,1.2000000000000002
2017,8,25,3,30,22.8,0,0,0,0.27,11,1.2000000000000002
2017,8,25,4,30,22.900000000000002,0,0,0,0.27,13,1.2000000000000002
2017,8,25,5,30,24.900000000000002,22,312,45,0.27,16,1.8
2017,8,25,6,30,28.200000000000003,52,654,233,0.27,39,2.1
2017,8,25,7,30,31.1,69,792,442,0.27,81,1.7000000000000002
2017,8,25,8,30,33.4,80,865,634,0.27,117,1.6
2017,8,25,9,30,35.1,88,906,789,0.27,140,1.6
2017,8,25,10,30,36.4,98,920,891,0.27,153,1.7000000000000002
2017,8,25,11,30,37.300000000000004,100,930,935,0.27,160,1.9000000000000001
2017,8,25,12,30,37.9,98,929,916,0.27,166,2.1
2017,8,25,13,30,38.2,105,895,831,0.27,172,2.2
2017,8,25,14,30,38,98,858,692,0.27,174,2.3000000000000003
2017,8,25,15,30,37.4,86,796,512,0.27,174,2.3000000000000003
2017,8,25,16,30,35.800000000000004,69,677,305,0.27,173,1.8
2017,8,25,17,30,33.1,40,421,102,0.27,171,1.2000000000000002
2017,8,25,18,30,31.1,0,0,0,0.27,174,1.1
2017,8,25,19,30,30.5,0,0,0,0.27,182,1.1
2017,8,25,20,30,30.1,0,0,0,0.27,192,1
2017,8,25,21,30,29.700000000000003,0,0,0,0.27,202,1
2017,8,25,22,30,29.3,0,0,0,0.27,213,0.9
2017,8,25,23,30,28.700000000000003,0,0,0,0.27,231,0.7000000000000001
2017,8,26,0,30,28.1,0,0,0,0.27,283,0.6000000000000001
2017,8,26,1,30,27.3,0,0,0,0.27,161,0.7000000000000001
2017,8,26,2,30,26.400000000000002,0,0,0,0.27,5,1
2017,8,26,3,30,25.5,0,0,0,0.27,10,1.1
2017,8,26,4,30,25.200000000000003,0,0,0,0.27,9,1.2000000000000002
2017,8,26,5,30,27,23,259,42,0.27,7,1.7000000000000002
2017,8,26,6,30,30.5,58,614,227,0.27,14,2.1
2017,8,26,7,30,33.7,78,765,437,0.27,43,1.7000000000000002
2017,8,26,8,30,36.4,90,846,630,0.27,83,1.3
2017,8,26,9,30,38.1,99,890,786,0.27,112,1.3
2017,8,26,10,30,39.300000000000004,289,676,870,0.27,127,1.6
2017,8,26,11,30,40.1,484,99,572,0.27,136,1.8
2017,8,26,12,30,40.6,115,909,913,0.27,140,1.9000000000000001
2017,8,26,13,30,40.800000000000004,104,902,833,0.27,142,1.9000000000000001
2017,8,26,14,30,40.6,94,875,698,0.27,143,1.9000000000000001
2017,8,26,15,30,39.900000000000006,219,557,515,0.27,146,1.9000000000000001
2017,8,26,16,30,38.1,63,708,307,0.27,150,1.5
2017,8,26,17,30,35.2,37,458,102,0.27,159,1.1
2017,8,26,18,30,33.1,0,0,0,0.27,172,1.2000000000000002
2017,8,26,19,30,32.4,0,0,0,0.27,189,1.2000000000000002
2017,8,26,20,30,32,0,0,0,0.27,210,1.2000000000000002
2017,8,26,21,30,31.5,0,0,0,0.27,234,1.2000000000000002
2017,8,26,22,30,30.900000000000002,0,0,0,0.27,257,1.1
2017,8,26,23,30,30.200000000000003,0,0,0,0.27,278,1.1
2017,8,27,0,30,29.5,0,0,0,0.27,297,1.2000000000000002
2017,8,27,1,30,28.6,0,0,0,0.27,312,1.2000000000000002
2017,8,27,2,30,27.8,0,0,0,0.27,323,1.3
2017,8,27,3,30,27,0,0,0,0.27,332,1.3
2017,8,27,4,30,26.8,0,0,0,0.27,339,1.2000000000000002
2017,8,27,5,30,28.8,24,0,24,0.27,346,1.6
2017,8,27,6,30,32.300000000000004,147,55,162,0.27,178,2
2017,8,27,7,30,35.5,258,150,328,0.27,31,1.9000000000000001
2017,8,27,8,30,38.1,94,844,630,0.27,74,1.8
2017,8,27,9,30,39.800000000000004,102,893,789,0.27,103,1.9000000000000001
2017,8,27,10,30,41.1,114,909,892,0.27,120,2.1
2017,8,27,11,30,42,113,925,939,0.27,131,2.1
2017,8,27,12,30,42.5,108,928,920,0.27,141,2.1
2017,8,27,13,30,42.6,113,899,836,0.27,150,2.1
2017,8,27,14,30,42.2,101,871,698,0.27,156,1.9000000000000001
2017,8,27,15,30,41.5,86,813,515,0.27,162,1.6
2017,8,27,16,30,39.5,67,702,306,0.27,168,1.1
2017,8,27,17,30,36.9,71,22,74,0.27,186,0.7000000000000001
2017,8,27,18,30,35.300000000000004,0,0,0,0.27,229,0.8
2017,8,27,19,30,34.300000000000004,0,0,0,0.27,273,1
2017,8,27,20,30,33.2,0,0,0,0.27,295,1.2000000000000002
2017,8,27,21,30,32,0,0,0,0.27,305,1.3
2017,8,27,22,30,31.200000000000003,0,0,0,0.27,313,1.4000000000000001
2017,8,27,23,30,30.5,0,0,0,0.27,319,1.3
2017,8,28,0,30,29.8,0,0,0,0.27,326,1.3
2017,8,28,1,30,29.200000000000003,0,0,0,0.27,336,1.2000000000000002
2017,8,28,2,30,28.6,0,0,0,0.27,346,1.2000000000000002
2017,8,28,3,30,27.8,0,0,0,0.27,355,1.2000000000000002
2017,8,28,4,30,27.3,0,0,0,0.27,182,1.2000000000000002
2017,8,28,5,30,28.900000000000002,22,0,22,0.27,9,1.4000000000000001
2017,8,28,6,30,32.2,147,86,170,0.27,31,1.8
2017,8,28,7,30,35.1,231,25,243,0.27,72,1.9000000000000001
2017,8,28,8,30,37.5,353,217,490,0.27,106,2.2
2017,8,28,9,30,39.1,280,649,778,0.27,121,2.5
2017,8,28,10,30,40.400000000000006,126,884,881,0.27,130,2.7
2017,8,28,11,30,41.300000000000004,130,893,925,0.27,136,2.8000000000000003
2017,8,28,12,30,41.800000000000004,129,888,903,0.27,141,2.8000000000000003
2017,8,28,13,30,42.1,116,883,823,0.27,148,2.7
2017,8,28,14,30,41.900000000000006,102,856,686,0.27,156,2.6
2017,8,28,15,30,41.2,86,799,504,0.27,165,2.4000000000000004
2017,8,28,16,30,39.300000000000004,66,687,297,0.27,172,1.7000000000000002
2017,8,28,17,30,36.4,37,430,94,0.27,180,1.1
2017,8,28,18,30,34.300000000000004,0,0,0,0.27,191,1.2000000000000002
2017,8,28,19,30,33,0,0,0,0.27,203,1.3
2017,8,28,20,30,31.900000000000002,0,0,0,0.27,214,1.4000000000000001
2017,8,28,21,30,31,0,0,0,0.27,224,1.4000000000000001
2017,8,28,22,30,30.3,0,0,0,0.27,233,1.4000000000000001
2017,8,28,23,30,29.900000000000002,0,0,0,0.27,241,1.3
2017,8,29,0,30,29.8,0,0,0,0.27,255,1.2000000000000002
2017,8,29,1,30,30,0,0,0,0.27,284,1
2017,8,29,2,30,29.700000000000003,0,0,0,0.27,319,1
2017,8,29,3,30,29,0,0,0,0.27,346,1.1
2017,8,29,4,30,28.5,0,0,0,0.27,185,1.1
2017,8,29,5,30,29.5,22,0,22,0.27,20,1.1
2017,8,29,6,30,31.900000000000002,145,44,157,0.27,99,1.3
2017,8,29,7,30,34.5,256,55,282,0.27,180,1.9000000000000001
2017,8,29,8,30,37.2,116,784,612,0.27,193,2.3000000000000003
2017,8,29,9,30,39.2,132,829,766,0.27,200,2.1
2017,8,29,10,30,40.6,146,846,867,0.27,200,1.9000000000000001
2017,8,29,11,30,41.400000000000006,149,857,909,0.27,199,2
2017,8,29,12,30,41.6,145,856,888,0.27,203,2.5
2017,8,29,13,30,41.5,134,842,805,0.27,209,3
2017,8,29,14,30,41.1,242,491,575,0.27,209,3.4000000000000004
2017,8,29,15,30,40.300000000000004,95,759,489,0.27,210,3.4000000000000004
2017,8,29,16,30,38.6,71,647,285,0.27,211,2.6
2017,8,29,17,30,35.5,37,391,87,0.27,213,1.5
2017,8,29,18,30,33.5,0,0,0,0.27,212,1.2000000000000002
2017,8,29,19,30,32.9,0,0,0,0.27,204,1.1
2017,8,29,20,30,32.1,0,0,0,0.27,192,1
2017,8,29,21,30,31.3,0,0,0,0.27,179,0.9
2017,8,29,22,30,30.5,0,0,0,0.27,161,0.7000000000000001
2017,8,29,23,30,29.900000000000002,0,0,0,0.27,94,0.5
2017,8,30,0,30,29,0,0,0,0.27,25,0.7000000000000001
2017,8,30,1,30,27.900000000000002,0,0,0,0.27,11,1.1
2017,8,30,2,30,26.900000000000002,0,0,0,0.27,7,1.2000000000000002
2017,8,30,3,30,26.200000000000003,0,0,0,0.27,181,1.3
2017,8,30,4,30,26,0,0,0,0.27,354,1.3
2017,8,30,5,30,27.900000000000002,20,0,20,0.27,348,1.7000000000000002
2017,8,30,6,30,31.400000000000002,144,52,158,0.27,344,2.1
2017,8,30,7,30,34.6,209,400,393,0.27,175,1.5
2017,8,30,8,30,37.1,102,816,615,0.27,20,0.7000000000000001
2017,8,30,9,30,38.7,283,630,763,0.27,74,0.6000000000000001
2017,8,30,10,30,39.900000000000006,117,892,875,0.27,139,0.8
2017,8,30,11,30,40.7,121,902,919,0.27,173,1.4000000000000001
2017,8,30,12,30,41.1,121,895,896,0.27,191,1.9000000000000001
2017,8,30,13,30,41.1,116,875,811,0.27,207,2.2
2017,8,30,14,30,40.800000000000004,105,841,672,0.27,222,2.2
2017,8,30,15,30,40,193,411,405,0.27,234,2.1
2017,8,30,16,30,38.2,162,108,198,0.27,243,1.6
2017,8,30,17,30,35.4,58,5,58,0.27,249,1.1
2017,8,30,18,30,33.1,0,0,0,0.27,261,1.2000000000000002
2017,8,30,19,30,31.900000000000002,0,0,0,0.27,278,1.6
2017,8,30,20,30,31.1,0,0,0,0.27,296,2.2
2017,8,30,21,30,30.5,0,0,0,0.27,312,3
2017,8,30,22,30,29.700000000000003,0,0,0,0.27,323,3.5
2017,8,30,23,30,29,0,0,0,0.27,330,3.4000000000000004
2017,8,31,0,30,28.400000000000002,0,0,0,0.27,335,2.7
2017,8,31,1,30,27.900000000000002,0,0,0,0.27,339,1.8
2017,8,31,2,30,27.5,0,0,0,0.27,344,1.3
2017,8,31,3,30,27.3,0,0,0,0.27,175,1
2017,8,31,4,30,27.5,0,0,0,0.27,16,0.9
2017,8,31,5,30,29,11,0,11,0.27,60,1
2017,8,31,6,30,31.5,132,15,136,0.27,131,2
2017,8,31,7,30,32.7,92,710,416,0.27,180,4.1000000000000005
2017,8,31,8,30,32.1,117,776,604,0.27,188,4.5
2017,8,31,9,30,31.400000000000002,128,833,761,0.27,174,3.5
2017,8,31,10,30,31.8,135,860,864,0.27,148,3.5
2017,8,31,11,30,33,296,678,894,0.27,131,3.5
2017,8,31,12,30,34.6,131,880,890,0.27,126,2.8000000000000003
2017,8,31,13,30,35.800000000000004,280,499,675,0.27,120,2.3000000000000003
2017,8,31,14,30,36.5,242,514,586,0.27,110,2.4000000000000004
2017,8,31,15,30,36.4,183,550,464,0.27,112,2.5
2017,8,31,16,30,36.1,64,700,290,0.3,144,2
2017,8,31,17,30,32.7,34,410,83,0.3,144,1.3
2017,8,31,18,30,30.6,0,0,0,0.3,154,1.3
2017,8,31,19,30,29.900000000000002,0,0,0,0.3,176,1.3
2017,8,31,20,30,29.1,0,0,0,0.3,201,1.2000000000000002
2017,8,31,21,30,28.1,0,0,0,0.3,220,1.3
2017,8,31,22,30,27.3,0,0,0,0.3,234,1.3
2017,8,31,23,30,26.700000000000003,0,0,0,0.3,248,1.2000000000000002
2014,9,1,0,30,26.3,0,0,0,0.3,273,1.1
2014,9,1,1,30,25.900000000000002,0,0,0,0.3,308,1
2014,9,1,2,30,25.1,0,0,0,0.3,339,1.1
2014,9,1,3,30,24.1,0,0,0,0.3,176,1.2000000000000002
2014,9,1,4,30,23.400000000000002,0,0,0,0.3,180,1.2000000000000002
2014,9,1,5,30,24.900000000000002,20,241,33,0.3,356,1.6
2014,9,1,6,30,28.200000000000003,56,635,222,0.3,184,1.8
2014,9,1,7,30,31.400000000000002,76,795,438,0.3,58,1.5
2014,9,1,8,30,34.300000000000004,89,876,636,0.3,124,1.6
2014,9,1,9,30,36.4,97,922,796,0.3,149,2.1
2014,9,1,10,30,37.9,101,948,902,0.3,152,2.6
2014,9,1,11,30,38.900000000000006,102,955,942,0.3,152,3
2014,9,1,12,30,39.5,101,951,919,0.3,152,3.2
2014,9,1,13,30,39.7,102,925,830,0.3,150,3.4000000000000004
2014,9,1,14,30,39.400000000000006,94,887,686,0.3,149,3.5
2014,9,1,15,30,38.6,83,813,496,0.3,147,3.4000000000000004
2014,9,1,16,30,36.5,65,680,282,0.3,144,2.7
2014,9,1,17,30,33,34,379,78,0.3,143,1.7000000000000002
2014,9,1,18,30,30.400000000000002,0,0,0,0.3,151,1.5
2014,9,1,19,30,29.3,0,0,0,0.3,167,1.5
2014,9,1,20,30,28.3,0,0,0,0.3,184,1.5
2014,9,1,21,30,27.400000000000002,0,0,0,0.3,199,1.4000000000000001
2014,9,1,22,30,26.700000000000003,0,0,0,0.3,210,1.4000000000000001
2014,9,1,23,30,26.200000000000003,0,0,0,0.3,219,1.3
2014,9,2,0,30,26,0,0,0,0.3,225,1.2000000000000002
2014,9,2,1,30,26,0,0,0,0.3,225,1
2014,9,2,2,30,25.700000000000003,0,0,0,0.3,206,0.8
2014,9,2,3,30,25.3,0,0,0,0.3,151,0.7000000000000001
2014,9,2,4,30,24.8,0,0,0,0.3,91,0.8
2014,9,2,5,30,25.900000000000002,19,265,33,0.3,64,1.3
2014,9,2,6,30,29.1,51,664,223,0.3,81,1.7000000000000002
2014,9,2,7,30,32.4,68,818,439,0.3,119,2.2
2014,9,2,8,30,34.800000000000004,79,896,637,0.3,139,2.6
2014,9,2,9,30,36.5,87,941,798,0.3,145,2.9000000000000004
2014,9,2,10,30,37.7,94,960,902,0.3,151,3
2014,9,2,11,30,38.800000000000004,96,968,945,0.3,157,3.2
2014,9,2,12,30,39.5,96,967,924,0.3,161,3.4000000000000004
2014,9,2,13,30,39.900000000000006,93,946,835,0.3,166,3.6
2014,9,2,14,30,39.800000000000004,86,910,690,0.3,171,3.8000000000000003
2014,9,2,15,30,39.1,75,843,500,0.3,175,3.9000000000000004
2014,9,2,16,30,36.9,60,714,284,0.3,177,3
2014,9,2,17,30,33,32,412,77,0.3,176,1.8
2014,9,2,18,30,30.3,0,0,0,0.3,178,1.7000000000000002
2014,9,2,19,30,29.1,0,0,0,0.3,184,1.7000000000000002
2014,9,2,20,30,28,0,0,0,0.3,190,1.8
2014,9,2,21,30,26.900000000000002,0,0,0,0.3,197,1.8
2014,9,2,22,30,26,0,0,0,0.3,205,1.6
2014,9,2,23,30,25.200000000000003,0,0,0,0.3,214,1.5
2014,9,3,0,30,24.700000000000003,0,0,0,0.3,223,1.4000000000000001
2014,9,3,1,30,24.400000000000002,0,0,0,0.3,226,1.3
2014,9,3,2,30,24.3,0,0,0,0.3,225,1.2000000000000002
2014,9,3,3,30,24.1,0,0,0,0.3,216,1.1
2014,9,3,4,30,24,0,0,0,0.3,203,1
2014,9,3,5,30,25.6,18,275,32,0.3,185,1.1
2014,9,3,6,30,29.1,50,675,223,0.3,174,2
2014,9,3,7,30,32.5,68,824,439,0.3,172,3.3000000000000003
2014,9,3,8,30,34.9,80,901,638,0.3,170,4
2014,9,3,9,30,36.6,88,944,798,0.3,170,4.2
2014,9,3,10,30,38,97,960,902,0.3,173,4.4
2014,9,3,11,30,38.900000000000006,98,968,944,0.3,176,4.6000000000000005
2014,9,3,12,30,39.6,97,965,920,0.3,182,4.800000000000001
2014,9,3,13,30,39.800000000000004,92,947,832,0.3,190,5
2014,9,3,14,30,39.400000000000006,85,911,685,0.3,197,5.1000000000000005
2014,9,3,15,30,38.5,74,849,497,0.3,203,5
2014,9,3,16,30,36.2,57,723,281,0.3,207,3.8000000000000003
2014,9,3,17,30,32.4,30,425,75,0.3,207,2.2
2014,9,3,18,30,29.6,0,0,0,0.3,206,1.7000000000000002
2014,9,3,19,30,28.400000000000002,0,0,0,0.3,206,1.6
2014,9,3,20,30,27.400000000000002,0,0,0,0.3,210,1.5
2014,9,3,21,30,26.700000000000003,0,0,0,0.3,218,1.5
2014,9,3,22,30,26.3,0,0,0,0.3,230,1.4000000000000001
2014,9,3,23,30,26.1,0,0,0,0.3,245,1.3
2014,9,4,0,30,26,0,0,0,0.3,262,1.1
2014,9,4,1,30,25.8,0,0,0,0.3,285,0.8
2014,9,4,2,30,25.3,0,0,0,0.3,327,0.7000000000000001
2014,9,4,3,30,24.5,0,0,0,0.3,184,0.9
2014,9,4,4,30,23.6,0,0,0,0.3,17,1.2000000000000002
2014,9,4,5,30,24.700000000000003,18,227,29,0.3,22,1.7000000000000002
2014,9,4,6,30,27.700000000000003,55,630,215,0.3,31,2.3000000000000003
2014,9,4,7,30,30.8,77,781,427,0.3,70,2.3000000000000003
2014,9,4,8,30,33.5,93,848,617,0.3,123,2.7
2014,9,4,9,30,35.7,106,886,770,0.3,150,3.6
2014,9,4,10,30,37.1,109,907,868,0.3,156,4.4
2014,9,4,11,30,37.9,115,908,905,0.3,158,5.1000000000000005
2014,9,4,12,30,38.300000000000004,117,895,878,0.3,161,5.5
2014,9,4,13,30,38.300000000000004,119,863,789,0.3,165,5.6000000000000005
2014,9,4,14,30,37.9,109,821,648,0.3,168,5.6000000000000005
2014,9,4,15,30,37.2,92,753,465,0.3,171,5.300000000000001
2014,9,4,16,30,35.5,69,620,258,0.3,172,4
2014,9,4,17,30,32.5,33,305,64,0.3,172,2.3000000000000003
2014,9,4,18,30,30.1,0,0,0,0.3,172,1.6
2014,9,4,19,30,28.900000000000002,0,0,0,0.3,175,1.6
2014,9,4,20,30,27.900000000000002,0,0,0,0.3,181,1.6
2014,9,4,21,30,27,0,0,0,0.3,189,1.5
2014,9,4,22,30,26.1,0,0,0,0.3,197,1.5
2014,9,4,23,30,25.400000000000002,0,0,0,0.3,203,1.5
2014,9,5,0,30,24.8,0,0,0,0.3,206,1.6
2014,9,5,1,30,24.3,0,0,0,0.3,201,1.6
2014,9,5,2,30,23.700000000000003,0,0,0,0.3,188,1.6
2014,9,5,3,30,22.8,0,0,0,0.3,171,1.5
2014,9,5,4,30,22.200000000000003,0,0,0,0.3,159,1.4000000000000001
2014,9,5,5,30,23.5,19,115,25,0.3,150,2
2014,9,5,6,30,26.3,67,531,200,0.3,150,3.1
2014,9,5,7,30,28.700000000000003,94,705,408,0.3,153,3.7
2014,9,5,8,30,30.8,113,795,602,0.3,150,3.7
2014,9,5,9,30,32.6,124,848,758,0.3,149,3.7
2014,9,5,10,30,34.1,120,891,863,0.3,149,3.7
2014,9,5,11,30,35.2,122,901,904,0.3,150,3.8000000000000003
2014,9,5,12,30,36,120,894,877,0.3,152,3.8000000000000003
2014,9,5,13,30,36.300000000000004,109,883,792,0.3,155,3.9000000000000004
2014,9,5,14,30,36.2,103,832,646,0.3,157,3.8000000000000003
2014,9,5,15,30,35.7,90,755,460,0.3,159,3.8000000000000003
2014,9,5,16,30,34.4,69,605,251,0.3,158,3.3000000000000003
2014,9,5,17,30,32.1,33,264,58,0.3,156,2.2
2014,9,5,18,30,30.3,0,0,0,0.3,160,1.7000000000000002
2014,9,5,19,30,29.400000000000002,0,0,0,0.3,169,1.7000000000000002
2014,9,5,20,30,28.400000000000002,0,0,0,0.3,179,1.7000000000000002
2014,9,5,21,30,27.6,0,0,0,0.3,190,1.6
2014,9,5,22,30,26.8,0,0,0,0.3,199,1.5
2014,9,5,23,30,26.1,0,0,0,0.3,206,1.4000000000000001
2014,9,6,0,30,25.400000000000002,0,0,0,0.3,212,1.3
2014,9,6,1,30,25.1,0,0,0,0.3,219,1.1
2014,9,6,2,30,24.900000000000002,0,0,0,0.3,225,1
2014,9,6,3,30,24.900000000000002,0,0,0,0.3,222,0.9
2014,9,6,4,30,24.8,0,0,0,0.3,212,0.7000000000000001
2014,9,6,5,30,26,18,136,24,0.3,172,0.8
2014,9,6,6,30,28.8,59,569,200,0.3,136,1.4000000000000001
2014,9,6,7,30,31.5,82,740,410,0.3,133,2.3000000000000003
2014,9,6,8,30,33.4,97,824,602,0.3,136,2.8000000000000003
2014,9,6,9,30,35,107,873,757,0.3,141,3
2014,9,6,10,30,36.2,107,908,861,0.3,145,3
2014,9,6,11,30,37.1,108,919,902,0.3,147,3
2014,9,6,12,30,37.7,105,919,880,0.3,148,2.9000000000000004
2014,9,6,13,30,37.9,100,898,791,0.3,149,2.7
2014,9,6,14,30,37.7,92,859,648,0.3,149,2.5
2014,9,6,15,30,37,79,786,461,0.3,147,2.3000000000000003
2014,9,6,16,30,35.6,61,642,251,0.3,142,1.7000000000000002
2014,9,6,17,30,33.300000000000004,29,304,56,0.3,126,1.1
2014,9,6,18,30,31.400000000000002,0,0,0,0.3,111,0.9
2014,9,6,19,30,30.6,0,0,0,0.3,109,1
2014,9,6,20,30,30,0,0,0,0.3,113,1
2014,9,6,21,30,29.6,0,0,0,0.3,124,0.9
2014,9,6,22,30,29.3,0,0,0,0.3,143,0.8
2014,9,6,23,30,29,0,0,0,0.3,174,0.7000000000000001
2014,9,7,0,30,28.6,0,0,0,0.3,208,0.6000000000000001
2014,9,7,1,30,28.3,0,0,0,0.3,234,0.6000000000000001
2014,9,7,2,30,28,0,0,0,0.3,253,0.5
2014,9,7,3,30,27.700000000000003,0,0,0,0.3,265,0.4
2014,9,7,4,30,27.5,0,0,0,0.3,207,0.4
2014,9,7,5,30,28.200000000000003,12,0,12,0.3,146,1
2014,9,7,6,30,30.200000000000003,60,536,192,0.3,152,2.3000000000000003
2014,9,7,7,30,32.300000000000004,83,716,399,0.3,160,3.4000000000000004
2014,9,7,8,30,34,98,804,589,0.3,160,4
2014,9,7,9,30,35.300000000000004,111,848,740,0.3,159,4.4
2014,9,7,10,30,36.2,130,852,835,0.3,160,4.6000000000000005
2014,9,7,11,30,36.6,136,854,871,0.3,164,4.6000000000000005
2014,9,7,12,30,36.6,137,844,845,0.3,168,4.5
2014,9,7,13,30,36.1,95,0,95,0.3,170,4.4
2014,9,7,14,30,35.4,369,174,481,0.3,172,4.2
2014,9,7,15,30,34.4,201,32,216,0.3,175,4.1000000000000005
2014,9,7,16,30,33,71,2,71,0.3,178,3.7
2014,9,7,17,30,31.200000000000003,22,0,22,0.3,182,2.8000000000000003
2014,9,7,18,30,29.6,0,0,0,0.3,185,1.8
2014,9,7,19,30,28.6,0,0,0,0.3,180,1.4000000000000001
2014,9,7,20,30,27.8,0,0,0,0.3,171,1.1
2014,9,7,21,30,27.3,0,0,0,0.3,162,1.1
2014,9,7,22,30,26.8,0,0,0,0.3,135,1.2000000000000002
2014,9,7,23,30,26.3,0,0,0,0.3,100,1.3
2014,9,8,0,30,25.900000000000002,0,0,0,0.3,86,1.4000000000000001
2014,9,8,1,30,25.5,0,0,0,0.3,90,1.4000000000000001
2014,9,8,2,30,25.200000000000003,0,0,0,0.3,100,1.4000000000000001
2014,9,8,3,30,24.900000000000002,0,0,0,0.3,112,1.5
2014,9,8,4,30,24.6,0,0,0,0.3,128,1.6
2014,9,8,5,30,25,16,85,19,0.3,146,2.3000000000000003
2014,9,8,6,30,26.1,103,3,104,0.3,160,3.1
2014,9,8,7,30,27.700000000000003,93,668,386,0.3,164,3.4000000000000004
2014,9,8,8,30,29.400000000000002,110,767,576,0.3,163,3.5
2014,9,8,9,30,30.700000000000003,120,823,728,0.3,162,3.6
2014,9,8,10,30,31.5,142,825,822,0.3,161,3.9000000000000004
2014,9,8,11,30,31.700000000000003,279,0,279,0.3,163,4.3
2014,9,8,12,30,31.400000000000002,359,23,377,0.3,168,4.6000000000000005
2014,9,8,13,30,30.6,37,0,37,0.3,174,4.5
2014,9,8,14,30,29.6,58,0,58,0.3,182,4.2
2014,9,8,15,30,28.6,17,0,17,0.3,187,3.8000000000000003
2014,9,8,16,30,27.200000000000003,81,0,81,0.29,185,3
2014,9,8,17,30,25.700000000000003,9,0,9,0.29,179,2.1
2014,9,8,18,30,24.8,0,0,0,0.29,181,1.6
2014,9,8,19,30,24.5,0,0,0,0.29,191,1.5
2014,9,8,20,30,24.3,0,0,0,0.29,195,1.3
2014,9,8,21,30,24,0,0,0,0.29,201,1.1
2014,9,8,22,30,23.8,0,0,0,0.29,209,1.2000000000000002
2014,9,8,23,30,23.5,0,0,0,0.29,216,1.4000000000000001
2014,9,9,0,30,23.1,0,0,0,0.29,225,1.4000000000000001
2014,9,9,1,30,22.700000000000003,0,0,0,0.29,224,1.5
2014,9,9,2,30,22.3,0,0,0,0.29,222,1.5
2014,9,9,3,30,22,0,0,0,0.29,223,1.4000000000000001
2014,9,9,4,30,21.700000000000003,0,0,0,0.29,225,1.3
2014,9,9,5,30,22.400000000000002,15,137,20,0.29,229,1.9000000000000001
2014,9,9,6,30,24.3,56,579,195,0.29,239,2.7
2014,9,9,7,30,26.3,74,768,409,0.29,249,2.8000000000000003
2014,9,9,8,30,28.200000000000003,85,869,610,0.29,252,2.4000000000000004
2014,9,9,9,30,29.700000000000003,92,920,769,0.29,252,2
2014,9,9,10,30,30.900000000000002,109,925,869,0.29,257,1.6
2014,9,9,11,30,31.8,110,939,912,0.29,272,1.3
2014,9,9,12,30,32.300000000000004,107,936,886,0.29,297,1
2014,9,9,13,30,32.6,108,903,792,0.29,321,1
2014,9,9,14,30,32.4,100,855,642,0.29,342,0.9
2014,9,9,15,30,31.8,87,770,450,0.29,186,0.9
2014,9,9,16,30,30.200000000000003,65,613,238,0.29,46,0.8
2014,9,9,17,30,27.8,26,254,45,0.29,97,0.8
2014,9,9,18,30,26.200000000000003,0,0,0,0.29,138,1
2014,9,9,19,30,25.3,0,0,0,0.29,173,1
2014,9,9,20,30,24.5,0,0,0,0.29,205,1.1
2014,9,9,21,30,23.6,0,0,0,0.29,226,1.2000000000000002
2014,9,9,22,30,22.900000000000002,0,0,0,0.29,241,1.2000000000000002
2014,9,9,23,30,22.3,0,0,0,0.29,255,1.2000000000000002
2014,9,10,0,30,21.900000000000002,0,0,0,0.29,270,1.2000000000000002
2014,9,10,1,30,21.5,0,0,0,0.29,289,1.1
2014,9,10,2,30,20.8,0,0,0,0.29,312,1
2014,9,10,3,30,20.200000000000003,0,0,0,0.29,336,1
2014,9,10,4,30,19.8,0,0,0,0.29,177,1
2014,9,10,5,30,21,14,139,19,0.29,18,1.3
2014,9,10,6,30,23.6,58,568,193,0.29,39,1.7000000000000002
2014,9,10,7,30,26.1,82,748,406,0.29,55,1.7000000000000002
2014,9,10,8,30,28.400000000000002,97,838,602,0.29,62,1.4000000000000001
2014,9,10,9,30,30.6,107,888,759,0.29,71,1.2000000000000002
2014,9,10,10,30,32.4,105,929,865,0.29,92,1
2014,9,10,11,30,33.6,107,940,907,0.29,124,1
2014,9,10,12,30,34.4,105,938,882,0.29,148,1
2014,9,10,13,30,34.7,101,917,792,0.29,157,1.1
2014,9,10,14,30,34.6,93,875,644,0.29,158,1.1
2014,9,10,15,30,33.9,80,800,454,0.29,156,1.2000000000000002
2014,9,10,16,30,31.700000000000003,60,648,239,0.29,151,1
2014,9,10,17,30,28.700000000000003,24,280,44,0.29,148,1
2014,9,10,18,30,26.900000000000002,0,0,0,0.29,157,1.2000000000000002
2014,9,10,19,30,26.1,0,0,0,0.29,172,1.2000000000000002
2014,9,10,20,30,25.6,0,0,0,0.29,186,1.2000000000000002
2014,9,10,21,30,25.200000000000003,0,0,0,0.29,199,1.2000000000000002
2014,9,10,22,30,25,0,0,0,0.29,210,1.1
2014,9,10,23,30,24.900000000000002,0,0,0,0.29,222,0.9
2014,9,11,0,30,24.5,0,0,0,0.29,243,0.8
2014,9,11,1,30,23.900000000000002,0,0,0,0.29,278,0.8
2014,9,11,2,30,22.900000000000002,0,0,0,0.29,311,1
2014,9,11,3,30,21.6,0,0,0,0.29,331,1.2000000000000002
2014,9,11,4,30,20.700000000000003,0,0,0,0.29,339,1.2000000000000002
2014,9,11,5,30,21.900000000000002,13,133,17,0.29,343,1.5
2014,9,11,6,30,25,58,571,192,0.29,347,2.1
2014,9,11,7,30,28.3,82,753,406,0.29,178,2
2014,9,11,8,30,31.200000000000003,97,843,602,0.29,37,1
2014,9,11,9,30,33.300000000000004,107,893,759,0.29,93,0.7000000000000001
2014,9,11,10,30,34.6,128,897,859,0.29,124,1
2014,9,11,11,30,35.4,130,906,898,0.29,130,1.2000000000000002
2014,9,11,12,30,35.9,129,899,870,0.29,132,1.4000000000000001
2014,9,11,13,30,36.1,120,881,780,0.29,134,1.5
2014,9,11,14,30,35.800000000000004,110,833,631,0.29,136,1.6
2014,9,11,15,30,35,94,747,439,0.29,140,1.8
2014,9,11,16,30,32.5,69,583,227,0.29,147,1.5
2014,9,11,17,30,29.200000000000003,24,207,37,0.29,160,1.2000000000000002
2014,9,11,18,30,27.700000000000003,0,0,0,0.29,179,1.3
2014,9,11,19,30,27.1,0,0,0,0.29,201,1.3
2014,9,11,20,30,26.8,0,0,0,0.29,220,1.3
2014,9,11,21,30,26.5,0,0,0,0.29,239,1.2000000000000002
2014,9,11,22,30,26.3,0,0,0,0.29,260,1.1
2014,9,11,23,30,25.6,0,0,0,0.29,290,1.1
2014,9,12,0,30,24.3,0,0,0,0.29,322,1.3
2014,9,12,1,30,22.8,0,0,0,0.29,348,1.5
2014,9,12,2,30,21.6,0,0,0,0.29,183,1.7000000000000002
2014,9,12,3,30,20.5,0,0,0,0.29,6,2
2014,9,12,4,30,19.700000000000003,0,0,0,0.29,4,2.4000000000000004
2014,9,12,5,30,20.700000000000003,12,123,16,0.29,180,3.5
2014,9,12,6,30,23.400000000000002,58,571,191,0.29,187,4.5
2014,9,12,7,30,26.6,82,757,406,0.29,28,4.5
2014,9,12,8,30,30,96,851,604,0.29,46,4
2014,9,12,9,30,32.6,105,904,762,0.29,53,3.5
2014,9,12,10,30,34.2,116,920,863,0.29,53,3
2014,9,12,11,30,35.4,116,933,903,0.29,50,2.8000000000000003
2014,9,12,12,30,36.1,113,933,878,0.29,49,2.6
2014,9,12,13,30,36.300000000000004,92,939,792,0.29,49,2.5
2014,9,12,14,30,36.1,85,898,642,0.29,51,2.4000000000000004
2014,9,12,15,30,35.2,72,825,449,0.29,55,2.1
2014,9,12,16,30,32.800000000000004,54,677,234,0.29,63,1.3
2014,9,12,17,30,30.400000000000002,20,300,39,0.29,67,0.7000000000000001
2014,9,12,18,30,29.5,0,0,0,0.29,198,0.6000000000000001
2014,9,12,19,30,28.700000000000003,0,0,0,0.29,322,0.8
2014,9,12,20,30,27.8,0,0,0,0.29,317,1
2014,9,12,21,30,26.900000000000002,0,0,0,0.29,325,1.2000000000000002
2014,9,12,22,30,25.900000000000002,0,0,0,0.29,336,1.2000000000000002
2014,9,12,23,30,24.900000000000002,0,0,0,0.29,348,1.3
2014,9,13,0,30,23.8,0,0,0,0.29,357,1.4000000000000001
2014,9,13,1,30,22.8,0,0,0,0.29,180,1.5
2014,9,13,2,30,21.900000000000002,0,0,0,0.29,1,1.5
2014,9,13,3,30,21.200000000000003,0,0,0,0.29,0,1.6
2014,9,13,4,30,20.8,0,0,0,0.29,1,1.6
2014,9,13,5,30,22.400000000000002,12,181,17,0.29,3,1.8
2014,9,13,6,30,25.8,48,633,194,0.29,11,2.3000000000000003
2014,9,13,7,30,29.1,68,797,407,0.29,39,2.2
2014,9,13,8,30,32,81,879,603,0.29,90,1.7000000000000002
2014,9,13,9,30,34.2,90,920,756,0.29,135,1.7000000000000002
2014,9,13,10,30,35.6,96,943,858,0.29,154,1.9000000000000001
2014,9,13,11,30,36.6,98,954,899,0.29,159,1.9000000000000001
2014,9,13,12,30,37.1,96,948,870,0.29,157,1.9000000000000001
2014,9,13,13,30,37.300000000000004,92,927,778,0.29,152,1.9000000000000001
2014,9,13,14,30,36.9,84,888,631,0.29,146,1.9000000000000001
2014,9,13,15,30,36.1,72,811,439,0.29,137,1.8
2014,9,13,16,30,33.6,54,658,226,0.29,122,1.3
2014,9,13,17,30,30.200000000000003,19,270,34,0.29,105,1.2000000000000002
2014,9,13,18,30,28.3,0,0,0,0.29,97,1.3
2014,9,13,19,30,27.6,0,0,0,0.29,97,1.3
2014,9,13,20,30,27.3,0,0,0,0.29,102,1.2000000000000002
2014,9,13,21,30,27,0,0,0,0.29,113,1
2014,9,13,22,30,26.5,0,0,0,0.29,143,0.8
2014,9,13,23,30,25.900000000000002,0,0,0,0.29,188,0.7000000000000001
2014,9,14,0,30,25.3,0,0,0,0.29,234,0.7000000000000001
2014,9,14,1,30,25,0,0,0,0.29,296,0.6000000000000001
2014,9,14,2,30,24.700000000000003,0,0,0,0.29,173,0.7000000000000001
2014,9,14,3,30,24.3,0,0,0,0.29,21,0.9
2014,9,14,4,30,24.1,0,0,0,0.29,39,0.9
2014,9,14,5,30,25.200000000000003,11,119,14,0.29,50,0.8
2014,9,14,6,30,27.900000000000002,53,571,183,0.29,78,0.9
2014,9,14,7,30,30.8,75,752,393,0.29,124,1.5
2014,9,14,8,30,33.2,89,841,586,0.29,144,1.9000000000000001
2014,9,14,9,30,35.1,99,890,741,0.29,139,1.9000000000000001
2014,9,14,10,30,36.4,100,923,843,0.29,132,1.9000000000000001
2014,9,14,11,30,37.2,102,931,881,0.29,127,2
2014,9,14,12,30,37.6,101,927,854,0.29,125,2
2014,9,14,13,30,37.7,103,892,760,0.29,124,1.9000000000000001
2014,9,14,14,30,37.300000000000004,94,846,612,0.29,121,1.9000000000000001
2014,9,14,15,30,36.5,80,767,424,0.29,118,1.8
2014,9,14,16,30,34.4,58,606,213,0.28,114,1.3
2014,9,14,17,30,31.700000000000003,19,209,29,0.28,108,1
2014,9,14,18,30,30.400000000000002,0,0,0,0.28,107,1
2014,9,14,19,30,30,0,0,0,0.28,115,1
2014,9,14,20,30,29.6,0,0,0,0.28,129,1
2014,9,14,21,30,29,0,0,0,0.28,143,0.9
2014,9,14,22,30,28.200000000000003,0,0,0,0.28,158,0.9
2014,9,14,23,30,27.400000000000002,0,0,0,0.28,172,0.8
2014,9,15,0,30,26.8,0,0,0,0.28,201,0.6000000000000001
2014,9,15,1,30,26.200000000000003,0,0,0,0.28,113,0.6000000000000001
2014,9,15,2,30,25.3,0,0,0,0.28,7,0.9
2014,9,15,3,30,24.5,0,0,0,0.28,16,1.1
2014,9,15,4,30,23.8,0,0,0,0.28,20,1.2000000000000002
2014,9,15,5,30,24.900000000000002,11,119,13,0.28,19,1.3
2014,9,15,6,30,28,51,581,182,0.28,24,1.7000000000000002
2014,9,15,7,30,31.400000000000002,72,762,392,0.28,63,1.9000000000000001
2014,9,15,8,30,34.300000000000004,84,853,586,0.28,103,1.8
2014,9,15,9,30,36.2,91,905,741,0.28,113,1.8
2014,9,15,10,30,37.4,104,916,839,0.28,119,1.9000000000000001
2014,9,15,11,30,38.300000000000004,103,931,879,0.28,122,2
2014,9,15,12,30,38.7,99,933,853,0.28,122,2
2014,9,15,13,30,38.7,104,893,758,0.28,119,2
2014,9,15,14,30,38.300000000000004,92,854,611,0.28,114,1.9000000000000001
2014,9,15,15,30,37.5,77,780,422,0.28,110,1.7000000000000002
2014,9,15,16,30,35.2,55,623,211,0.28,108,1.2000000000000002
2014,9,15,17,30,32.9,17,217,27,0.28,108,0.8
2014,9,15,18,30,32.2,0,0,0,0.28,117,0.7000000000000001
2014,9,15,19,30,32.1,0,0,0,0.28,157,0.5
2014,9,15,20,30,31.6,0,0,0,0.28,207,0.5
2014,9,15,21,30,30.900000000000002,0,0,0,0.28,237,0.6000000000000001
2014,9,15,22,30,30.1,0,0,0,0.28,258,0.7000000000000001
2014,9,15,23,30,29.200000000000003,0,0,0,0.28,287,0.8
2014,9,16,0,30,28.1,0,0,0,0.28,316,0.9
2014,9,16,1,30,27,0,0,0,0.28,335,1.1
2014,9,16,2,30,26.1,0,0,0,0.28,345,1.2000000000000002
2014,9,16,3,30,25.6,0,0,0,0.28,353,1.2000000000000002
2014,9,16,4,30,25.400000000000002,0,0,0,0.28,181,1.1
2014,9,16,5,30,26.3,10,85,12,0.28,11,1
2014,9,16,6,30,28.700000000000003,55,529,173,0.28,44,1.2000000000000002
2014,9,16,7,30,31.3,81,712,378,0.28,98,2
2014,9,16,8,30,33.6,97,802,567,0.28,130,2.7
2014,9,16,9,30,35.300000000000004,109,847,715,0.28,136,3.3000000000000003
2014,9,16,10,30,36.300000000000004,130,847,806,0.28,140,3.9000000000000004
2014,9,16,11,30,36.800000000000004,133,855,841,0.28,144,4.4
2014,9,16,12,30,36.800000000000004,128,851,812,0.28,148,4.6000000000000005
2014,9,16,13,30,36.5,110,848,727,0.28,153,4.5
2014,9,16,14,30,36,99,803,583,0.28,157,4.4
2014,9,16,15,30,35.2,186,38,203,0.28,161,4.1000000000000005
2014,9,16,16,30,33.6,107,22,113,0.28,166,3.2
2014,9,16,17,30,31.3,17,1,17,0.28,172,2.2
2014,9,16,18,30,29.6,0,0,0,0.28,180,2.1
2014,9,16,19,30,28.700000000000003,0,0,0,0.28,186,2.5
2014,9,16,20,30,27.700000000000003,0,0,0,0.28,189,2.5
2014,9,16,21,30,26.8,0,0,0,0.28,191,2.3000000000000003
2014,9,16,22,30,26.1,0,0,0,0.28,191,2.1
2014,9,16,23,30,25.6,0,0,0,0.28,190,1.8
2014,9,17,0,30,25.1,0,0,0,0.28,186,1.3
2014,9,17,1,30,24.8,0,0,0,0.28,180,0.8
2014,9,17,2,30,24.700000000000003,0,0,0,0.28,163,0.7000000000000001
2014,9,17,3,30,24.400000000000002,0,0,0,0.28,130,0.7000000000000001
2014,9,17,4,30,24.1,0,0,0,0.28,101,0.7000000000000001
2014,9,17,5,30,24.900000000000002,0,0,0,0.28,98,1.3
2014,9,17,6,30,27,48,550,169,0.28,111,2.1
2014,9,17,7,30,29.1,68,736,373,0.28,121,2.3000000000000003
2014,9,17,8,30,30.8,80,825,560,0.28,119,2.4000000000000004
2014,9,17,9,30,32.4,87,877,711,0.28,116,2.4000000000000004
2014,9,17,10,30,33.6,115,862,800,0.28,115,2.3000000000000003
2014,9,17,11,30,34.6,112,881,839,0.28,113,2.2
2014,9,17,12,30,35.2,105,882,811,0.28,112,2.2
2014,9,17,13,30,35.4,110,840,717,0.28,114,2.2
2014,9,17,14,30,35.300000000000004,96,801,574,0.28,121,2.3000000000000003
2014,9,17,15,30,34.7,78,722,391,0.28,131,2.4000000000000004
2014,9,17,16,30,33.2,55,557,189,0.28,142,2.1
2014,9,17,17,30,31.1,14,146,19,0.28,155,1.6
2014,9,17,18,30,29.700000000000003,0,0,0,0.28,165,1.5
2014,9,17,19,30,28.8,0,0,0,0.28,170,1.6
2014,9,17,20,30,28,0,0,0,0.28,171,1.5
2014,9,17,21,30,27.200000000000003,0,0,0,0.28,172,1.3
2014,9,17,22,30,26.6,0,0,0,0.28,172,1.1
2014,9,17,23,30,26,0,0,0,0.28,172,1
2014,9,18,0,30,25.6,0,0,0,0.28,173,0.9
2014,9,18,1,30,25.200000000000003,0,0,0,0.28,174,0.9
2014,9,18,2,30,24.8,0,0,0,0.28,168,0.8
2014,9,18,3,30,24.5,0,0,0,0.28,150,0.8
2014,9,18,4,30,24.1,0,0,0,0.28,127,0.8
2014,9,18,5,30,24.900000000000002,0,0,0,0.28,117,1.4000000000000001
2014,9,18,6,30,27.400000000000002,49,551,168,0.28,133,2.4000000000000004
2014,9,18,7,30,30,70,733,372,0.28,150,3.1
2014,9,18,8,30,32,84,824,561,0.28,153,3.3000000000000003
2014,9,18,9,30,33.6,93,876,714,0.28,160,3.3000000000000003
2014,9,18,10,30,35,119,868,806,0.28,170,3.4000000000000004
2014,9,18,11,30,36,121,883,846,0.28,182,3.5
2014,9,18,12,30,36.7,118,883,821,0.28,193,3.8000000000000003
2014,9,18,13,30,36.9,96,896,740,0.28,202,4.3
2014,9,18,14,30,36.5,89,853,595,0.28,210,4.800000000000001
2014,9,18,15,30,35.5,77,769,406,0.28,216,4.9
2014,9,18,16,30,32.9,54,599,195,0.28,222,3.9000000000000004
2014,9,18,17,30,29.5,13,158,18,0.28,228,2.5
2014,9,18,18,30,27.3,0,0,0,0.28,233,1.9000000000000001
2014,9,18,19,30,26.3,0,0,0,0.28,237,1.6
2014,9,18,20,30,25.6,0,0,0,0.28,240,1.3
2014,9,18,21,30,25.400000000000002,0,0,0,0.28,244,1.2000000000000002
2014,9,18,22,30,25.200000000000003,0,0,0,0.28,249,1.1
2014,9,18,23,30,25,0,0,0,0.28,257,1
2014,9,19,0,30,24.8,0,0,0,0.28,271,0.8
2014,9,19,1,30,24.6,0,0,0,0.28,294,0.7000000000000001
2014,9,19,2,30,24.3,0,0,0,0.28,320,0.6000000000000001
2014,9,19,3,30,23.900000000000002,0,0,0,0.28,337,0.6000000000000001
2014,9,19,4,30,23.5,0,0,0,0.28,174,0.5
2014,9,19,5,30,24.3,0,0,0,0.28,62,0.5
2014,9,19,6,30,26.700000000000003,53,538,169,0.28,122,1.2000000000000002
2014,9,19,7,30,29.400000000000002,78,734,377,0.28,126,2.3000000000000003
2014,9,19,8,30,31.400000000000002,93,829,570,0.28,129,2.9000000000000004
2014,9,19,9,30,33,102,883,725,0.28,131,3.2
2014,9,19,10,30,34.300000000000004,105,915,826,0.28,134,3.3000000000000003
2014,9,19,11,30,35.2,107,924,862,0.28,138,3.4000000000000004
2014,9,19,12,30,35.800000000000004,105,918,832,0.28,142,3.5
2014,9,19,13,30,35.9,95,907,742,0.28,147,3.5
2014,9,19,14,30,35.6,85,863,593,0.28,153,3.4000000000000004
2014,9,19,15,30,34.800000000000004,71,781,402,0.28,156,3.3000000000000003
2014,9,19,16,30,32.5,51,609,191,0.28,160,2.3000000000000003
2014,9,19,17,30,29.5,13,142,16,0.28,166,1.3
2014,9,19,18,30,27.8,0,0,0,0.28,174,1.3
2014,9,19,19,30,27,0,0,0,0.28,184,1.3
2014,9,19,20,30,26.3,0,0,0,0.28,195,1.3
2014,9,19,21,30,25.8,0,0,0,0.28,204,1.2000000000000002
2014,9,19,22,30,25.5,0,0,0,0.28,209,1.2000000000000002
2014,9,19,23,30,25.5,0,0,0,0.28,212,1.1
2014,9,20,0,30,25.6,0,0,0,0.28,219,0.8
2014,9,20,1,30,25.8,0,0,0,0.28,250,0.6000000000000001
2014,9,20,2,30,25.6,0,0,0,0.28,140,0.5
2014,9,20,3,30,25.200000000000003,0,0,0,0.28,20,0.7000000000000001
2014,9,20,4,30,24.700000000000003,0,0,0,0.28,40,0.9
2014,9,20,5,30,25.200000000000003,0,0,0,0.28,48,0.9
2014,9,20,6,30,27,96,4,97,0.28,57,1.3
2014,9,20,7,30,29.400000000000002,78,718,369,0.28,82,1.5
2014,9,20,8,30,31.5,93,813,558,0.28,110,1.6
2014,9,20,9,30,33,104,860,708,0.28,128,2
2014,9,20,10,30,34.1,125,859,798,0.28,145,2.4000000000000004
2014,9,20,11,30,34.800000000000004,298,644,822,0.28,161,2.8000000000000003
2014,9,20,12,30,35,124,857,799,0.28,171,3.3000000000000003
2014,9,20,13,30,34.5,151,1,152,0.28,171,3.7
2014,9,20,14,30,33.1,268,432,520,0.28,156,3.7
2014,9,20,15,30,31.5,16,0,16,0.28,118,3
2014,9,20,16,30,29.5,21,0,21,0.28,78,3
2014,9,20,17,30,27.400000000000002,5,0,5,0.28,51,3.6
2014,9,20,18,30,26.1,0,0,0,0.28,36,3.4000000000000004
2014,9,20,19,30,25.6,0,0,0,0.28,31,2.5
2014,9,20,20,30,25.1,0,0,0,0.28,25,1.6
2014,9,20,21,30,24.8,0,0,0,0.28,15,1.2000000000000002
2014,9,20,22,30,24.700000000000003,0,0,0,0.28,6,1.1
2014,9,20,23,30,24.700000000000003,0,0,0,0.28,180,1
2014,9,21,0,30,24.5,0,0,0,0.28,181,1
2014,9,21,1,30,24.1,0,0,0,0.28,9,1.2000000000000002
2014,9,21,2,30,23.6,0,0,0,0.28,13,1.3
2014,9,21,3,30,23.200000000000003,0,0,0,0.28,9,1.5
2014,9,21,4,30,22.900000000000002,0,0,0,0.28,7,1.7000000000000002
2014,9,21,5,30,23.200000000000003,0,0,0,0.28,13,2
2014,9,21,6,30,24.8,115,43,124,0.28,40,2.1
2014,9,21,7,30,26.8,230,75,260,0.28,83,2
2014,9,21,8,30,28.400000000000002,269,399,497,0.28,118,2.2
2014,9,21,9,30,29.900000000000002,107,856,705,0.28,140,2.5
2014,9,21,10,30,31.1,108,896,808,0.28,153,2.6
2014,9,21,11,30,32.1,106,913,846,0.28,159,2.6
2014,9,21,12,30,32.7,102,913,818,0.28,161,2.6
2014,9,21,13,30,33,98,889,724,0.28,161,2.6
2014,9,21,14,30,32.9,87,847,577,0.28,160,2.7
2014,9,21,15,30,32.300000000000004,72,765,388,0.28,159,2.5
2014,9,21,16,30,30.400000000000002,51,583,179,0.28,154,1.6
2014,9,21,17,30,28.1,0,0,0,0.28,147,1
2014,9,21,18,30,27,0,0,0,0.28,149,1
2014,9,21,19,30,26.200000000000003,0,0,0,0.28,161,1.1
2014,9,21,20,30,25.5,0,0,0,0.28,180,1.1
2014,9,21,21,30,24.8,0,0,0,0.28,200,1
2014,9,21,22,30,24.200000000000003,0,0,0,0.28,218,1
2014,9,21,23,30,23.8,0,0,0,0.28,236,0.9
2014,9,22,0,30,23.400000000000002,0,0,0,0.28,257,0.8
2014,9,22,1,30,23,0,0,0,0.28,292,0.7000000000000001
2014,9,22,2,30,22.400000000000002,0,0,0,0.28,333,0.7000000000000001
2014,9,22,3,30,21.5,0,0,0,0.28,183,0.9
2014,9,22,4,30,20.6,0,0,0,0.28,18,1
2014,9,22,5,30,21.1,0,0,0,0.28,26,1.3
2014,9,22,6,30,23.6,48,570,165,0.28,40,1.7000000000000002
2014,9,22,7,30,26.700000000000003,69,767,375,0.28,76,1.8
2014,9,22,8,30,29.200000000000003,81,861,569,0.28,115,1.8
2014,9,22,9,30,31,90,913,725,0.28,138,1.9000000000000001
2014,9,22,10,30,32.300000000000004,98,934,824,0.28,149,2
2014,9,22,11,30,33.300000000000004,100,942,859,0.28,155,2
2014,9,22,12,30,33.800000000000004,99,936,829,0.28,157,1.9000000000000001
2014,9,22,13,30,34,96,908,732,0.28,155,1.8
2014,9,22,14,30,33.800000000000004,88,856,579,0.28,148,1.6
2014,9,22,15,30,33,74,762,385,0.28,138,1.5
2014,9,22,16,30,30.700000000000003,52,573,175,0.28,125,1.1
2014,9,22,17,30,28.1,0,0,0,0.28,114,0.9
2014,9,22,18,30,26.700000000000003,0,0,0,0.28,111,1.1
2014,9,22,19,30,26.1,0,0,0,0.28,113,1.1
2014,9,22,20,30,25.8,0,0,0,0.28,118,1
2014,9,22,21,30,25.5,0,0,0,0.28,122,0.8
2014,9,22,22,30,25,0,0,0,0.28,235,0.5
2014,9,22,23,30,24.3,0,0,0,0.28,340,0.5
2014,9,23,0,30,23.200000000000003,0,0,0,0.28,338,0.8
2014,9,23,1,30,22.5,0,0,0,0.28,348,1
2014,9,23,2,30,22.1,0,0,0,0.28,182,1
2014,9,23,3,30,21.700000000000003,0,0,0,0.28,14,1
2014,9,23,4,30,21.200000000000003,0,0,0,0.28,24,1.1
2014,9,23,5,30,21.8,0,0,0,0.28,29,1
2014,9,23,6,30,24.200000000000003,47,585,166,0.28,38,1.2000000000000002
2014,9,23,7,30,27.700000000000003,68,788,381,0.28,81,1.6
2014,9,23,8,30,30.6,81,881,577,0.28,124,2.1
2014,9,23,9,30,32.300000000000004,88,932,733,0.28,133,2.4000000000000004
2014,9,23,10,30,33.5,104,940,831,0.28,136,2.5
2014,9,23,11,30,34.300000000000004,104,951,867,0.28,138,2.3000000000000003
2014,9,23,12,30,34.800000000000004,102,946,834,0.28,138,2.2
2014,9,23,13,30,34.9,94,925,738,0.28,135,2
2014,9,23,14,30,34.6,85,881,586,0.28,131,1.9000000000000001
2014,9,23,15,30,33.6,71,793,390,0.28,127,1.7000000000000002
2014,9,23,16,30,31.200000000000003,49,604,175,0.28,119,1.2000000000000002
2014,9,23,17,30,28.6,0,0,0,0.28,107,0.9
2014,9,23,18,30,27.700000000000003,0,0,0,0.28,101,0.9
2014,9,23,19,30,27.400000000000002,0,0,0,0.28,102,0.7000000000000001
2014,9,23,20,30,27.200000000000003,0,0,0,0.28,112,0.6000000000000001
2014,9,23,21,30,26.700000000000003,0,0,0,0.28,134,0.4
2014,9,23,22,30,26,0,0,0,0.28,216,0.30000000000000004
2014,9,23,23,30,25.1,0,0,0,0.28,306,0.4
2014,9,24,0,30,24.1,0,0,0,0.28,334,0.6000000000000001
2014,9,24,1,30,23.200000000000003,0,0,0,0.28,344,0.8
2014,9,24,2,30,22.5,0,0,0,0.28,354,0.9
2014,9,24,3,30,21.8,0,0,0,0.28,182,1
2014,9,24,4,30,21.3,0,0,0,0.28,7,1.1
2014,9,24,5,30,21.700000000000003,0,0,0,0.28,10,1
2014,9,24,6,30,24.3,45,603,166,0.28,16,1.4000000000000001
2014,9,24,7,30,28,65,797,379,0.28,59,1.8
2014,9,24,8,30,31.200000000000003,77,888,575,0.28,113,1.9000000000000001
2014,9,24,9,30,33.300000000000004,85,937,730,0.28,133,2.4000000000000004
2014,9,24,10,30,34.6,100,942,825,0.28,142,2.7
2014,9,24,11,30,35.6,100,953,860,0.28,146,2.8000000000000003
2014,9,24,12,30,36.2,97,952,830,0.28,148,2.8000000000000003
2014,9,24,13,30,36.300000000000004,90,930,733,0.28,148,2.8000000000000003
2014,9,24,14,30,36,81,885,580,0.28,148,2.6
2014,9,24,15,30,34.9,68,800,386,0.28,148,2.2
2014,9,24,16,30,32.300000000000004,47,609,171,0.28,140,1.3
2014,9,24,17,30,29.8,0,0,0,0.28,127,0.9
2014,9,24,18,30,28.900000000000002,0,0,0,0.28,126,0.9
2014,9,24,19,30,28,0,0,0,0.28,138,1
2014,9,24,20,30,26.900000000000002,0,0,0,0.28,150,1.2000000000000002
2014,9,24,21,30,25.8,0,0,0,0.28,161,1.2000000000000002
2014,9,24,22,30,24.900000000000002,0,0,0,0.28,172,1.2000000000000002
2014,9,24,23,30,24.1,0,0,0,0.28,186,1.2000000000000002
2014,9,25,0,30,23.400000000000002,0,0,0,0.28,198,1.1
2014,9,25,1,30,23,0,0,0,0.28,204,1.1
2014,9,25,2,30,22.8,0,0,0,0.28,201,1
2014,9,25,3,30,22.6,0,0,0,0.28,189,1
2014,9,25,4,30,22.400000000000002,0,0,0,0.28,174,1
2014,9,25,5,30,23.1,0,0,0,0.28,161,0.8
2014,9,25,6,30,25.8,46,570,159,0.28,157,1.2000000000000002
2014,9,25,7,30,29.5,68,762,366,0.28,171,2.5
2014,9,25,8,30,32.7,81,850,555,0.28,186,3.9000000000000004
2014,9,25,9,30,34.800000000000004,91,896,704,0.28,190,4.6000000000000005
2014,9,25,10,30,36.1,110,894,794,0.28,191,5
2014,9,25,11,30,36.9,112,899,825,0.28,191,5.300000000000001
2014,9,25,12,30,37.300000000000004,110,892,793,0.28,193,5.5
2014,9,25,13,30,37.300000000000004,111,849,694,0.28,196,5.7
2014,9,25,14,30,36.9,246,521,537,0.28,198,5.7
2014,9,25,15,30,35.800000000000004,82,692,354,0.28,198,5.4
2014,9,25,16,30,33.4,103,17,106,0.28,194,3.9000000000000004
2014,9,25,17,30,30.700000000000003,0,0,0,0.28,188,2.5
2014,9,25,18,30,29.400000000000002,0,0,0,0.28,183,2.2
2014,9,25,19,30,28.700000000000003,0,0,0,0.28,183,2.2
2014,9,25,20,30,28,0,0,0,0.28,191,2.1
2014,9,25,21,30,27.1,0,0,0,0.28,206,1.9000000000000001
2014,9,25,22,30,26.3,0,0,0,0.28,221,1.6
2014,9,25,23,30,25.6,0,0,0,0.28,234,1.4000000000000001
2014,9,26,0,30,25.1,0,0,0,0.28,242,1.3
2014,9,26,1,30,24.700000000000003,0,0,0,0.28,241,1.2000000000000002
2014,9,26,2,30,24.400000000000002,0,0,0,0.28,233,1.2000000000000002
2014,9,26,3,30,24.1,0,0,0,0.28,221,1.2000000000000002
2014,9,26,4,30,23.700000000000003,0,0,0,0.28,208,1.2000000000000002
2014,9,26,5,30,24.6,0,0,0,0.28,197,1.5
2014,9,26,6,30,27.200000000000003,53,472,144,0.28,190,2.8000000000000003
2014,9,26,7,30,29.8,80,682,344,0.28,187,4.4
2014,9,26,8,30,31.700000000000003,97,783,530,0.28,183,5.5
2014,9,26,9,30,33.1,108,836,678,0.28,182,6.2
2014,9,26,10,30,34,108,874,774,0.28,183,6.800000000000001
2014,9,26,11,30,34.5,115,873,804,0.28,185,7.300000000000001
2014,9,26,12,30,34.300000000000004,291,615,760,0.28,186,7.5
2014,9,26,13,30,33.7,345,334,572,0.28,186,7.5
2014,9,26,14,30,32.800000000000004,111,739,520,0.28,185,7.1000000000000005
2014,9,26,15,30,31.700000000000003,141,13,146,0.28,184,6.300000000000001
2014,9,26,16,30,30.200000000000003,64,3,64,0.28,182,5.1000000000000005
2014,9,26,17,30,28.8,0,0,0,0.28,179,4.2
2014,9,26,18,30,27.900000000000002,0,0,0,0.28,180,4
2014,9,26,19,30,27.3,0,0,0,0.28,187,3.7
2014,9,26,20,30,26.6,0,0,0,0.28,199,3.2
2014,9,26,21,30,25.6,0,0,0,0.28,212,2.6
2014,9,26,22,30,24.1,0,0,0,0.28,218,2.5
2014,9,26,23,30,22.5,0,0,0,0.28,214,2.4000000000000004
2014,9,27,0,30,21.400000000000002,0,0,0,0.28,212,2.1
2014,9,27,1,30,20.5,0,0,0,0.28,216,1.9000000000000001
2014,9,27,2,30,19.700000000000003,0,0,0,0.28,222,1.8
2014,9,27,3,30,19.1,0,0,0,0.28,224,1.8
2014,9,27,4,30,18.7,0,0,0,0.28,222,1.7000000000000002
2014,9,27,5,30,18.8,0,0,0,0.28,217,1.8
2014,9,27,6,30,19.6,45,561,153,0.28,213,2.6
2014,9,27,7,30,20.8,68,769,363,0.28,214,3.7
2014,9,27,8,30,22.1,81,871,560,0.28,212,4.1000000000000005
2014,9,27,9,30,23.6,92,924,718,0.28,203,4.3
2014,9,27,10,30,25,109,931,815,0.28,194,4.6000000000000005
2014,9,27,11,30,26.3,107,949,852,0.28,189,4.9
2014,9,27,12,30,27.1,102,951,822,0.28,189,5.2
2014,9,27,13,30,27.1,94,930,724,0.28,193,5.5
2014,9,27,14,30,26.400000000000002,83,884,568,0.28,200,5.7
2014,9,27,15,30,25,70,779,368,0.28,208,5.4
2014,9,27,16,30,22.3,47,557,152,0.28,215,4.1000000000000005
2014,9,27,17,30,19.5,0,0,0,0.28,221,2.5
2014,9,27,18,30,18,0,0,0,0.28,225,1.8
2014,9,27,19,30,17.1,0,0,0,0.28,225,1.5
2014,9,27,20,30,16.400000000000002,0,0,0,0.28,221,1.4000000000000001
2014,9,27,21,30,15.700000000000001,0,0,0,0.28,218,1.4000000000000001
2014,9,27,22,30,15.100000000000001,0,0,0,0.28,217,1.3
2014,9,27,23,30,14.5,0,0,0,0.28,219,1.2000000000000002
2014,9,28,0,30,14.100000000000001,0,0,0,0.28,221,1.1
2014,9,28,1,30,14.100000000000001,0,0,0,0.28,219,1
2014,9,28,2,30,14.3,0,0,0,0.28,198,0.7000000000000001
2014,9,28,3,30,14.200000000000001,0,0,0,0.28,153,0.7000000000000001
2014,9,28,4,30,14,0,0,0,0.28,113,0.8
2014,9,28,5,30,14.700000000000001,0,0,0,0.28,93,1
2014,9,28,6,30,17,47,546,150,0.28,98,1.7000000000000002
2014,9,28,7,30,19.6,71,755,359,0.28,119,2.4000000000000004
2014,9,28,8,30,21.400000000000002,86,848,550,0.28,130,2.7
2014,9,28,9,30,22.6,96,897,701,0.28,135,2.7
2014,9,28,10,30,23.5,104,919,797,0.28,141,2.6
2014,9,28,11,30,24.1,315,619,798,0.28,146,2.4000000000000004
2014,9,28,12,30,24.6,108,910,792,0.28,149,2.3000000000000003
2014,9,28,13,30,24.700000000000003,101,883,695,0.28,153,2.1
2014,9,28,14,30,24.5,239,550,538,0.28,151,2
2014,9,28,15,30,23.8,80,707,346,0.28,141,1.8
2014,9,28,16,30,22.400000000000002,53,466,139,0.28,126,1.2000000000000002
2014,9,28,17,30,21.200000000000003,0,0,0,0.28,111,0.7000000000000001
2014,9,28,18,30,20.700000000000003,0,0,0,0.28,98,0.7000000000000001
2014,9,28,19,30,20.200000000000003,0,0,0,0.28,80,0.7000000000000001
2014,9,28,20,30,19.6,0,0,0,0.28,60,0.7000000000000001
2014,9,28,21,30,19.1,0,0,0,0.28,43,0.7000000000000001
2014,9,28,22,30,18.6,0,0,0,0.28,27,0.7000000000000001
2014,9,28,23,30,18.2,0,0,0,0.28,14,0.7000000000000001
2014,9,29,0,30,17.8,0,0,0,0.28,6,0.7000000000000001
2014,9,29,1,30,17.6,0,0,0,0.28,181,0.7000000000000001
2014,9,29,2,30,17.2,0,0,0,0.28,357,0.6000000000000001
2014,9,29,3,30,16.7,0,0,0,0.28,350,0.8
2014,9,29,4,30,16.2,0,0,0,0.28,346,0.8
2014,9,29,5,30,16.7,0,0,0,0.28,340,1
2014,9,29,6,30,18.7,49,515,144,0.28,340,1.3
2014,9,29,7,30,21.200000000000003,73,739,352,0.28,184,1.3
2014,9,29,8,30,22.900000000000002,87,843,545,0.28,35,1
2014,9,29,9,30,24.200000000000003,95,896,696,0.28,58,1
2014,9,29,10,30,25.3,104,916,791,0.28,69,0.9
2014,9,29,11,30,26.200000000000003,105,925,823,0.28,70,0.9
2014,9,29,12,30,26.8,103,917,789,0.28,70,0.8
2014,9,29,13,30,27,104,875,688,0.28,72,0.7000000000000001
2014,9,29,14,30,26.900000000000002,94,818,535,0.28,80,0.7000000000000001
2014,9,29,15,30,26.1,77,715,343,0.28,95,0.9
2014,9,29,16,30,24,49,487,136,0.28,109,0.9
2014,9,29,17,30,21.400000000000002,0,0,0,0.28,120,0.9
2014,9,29,18,30,20.1,0,0,0,0.28,131,1
2014,9,29,19,30,19.700000000000003,0,0,0,0.28,147,1
2014,9,29,20,30,19.700000000000003,0,0,0,0.28,173,0.9
2014,9,29,21,30,19.8,0,0,0,0.28,212,0.7000000000000001
2014,9,29,22,30,19.5,0,0,0,0.28,254,0.7000000000000001
2014,9,29,23,30,19.1,0,0,0,0.28,281,0.8
2014,9,30,0,30,18.400000000000002,0,0,0,0.28,304,0.9
2014,9,30,1,30,17.400000000000002,0,0,0,0.28,326,1.1
2014,9,30,2,30,16.6,0,0,0,0.28,343,1.2000000000000002
2014,9,30,3,30,15.9,0,0,0,0.28,353,1.2000000000000002
2014,9,30,4,30,15.3,0,0,0,0.28,356,1.2000000000000002
2014,9,30,5,30,15.9,0,0,0,0.28,356,1.2000000000000002
2014,9,30,6,30,18.5,50,493,140,0.28,182,1.6
2014,9,30,7,30,21.400000000000002,78,717,347,0.28,28,1.6
2014,9,30,8,30,23,97,815,537,0.28,59,1.1
2014,9,30,9,30,24.200000000000003,108,871,689,0.28,75,0.9
2014,9,30,10,30,25.900000000000002,100,926,791,0.28,92,0.7000000000000001
2014,9,30,11,30,27.400000000000002,99,938,823,0.28,127,0.6000000000000001
2014,9,30,12,30,28.200000000000003,97,930,788,0.28,155,0.8
2014,9,30,13,30,28.700000000000003,91,908,692,0.28,158,1
2014,9,30,14,30,28.6,83,852,537,0.28,156,1.3
2014,9,30,15,30,27.8,69,746,343,0.28,150,1.4000000000000001
2014,9,30,16,30,25.1,44,522,135,0.28,135,1.3
2014,9,30,17,30,22.200000000000003,0,0,0,0.28,120,1.1
2014,9,30,18,30,21,0,0,0,0.28,113,1.2000000000000002
2014,9,30,19,30,20.6,0,0,0,0.28,107,1.1
2014,9,30,20,30,20.5,0,0,0,0.28,88,0.8
2014,9,30,21,30,20.3,0,0,0,0.28,212,0.7000000000000001
2014,9,30,22,30,19.6,0,0,0,0.28,346,0.9
2014,9,30,23,30,18.7,0,0,0,0.28,336,1.1
2014,10,1,0,30,17.8,0,0,0,0.28,334,1.2000000000000002
2014,10,1,1,30,17.2,0,0,0,0.28,333,1.2000000000000002
2014,10,1,2,30,16.6,0,0,0,0.28,336,1.3
2014,10,1,3,30,16.1,0,0,0,0.28,343,1.5
2014,10,1,4,30,15.600000000000001,0,0,0,0.28,352,1.8
2014,10,1,5,30,16.3,0,0,0,0.28,181,2.7
2014,10,1,6,30,18.3,47,514,139,0.28,9,4.6000000000000005
2014,10,1,7,30,20.400000000000002,73,731,345,0.28,16,5.800000000000001
2014,10,1,8,30,22.6,89,833,537,0.28,16,5.6000000000000005
2014,10,1,9,30,24.6,99,896,693,0.28,13,4.9
2014,10,1,10,30,26.3,108,921,791,0.28,8,4.3
2014,10,1,11,30,27.700000000000003,107,942,830,0.28,178,3.9000000000000004
2014,10,1,12,30,28.5,103,940,798,0.28,350,4
2014,10,1,13,30,28.5,98,921,704,0.28,351,4.2
2014,10,1,14,30,27.900000000000002,89,867,547,0.28,354,4.3
2014,10,1,15,30,26.400000000000002,73,759,348,0.28,358,3.8000000000000003
2014,10,1,16,30,23.1,47,524,135,0.28,181,2.4000000000000004
2014,10,1,17,30,19.8,0,0,0,0.28,4,1.5
2014,10,1,18,30,18.3,0,0,0,0.28,9,1.5
2014,10,1,19,30,17.2,0,0,0,0.28,19,1.8
2014,10,1,20,30,16.1,0,0,0,0.28,31,2.1
2014,10,1,21,30,15,0,0,0,0.28,36,2.2
2014,10,1,22,30,13.9,0,0,0,0.28,31,2
2014,10,1,23,30,12.9,0,0,0,0.28,20,1.8
2014,10,2,0,30,12.100000000000001,0,0,0,0.28,9,1.8
2014,10,2,1,30,11.700000000000001,0,0,0,0.28,182,1.9000000000000001
2014,10,2,2,30,11.4,0,0,0,0.28,359,2
2014,10,2,3,30,11.100000000000001,0,0,0,0.28,181,2
2014,10,2,4,30,10.700000000000001,0,0,0,0.28,3,2
2014,10,2,5,30,11.600000000000001,0,0,0,0.28,5,2.3000000000000003
2014,10,2,6,30,14.5,43,593,148,0.28,12,3.2
2014,10,2,7,30,17.7,65,814,365,0.28,30,4
2014,10,2,8,30,20.400000000000002,76,913,564,0.28,46,3.8000000000000003
2014,10,2,9,30,22.5,83,965,720,0.28,49,3.3000000000000003
2014,10,2,10,30,24.3,94,979,817,0.28,47,2.8000000000000003
2014,10,2,11,30,25.8,94,989,849,0.28,41,2.6
2014,10,2,12,30,26.900000000000002,92,975,808,0.28,37,2.4000000000000004
2014,10,2,13,30,27.5,91,940,704,0.28,36,2.1
2014,10,2,14,30,27.6,81,887,546,0.28,34,1.7000000000000002
2014,10,2,15,30,26.8,67,781,346,0.28,38,1.1
2014,10,2,16,30,24.6,43,540,131,0.28,104,0.6000000000000001
2014,10,2,17,30,22.5,0,0,0,0.28,197,0.7000000000000001
2014,10,2,18,30,21.200000000000003,0,0,0,0.28,244,1
2014,10,2,19,30,20.400000000000002,0,0,0,0.28,267,1.2000000000000002
2014,10,2,20,30,19.900000000000002,0,0,0,0.28,286,1.2000000000000002
2014,10,2,21,30,19.5,0,0,0,0.28,306,1.2000000000000002
2014,10,2,22,30,18.7,0,0,0,0.28,326,1.3
2014,10,2,23,30,17.6,0,0,0,0.28,341,1.4000000000000001
2014,10,3,0,30,16.400000000000002,0,0,0,0.28,349,1.5
2014,10,3,1,30,15.3,0,0,0,0.28,352,1.5
2014,10,3,2,30,14.5,0,0,0,0.28,355,1.6
2014,10,3,3,30,13.700000000000001,0,0,0,0.28,357,1.6
2014,10,3,4,30,13.100000000000001,0,0,0,0.28,357,1.7000000000000002
2014,10,3,5,30,13.9,0,0,0,0.28,357,1.9000000000000001
2014,10,3,6,30,17.2,43,578,144,0.28,356,2.9000000000000004
2014,10,3,7,30,21.1,64,805,359,0.28,185,3.7
2014,10,3,8,30,24.6,76,906,556,0.28,29,3.8000000000000003
2014,10,3,9,30,27.5,84,957,712,0.28,48,3.8000000000000003
2014,10,3,10,30,29.400000000000002,102,957,804,0.28,51,3.6
2014,10,3,11,30,30.700000000000003,102,962,832,0.28,49,3.4000000000000004
2014,10,3,12,30,31.5,98,955,796,0.28,45,3.1
2014,10,3,13,30,31.900000000000002,89,936,695,0.28,43,2.8000000000000003
2014,10,3,14,30,31.8,78,886,538,0.28,41,2.5
2014,10,3,15,30,30.5,64,784,339,0.28,40,1.6
2014,10,3,16,30,28.3,40,549,127,0.28,23,0.7000000000000001
2014,10,3,17,30,26.3,0,0,0,0.28,156,0.8
2014,10,3,18,30,24.6,0,0,0,0.28,309,1.2000000000000002
2014,10,3,19,30,22.8,0,0,0,0.28,322,1.4000000000000001
2014,10,3,20,30,21.200000000000003,0,0,0,0.28,343,1.5
2014,10,3,21,30,19.700000000000003,0,0,0,0.28,182,1.6
2014,10,3,22,30,18.400000000000002,0,0,0,0.28,12,1.7000000000000002
2014,10,3,23,30,17.3,0,0,0,0.28,7,1.8
2014,10,4,0,30,16.400000000000002,0,0,0,0.28,178,2
2014,10,4,1,30,15.9,0,0,0,0.28,352,2.1
2014,10,4,2,30,15.600000000000001,0,0,0,0.28,351,2.2
2014,10,4,3,30,15.200000000000001,0,0,0,0.28,351,2.1
2014,10,4,4,30,14.9,0,0,0,0.28,352,2.1
2014,10,4,5,30,15.8,0,0,0,0.28,352,2.2
2014,10,4,6,30,18.900000000000002,40,594,142,0.28,354,3
2014,10,4,7,30,22.6,61,810,354,0.28,188,3.8000000000000003
2014,10,4,8,30,25.8,73,907,551,0.28,30,3.6
2014,10,4,9,30,28.5,81,956,704,0.28,44,3.3000000000000003
2014,10,4,10,30,30.3,93,967,798,0.28,49,2.9000000000000004
2014,10,4,11,30,31.400000000000002,94,975,830,0.28,46,2.5
2014,10,4,12,30,32.1,92,966,793,0.28,41,2.3000000000000003
2014,10,4,13,30,32.4,96,919,687,0.28,33,2.1
2014,10,4,14,30,32.2,87,858,528,0.28,27,1.9000000000000001
2014,10,4,15,30,31.1,72,742,329,0.28,29,1.2000000000000002
2014,10,4,16,30,29,78,182,106,0.28,69,0.5
2014,10,4,17,30,27.3,0,0,0,0.28,154,0.5
2014,10,4,18,30,25.900000000000002,0,0,0,0.28,235,0.7000000000000001
2014,10,4,19,30,24.700000000000003,0,0,0,0.28,278,0.9
2014,10,4,20,30,23.5,0,0,0,0.28,304,1.1
2014,10,4,21,30,21.900000000000002,0,0,0,0.28,326,1.3
2014,10,4,22,30,20.1,0,0,0,0.28,345,1.5
2014,10,4,23,30,18.5,0,0,0,0.28,178,1.6
2014,10,5,0,30,17.3,0,0,0,0.28,180,1.7000000000000002
2014,10,5,1,30,16.5,0,0,0,0.28,356,1.8
2014,10,5,2,30,16,0,0,0,0.28,351,1.8
2014,10,5,3,30,15.600000000000001,0,0,0,0.28,347,1.9000000000000001
2014,10,5,4,30,15.200000000000001,0,0,0,0.28,344,1.8
2014,10,5,5,30,16,0,0,0,0.28,343,1.8
2014,10,5,6,30,19.200000000000003,41,582,138,0.28,344,2.6
2014,10,5,7,30,23.1,61,809,351,0.28,179,3.3000000000000003
2014,10,5,8,30,26.200000000000003,72,909,547,0.28,23,3.3000000000000003
2014,10,5,9,30,28.6,78,961,701,0.28,34,3.2
2014,10,5,10,30,30.200000000000003,90,972,795,0.28,35,2.9000000000000004
2014,10,5,11,30,31.3,90,982,827,0.28,34,2.7
2014,10,5,12,30,32.1,87,975,789,0.28,33,2.4000000000000004
2014,10,5,13,30,32.4,77,953,685,0.28,34,2.2
2014,10,5,14,30,32.2,68,898,525,0.28,33,1.7000000000000002
2014,10,5,15,30,31.1,56,793,327,0.28,33,1
2014,10,5,16,30,28.900000000000002,35,552,117,0.28,128,0.5
2014,10,5,17,30,26.700000000000003,0,0,0,0.28,233,0.9
2014,10,5,18,30,25.3,0,0,0,0.28,255,1.1
2014,10,5,19,30,24.8,0,0,0,0.28,280,1
2014,10,5,20,30,24.400000000000002,0,0,0,0.28,316,1
2014,10,5,21,30,23.200000000000003,0,0,0,0.28,174,1.2000000000000002
2014,10,5,22,30,21.700000000000003,0,0,0,0.28,19,1.3
2014,10,5,23,30,20.3,0,0,0,0.28,27,1.4000000000000001
2014,10,6,0,30,19,0,0,0,0.28,21,1.4000000000000001
2014,10,6,1,30,18,0,0,0,0.28,8,1.5
2014,10,6,2,30,17.2,0,0,0,0.28,178,1.5
2014,10,6,3,30,16.7,0,0,0,0.28,351,1.5
2014,10,6,4,30,16.400000000000002,0,0,0,0.28,346,1.5
2014,10,6,5,30,17.1,0,0,0,0.28,342,1.4000000000000001
2014,10,6,6,30,20.3,37,585,133,0.28,341,1.9000000000000001
2014,10,6,7,30,24.200000000000003,56,804,342,0.28,176,2.6
2014,10,6,8,30,27.200000000000003,68,900,535,0.28,23,2.8000000000000003
2014,10,6,9,30,29.5,75,951,688,0.28,41,3
2014,10,6,10,30,31.200000000000003,92,953,779,0.28,52,2.8000000000000003
2014,10,6,11,30,32.300000000000004,92,962,810,0.28,63,2.4000000000000004
2014,10,6,12,30,33,91,953,773,0.28,74,2
2014,10,6,13,30,33.2,88,918,670,0.28,86,1.8
2014,10,6,14,30,32.800000000000004,78,867,515,0.28,99,1.7000000000000002
2014,10,6,15,30,31.400000000000002,64,755,317,0.28,116,1.4000000000000001
2014,10,6,16,30,28.3,38,494,109,0.28,141,1.2000000000000002
2014,10,6,17,30,25.8,0,0,0,0.28,166,1.2000000000000002
2014,10,6,18,30,25,0,0,0,0.28,187,1.2000000000000002
2014,10,6,19,30,24.6,0,0,0,0.28,208,1.2000000000000002
2014,10,6,20,30,24,0,0,0,0.28,224,1.1
2014,10,6,21,30,23.6,0,0,0,0.28,235,1
2014,10,6,22,30,23.200000000000003,0,0,0,0.28,251,0.9
2014,10,6,23,30,22.700000000000003,0,0,0,0.28,286,0.7000000000000001
2014,10,7,0,30,22.1,0,0,0,0.28,333,0.8
2014,10,7,1,30,21.6,0,0,0,0.28,183,0.9
2014,10,7,2,30,21.200000000000003,0,0,0,0.28,17,1
2014,10,7,3,30,20.8,0,0,0,0.28,26,1
2014,10,7,4,30,20.400000000000002,0,0,0,0.28,31,1.1
2014,10,7,5,30,20.3,0,0,0,0.28,34,1
2014,10,7,6,30,21.700000000000003,61,5,61,0.28,34,1.2000000000000002
2014,10,7,7,30,24.200000000000003,125,8,127,0.28,46,1.4000000000000001
2014,10,7,8,30,26.6,273,98,324,0.28,89,1.4000000000000001
2014,10,7,9,30,28.3,343,42,369,0.28,125,1.9000000000000001
2014,10,7,10,30,29.200000000000003,365,63,410,0.28,132,2.7
2014,10,7,11,30,29.8,331,25,349,0.28,134,3.3000000000000003
2014,10,7,12,30,29.8,304,44,335,0.28,132,3.6
2014,10,7,13,30,29.5,187,0,187,0.28,128,3.8000000000000003
2014,10,7,14,30,28.700000000000003,228,47,252,0.28,126,3.8000000000000003
2014,10,7,15,30,27.400000000000002,175,206,243,0.28,123,3.4000000000000004
2014,10,7,16,30,25,35,0,35,0.28,117,2.1
2014,10,7,17,30,22.8,0,0,0,0.28,107,1.1
2014,10,7,18,30,21.900000000000002,0,0,0,0.28,94,0.9
2014,10,7,19,30,21.5,0,0,0,0.28,85,0.9
2014,10,7,20,30,21.3,0,0,0,0.28,75,0.9
2014,10,7,21,30,21,0,0,0,0.28,62,0.9
2014,10,7,22,30,20.700000000000003,0,0,0,0.28,53,1
2014,10,7,23,30,20.3,0,0,0,0.28,48,1
2014,10,8,0,30,20.1,0,0,0,0.28,44,1.1
2014,10,8,1,30,19.900000000000002,0,0,0,0.28,37,1.1
2014,10,8,2,30,19.700000000000003,0,0,0,0.28,29,1.1
2014,10,8,3,30,19.700000000000003,0,0,0,0.28,23,1.1
2014,10,8,4,30,19.900000000000002,0,0,0,0.28,19,1
2014,10,8,5,30,20.3,0,0,0,0.28,16,0.8
2014,10,8,6,30,21.900000000000002,43,456,115,0.28,25,0.8
2014,10,8,7,30,24.5,68,703,313,0.28,71,1.1
2014,10,8,8,30,26.6,223,507,482,0.28,113,1.5
2014,10,8,9,30,28.1,93,870,646,0.28,126,1.9000000000000001
2014,10,8,10,30,29.3,99,899,740,0.28,134,2
2014,10,8,11,30,30.1,99,911,771,0.28,136,2
2014,10,8,12,30,30.6,95,907,736,0.28,135,2
2014,10,8,13,30,30.6,90,876,636,0.28,133,2
2014,10,8,14,30,30.1,80,817,483,0.28,132,1.9000000000000001
2014,10,8,15,30,29,64,701,293,0.28,133,1.6
2014,10,8,16,30,26.700000000000003,37,433,95,0.28,140,1.1
2014,10,8,17,30,24.700000000000003,0,0,0,0.28,151,0.9
2014,10,8,18,30,23.900000000000002,0,0,0,0.28,165,0.9
2014,10,8,19,30,23,0,0,0,0.28,182,1
2014,10,8,20,30,22.200000000000003,0,0,0,0.28,197,1
2014,10,8,21,30,21.6,0,0,0,0.28,211,1
2014,10,8,22,30,21,0,0,0,0.28,227,0.9
2014,10,8,23,30,20.6,0,0,0,0.28,256,0.7000000000000001
2014,10,9,0,30,20,0,0,0,0.28,306,0.7000000000000001
2014,10,9,1,30,19.200000000000003,0,0,0,0.28,348,0.8
2014,10,9,2,30,18.3,0,0,0,0.28,184,0.9
2014,10,9,3,30,17.6,0,0,0,0.28,13,0.9
2014,10,9,4,30,17,0,0,0,0.28,19,0.9
2014,10,9,5,30,17.3,0,0,0,0.28,24,1.1
2014,10,9,6,30,19,73,4,73,0.28,40,1.4000000000000001
2014,10,9,7,30,21.400000000000002,179,214,253,0.28,74,1.6
2014,10,9,8,30,23.6,88,800,495,0.28,93,1.5
2014,10,9,9,30,25.700000000000003,97,860,641,0.28,92,1.4000000000000001
2014,10,9,10,30,27.6,106,885,733,0.28,90,1.3
2014,10,9,11,30,29.3,108,893,762,0.28,97,1.4000000000000001
2014,10,9,12,30,30.400000000000002,105,886,727,0.28,111,1.5
2014,10,9,13,30,30.900000000000002,99,855,628,0.28,124,1.8
2014,10,9,14,30,30.700000000000003,89,788,474,0.28,136,2
2014,10,9,15,30,29.6,71,664,284,0.28,142,2
2014,10,9,16,30,26.6,40,377,88,0.28,142,1.6
2014,10,9,17,30,23.700000000000003,0,0,0,0.28,149,1.2000000000000002
2014,10,9,18,30,22.5,0,0,0,0.28,168,1.2000000000000002
2014,10,9,19,30,21.8,0,0,0,0.28,190,1.3
2014,10,9,20,30,21.200000000000003,0,0,0,0.28,206,1.2000000000000002
2014,10,9,21,30,20.5,0,0,0,0.28,218,1.2000000000000002
2014,10,9,22,30,19.900000000000002,0,0,0,0.28,230,1.2000000000000002
2014,10,9,23,30,19.5,0,0,0,0.28,245,1.1
2014,10,10,0,30,19.200000000000003,0,0,0,0.28,263,0.9
2014,10,10,1,30,18.8,0,0,0,0.28,291,0.7000000000000001
2014,10,10,2,30,18.3,0,0,0,0.28,160,0.6000000000000001
2014,10,10,3,30,17.8,0,0,0,0.28,29,0.7000000000000001
2014,10,10,4,30,17.400000000000002,0,0,0,0.28,54,0.8
2014,10,10,5,30,17.5,0,0,0,0.28,64,0.8
2014,10,10,6,30,19.3,41,483,115,0.28,78,1.1
2014,10,10,7,30,22.200000000000003,66,732,317,0.28,107,1.6
2014,10,10,8,30,24.8,80,845,506,0.28,126,1.8
2014,10,10,9,30,26.700000000000003,88,902,655,0.28,126,1.9000000000000001
2014,10,10,10,30,28.400000000000002,100,916,745,0.28,124,1.9000000000000001
2014,10,10,11,30,29.8,102,923,773,0.28,124,1.8
2014,10,10,12,30,30.700000000000003,98,914,736,0.28,127,1.9000000000000001
2014,10,10,13,30,31.1,312,380,545,0.28,133,2.2
2014,10,10,14,30,30.900000000000002,220,502,463,0.28,140,2.4000000000000004
2014,10,10,15,30,29.700000000000003,67,695,286,0.28,143,2
2014,10,10,16,30,26.6,37,405,87,0.28,143,1.4000000000000001
2014,10,10,17,30,24,0,0,0,0.28,151,1.2000000000000002
2014,10,10,18,30,23,0,0,0,0.28,170,1.2000000000000002
2014,10,10,19,30,22.5,0,0,0,0.28,192,1.2000000000000002
2014,10,10,20,30,22.200000000000003,0,0,0,0.28,213,1
2014,10,10,21,30,21.900000000000002,0,0,0,0.28,237,0.9
2014,10,10,22,30,21.400000000000002,0,0,0,0.28,269,0.8
2014,10,10,23,30,20.700000000000003,0,0,0,0.28,306,0.8
2014,10,11,0,30,20.1,0,0,0,0.28,340,0.9
2014,10,11,1,30,19.3,0,0,0,0.28,183,1
2014,10,11,2,30,18.400000000000002,0,0,0,0.28,17,1.1
2014,10,11,3,30,17.5,0,0,0,0.28,23,1.2000000000000002
2014,10,11,4,30,16.7,0,0,0,0.28,22,1.3
2014,10,11,5,30,16.7,0,0,0,0.28,18,1.2000000000000002
2014,10,11,6,30,18.900000000000002,42,463,111,0.28,15,1.6
2014,10,11,7,30,22.3,70,714,312,0.28,26,1.8
2014,10,11,8,30,24.900000000000002,88,823,500,0.28,51,1.4000000000000001
2014,10,11,9,30,26.8,100,877,648,0.28,73,1.1
2014,10,11,10,30,28.3,108,900,738,0.28,86,0.9
2014,10,11,11,30,29.6,110,906,766,0.28,196,0.6000000000000001
2014,10,11,12,30,30.5,109,893,727,0.28,297,0.6000000000000001
2014,10,11,13,30,30.8,101,862,626,0.28,245,0.6000000000000001
2014,10,11,14,30,30.5,286,75,322,0.28,190,0.7000000000000001
2014,10,11,15,30,29.1,70,670,278,0.28,166,0.8
2014,10,11,16,30,26.6,37,381,82,0.28,155,0.9
2014,10,11,17,30,24.200000000000003,0,0,0,0.28,163,1.2000000000000002
2014,10,11,18,30,22.900000000000002,0,0,0,0.28,184,1.2000000000000002
2014,10,11,19,30,22,0,0,0,0.28,217,1.2000000000000002
2014,10,11,20,30,21.400000000000002,0,0,0,0.28,249,1.2000000000000002
2014,10,11,21,30,20.700000000000003,0,0,0,0.28,269,1.2000000000000002
2014,10,11,22,30,19.8,0,0,0,0.28,282,1.2000000000000002
2014,10,11,23,30,19,0,0,0,0.28,291,1.2000000000000002
2014,10,12,0,30,18.400000000000002,0,0,0,0.28,297,1.3
2014,10,12,1,30,18.2,0,0,0,0.28,299,1.4000000000000001
2014,10,12,2,30,18.1,0,0,0,0.28,302,1.5
2014,10,12,3,30,18.1,0,0,0,0.28,310,1.7000000000000002
2014,10,12,4,30,17.7,0,0,0,0.28,323,2.2
2014,10,12,5,30,18,0,0,0,0.28,333,3.3000000000000003
2014,10,12,6,30,20.200000000000003,36,546,115,0.28,342,5.2
2014,10,12,7,30,23,56,794,322,0.28,352,6.800000000000001
2014,10,12,8,30,24.8,68,898,515,0.28,180,7.1000000000000005
2014,10,12,9,30,26.3,74,956,668,0.28,5,6.800000000000001
2014,10,12,10,30,27.6,93,957,759,0.28,7,6.300000000000001
2014,10,12,11,30,28.700000000000003,93,967,789,0.28,8,6
2014,10,12,12,30,29.3,89,967,754,0.28,7,5.9
2014,10,12,13,30,29.200000000000003,82,941,650,0.28,8,5.9
2014,10,12,14,30,28.5,72,880,488,0.28,8,5.6000000000000005
2014,10,12,15,30,26.700000000000003,56,769,291,0.28,8,4.2
2014,10,12,16,30,23,31,489,86,0.28,8,2.3000000000000003
2014,10,12,17,30,19.700000000000003,0,0,0,0.28,7,1.5
2014,10,12,18,30,18.400000000000002,0,0,0,0.28,9,1.6
2014,10,12,19,30,17.400000000000002,0,0,0,0.28,16,1.7000000000000002
2014,10,12,20,30,16.400000000000002,0,0,0,0.28,23,1.6
2014,10,12,21,30,15.3,0,0,0,0.28,23,1.5
2014,10,12,22,30,14.3,0,0,0,0.28,17,1.5
2014,10,12,23,30,13.5,0,0,0,0.28,9,1.6
2014,10,13,0,30,12.9,0,0,0,0.28,3,1.8
2014,10,13,1,30,12.5,0,0,0,0.28,180,2
2014,10,13,2,30,12.200000000000001,0,0,0,0.28,181,2.1
2014,10,13,3,30,11.8,0,0,0,0.28,3,2
2014,10,13,4,30,11.4,0,0,0,0.28,6,1.9000000000000001
2014,10,13,5,30,11.700000000000001,0,0,0,0.28,7,2
2014,10,13,6,30,14.200000000000001,34,571,115,0.28,14,2.9000000000000004
2014,10,13,7,30,17.5,54,806,322,0.28,34,3.7
2014,10,13,8,30,20.200000000000003,66,907,513,0.28,49,3.6
2014,10,13,9,30,22.6,73,957,663,0.28,49,3.4000000000000004
2014,10,13,10,30,24.6,77,982,756,0.28,48,3.3000000000000003
2014,10,13,11,30,26.1,79,988,784,0.28,48,3.1
2014,10,13,12,30,27.1,78,977,745,0.28,50,2.9000000000000004
2014,10,13,13,30,27.5,82,928,638,0.28,56,2.5
2014,10,13,14,30,27.3,72,870,480,0.28,65,2.1
2014,10,13,15,30,26.200000000000003,57,752,284,0.28,82,1.3
2014,10,13,16,30,23.900000000000002,31,462,81,0.28,135,0.8
2014,10,13,17,30,21.700000000000003,0,0,0,0.28,204,0.9
2014,10,13,18,30,20.400000000000002,0,0,0,0.28,252,1.1
2014,10,13,19,30,19.700000000000003,0,0,0,0.28,287,1.1
2014,10,13,20,30,19.3,0,0,0,0.28,323,1.1
2014,10,13,21,30,18.5,0,0,0,0.28,180,1.3
2014,10,13,22,30,17.2,0,0,0,0.28,23,1.4000000000000001
2014,10,13,23,30,15.9,0,0,0,0.28,30,1.5
2014,10,14,0,30,14.8,0,0,0,0.28,26,1.5
2014,10,14,1,30,14.100000000000001,0,0,0,0.28,18,1.6
2014,10,14,2,30,13.600000000000001,0,0,0,0.28,11,1.6
2014,10,14,3,30,13.200000000000001,0,0,0,0.28,7,1.6
2014,10,14,4,30,13,0,0,0,0.28,5,1.6
2014,10,14,5,30,13.5,0,0,0,0.28,6,1.5
2014,10,14,6,30,16.2,34,560,112,0.28,9,2.1
2014,10,14,7,30,20,54,798,316,0.28,24,2.4000000000000004
2014,10,14,8,30,23.400000000000002,66,899,507,0.28,70,2.1
2014,10,14,9,30,26.3,74,949,655,0.28,116,2.3000000000000003
2014,10,14,10,30,28.1,78,979,751,0.28,134,2.6
2014,10,14,11,30,29.3,80,984,778,0.28,144,2.7
2014,10,14,12,30,30,79,974,739,0.28,150,2.8000000000000003
2014,10,14,13,30,30.200000000000003,79,932,633,0.28,155,2.9000000000000004
2014,10,14,14,30,29.900000000000002,72,868,474,0.28,158,3
2014,10,14,15,30,28.200000000000003,58,741,277,0.28,156,2.2
2014,10,14,16,30,25.1,31,432,75,0.28,148,1.3
2014,10,14,17,30,22.900000000000002,0,0,0,0.28,142,1.1
2014,10,14,18,30,21.900000000000002,0,0,0,0.28,143,1.2000000000000002
2014,10,14,19,30,20.8,0,0,0,0.28,148,1.3
2014,10,14,20,30,20,0,0,0,0.28,153,1.3
2014,10,14,21,30,19.3,0,0,0,0.28,160,1.3
2014,10,14,22,30,18.7,0,0,0,0.28,168,1.3
2014,10,14,23,30,18.2,0,0,0,0.28,175,1.3
2014,10,15,0,30,17.8,0,0,0,0.28,181,1.3
2014,10,15,1,30,17.7,0,0,0,0.28,186,1.3
2014,10,15,2,30,17.7,0,0,0,0.28,191,1.3
2014,10,15,3,30,17.6,0,0,0,0.28,194,1.3
2014,10,15,4,30,17.400000000000002,0,0,0,0.28,195,1.4000000000000001
2014,10,15,5,30,17.400000000000002,0,0,0,0.28,192,1.4000000000000001
2014,10,15,6,30,19.400000000000002,47,3,47,0.28,184,2
2014,10,15,7,30,22.900000000000002,61,756,307,0.28,180,3.5
2014,10,15,8,30,25.8,75,870,497,0.28,182,5.2
2014,10,15,9,30,28,82,928,647,0.28,186,6.1000000000000005
2014,10,15,10,30,29.6,87,954,739,0.28,190,6.300000000000001
2014,10,15,11,30,30.8,88,962,767,0.28,194,6.300000000000001
2014,10,15,12,30,31.5,86,952,727,0.28,198,6.1000000000000005
2014,10,15,13,30,31.6,83,916,622,0.28,197,6
2014,10,15,14,30,31,73,852,464,0.28,195,5.800000000000001
2014,10,15,15,30,29.3,58,726,269,0.28,193,4.800000000000001
2014,10,15,16,30,25.700000000000003,30,408,70,0.28,190,3.1
2014,10,15,17,30,22.6,0,0,0,0.28,188,2.4000000000000004
2014,10,15,18,30,21.200000000000003,0,0,0,0.28,189,2.2
2014,10,15,19,30,20,0,0,0,0.28,188,1.9000000000000001
2014,10,15,20,30,19,0,0,0,0.28,188,1.6
2014,10,15,21,30,18.2,0,0,0,0.28,191,1.4000000000000001
2014,10,15,22,30,17.8,0,0,0,0.28,197,1.3
2014,10,15,23,30,17.5,0,0,0,0.28,198,1.1
2014,10,16,0,30,17.2,0,0,0,0.28,192,1
2014,10,16,1,30,17.1,0,0,0,0.28,181,0.9
2014,10,16,2,30,17.1,0,0,0,0.28,164,0.8
2014,10,16,3,30,17.2,0,0,0,0.28,136,0.8
2014,10,16,4,30,16.8,0,0,0,0.28,115,0.9
2014,10,16,5,30,16.7,0,0,0,0.28,112,1
2014,10,16,6,30,18.6,68,11,70,0.28,110,1
2014,10,16,7,30,21.700000000000003,61,739,298,0.28,129,1.6
2014,10,16,8,30,24.400000000000002,259,279,393,0.28,152,2.4000000000000004
2014,10,16,9,30,26.3,84,910,634,0.28,153,3
2014,10,16,10,30,27.700000000000003,275,643,711,0.28,154,3.2
2014,10,16,11,30,28.900000000000002,404,288,606,0.28,156,3.2
2014,10,16,12,30,29.6,268,656,706,0.28,157,3.1
2014,10,16,13,30,29.8,89,890,609,0.28,157,2.8000000000000003
2014,10,16,14,30,29.3,78,823,452,0.28,152,2.5
2014,10,16,15,30,27.700000000000003,61,694,260,0.28,141,1.7000000000000002
2014,10,16,16,30,24.5,30,365,64,0.28,120,1.2000000000000002
2014,10,16,17,30,21.8,0,0,0,0.28,100,1.2000000000000002
2014,10,16,18,30,20.400000000000002,0,0,0,0.28,86,1.3
2014,10,16,19,30,19.400000000000002,0,0,0,0.28,69,1.3
2014,10,16,20,30,18.7,0,0,0,0.28,53,1.2000000000000002
2014,10,16,21,30,18.3,0,0,0,0.28,41,1.2000000000000002
2014,10,16,22,30,17.900000000000002,0,0,0,0.28,30,1.1
2014,10,16,23,30,17.400000000000002,0,0,0,0.28,18,1.1
2014,10,17,0,30,16.900000000000002,0,0,0,0.28,10,1.1
2014,10,17,1,30,16.5,0,0,0,0.28,9,1.2000000000000002
2014,10,17,2,30,16.1,0,0,0,0.28,11,1.2000000000000002
2014,10,17,3,30,15.700000000000001,0,0,0,0.28,16,1.2000000000000002
2014,10,17,4,30,15.200000000000001,0,0,0,0.28,19,1.3
2014,10,17,5,30,15.200000000000001,0,0,0,0.28,21,1.3
2014,10,17,6,30,17.400000000000002,53,7,53,0.28,23,1.6
2014,10,17,7,30,21,60,731,293,0.28,47,1.9000000000000001
2014,10,17,8,30,24.1,75,839,477,0.28,100,2.2
2014,10,17,9,30,26.400000000000002,299,388,532,0.28,139,2.8000000000000003
2014,10,17,10,30,27.700000000000003,280,622,699,0.28,150,3.1
2014,10,17,11,30,28.6,359,385,627,0.28,157,3.2
2014,10,17,12,30,29.200000000000003,276,611,682,0.28,158,3.2
2014,10,17,13,30,29.200000000000003,76,893,594,0.28,156,3.2
2014,10,17,14,30,28.8,67,825,438,0.28,151,3.3000000000000003
2014,10,17,15,30,27.400000000000002,53,696,249,0.28,145,2.8000000000000003
2014,10,17,16,30,24.700000000000003,26,376,60,0.28,136,1.9000000000000001
2014,10,17,17,30,22.5,0,0,0,0.28,129,1.5
2014,10,17,18,30,21.5,0,0,0,0.28,124,1.4000000000000001
2014,10,17,19,30,20.8,0,0,0,0.28,118,1.2000000000000002
2014,10,17,20,30,20.6,0,0,0,0.28,111,1
2014,10,17,21,30,20.5,0,0,0,0.28,99,1
2014,10,17,22,30,20.5,0,0,0,0.28,84,0.9
2014,10,17,23,30,20.3,0,0,0,0.28,69,0.9
2014,10,18,0,30,19.900000000000002,0,0,0,0.28,54,1
2014,10,18,1,30,19.400000000000002,0,0,0,0.28,42,1
2014,10,18,2,30,18.900000000000002,0,0,0,0.28,32,1.1
2014,10,18,3,30,18.5,0,0,0,0.28,26,1.1
2014,10,18,4,30,18.2,0,0,0,0.28,24,1.1
2014,10,18,5,30,18.3,0,0,0,0.28,24,1.1
2014,10,18,6,30,19.200000000000003,28,0,28,0.28,23,1.5
2014,10,18,7,30,20.700000000000003,138,6,139,0.28,25,2.2
2014,10,18,8,30,22.1,20,0,20,0.28,39,2.6
2014,10,18,9,30,23.8,321,57,355,0.28,60,2.9000000000000004
2014,10,18,10,30,25.200000000000003,277,592,674,0.28,71,3.4000000000000004
2014,10,18,11,30,25.8,376,295,580,0.28,68,3.9000000000000004
2014,10,18,12,30,26,167,1,168,0.28,65,4.2
2014,10,18,13,30,25.900000000000002,239,28,255,0.28,66,4.2
2014,10,18,14,30,25.400000000000002,171,445,369,0.28,67,4.1000000000000005
2014,10,18,15,30,24.400000000000002,134,266,208,0.28,67,3.5
2014,10,18,16,30,22.3,28,304,54,0.28,65,2.2
2014,10,18,17,30,20.3,0,0,0,0.28,54,1.2000000000000002
2014,10,18,18,30,19.400000000000002,0,0,0,0.28,38,1.1
2014,10,18,19,30,18.6,0,0,0,0.28,28,1.2000000000000002
2014,10,18,20,30,18.1,0,0,0,0.28,22,1.2000000000000002
2014,10,18,21,30,17.7,0,0,0,0.28,13,1.3
2014,10,18,22,30,17.5,0,0,0,0.28,4,1.4000000000000001
2014,10,18,23,30,17.3,0,0,0,0.28,179,1.4000000000000001
2014,10,19,0,30,17.1,0,0,0,0.28,356,1.4000000000000001
2014,10,19,1,30,16.900000000000002,0,0,0,0.28,354,1.5
2014,10,19,2,30,16.7,0,0,0,0.28,352,1.5
2014,10,19,3,30,16.5,0,0,0,0.28,349,1.5
2014,10,19,4,30,16.3,0,0,0,0.28,349,1.5
2014,10,19,5,30,16.6,0,0,0,0.28,352,1.6
2014,10,19,6,30,19,35,426,87,0.28,178,2.4000000000000004
2014,10,19,7,30,22.700000000000003,60,704,279,0.28,18,3.3000000000000003
2014,10,19,8,30,25.8,74,828,463,0.28,51,3.5
2014,10,19,9,30,28.3,81,889,607,0.28,73,3.4000000000000004
2014,10,19,10,30,29.900000000000002,96,896,692,0.28,81,3
2014,10,19,11,30,30.900000000000002,94,913,721,0.28,84,2.4000000000000004
2014,10,19,12,30,31.400000000000002,90,907,683,0.28,89,1.9000000000000001
2014,10,19,13,30,31.400000000000002,87,864,580,0.28,99,1.5
2014,10,19,14,30,30.900000000000002,75,802,428,0.28,116,1.3
2014,10,19,15,30,29.400000000000002,58,668,240,0.28,136,1
2014,10,19,16,30,27,26,327,53,0.28,156,0.8
2014,10,19,17,30,25.1,0,0,0,0.28,173,0.9
2014,10,19,18,30,24.3,0,0,0,0.28,186,1
2014,10,19,19,30,23.8,0,0,0,0.28,191,0.9
2014,10,19,20,30,23.5,0,0,0,0.28,196,0.8
2014,10,19,21,30,23,0,0,0,0.28,204,0.6000000000000001
2014,10,19,22,30,22.5,0,0,0,0.28,232,0.5
2014,10,19,23,30,21.8,0,0,0,0.28,129,0.5
2014,10,20,0,30,20.8,0,0,0,0.28,15,0.7000000000000001
2014,10,20,1,30,19.900000000000002,0,0,0,0.28,37,1
2014,10,20,2,30,19,0,0,0,0.28,46,1.2000000000000002
2014,10,20,3,30,18.1,0,0,0,0.28,43,1.3
2014,10,20,4,30,17.400000000000002,0,0,0,0.28,40,1.3
2014,10,20,5,30,17.2,0,0,0,0.28,38,1.3
2014,10,20,6,30,18.6,35,407,84,0.28,35,2
2014,10,20,7,30,21.400000000000002,63,688,274,0.28,49,2.5
2014,10,20,8,30,24.400000000000002,78,810,456,0.28,87,2.4000000000000004
2014,10,20,9,30,27,86,874,600,0.28,117,2.4000000000000004
2014,10,20,10,30,28.700000000000003,105,875,683,0.28,131,2.4000000000000004
2014,10,20,11,30,29.8,106,884,709,0.28,142,2.5
2014,10,20,12,30,30.5,104,874,671,0.28,150,2.7
2014,10,20,13,30,30.6,92,850,572,0.28,158,2.9000000000000004
2014,10,20,14,30,30.200000000000003,81,776,418,0.28,167,3
2014,10,20,15,30,28.700000000000003,61,633,231,0.28,171,2.4000000000000004
2014,10,20,16,30,25.700000000000003,26,281,48,0.28,170,1.5
2014,10,20,17,30,23.3,0,0,0,0.28,174,1.3
2014,10,20,18,30,22.3,0,0,0,0.28,184,1.3
2014,10,20,19,30,21.6,0,0,0,0.28,193,1.4000000000000001
2014,10,20,20,30,21.3,0,0,0,0.28,201,1.4000000000000001
2014,10,20,21,30,20.900000000000002,0,0,0,0.28,205,1.4000000000000001
2014,10,20,22,30,20.700000000000003,0,0,0,0.28,209,1.4000000000000001
2014,10,20,23,30,20.400000000000002,0,0,0,0.28,217,1.4000000000000001
2014,10,21,0,30,19.900000000000002,0,0,0,0.28,223,1.4000000000000001
2014,10,21,1,30,19.3,0,0,0,0.28,220,1.3
2014,10,21,2,30,18.6,0,0,0,0.28,212,1.3
2014,10,21,3,30,18,0,0,0,0.28,206,1.3
2014,10,21,4,30,17.5,0,0,0,0.28,201,1.3
2014,10,21,5,30,17.400000000000002,0,0,0,0.28,200,1.3
2014,10,21,6,30,19.6,32,448,84,0.28,207,1.7000000000000002
2014,10,21,7,30,23.200000000000003,57,730,279,0.28,210,2.8000000000000003
2014,10,21,8,30,25.900000000000002,71,850,465,0.28,203,3.6
2014,10,21,9,30,27.700000000000003,80,908,610,0.28,195,3.9000000000000004
2014,10,21,10,30,29.1,96,912,695,0.28,191,4.1000000000000005
2014,10,21,11,30,30.200000000000003,99,917,720,0.28,194,4.1000000000000005
2014,10,21,12,30,30.8,96,906,681,0.28,200,4.1000000000000005
2014,10,21,13,30,30.8,85,883,580,0.28,205,4
2014,10,21,14,30,30.3,219,273,337,0.28,210,4
2014,10,21,15,30,28.3,56,682,236,0.28,214,3
2014,10,21,16,30,24.6,24,327,48,0.28,215,1.8
2014,10,21,17,30,21.8,0,0,0,0.28,216,1.6
2014,10,21,18,30,20.6,0,0,0,0.28,223,1.5
2014,10,21,19,30,19.8,0,0,0,0.28,235,1.4000000000000001
2014,10,21,20,30,19.200000000000003,0,0,0,0.28,240,1.2000000000000002
2014,10,21,21,30,18.7,0,0,0,0.28,245,1.1
2014,10,21,22,30,18.3,0,0,0,0.28,267,1
2014,10,21,23,30,18,0,0,0,0.28,301,1
2014,10,22,0,30,17.400000000000002,0,0,0,0.28,333,1
2014,10,22,1,30,16.7,0,0,0,0.28,172,1.2000000000000002
2014,10,22,2,30,15.9,0,0,0,0.28,6,1.3
2014,10,22,3,30,15.100000000000001,0,0,0,0.28,9,1.3
2014,10,22,4,30,14.600000000000001,0,0,0,0.28,182,1.5
2014,10,22,5,30,14.600000000000001,0,0,0,0.28,353,1.7000000000000002
2014,10,22,6,30,16.400000000000002,32,440,82,0.28,349,2.6
2014,10,22,7,30,19.6,57,727,275,0.28,178,3
2014,10,22,8,30,22.8,70,843,457,0.28,23,2
2014,10,22,9,30,25.400000000000002,79,902,601,0.28,51,1.2000000000000002
2014,10,22,10,30,27.1,116,859,677,0.28,81,1
2014,10,22,11,30,28.200000000000003,369,346,601,0.28,111,1
2014,10,22,12,30,28.900000000000002,114,856,662,0.28,129,1.1
2014,10,22,13,30,29.1,91,858,567,0.28,133,1.2000000000000002
2014,10,22,14,30,28.900000000000002,198,463,395,0.28,133,1.2000000000000002
2014,10,22,15,30,27.400000000000002,59,648,227,0.28,132,1
2014,10,22,16,30,24.900000000000002,28,0,28,0.28,134,0.9
2014,10,22,17,30,23.1,0,0,0,0.28,142,1.1
2014,10,22,18,30,22.200000000000003,0,0,0,0.28,151,1.1
2014,10,22,19,30,21.8,0,0,0,0.28,163,0.9
2014,10,22,20,30,21.5,0,0,0,0.28,176,0.6000000000000001
2014,10,22,21,30,21,0,0,0,0.28,264,0.4
2014,10,22,22,30,20.1,0,0,0,0.28,173,0.6000000000000001
2014,10,22,23,30,18.900000000000002,0,0,0,0.28,1,0.9
2014,10,23,0,30,18,0,0,0,0.28,3,1.1
2014,10,23,1,30,17.400000000000002,0,0,0,0.28,2,1.1
2014,10,23,2,30,17.1,0,0,0,0.28,179,1.1
2014,10,23,3,30,16.7,0,0,0,0.28,359,1.1
2014,10,23,4,30,16.400000000000002,0,0,0,0.28,358,1.1
2014,10,23,5,30,16.400000000000002,0,0,0,0.28,359,1.1
2014,10,23,6,30,18.1,50,2,50,0.28,359,1.2000000000000002
2014,10,23,7,30,21.3,146,231,214,0.28,195,1.1
2014,10,23,8,30,24.6,206,375,377,0.28,96,1.5
2014,10,23,9,30,27.200000000000003,164,700,567,0.28,164,2.6
2014,10,23,10,30,28.8,223,527,564,0.28,169,3
2014,10,23,11,30,29.900000000000002,281,443,577,0.28,173,3.2
2014,10,23,12,30,30.700000000000003,189,708,639,0.28,174,3.2
2014,10,23,13,30,30.900000000000002,94,855,566,0.28,172,3.2
2014,10,23,14,30,30.400000000000002,83,781,412,0.28,169,2.9000000000000004
2014,10,23,15,30,28.5,134,208,187,0.28,158,1.9000000000000001
2014,10,23,16,30,25.3,24,246,40,0.28,136,1.1
2014,10,23,17,30,22.900000000000002,0,0,0,0.28,113,1.2000000000000002
2014,10,23,18,30,21.700000000000003,0,0,0,0.28,93,1.2000000000000002
2014,10,23,19,30,21.1,0,0,0,0.28,75,1.1
2014,10,23,20,30,20.700000000000003,0,0,0,0.28,57,1
2014,10,23,21,30,20.200000000000003,0,0,0,0.28,40,1
2014,10,23,22,30,19.700000000000003,0,0,0,0.28,22,1
2014,10,23,23,30,19.1,0,0,0,0.28,186,1
2014,10,24,0,30,18.5,0,0,0,0.28,359,1
2014,10,24,1,30,17.900000000000002,0,0,0,0.28,182,1.1
2014,10,24,2,30,17.400000000000002,0,0,0,0.28,8,1.1
2014,10,24,3,30,16.900000000000002,0,0,0,0.28,16,1.2000000000000002
2014,10,24,4,30,16.6,0,0,0,0.28,21,1.2000000000000002
2014,10,24,5,30,16.400000000000002,0,0,0,0.28,25,1.2000000000000002
2014,10,24,6,30,18.2,31,443,78,0.28,23,1.4000000000000001
2014,10,24,7,30,21.5,57,735,272,0.28,33,1.5
2014,10,24,8,30,24.700000000000003,71,856,457,0.28,90,1.6
2014,10,24,9,30,27.3,79,916,602,0.28,142,2
2014,10,24,10,30,28.900000000000002,85,942,691,0.28,150,2.3000000000000003
2014,10,24,11,30,30.1,85,950,716,0.28,152,2.5
2014,10,24,12,30,30.8,83,939,676,0.28,151,2.6
2014,10,24,13,30,31,76,908,573,0.28,150,2.8000000000000003
2014,10,24,14,30,30.700000000000003,67,844,418,0.28,150,2.8000000000000003
2014,10,24,15,30,28.700000000000003,51,701,227,0.28,147,2
2014,10,24,16,30,25.900000000000002,21,322,40,0.27,140,1.1
2014,10,24,17,30,24.3,0,0,0,0.27,139,1
2014,10,24,18,30,23.6,0,0,0,0.27,151,1
2014,10,24,19,30,22.900000000000002,0,0,0,0.27,167,1
2014,10,24,20,30,22.200000000000003,0,0,0,0.27,171,1
2014,10,24,21,30,21.5,0,0,0,0.27,167,1
2014,10,24,22,30,20.700000000000003,0,0,0,0.27,165,1
2014,10,24,23,30,20.1,0,0,0,0.27,172,1
2014,10,25,0,30,19.400000000000002,0,0,0,0.27,184,1
2014,10,25,1,30,18.8,0,0,0,0.27,193,1.1
2014,10,25,2,30,18.3,0,0,0,0.27,193,1.1
2014,10,25,3,30,17.900000000000002,0,0,0,0.27,190,1.1
2014,10,25,4,30,17.5,0,0,0,0.27,193,1.1
2014,10,25,5,30,17.400000000000002,0,0,0,0.27,202,1.1
2014,10,25,6,30,19,31,395,72,0.27,212,1.2000000000000002
2014,10,25,7,30,22.5,60,696,261,0.27,214,2.1
2014,10,25,8,30,25.8,75,824,443,0.27,210,3.6
2014,10,25,9,30,28,83,889,587,0.27,207,4.5
2014,10,25,10,30,29.3,88,920,676,0.27,205,5
2014,10,25,11,30,30.1,243,498,572,0.27,205,5.5
2014,10,25,12,30,30.5,83,924,662,0.27,207,5.9
2014,10,25,13,30,30.5,82,875,556,0.27,210,6.2
2014,10,25,14,30,29.900000000000002,71,805,402,0.27,214,6.1000000000000005
2014,10,25,15,30,28.200000000000003,139,65,155,0.27,220,5
2014,10,25,16,30,25,20,277,36,0.27,228,3.1
2014,10,25,17,30,22.200000000000003,0,0,0,0.27,238,2
2014,10,25,18,30,20.900000000000002,0,0,0,0.27,247,1.8
2014,10,25,19,30,20,0,0,0,0.27,252,1.6
2014,10,25,20,30,19.200000000000003,0,0,0,0.27,256,1.6
2014,10,25,21,30,18.6,0,0,0,0.27,259,1.6
2014,10,25,22,30,18,0,0,0,0.27,262,1.6
2014,10,25,23,30,17.3,0,0,0,0.27,263,1.5
2014,10,26,0,30,16.7,0,0,0,0.27,261,1.3
2014,10,26,1,30,16.1,0,0,0,0.27,253,1.3
2014,10,26,2,30,15.600000000000001,0,0,0,0.27,244,1.3
2014,10,26,3,30,15.3,0,0,0,0.27,238,1.3
2014,10,26,4,30,14.9,0,0,0,0.27,235,1.3
2014,10,26,5,30,14.700000000000001,0,0,0,0.27,236,1.3
2014,10,26,6,30,16.6,26,495,76,0.27,240,1.5
2014,10,26,7,30,19.8,48,780,271,0.27,247,2.2
2014,10,26,8,30,22.400000000000002,60,888,454,0.27,256,2.4000000000000004
2014,10,26,9,30,24.400000000000002,68,943,599,0.27,246,1.7000000000000002
2014,10,26,10,30,25.900000000000002,77,961,687,0.27,196,1.4000000000000001
2014,10,26,11,30,26.900000000000002,247,529,594,0.27,162,1.8
2014,10,26,12,30,27.5,241,468,532,0.27,163,2.1
2014,10,26,13,30,27.700000000000003,275,175,369,0.27,167,2.1
2014,10,26,14,30,27.3,64,850,410,0.27,176,2.1
2014,10,26,15,30,25.5,49,701,218,0.27,183,1.6
2014,10,26,16,30,22.400000000000002,19,302,35,0.27,190,1.1
2014,10,26,17,30,20.1,0,0,0,0.27,212,1.2000000000000002
2014,10,26,18,30,18.900000000000002,0,0,0,0.27,247,1.1
2014,10,26,19,30,18.1,0,0,0,0.27,284,1
2014,10,26,20,30,17.400000000000002,0,0,0,0.27,318,1
2014,10,26,21,30,16.5,0,0,0,0.27,344,1.1
2014,10,26,22,30,15.600000000000001,0,0,0,0.27,179,1.2000000000000002
2014,10,26,23,30,14.8,0,0,0,0.27,6,1.4000000000000001
2014,10,27,0,30,14.100000000000001,0,0,0,0.27,183,1.6
2014,10,27,1,30,13.700000000000001,0,0,0,0.27,352,1.9000000000000001
2014,10,27,2,30,13.200000000000001,0,0,0,0.27,346,2.5
2014,10,27,3,30,12.8,0,0,0,0.27,347,2.9000000000000004
2014,10,27,4,30,12.200000000000001,0,0,0,0.27,349,3.1
2014,10,27,5,30,12,0,0,0,0.27,351,3.1
2014,10,27,6,30,13.4,27,451,71,0.27,176,3.9000000000000004
2014,10,27,7,30,16.1,50,756,263,0.27,10,4.9
2014,10,27,8,30,18.7,62,878,447,0.27,22,4.800000000000001
2014,10,27,9,30,20.900000000000002,68,938,591,0.27,22,4.1000000000000005
2014,10,27,10,30,22.6,72,970,683,0.27,20,3.4000000000000004
2014,10,27,11,30,23.900000000000002,73,977,708,0.27,15,2.7
2014,10,27,12,30,24.8,72,964,667,0.27,14,2.2
2014,10,27,13,30,25,71,921,563,0.27,17,1.8
2014,10,27,14,30,24.6,180,506,384,0.27,22,1.5
2014,10,27,15,30,23.1,48,705,215,0.27,27,1.1
2014,10,27,16,30,20.900000000000002,18,295,33,0.27,28,0.8
2014,10,27,17,30,19.400000000000002,0,0,0,0.27,15,0.9
2014,10,27,18,30,18.2,0,0,0,0.27,181,1.1
2014,10,27,19,30,17,0,0,0,0.27,181,1.2000000000000002
2014,10,27,20,30,16.2,0,0,0,0.27,9,1.3
2014,10,27,21,30,15.5,0,0,0,0.27,14,1.4000000000000001
2014,10,27,22,30,14.600000000000001,0,0,0,0.27,14,1.5
2014,10,27,23,30,13.600000000000001,0,0,0,0.27,8,1.6
2014,10,28,0,30,12.600000000000001,0,0,0,0.27,178,1.6
2014,10,28,1,30,11.9,0,0,0,0.27,350,1.6
2014,10,28,2,30,11.4,0,0,0,0.27,347,1.6
2014,10,28,3,30,11.100000000000001,0,0,0,0.27,346,1.7000000000000002
2014,10,28,4,30,10.600000000000001,0,0,0,0.27,347,1.7000000000000002
2014,10,28,5,30,10.4,0,0,0,0.27,348,1.7000000000000002
2014,10,28,6,30,12.200000000000001,27,443,68,0.27,349,2.6
2014,10,28,7,30,15.4,51,759,262,0.27,176,3.4000000000000004
2014,10,28,8,30,18.5,64,880,447,0.27,11,3
2014,10,28,9,30,21.6,71,945,594,0.27,30,2.3000000000000003
2014,10,28,10,30,24,75,972,684,0.27,49,1.8
2014,10,28,11,30,25.400000000000002,75,981,709,0.27,58,1.6
2014,10,28,12,30,26.1,74,969,668,0.27,58,1.5
2014,10,28,13,30,26.3,69,934,563,0.27,58,1.5
2014,10,28,14,30,26,61,865,406,0.27,62,1.5
2014,10,28,15,30,24.200000000000003,46,720,214,0.27,73,1.1
2014,10,28,16,30,21.8,17,308,31,0.27,91,0.7000000000000001
2014,10,28,17,30,20.5,0,0,0,0.27,198,0.6000000000000001
2014,10,28,18,30,19.700000000000003,0,0,0,0.27,300,0.8
2014,10,28,19,30,18.7,0,0,0,0.27,312,1.1
2014,10,28,20,30,17.8,0,0,0,0.27,327,1.2000000000000002
2014,10,28,21,30,16.900000000000002,0,0,0,0.27,342,1.3
2014,10,28,22,30,15.9,0,0,0,0.27,353,1.4000000000000001
2014,10,28,23,30,14.9,0,0,0,0.27,180,1.5
2014,10,29,0,30,13.9,0,0,0,0.27,181,1.5
2014,10,29,1,30,13.3,0,0,0,0.27,357,1.5
2014,10,29,2,30,12.700000000000001,0,0,0,0.27,353,1.6
2014,10,29,3,30,12.3,0,0,0,0.27,352,1.6
2014,10,29,4,30,12,0,0,0,0.27,352,1.6
2014,10,29,5,30,12,0,0,0,0.27,353,1.6
2014,10,29,6,30,14.3,25,469,67,0.27,354,1.8
2014,10,29,7,30,18,49,772,260,0.27,179,2.5
2014,10,29,8,30,21.3,61,890,445,0.27,17,2.8000000000000003
2014,10,29,9,30,24.3,69,947,590,0.27,41,2.5
2014,10,29,10,30,26.3,74,973,679,0.27,56,2.1
2014,10,29,11,30,27.700000000000003,75,980,704,0.27,64,1.8
2014,10,29,12,30,28.5,72,970,663,0.27,69,1.7000000000000002
2014,10,29,13,30,28.8,70,931,558,0.27,75,1.7000000000000002
2014,10,29,14,30,28.3,61,862,401,0.27,85,1.5
2014,10,29,15,30,26.200000000000003,46,715,210,0.27,107,1.1
2014,10,29,16,30,23.400000000000002,16,299,29,0.27,158,0.8
2014,10,29,17,30,21.5,0,0,0,0.27,221,1
2014,10,29,18,30,20.200000000000003,0,0,0,0.27,263,1.3
2014,10,29,19,30,19.400000000000002,0,0,0,0.27,282,1.3
2014,10,29,20,30,19.1,0,0,0,0.27,298,1.3
2014,10,29,21,30,18.8,0,0,0,0.27,316,1.3
2014,10,29,22,30,18.1,0,0,0,0.27,338,1.3
2014,10,29,23,30,17,0,0,0,0.27,179,1.4000000000000001
2014,10,30,0,30,15.9,0,0,0,0.27,12,1.5
2014,10,30,1,30,15.100000000000001,0,0,0,0.27,15,1.5
2014,10,30,2,30,14.5,0,0,0,0.27,14,1.5
2014,10,30,3,30,14,0,0,0,0.27,11,1.5
2014,10,30,4,30,13.5,0,0,0,0.27,6,1.5
2014,10,30,5,30,13.3,0,0,0,0.27,3,1.5
2014,10,30,6,30,15.3,25,439,63,0.27,1,1.8
2014,10,30,7,30,19,51,750,253,0.27,4,2.5
2014,10,30,8,30,22.200000000000003,64,869,435,0.27,24,2.6
2014,10,30,9,30,25.400000000000002,72,929,579,0.27,69,2.3000000000000003
2014,10,30,10,30,27.8,307,431,573,0.27,108,2.4000000000000004
2014,10,30,11,30,28.900000000000002,216,590,592,0.27,123,2.5
2014,10,30,12,30,29.200000000000003,76,948,648,0.27,133,2.4000000000000004
2014,10,30,13,30,29,235,506,498,0.27,145,2.4000000000000004
2014,10,30,14,30,28.3,165,399,321,0.27,158,2.3000000000000003
2014,10,30,15,30,25.900000000000002,124,123,152,0.27,171,1.5
2014,10,30,16,30,23.1,16,1,16,0.27,187,1.1
2014,10,30,17,30,21.700000000000003,0,0,0,0.27,197,1.2000000000000002
2014,10,30,18,30,21.3,0,0,0,0.27,195,1.2000000000000002
2014,10,30,19,30,21,0,0,0,0.27,181,1.2000000000000002
2014,10,30,20,30,20.400000000000002,0,0,0,0.27,169,1.2000000000000002
2014,10,30,21,30,19.6,0,0,0,0.27,162,1.2000000000000002
2014,10,30,22,30,19.200000000000003,0,0,0,0.27,149,1.2000000000000002
2014,10,30,23,30,18.900000000000002,0,0,0,0.27,142,1.1
2014,10,31,0,30,18.7,0,0,0,0.27,156,1
2014,10,31,1,30,18.400000000000002,0,0,0,0.27,165,1
2014,10,31,2,30,17.900000000000002,0,0,0,0.27,164,1
2014,10,31,3,30,17.400000000000002,0,0,0,0.27,162,1.1
2014,10,31,4,30,17,0,0,0,0.27,157,1.1
2014,10,31,5,30,16.8,0,0,0,0.27,155,1
2014,10,31,6,30,18,25,398,58,0.27,148,0.9
2014,10,31,7,30,21,51,717,242,0.27,152,1.5
2014,10,31,8,30,24.1,65,840,420,0.27,168,3
2014,10,31,9,30,26.3,74,899,561,0.27,173,4.4
2014,10,31,10,30,27.700000000000003,83,918,646,0.27,174,5.1000000000000005
2014,10,31,11,30,28.6,85,926,671,0.27,175,5.6000000000000005
2014,10,31,12,30,29.1,84,911,630,0.27,176,6
2014,10,31,13,30,29,78,873,528,0.27,176,6.1000000000000005
2014,10,31,14,30,28.200000000000003,146,494,337,0.27,176,6
2014,10,31,15,30,26.3,113,41,122,0.27,173,5
2014,10,31,16,30,23.400000000000002,14,1,14,0.27,169,3.5
2014,10,31,17,30,21.200000000000003,0,0,0,0.27,169,2.6
2014,10,31,18,30,20.200000000000003,0,0,0,0.27,171,2.2
2014,10,31,19,30,19.6,0,0,0,0.27,171,1.9000000000000001
2014,10,31,20,30,19.200000000000003,0,0,0,0.27,171,1.9000000000000001
2014,10,31,21,30,18.8,0,0,0,0.27,176,2
2014,10,31,22,30,18.2,0,0,0,0.27,188,2
2014,10,31,23,30,17.2,0,0,0,0.27,204,2.1
2014,11,1,0,30,16.3,0,0,0,0.27,215,2.2
2014,11,1,1,30,15.8,0,0,0,0.27,222,2.4000000000000004
2014,11,1,2,30,15.3,0,0,0,0.27,227,2.5
2014,11,1,3,30,14.600000000000001,0,0,0,0.27,226,2.3000000000000003
2014,11,1,4,30,13.8,0,0,0,0.27,220,2.1
2014,11,1,5,30,13.200000000000001,0,0,0,0.27,215,2.3000000000000003
2014,11,1,6,30,13.9,30,0,30,0.27,214,3.7
2014,11,1,7,30,15.4,25,0,25,0.27,219,5.7
2014,11,1,8,30,16.7,34,0,34,0.27,222,6.7
2014,11,1,9,30,17.900000000000002,326,135,399,0.27,221,7
2014,11,1,10,30,18.8,78,942,651,0.27,219,6.9
2014,11,1,11,30,19.3,79,949,676,0.27,219,6.7
2014,11,1,12,30,19.5,78,934,635,0.27,221,6.4
2014,11,1,13,30,19.1,219,592,522,0.27,224,6
2014,11,1,14,30,18.400000000000002,195,251,291,0.27,228,5.5
2014,11,1,15,30,17.2,104,20,108,0.27,234,4.6000000000000005
2014,11,1,16,30,15.600000000000001,9,0,9,0.27,244,3.1
2014,11,1,17,30,14.4,0,0,0,0.27,255,2.1
2014,11,1,18,30,14,0,0,0,0.27,263,1.7000000000000002
2014,11,1,19,30,13.4,0,0,0,0.27,265,1.4000000000000001
2014,11,1,20,30,12.700000000000001,0,0,0,0.27,264,1.2000000000000002
2014,11,1,21,30,11.9,0,0,0,0.27,263,1.2000000000000002
2014,11,1,22,30,11.4,0,0,0,0.27,265,1.2000000000000002
2014,11,1,23,30,11,0,0,0,0.27,267,1.1
2014,11,2,0,30,10.600000000000001,0,0,0,0.27,271,1
2014,11,2,1,30,10.3,0,0,0,0.27,282,0.9
2014,11,2,2,30,9.9,0,0,0,0.27,295,0.9
2014,11,2,3,30,9.600000000000001,0,0,0,0.27,308,0.9
2014,11,2,4,30,9.200000000000001,0,0,0,0.27,314,0.9
2014,11,2,5,30,9,0,0,0,0.27,316,0.9
2014,11,2,6,30,10.3,28,271,49,0.27,316,1.3
2014,11,2,7,30,12.700000000000001,63,634,228,0.27,318,1.5
2014,11,2,8,30,14.4,80,790,408,0.27,315,1.4000000000000001
2014,11,2,9,30,15.3,90,862,550,0.27,315,1.6
2014,11,2,10,30,15.9,117,847,629,0.27,326,1.7000000000000002
2014,11,2,11,30,16.400000000000002,117,857,653,0.27,336,1.8
2014,11,2,12,30,16.8,114,842,612,0.27,343,1.8
2014,11,2,13,30,16.900000000000002,194,1,194,0.27,346,1.9000000000000001
2014,11,2,14,30,16.7,221,174,287,0.27,345,1.9000000000000001
2014,11,2,15,30,16,124,44,134,0.27,347,1.3
2014,11,2,16,30,14.5,14,86,17,0.27,349,0.8
2014,11,2,17,30,13.100000000000001,0,0,0,0.27,341,0.9
2014,11,2,18,30,12,0,0,0,0.27,332,1.1
2014,11,2,19,30,11.100000000000001,0,0,0,0.27,332,1.5
2014,11,2,20,30,10.4,0,0,0,0.27,332,2
2014,11,2,21,30,9.9,0,0,0,0.27,330,2.6
2014,11,2,22,30,9.5,0,0,0,0.27,329,3.1
2014,11,2,23,30,8.9,0,0,0,0.27,330,3.4000000000000004
2014,11,3,0,30,8.4,0,0,0,0.27,333,3.5
2014,11,3,1,30,7.9,0,0,0,0.27,335,3.4000000000000004
2014,11,3,2,30,7.4,0,0,0,0.27,336,3.4000000000000004
2014,11,3,3,30,7,0,0,0,0.27,336,3.4000000000000004
2014,11,3,4,30,6.6000000000000005,0,0,0,0.27,337,3.3000000000000003
2014,11,3,5,30,6.300000000000001,0,0,0,0.27,338,3.3000000000000003
2014,11,3,6,30,7.4,22,413,53,0.27,341,3.7
2014,11,3,7,30,10.100000000000001,47,755,240,0.27,179,4.4
2014,11,3,8,30,12.5,59,892,426,0.27,18,4.3
2014,11,3,9,30,14.4,67,960,575,0.27,17,4
2014,11,3,10,30,15.9,80,971,663,0.27,13,3.8000000000000003
2014,11,3,11,30,17,80,980,688,0.27,11,3.8000000000000003
2014,11,3,12,30,17.7,77,970,646,0.27,12,3.9000000000000004
2014,11,3,13,30,17.900000000000002,77,918,539,0.27,15,4
2014,11,3,14,30,17.6,67,840,382,0.27,16,3.8000000000000003
2014,11,3,15,30,15.700000000000001,48,674,190,0.27,13,2.6
2014,11,3,16,30,12.8,13,187,18,0.27,184,1.5
2014,11,3,17,30,10.8,0,0,0,0.27,354,1.4000000000000001
2014,11,3,18,30,9.9,0,0,0,0.27,352,1.6
2014,11,3,19,30,9.200000000000001,0,0,0,0.27,356,1.7000000000000002
2014,11,3,20,30,8.5,0,0,0,0.27,180,1.8
2014,11,3,21,30,7.800000000000001,0,0,0,0.27,1,2
2014,11,3,22,30,7.2,0,0,0,0.27,178,2.2
2014,11,3,23,30,6.7,0,0,0,0.27,355,2.4000000000000004
2014,11,4,0,30,6.300000000000001,0,0,0,0.27,354,2.6
2014,11,4,1,30,6,0,0,0,0.27,353,2.7
2014,11,4,2,30,5.7,0,0,0,0.27,353,2.7
2014,11,4,3,30,5.300000000000001,0,0,0,0.27,350,2.6
2014,11,4,4,30,4.9,0,0,0,0.27,347,2.5
2014,11,4,5,30,4.7,0,0,0,0.27,346,2.4000000000000004
2014,11,4,6,30,6.4,23,410,51,0.27,345,3.1
2014,11,4,7,30,9.600000000000001,48,763,240,0.27,174,3.9000000000000004
2014,11,4,8,30,12.8,62,893,426,0.27,16,4
2014,11,4,9,30,15.600000000000001,69,957,571,0.27,34,3.6
2014,11,4,10,30,17.6,85,951,652,0.27,39,3.3000000000000003
2014,11,4,11,30,19.200000000000003,85,963,678,0.27,35,3.1
2014,11,4,12,30,20.200000000000003,81,954,637,0.27,32,2.9000000000000004
2014,11,4,13,30,20.700000000000003,79,898,527,0.27,33,2.6
2014,11,4,14,30,20.5,67,823,372,0.27,32,2.1
2014,11,4,15,30,18.8,48,646,182,0.27,20,1.2000000000000002
2014,11,4,16,30,16.8,13,150,16,0.27,157,0.7000000000000001
2014,11,4,17,30,15.4,0,0,0,0.27,301,0.9
2014,11,4,18,30,14.3,0,0,0,0.27,303,1.1
2014,11,4,19,30,13.4,0,0,0,0.27,314,1.2000000000000002
2014,11,4,20,30,12.8,0,0,0,0.27,323,1.3
2014,11,4,21,30,12.200000000000001,0,0,0,0.27,331,1.3
2014,11,4,22,30,11.700000000000001,0,0,0,0.27,337,1.4000000000000001
2014,11,4,23,30,11.100000000000001,0,0,0,0.27,342,1.4000000000000001
2014,11,5,0,30,10.4,0,0,0,0.27,347,1.4000000000000001
2014,11,5,1,30,9.700000000000001,0,0,0,0.27,350,1.5
2014,11,5,2,30,9.1,0,0,0,0.27,351,1.5
2014,11,5,3,30,8.5,0,0,0,0.27,351,1.5
2014,11,5,4,30,8.1,0,0,0,0.27,350,1.6
2014,11,5,5,30,8,0,0,0,0.27,349,1.6
2014,11,5,6,30,10,22,340,45,0.27,346,2.2
2014,11,5,7,30,13.700000000000001,49,705,224,0.27,346,3.2
2014,11,5,8,30,17.3,63,841,403,0.27,186,3.8000000000000003
2014,11,5,9,30,20.400000000000002,71,908,544,0.27,33,3.9000000000000004
2014,11,5,10,30,22.5,79,926,627,0.27,45,3.7
2014,11,5,11,30,23.900000000000002,79,936,652,0.27,51,3.2
2014,11,5,12,30,24.700000000000003,76,926,612,0.27,54,2.8000000000000003
2014,11,5,13,30,25.1,76,873,508,0.27,56,2.5
2014,11,5,14,30,24.700000000000003,64,797,357,0.27,57,2.1
2014,11,5,15,30,23,46,633,175,0.27,52,1.3
2014,11,5,16,30,20.700000000000003,11,146,14,0.27,24,0.8
2014,11,5,17,30,19.1,0,0,0,0.27,174,1.1
2014,11,5,18,30,17.6,0,0,0,0.27,354,1.4000000000000001
2014,11,5,19,30,16.3,0,0,0,0.27,187,1.5
2014,11,5,20,30,15.4,0,0,0,0.27,14,1.6
2014,11,5,21,30,14.5,0,0,0,0.27,11,1.6
2014,11,5,22,30,13.5,0,0,0,0.27,183,1.6
2014,11,5,23,30,12.5,0,0,0,0.27,356,1.6
2014,11,6,0,30,11.8,0,0,0,0.27,353,1.7000000000000002
2014,11,6,1,30,11.3,0,0,0,0.27,353,1.7000000000000002
2014,11,6,2,30,10.9,0,0,0,0.27,354,1.7000000000000002
2014,11,6,3,30,10.600000000000001,0,0,0,0.27,354,1.7000000000000002
2014,11,6,4,30,10.3,0,0,0,0.27,356,1.6
2014,11,6,5,30,10.3,0,0,0,0.27,179,1.5
2014,11,6,6,30,12.200000000000001,21,371,44,0.27,4,1.7000000000000002
2014,11,6,7,30,15.700000000000001,46,728,224,0.27,14,2.3000000000000003
2014,11,6,8,30,18.900000000000002,59,861,403,0.27,36,2.4000000000000004
2014,11,6,9,30,21.700000000000003,67,925,545,0.27,67,1.9000000000000001
2014,11,6,10,30,23.6,80,934,629,0.27,94,1.7000000000000002
2014,11,6,11,30,24.700000000000003,81,946,656,0.27,116,1.5
2014,11,6,12,30,25.3,79,935,616,0.27,135,1.3
2014,11,6,13,30,25.400000000000002,68,911,515,0.27,158,1.1
2014,11,6,14,30,25,59,834,362,0.27,172,0.9
2014,11,6,15,30,23.3,43,663,176,0.27,161,0.8
2014,11,6,16,30,20.900000000000002,0,0,0,0.27,154,0.8
2014,11,6,17,30,19.6,0,0,0,0.27,172,0.9
2014,11,6,18,30,18.6,0,0,0,0.27,200,0.9
2014,11,6,19,30,17.6,0,0,0,0.27,222,1
2014,11,6,20,30,16.900000000000002,0,0,0,0.27,234,1
2014,11,6,21,30,16.3,0,0,0,0.27,241,1.1
2014,11,6,22,30,15.8,0,0,0,0.27,249,1
2014,11,6,23,30,15.4,0,0,0,0.27,260,1
2014,11,7,0,30,15,0,0,0,0.27,281,0.9
2014,11,7,1,30,14.5,0,0,0,0.27,308,0.9
2014,11,7,2,30,13.8,0,0,0,0.27,332,1
2014,11,7,3,30,13,0,0,0,0.27,345,1.2000000000000002
2014,11,7,4,30,12.200000000000001,0,0,0,0.27,350,1.3
2014,11,7,5,30,11.8,0,0,0,0.27,348,1.3
2014,11,7,6,30,12.8,20,358,41,0.27,341,1.3
2014,11,7,7,30,15.600000000000001,47,726,222,0.27,333,1.6
2014,11,7,8,30,19,61,862,402,0.27,316,1.6
2014,11,7,9,30,22.3,69,927,544,0.27,294,1.1
2014,11,7,10,30,24.6,87,924,626,0.27,291,0.9
2014,11,7,11,30,26.1,89,931,651,0.27,318,0.7000000000000001
2014,11,7,12,30,26.900000000000002,86,912,607,0.27,349,0.8
2014,11,7,13,30,27.1,76,883,507,0.27,184,0.8
2014,11,7,14,30,26.5,66,794,352,0.27,23,0.7000000000000001
2014,11,7,15,30,24.1,48,608,167,0.27,97,0.7000000000000001
2014,11,7,16,30,20.700000000000003,0,0,0,0.27,174,1
2014,11,7,17,30,18.5,0,0,0,0.27,207,1.2000000000000002
2014,11,7,18,30,17.400000000000002,0,0,0,0.27,234,1.3
2014,11,7,19,30,17.3,0,0,0,0.27,258,1.1
2014,11,7,20,30,17.6,0,0,0,0.27,293,1
2014,11,7,21,30,17.2,0,0,0,0.27,158,1
2014,11,7,22,30,16.2,0,0,0,0.27,9,1.2000000000000002
2014,11,7,23,30,14.9,0,0,0,0.27,17,1.4000000000000001
2014,11,8,0,30,13.600000000000001,0,0,0,0.27,12,1.5
2014,11,8,1,30,12.8,0,0,0,0.27,184,1.6
2014,11,8,2,30,12.200000000000001,0,0,0,0.27,358,1.7000000000000002
2014,11,8,3,30,11.8,0,0,0,0.27,355,1.9000000000000001
2014,11,8,4,30,11.4,0,0,0,0.27,354,2
2014,11,8,5,30,11.3,0,0,0,0.27,354,2.1
2014,11,8,6,30,13,19,344,39,0.27,355,2.7
2014,11,8,7,30,16.400000000000002,45,718,215,0.27,178,3.6
2014,11,8,8,30,19.700000000000003,58,855,392,0.27,16,3.7
2014,11,8,9,30,23,65,921,533,0.27,39,3.3000000000000003
2014,11,8,10,30,25.400000000000002,71,950,622,0.27,49,3.1
2014,11,8,11,30,26.8,72,958,646,0.27,51,2.9000000000000004
2014,11,8,12,30,27.6,69,947,606,0.27,51,2.7
2014,11,8,13,30,27.900000000000002,64,910,505,0.27,52,2.4000000000000004
2014,11,8,14,30,27.400000000000002,55,836,353,0.27,56,1.8
2014,11,8,15,30,25.5,40,670,169,0.27,73,1
2014,11,8,16,30,23.5,0,0,0,0.27,154,0.5
2014,11,8,17,30,22,0,0,0,0.27,249,0.7000000000000001
2014,11,8,18,30,20.5,0,0,0,0.27,285,1.1
2014,11,8,19,30,19.5,0,0,0,0.27,301,1.2000000000000002
2014,11,8,20,30,18.8,0,0,0,0.27,315,1.3
2014,11,8,21,30,18.2,0,0,0,0.27,327,1.3
2014,11,8,22,30,17.6,0,0,0,0.27,336,1.3
2014,11,8,23,30,16.900000000000002,0,0,0,0.27,340,1.3
2014,11,9,0,30,16,0,0,0,0.27,343,1.3
2014,11,9,1,30,15,0,0,0,0.27,348,1.4000000000000001
2014,11,9,2,30,14.100000000000001,0,0,0,0.27,352,1.4000000000000001
2014,11,9,3,30,13.5,0,0,0,0.27,357,1.4000000000000001
2014,11,9,4,30,13,0,0,0,0.27,359,1.3
2014,11,9,5,30,12.700000000000001,0,0,0,0.27,359,1.3
2014,11,9,6,30,13.9,20,0,20,0.27,355,1.2000000000000002
2014,11,9,7,30,16.7,43,719,211,0.27,350,1.4000000000000001
2014,11,9,8,30,19.700000000000003,57,851,387,0.27,351,1.2000000000000002
2014,11,9,9,30,22.5,65,910,525,0.27,284,0.8
2014,11,9,10,30,24.900000000000002,76,926,609,0.27,204,1.2000000000000002
2014,11,9,11,30,26.5,78,928,631,0.27,193,1.9000000000000001
2014,11,9,12,30,27.400000000000002,77,914,591,0.27,190,2.3000000000000003
2014,11,9,13,30,27.5,69,884,493,0.27,190,2.4000000000000004
2014,11,9,14,30,26.8,59,808,344,0.27,190,2.2
2014,11,9,15,30,24,42,633,163,0.27,182,1.5
2014,11,9,16,30,20.8,0,0,0,0.27,179,1
2014,11,9,17,30,19,0,0,0,0.27,195,0.9
2014,11,9,18,30,17.8,0,0,0,0.27,226,0.8
2014,11,9,19,30,17,0,0,0,0.27,251,0.8
2014,11,9,20,30,16.3,0,0,0,0.27,263,0.9
2014,11,9,21,30,15.700000000000001,0,0,0,0.27,271,1
2014,11,9,22,30,15.200000000000001,0,0,0,0.27,277,1
2014,11,9,23,30,14.700000000000001,0,0,0,0.27,282,1
2014,11,10,0,30,14.200000000000001,0,0,0,0.27,291,1
2014,11,10,1,30,13.8,0,0,0,0.27,301,1.1
2014,11,10,2,30,13.5,0,0,0,0.27,307,1.1
2014,11,10,3,30,13.4,0,0,0,0.27,303,1
2014,11,10,4,30,13.3,0,0,0,0.27,277,0.9
2014,11,10,5,30,13,0,0,0,0.27,239,0.9
2014,11,10,6,30,13.8,18,305,33,0.27,217,1.1
2014,11,10,7,30,16.7,47,707,209,0.27,223,1.8
2014,11,10,8,30,20.1,62,852,389,0.27,234,2.4000000000000004
2014,11,10,9,30,23.400000000000002,71,919,531,0.27,233,2.4000000000000004
2014,11,10,10,30,25.8,74,954,619,0.27,237,2.2
2014,11,10,11,30,27.400000000000002,76,960,644,0.27,265,1.8
2014,11,10,12,30,28.200000000000003,75,945,603,0.27,292,1.6
2014,11,10,13,30,28.400000000000002,71,896,498,0.27,307,1.6
2014,11,10,14,30,27.6,62,815,347,0.27,328,1.3
2014,11,10,15,30,24.8,44,627,162,0.27,192,0.9
2014,11,10,16,30,21.400000000000002,0,0,0,0.28,40,1
2014,11,10,17,30,18.7,0,0,0,0.28,31,1.3
2014,11,10,18,30,16.7,0,0,0,0.28,21,1.5
2014,11,10,19,30,15.3,0,0,0,0.28,18,1.7000000000000002
2014,11,10,20,30,14.100000000000001,0,0,0,0.28,11,1.6
2014,11,10,21,30,13.100000000000001,0,0,0,0.28,184,1.5
2014,11,10,22,30,12.4,0,0,0,0.28,356,1.4000000000000001
2014,11,10,23,30,11.9,0,0,0,0.28,348,1.3
2014,11,11,0,30,11.5,0,0,0,0.28,340,1.3
2014,11,11,1,30,11.200000000000001,0,0,0,0.28,334,1.3
2014,11,11,2,30,11,0,0,0,0.28,332,1.2000000000000002
2014,11,11,3,30,10.9,0,0,0,0.28,332,1.2000000000000002
2014,11,11,4,30,10.9,0,0,0,0.28,333,1.1
2014,11,11,5,30,11.100000000000001,0,0,0,0.28,331,1
2014,11,11,6,30,12.200000000000001,18,274,31,0.28,330,0.9
2014,11,11,7,30,14.8,49,675,201,0.28,328,1
2014,11,11,8,30,17.900000000000002,65,820,377,0.28,257,1.4000000000000001
2014,11,11,9,30,20.5,76,889,517,0.28,184,2.1
2014,11,11,10,30,22.3,83,911,601,0.28,178,2.6
2014,11,11,11,30,23.700000000000003,85,918,625,0.28,175,2.8000000000000003
2014,11,11,12,30,24.5,84,899,583,0.28,173,2.9000000000000004
2014,11,11,13,30,24.6,78,854,482,0.28,172,2.9000000000000004
2014,11,11,14,30,24.1,68,761,332,0.28,174,2.8000000000000003
2014,11,11,15,30,21.6,48,566,152,0.28,176,1.9000000000000001
2014,11,11,16,30,18.6,0,0,0,0.28,180,1.2000000000000002
2014,11,11,17,30,17,0,0,0,0.28,186,1.2000000000000002
2014,11,11,18,30,16.1,0,0,0,0.28,192,1.2000000000000002
2014,11,11,19,30,15.600000000000001,0,0,0,0.28,202,1.2000000000000002
2014,11,11,20,30,15.4,0,0,0,0.28,215,1.1
2014,11,11,21,30,15.4,0,0,0,0.28,232,1
2014,11,11,22,30,15.5,0,0,0,0.28,245,0.9
2014,11,11,23,30,15.3,0,0,0,0.28,259,0.9
2014,11,12,0,30,14.9,0,0,0,0.28,279,0.9
2014,11,12,1,30,14.4,0,0,0,0.28,293,0.9
2014,11,12,2,30,13.9,0,0,0,0.28,297,1
2014,11,12,3,30,13.5,0,0,0,0.28,308,1
2014,11,12,4,30,13.100000000000001,0,0,0,0.28,330,1
2014,11,12,5,30,12.5,0,0,0,0.28,173,1
2014,11,12,6,30,13.200000000000001,18,191,26,0.28,180,1.1
2014,11,12,7,30,15.200000000000001,56,600,189,0.28,181,1.5
2014,11,12,8,30,17.7,75,765,363,0.28,20,1.7000000000000002
2014,11,12,9,30,19.8,86,847,504,0.28,45,1.4000000000000001
2014,11,12,10,30,21.5,88,895,592,0.28,61,1.3
2014,11,12,11,30,22.700000000000003,89,904,617,0.28,72,1.2000000000000002
2014,11,12,12,30,23.400000000000002,86,891,577,0.28,87,1.1
2014,11,12,13,30,23.6,79,850,478,0.28,108,1.2000000000000002
2014,11,12,14,30,23.1,67,760,328,0.28,127,1.4000000000000001
2014,11,12,15,30,21,91,6,93,0.28,140,1.3
2014,11,12,16,30,18.2,0,0,0,0.28,153,1.1
2014,11,12,17,30,16.5,0,0,0,0.28,171,1.2000000000000002
2014,11,12,18,30,15.600000000000001,0,0,0,0.28,188,1.2000000000000002
2014,11,12,19,30,14.9,0,0,0,0.28,198,1.2000000000000002
2014,11,12,20,30,14.5,0,0,0,0.28,201,1.2000000000000002
2014,11,12,21,30,14.100000000000001,0,0,0,0.28,197,1.1
2014,11,12,22,30,13.600000000000001,0,0,0,0.28,191,1.1
2014,11,12,23,30,13.3,0,0,0,0.28,186,1
2014,11,13,0,30,13.4,0,0,0,0.28,170,0.8
2014,11,13,1,30,13.5,0,0,0,0.28,135,0.7000000000000001
2014,11,13,2,30,13.3,0,0,0,0.28,103,0.9
2014,11,13,3,30,12.9,0,0,0,0.28,87,1
2014,11,13,4,30,12.3,0,0,0,0.28,70,1
2014,11,13,5,30,11.4,0,0,0,0.28,42,1
2014,11,13,6,30,11.700000000000001,17,197,25,0.28,29,1.4000000000000001
2014,11,13,7,30,14,52,617,187,0.28,67,1.4000000000000001
2014,11,13,8,30,16.8,155,416,310,0.28,140,2
2014,11,13,9,30,19.200000000000003,285,198,382,0.28,182,3.3000000000000003
2014,11,13,10,30,20.900000000000002,222,488,495,0.28,191,3.8000000000000003
2014,11,13,11,30,22,301,361,511,0.28,200,3.8000000000000003
2014,11,13,12,30,22.8,247,47,273,0.28,210,3.8000000000000003
2014,11,13,13,30,23.200000000000003,79,829,465,0.28,216,3.8000000000000003
2014,11,13,14,30,22.900000000000002,183,104,218,0.28,223,3.5
2014,11,13,15,30,20.900000000000002,80,2,80,0.28,227,2.4000000000000004
2014,11,13,16,30,18.7,0,0,0,0.28,224,1.2000000000000002
2014,11,13,17,30,17.5,0,0,0,0.28,222,1
2014,11,13,18,30,16.5,0,0,0,0.28,221,1.1
2014,11,13,19,30,15.700000000000001,0,0,0,0.28,216,1.2000000000000002
2014,11,13,20,30,15,0,0,0,0.28,212,1.4000000000000001
2014,11,13,21,30,14.5,0,0,0,0.28,212,1.4000000000000001
2014,11,13,22,30,14.100000000000001,0,0,0,0.28,217,1.3
2014,11,13,23,30,13.700000000000001,0,0,0,0.28,225,1.2000000000000002
2014,11,14,0,30,13.3,0,0,0,0.28,234,1.2000000000000002
2014,11,14,1,30,13.200000000000001,0,0,0,0.28,247,1.1
2014,11,14,2,30,13.200000000000001,0,0,0,0.28,256,1
2014,11,14,3,30,13.3,0,0,0,0.28,256,1
2014,11,14,4,30,13.200000000000001,0,0,0,0.28,258,1
2014,11,14,5,30,13.100000000000001,0,0,0,0.28,265,1
2014,11,14,6,30,13.5,6,0,6,0.28,266,1
2014,11,14,7,30,14.700000000000001,56,1,56,0.28,263,1.4000000000000001
2014,11,14,8,30,16.6,180,25,189,0.28,260,2
2014,11,14,9,30,18.900000000000002,92,803,482,0.28,247,2.1
2014,11,14,10,30,20.8,292,380,503,0.28,235,2
2014,11,14,11,30,22.1,108,842,593,0.28,238,2
2014,11,14,12,30,22.900000000000002,102,838,558,0.28,245,2.2
2014,11,14,13,30,23,89,804,462,0.28,250,2.4000000000000004
2014,11,14,14,30,22.5,73,722,317,0.28,253,2.4000000000000004
2014,11,14,15,30,20.3,49,523,141,0.28,246,1.8
2014,11,14,16,30,17.2,0,0,0,0.28,233,1.2000000000000002
2014,11,14,17,30,15.600000000000001,0,0,0,0.28,225,1.3
2014,11,14,18,30,14.700000000000001,0,0,0,0.28,228,1.3
2014,11,14,19,30,14,0,0,0,0.28,242,1.3
2014,11,14,20,30,13.5,0,0,0,0.28,265,1.2000000000000002
2014,11,14,21,30,13.200000000000001,0,0,0,0.28,293,1.1
2014,11,14,22,30,12.700000000000001,0,0,0,0.28,317,1.1
2014,11,14,23,30,12.200000000000001,0,0,0,0.28,337,1.1
2014,11,15,0,30,11.8,0,0,0,0.28,351,1.1
2014,11,15,1,30,11.4,0,0,0,0.28,354,1.1
2014,11,15,2,30,11.200000000000001,0,0,0,0.28,352,1.1
2014,11,15,3,30,10.8,0,0,0,0.28,351,1.1
2014,11,15,4,30,10.5,0,0,0,0.28,353,1.1
2014,11,15,5,30,10.4,0,0,0,0.28,177,1
2014,11,15,6,30,11.100000000000001,15,183,21,0.28,2,0.9
2014,11,15,7,30,13.3,50,629,183,0.28,37,0.9
2014,11,15,8,30,16,67,789,355,0.28,105,1.3
2014,11,15,9,30,18.3,78,864,494,0.28,156,1.4000000000000001
2014,11,15,10,30,19.900000000000002,80,908,582,0.28,187,1.6
2014,11,15,11,30,20.8,226,428,471,0.28,208,2
2014,11,15,12,30,21.400000000000002,82,892,565,0.28,218,2.3000000000000003
2014,11,15,13,30,21.8,74,853,467,0.28,222,2.7
2014,11,15,14,30,21.400000000000002,63,765,319,0.28,228,2.8000000000000003
2014,11,15,15,30,19.1,43,565,141,0.28,236,2
2014,11,15,16,30,16,0,0,0,0.28,246,1.3
2014,11,15,17,30,14.4,0,0,0,0.28,263,1.3
2014,11,15,18,30,13.8,0,0,0,0.28,286,1.2000000000000002
2014,11,15,19,30,13.200000000000001,0,0,0,0.28,321,1.6
2014,11,15,20,30,12.8,0,0,0,0.28,172,3.5
2014,11,15,21,30,12.3,0,0,0,0.28,8,5.5
2014,11,15,22,30,10.9,0,0,0,0.28,13,5.6000000000000005
2014,11,15,23,30,9.600000000000001,0,0,0,0.28,12,5.2
2014,11,16,0,30,8.3,0,0,0,0.28,12,5.300000000000001
2014,11,16,1,30,6.800000000000001,0,0,0,0.28,14,5.5
2014,11,16,2,30,5.2,0,0,0,0.28,15,5.2
2014,11,16,3,30,3.8000000000000003,0,0,0,0.28,13,4.5
2014,11,16,4,30,2.9000000000000004,0,0,0,0.28,11,4.1000000000000005
2014,11,16,5,30,2.1,0,0,0,0.28,10,3.7
2014,11,16,6,30,2.3000000000000003,14,293,23,0.28,10,4.3
2014,11,16,7,30,3.6,44,752,201,0.28,13,5.6000000000000005
2014,11,16,8,30,5.4,58,908,386,0.28,17,6.2
2014,11,16,9,30,7.5,65,980,533,0.28,20,6.2
2014,11,16,10,30,9.700000000000001,84,977,620,0.28,21,6
2014,11,16,11,30,11.5,84,973,638,0.28,21,5.6000000000000005
2014,11,16,12,30,12.600000000000001,80,964,599,0.28,21,5.300000000000001
2014,11,16,13,30,13,75,921,495,0.28,20,5
2014,11,16,14,30,12.700000000000001,63,835,340,0.28,18,4.6000000000000005
2014,11,16,15,30,10.600000000000001,44,638,153,0.28,16,3.2
2014,11,16,16,30,7.7,0,0,0,0.28,16,1.8
2014,11,16,17,30,6.1000000000000005,0,0,0,0.28,16,1.7000000000000002
2014,11,16,18,30,5.2,0,0,0,0.28,13,1.6
2014,11,16,19,30,4.4,0,0,0,0.28,9,1.6
2014,11,16,20,30,3.5,0,0,0,0.28,4,1.7000000000000002
2014,11,16,21,30,2.7,0,0,0,0.28,178,1.8
2014,11,16,22,30,2.2,0,0,0,0.28,352,1.9000000000000001
2014,11,16,23,30,1.8,0,0,0,0.28,347,2
2014,11,17,0,30,1.4000000000000001,0,0,0,0.28,344,2.1
2014,11,17,1,30,1.2000000000000002,0,0,0,0.28,344,2.2
2014,11,17,2,30,1,0,0,0,0.28,345,2.3000000000000003
2014,11,17,3,30,0.8,0,0,0,0.28,345,2.3000000000000003
2014,11,17,4,30,0.5,0,0,0,0.28,345,2.3000000000000003
2014,11,17,5,30,0.4,0,0,0,0.28,347,2.2
2014,11,17,6,30,1.7000000000000002,14,248,21,0.28,348,2.7
2014,11,17,7,30,4.6000000000000005,43,719,190,0.28,353,3.6
2014,11,17,8,30,7.6000000000000005,57,878,371,0.28,189,3.8000000000000003
2014,11,17,9,30,10.600000000000001,65,950,515,0.28,24,3.7
2014,11,17,10,30,13,64,991,604,0.28,31,3.7
2014,11,17,11,30,14.700000000000001,64,1001,630,0.28,35,3.6
2014,11,17,12,30,15.9,63,989,591,0.28,38,3.5
2014,11,17,13,30,16.5,61,946,490,0.28,39,3.2
2014,11,17,14,30,16.3,51,868,337,0.28,38,2.4000000000000004
2014,11,17,15,30,14.5,36,686,152,0.28,29,1.2000000000000002
2014,11,17,16,30,12.5,0,0,0,0.28,172,0.8
2014,11,17,17,30,11.100000000000001,0,0,0,0.28,319,1
2014,11,17,18,30,9.9,0,0,0,0.28,325,1.2000000000000002
2014,11,17,19,30,8.700000000000001,0,0,0,0.28,346,1.3
2014,11,17,20,30,7.5,0,0,0,0.28,186,1.4000000000000001
2014,11,17,21,30,6.4,0,0,0,0.28,16,1.6
2014,11,17,22,30,5.2,0,0,0,0.28,15,1.7000000000000002
2014,11,17,23,30,4.2,0,0,0,0.28,6,1.8
2014,11,18,0,30,3.4000000000000004,0,0,0,0.28,179,1.9000000000000001
2014,11,18,1,30,2.9000000000000004,0,0,0,0.28,356,1.9000000000000001
2014,11,18,2,30,2.6,0,0,0,0.28,355,1.9000000000000001
2014,11,18,3,30,2.4000000000000004,0,0,0,0.28,354,1.8
2014,11,18,4,30,2.2,0,0,0,0.28,354,1.8
2014,11,18,5,30,2.1,0,0,0,0.28,355,1.7000000000000002
2014,11,18,6,30,3.7,8,0,8,0.28,355,1.9000000000000001
2014,11,18,7,30,7.1000000000000005,109,10,111,0.28,357,2.7
2014,11,18,8,30,10.700000000000001,56,880,368,0.28,192,3
2014,11,18,9,30,13.700000000000001,65,950,512,0.28,39,2.5
2014,11,18,10,30,15.700000000000001,74,971,600,0.28,59,2.1
2014,11,18,11,30,17,75,981,626,0.28,70,1.7000000000000002
2014,11,18,12,30,17.8,73,968,587,0.28,79,1.4000000000000001
2014,11,18,13,30,18,71,919,485,0.28,93,1.3
2014,11,18,14,30,17.3,60,834,332,0.28,111,1.1
2014,11,18,15,30,14.8,92,137,114,0.28,144,1
2014,11,18,16,30,12.200000000000001,0,0,0,0.28,186,1
2014,11,18,17,30,11.100000000000001,0,0,0,0.28,226,1.1
2014,11,18,18,30,10.700000000000001,0,0,0,0.28,257,1.1
2014,11,18,19,30,10.600000000000001,0,0,0,0.28,279,0.9
2014,11,18,20,30,10.200000000000001,0,0,0,0.28,303,0.7000000000000001
2014,11,18,21,30,9.700000000000001,0,0,0,0.28,335,0.7000000000000001
2014,11,18,22,30,9.200000000000001,0,0,0,0.28,183,0.8
2014,11,18,23,30,9,0,0,0,0.28,18,0.9
2014,11,19,0,30,8.700000000000001,0,0,0,0.28,24,0.9
2014,11,19,1,30,8.3,0,0,0,0.28,25,1
2014,11,19,2,30,7.7,0,0,0,0.28,24,1.1
2014,11,19,3,30,7.2,0,0,0,0.28,20,1.1
2014,11,19,4,30,6.800000000000001,0,0,0,0.28,14,1.1
2014,11,19,5,30,6.5,0,0,0,0.28,7,1.1
2014,11,19,6,30,7,6,0,6,0.28,3,1.1
2014,11,19,7,30,8.9,102,22,106,0.28,180,1.6
2014,11,19,8,30,11.700000000000001,212,50,229,0.28,181,1.5
2014,11,19,9,30,14.5,293,104,342,0.28,103,0.8
2014,11,19,10,30,16.7,296,211,409,0.28,199,1
2014,11,19,11,30,18,219,14,226,0.28,190,1.4000000000000001
2014,11,19,12,30,18.7,278,92,326,0.28,181,1.5
2014,11,19,13,30,18.8,245,149,312,0.28,177,1.7000000000000002
2014,11,19,14,30,18,153,274,242,0.28,174,1.6
2014,11,19,15,30,15.700000000000001,89,17,92,0.28,164,1.1
2014,11,19,16,30,13.100000000000001,0,0,0,0.28,150,0.8
2014,11,19,17,30,11.8,0,0,0,0.28,127,0.7000000000000001
2014,11,19,18,30,10.700000000000001,0,0,0,0.28,77,0.6000000000000001
2014,11,19,19,30,9.700000000000001,0,0,0,0.28,42,0.8
2014,11,19,20,30,9,0,0,0,0.28,35,1
2014,11,19,21,30,8.3,0,0,0,0.28,24,1.1
2014,11,19,22,30,7.5,0,0,0,0.28,10,1.1
2014,11,19,23,30,6.800000000000001,0,0,0,0.28,179,1.2000000000000002
2014,11,20,0,30,6.300000000000001,0,0,0,0.28,353,1.2000000000000002
2014,11,20,1,30,6.1000000000000005,0,0,0,0.28,347,1.2000000000000002
2014,11,20,2,30,6.2,0,0,0,0.28,341,1.2000000000000002
2014,11,20,3,30,6.4,0,0,0,0.28,336,1.2000000000000002
2014,11,20,4,30,6.5,0,0,0,0.28,333,1.2000000000000002
2014,11,20,5,30,6.6000000000000005,0,0,0,0.28,330,1.2000000000000002
2014,11,20,6,30,7.4,11,178,14,0.28,327,1
2014,11,20,7,30,9.8,43,666,173,0.28,323,1.3
2014,11,20,8,30,13.100000000000001,59,830,347,0.28,272,0.9
2014,11,20,9,30,15.700000000000001,68,912,491,0.28,182,0.9
2014,11,20,10,30,17.3,74,944,579,0.28,146,1.7000000000000002
2014,11,20,11,30,18.3,76,946,602,0.28,157,1.9000000000000001
2014,11,20,12,30,18.8,76,926,563,0.28,161,2.1
2014,11,20,13,30,18.6,208,359,368,0.28,157,2.2
2014,11,20,14,30,17.400000000000002,167,51,184,0.28,152,1.7000000000000002
2014,11,20,15,30,15.3,43,565,135,0.28,137,1
2014,11,20,16,30,13.4,0,0,0,0.28,114,0.9
2014,11,20,17,30,12.200000000000001,0,0,0,0.28,90,0.9
2014,11,20,18,30,11.4,0,0,0,0.28,69,0.9
2014,11,20,19,30,10.8,0,0,0,0.28,55,0.9
2014,11,20,20,30,10.5,0,0,0,0.28,45,0.9
2014,11,20,21,30,10.5,0,0,0,0.28,31,0.8
2014,11,20,22,30,10.5,0,0,0,0.28,191,0.8
2014,11,20,23,30,10.4,0,0,0,0.28,350,0.7000000000000001
2014,11,21,0,30,10.3,0,0,0,0.28,339,0.8
2014,11,21,1,30,10.200000000000001,0,0,0,0.28,335,0.8
2014,11,21,2,30,10.200000000000001,0,0,0,0.28,335,0.9
2014,11,21,3,30,10.3,0,0,0,0.28,342,0.9
2014,11,21,4,30,10.4,0,0,0,0.28,182,0.9
2014,11,21,5,30,10.3,0,0,0,0.28,28,1
2014,11,21,6,30,10.4,0,0,0,0.28,42,0.9
2014,11,21,7,30,12.100000000000001,57,502,153,0.28,48,1.3
2014,11,21,8,30,14.5,78,710,323,0.28,56,1.6
2014,11,21,9,30,16.5,87,814,462,0.28,65,1.5
2014,11,21,10,30,18.1,86,879,553,0.28,70,1.3
2014,11,21,11,30,19.200000000000003,85,897,581,0.28,69,1.1
2014,11,21,12,30,19.700000000000003,81,891,547,0.28,70,1
2014,11,21,13,30,19.8,72,855,451,0.28,84,0.8
2014,11,21,14,30,19.3,60,773,307,0.28,110,0.7000000000000001
2014,11,21,15,30,17.5,40,574,133,0.28,141,0.7000000000000001
2014,11,21,16,30,15.4,0,0,0,0.28,177,0.9
2014,11,21,17,30,14.100000000000001,0,0,0,0.28,214,1.1
2014,11,21,18,30,13.200000000000001,0,0,0,0.28,238,1.2000000000000002
2014,11,21,19,30,12.8,0,0,0,0.28,251,1.2000000000000002
2014,11,21,20,30,12.5,0,0,0,0.28,259,1.2000000000000002
2014,11,21,21,30,12.100000000000001,0,0,0,0.28,263,1.1
2014,11,21,22,30,11.600000000000001,0,0,0,0.28,263,1.1
2014,11,21,23,30,11,0,0,0,0.28,261,1
2014,11,22,0,30,10.5,0,0,0,0.28,262,1
2014,11,22,1,30,10.200000000000001,0,0,0,0.28,265,0.9
2014,11,22,2,30,9.9,0,0,0,0.28,265,0.8
2014,11,22,3,30,9.5,0,0,0,0.28,265,0.8
2014,11,22,4,30,9.200000000000001,0,0,0,0.28,268,0.8
2014,11,22,5,30,8.8,0,0,0,0.28,264,0.7000000000000001
2014,11,22,6,30,9.200000000000001,0,0,0,0.28,243,0.7000000000000001
2014,11,22,7,30,11,44,608,158,0.28,214,0.9
2014,11,22,8,30,13.5,63,774,327,0.28,202,1.7000000000000002
2014,11,22,9,30,16.3,72,858,464,0.28,203,2.6
2014,11,22,10,30,18.8,238,364,430,0.28,204,3.4000000000000004
2014,11,22,11,30,20.6,223,456,474,0.28,201,4.2
2014,11,22,12,30,21.3,77,893,541,0.28,201,4.800000000000001
2014,11,22,13,30,21.3,70,861,449,0.28,207,4.9
2014,11,22,14,30,20.6,57,785,306,0.28,219,4.1000000000000005
2014,11,22,15,30,17.8,39,585,132,0.28,228,2.4000000000000004
2014,11,22,16,30,14.9,0,0,0,0.28,229,1.6
2014,11,22,17,30,13.700000000000001,0,0,0,0.28,239,1.6
2014,11,22,18,30,12.700000000000001,0,0,0,0.28,259,1.6
2014,11,22,19,30,11.8,0,0,0,0.28,281,1.6
2014,11,22,20,30,11.5,0,0,0,0.28,304,2
2014,11,22,21,30,11.700000000000001,0,0,0,0.28,325,3.1
2014,11,22,22,30,11.4,0,0,0,0.28,338,4.2
2014,11,22,23,30,10.600000000000001,0,0,0,0.28,345,4.6000000000000005
2014,11,23,0,30,9.5,0,0,0,0.28,347,4.4
2014,11,23,1,30,8.3,0,0,0,0.28,344,4
2014,11,23,2,30,7.1000000000000005,0,0,0,0.28,338,3.4000000000000004
2014,11,23,3,30,6.2,0,0,0,0.28,337,3.2
2014,11,23,4,30,5.7,0,0,0,0.28,340,3.3000000000000003
2014,11,23,5,30,5.300000000000001,0,0,0,0.28,344,3.5
2014,11,23,6,30,6,0,0,0,0.28,346,4
2014,11,23,7,30,8.200000000000001,38,707,168,0.28,349,4.9
2014,11,23,8,30,10.4,52,869,345,0.28,177,5.5
2014,11,23,9,30,12.3,60,943,487,0.28,3,5.2
2014,11,23,10,30,14,76,951,574,0.28,4,4.6000000000000005
2014,11,23,11,30,15.3,76,962,602,0.28,181,4
2014,11,23,12,30,16.2,73,954,565,0.28,359,3.4000000000000004
2014,11,23,13,30,16.400000000000002,69,906,466,0.28,357,3
2014,11,23,14,30,15.700000000000001,58,821,317,0.28,353,2.3000000000000003
2014,11,23,15,30,13.8,40,616,137,0.28,352,1.3
2014,11,23,16,30,11.9,0,0,0,0.28,344,0.8
2014,11,23,17,30,11.200000000000001,0,0,0,0.28,326,0.8
2014,11,23,18,30,10.4,0,0,0,0.28,317,0.9
2014,11,23,19,30,9.5,0,0,0,0.28,319,1.1
2014,11,23,20,30,8.6,0,0,0,0.28,325,1.2000000000000002
2014,11,23,21,30,7.800000000000001,0,0,0,0.28,328,1.3
2014,11,23,22,30,7,0,0,0,0.28,330,1.4000000000000001
2014,11,23,23,30,6.2,0,0,0,0.28,331,1.4000000000000001
2014,11,24,0,30,5.6000000000000005,0,0,0,0.28,333,1.4000000000000001
2014,11,24,1,30,5.2,0,0,0,0.28,335,1.4000000000000001
2014,11,24,2,30,4.800000000000001,0,0,0,0.28,335,1.4000000000000001
2014,11,24,3,30,4.3,0,0,0,0.28,336,1.5
2014,11,24,4,30,3.8000000000000003,0,0,0,0.28,338,1.5
2014,11,24,5,30,3.5,0,0,0,0.28,336,1.6
2014,11,24,6,30,4.5,0,0,0,0.28,331,1.6
2014,11,24,7,30,7.4,40,684,164,0.28,328,2.4000000000000004
2014,11,24,8,30,10.9,54,858,341,0.28,337,3.8000000000000003
2014,11,24,9,30,13.600000000000001,176,508,404,0.28,351,4.3
2014,11,24,10,30,15.8,64,975,573,0.28,357,4.3
2014,11,24,11,30,17.3,313,297,475,0.28,357,4.2
2014,11,24,12,30,18.2,62,975,563,0.28,356,4.4
2014,11,24,13,30,18.400000000000002,57,937,465,0.28,356,4.3
2014,11,24,14,30,17.6,49,854,317,0.28,356,3.4000000000000004
2014,11,24,15,30,14.700000000000001,34,666,138,0.28,355,2
2014,11,24,16,30,12,0,0,0,0.28,353,1.4000000000000001
2014,11,24,17,30,10.8,0,0,0,0.28,350,1.4000000000000001
2014,11,24,18,30,9.600000000000001,0,0,0,0.28,352,1.4000000000000001
2014,11,24,19,30,8.6,0,0,0,0.28,184,1.4000000000000001
2014,11,24,20,30,7.7,0,0,0,0.28,18,1.4000000000000001
2014,11,24,21,30,6.800000000000001,0,0,0,0.28,25,1.5
2014,11,24,22,30,5.9,0,0,0,0.28,22,1.5
2014,11,24,23,30,5.1000000000000005,0,0,0,0.28,12,1.4000000000000001
2014,11,25,0,30,4.7,0,0,0,0.28,182,1.4000000000000001
2014,11,25,1,30,4.3,0,0,0,0.28,359,1.3
2014,11,25,2,30,4,0,0,0,0.28,359,1.3
2014,11,25,3,30,3.6,0,0,0,0.28,354,1.3
2014,11,25,4,30,3.4000000000000004,0,0,0,0.28,345,1.3
2014,11,25,5,30,3.3000000000000003,0,0,0,0.28,338,1.3
2014,11,25,6,30,4.3,0,0,0,0.28,334,1.2000000000000002
2014,11,25,7,30,7.1000000000000005,37,680,158,0.28,328,1.4000000000000001
2014,11,25,8,30,10.700000000000001,50,844,329,0.28,304,1.6
2014,11,25,9,30,13.8,57,922,469,0.28,277,1.4000000000000001
2014,11,25,10,30,16.3,68,943,558,0.28,264,1.4000000000000001
2014,11,25,11,30,17.8,70,947,582,0.28,265,1.2000000000000002
2014,11,25,12,30,18.7,70,931,546,0.28,281,0.9
2014,11,25,13,30,18.900000000000002,66,880,448,0.28,293,0.8
2014,11,25,14,30,18,57,787,302,0.28,232,0.8
2014,11,25,15,30,15,39,573,127,0.28,171,1.1
2014,11,25,16,30,11.5,0,0,0,0.28,183,1.3
2014,11,25,17,30,9.8,0,0,0,0.28,207,1.3
2014,11,25,18,30,9.200000000000001,0,0,0,0.28,232,1.2000000000000002
2014,11,25,19,30,9.200000000000001,0,0,0,0.28,257,1.1
2014,11,25,20,30,9.3,0,0,0,0.28,282,1.1
2014,11,25,21,30,9,0,0,0,0.28,306,1.1
2014,11,25,22,30,8.6,0,0,0,0.28,326,1.2000000000000002
2014,11,25,23,30,8.1,0,0,0,0.28,337,1.2000000000000002
2014,11,26,0,30,7.800000000000001,0,0,0,0.28,339,1.3
2014,11,26,1,30,7.7,0,0,0,0.28,337,1.3
2014,11,26,2,30,7.5,0,0,0,0.28,339,1.3
2014,11,26,3,30,7.2,0,0,0,0.28,341,1.4000000000000001
2014,11,26,4,30,6.9,0,0,0,0.28,342,1.4000000000000001
2014,11,26,5,30,6.6000000000000005,0,0,0,0.28,340,1.4000000000000001
2014,11,26,6,30,7.2,0,0,0,0.28,337,1.4000000000000001
2014,11,26,7,30,10,36,656,151,0.28,336,2
2014,11,26,8,30,13.5,50,830,322,0.28,341,2.6
2014,11,26,9,30,16.400000000000002,57,909,460,0.28,176,2.3000000000000003
2014,11,26,10,30,18.8,58,954,550,0.28,12,2
2014,11,26,11,30,20.700000000000003,58,965,577,0.28,24,1.7000000000000002
2014,11,26,12,30,22.200000000000003,57,958,545,0.28,34,1.5
2014,11,26,13,30,22.900000000000002,62,899,450,0.28,47,1.3
2014,11,26,14,30,22,53,819,306,0.28,77,0.9
2014,11,26,15,30,19.3,36,618,131,0.28,129,0.7000000000000001
2014,11,26,16,30,16.8,0,0,0,0.28,190,0.9
2014,11,26,17,30,15.3,0,0,0,0.28,240,1.1
2014,11,26,18,30,14.600000000000001,0,0,0,0.28,268,1.2000000000000002
2014,11,26,19,30,14.600000000000001,0,0,0,0.28,288,1.1
2014,11,26,20,30,14.5,0,0,0,0.28,314,1
2014,11,26,21,30,13.8,0,0,0,0.28,343,1.1
2014,11,26,22,30,12.5,0,0,0,0.28,183,1.3
2014,11,26,23,30,11.200000000000001,0,0,0,0.28,7,1.4000000000000001
2014,11,27,0,30,9.9,0,0,0,0.28,4,1.5
2014,11,27,1,30,8.8,0,0,0,0.28,2,1.5
2014,11,27,2,30,8,0,0,0,0.28,2,1.5
2014,11,27,3,30,7.5,0,0,0,0.28,180,1.5
2014,11,27,4,30,7.1000000000000005,0,0,0,0.28,357,1.5
2014,11,27,5,30,6.9,0,0,0,0.28,357,1.5
2014,11,27,6,30,7.9,0,0,0,0.28,179,1.5
2014,11,27,7,30,11.200000000000001,76,2,77,0.28,0,1.9000000000000001
2014,11,27,8,30,14.700000000000001,184,25,192,0.28,9,2.3000000000000003
2014,11,27,9,30,17.5,214,286,340,0.28,28,1.8
2014,11,27,10,30,19.8,273,75,311,0.28,49,1.3
2014,11,27,11,30,21.700000000000003,263,45,287,0.28,73,1.1
2014,11,27,12,30,22.8,254,64,287,0.28,95,1.1
2014,11,27,13,30,22.900000000000002,233,156,300,0.28,110,1.2000000000000002
2014,11,27,14,30,21.3,95,6,97,0.28,120,1
2014,11,27,15,30,19,76,204,107,0.28,138,0.7000000000000001
2014,11,27,16,30,17.5,0,0,0,0.28,206,0.6000000000000001
2014,11,27,17,30,16.2,0,0,0,0.28,277,0.8
2014,11,27,18,30,14.8,0,0,0,0.28,299,1
2014,11,27,19,30,13.9,0,0,0,0.28,311,1
2014,11,27,20,30,13.3,0,0,0,0.28,324,1
2014,11,27,21,30,12.8,0,0,0,0.28,336,1
2014,11,27,22,30,12,0,0,0,0.28,344,1.1
2014,11,27,23,30,11.100000000000001,0,0,0,0.28,348,1.2000000000000002
2014,11,28,0,30,10.3,0,0,0,0.28,350,1.3
2014,11,28,1,30,9.700000000000001,0,0,0,0.28,352,1.3
2014,11,28,2,30,9.200000000000001,0,0,0,0.28,353,1.3
2014,11,28,3,30,8.8,0,0,0,0.28,353,1.3
2014,11,28,4,30,8.5,0,0,0,0.28,352,1.3
2014,11,28,5,30,8.200000000000001,0,0,0,0.28,351,1.3
2014,11,28,6,30,8.5,0,0,0,0.28,350,1.2000000000000002
2014,11,28,7,30,10.700000000000001,39,641,147,0.28,348,1.4000000000000001
2014,11,28,8,30,13.8,56,827,322,0.28,344,1.4000000000000001
2014,11,28,9,30,16.400000000000002,65,910,464,0.28,273,1
2014,11,28,10,30,18.7,295,286,441,0.28,204,1.2000000000000002
2014,11,28,11,30,20.5,73,963,586,0.28,204,2
2014,11,28,12,30,21.700000000000003,71,949,550,0.28,201,2.5
2014,11,28,13,30,22.200000000000003,69,895,452,0.28,193,2.6
2014,11,28,14,30,20.900000000000002,58,805,305,0.28,178,1.9000000000000001
2014,11,28,15,30,17.400000000000002,39,594,128,0.28,162,1.1
2014,11,28,16,30,14.4,0,0,0,0.27,167,0.9
2014,11,28,17,30,12.9,0,0,0,0.27,240,0.7000000000000001
2014,11,28,18,30,11.5,0,0,0,0.27,314,0.8
2014,11,28,19,30,10.700000000000001,0,0,0,0.27,326,0.9
2014,11,28,20,30,10.200000000000001,0,0,0,0.27,321,0.9
2014,11,28,21,30,9.8,0,0,0,0.27,308,0.9
2014,11,28,22,30,9.4,0,0,0,0.27,297,1
2014,11,28,23,30,9,0,0,0,0.27,293,1.1
2014,11,29,0,30,8.700000000000001,0,0,0,0.27,290,1.2000000000000002
2014,11,29,1,30,8.5,0,0,0,0.27,285,1.2000000000000002
2014,11,29,2,30,8.3,0,0,0,0.27,280,1.2000000000000002
2014,11,29,3,30,8.1,0,0,0,0.27,275,1.3
2014,11,29,4,30,7.9,0,0,0,0.27,270,1.3
2014,11,29,5,30,7.7,0,0,0,0.27,266,1.3
2014,11,29,6,30,8.4,0,0,0,0.27,261,1.3
2014,11,29,7,30,11.5,85,32,90,0.27,256,1.3
2014,11,29,8,30,15.600000000000001,195,58,214,0.27,238,1.9000000000000001
2014,11,29,9,30,19,267,181,345,0.27,219,3.2
2014,11,29,10,30,21.700000000000003,243,375,433,0.27,218,4.6000000000000005
2014,11,29,11,30,23.200000000000003,190,643,531,0.27,222,5.4
2014,11,29,12,30,23.900000000000002,265,379,456,0.27,224,6
2014,11,29,13,30,23.700000000000003,63,909,449,0.27,226,6.2
2014,11,29,14,30,22.400000000000002,54,816,303,0.27,225,5.4
2014,11,29,15,30,18.8,81,11,83,0.27,222,3.6
2014,11,29,16,30,15.4,0,0,0,0.27,218,2.6
2014,11,29,17,30,14.5,0,0,0,0.27,216,2.7
2014,11,29,18,30,13.8,0,0,0,0.27,216,2.8000000000000003
2014,11,29,19,30,13,0,0,0,0.27,217,2.5
2014,11,29,20,30,12.700000000000001,0,0,0,0.27,218,2.2
2014,11,29,21,30,12.200000000000001,0,0,0,0.27,217,1.9000000000000001
2014,11,29,22,30,11.200000000000001,0,0,0,0.27,216,1.8
2014,11,29,23,30,10.700000000000001,0,0,0,0.27,215,1.7000000000000002
2014,11,30,0,30,10.9,0,0,0,0.27,215,1.6
2014,11,30,1,30,10.9,0,0,0,0.27,213,1.5
2014,11,30,2,30,10.700000000000001,0,0,0,0.27,212,1.5
2014,11,30,3,30,10.700000000000001,0,0,0,0.27,212,1.5
2014,11,30,4,30,10.600000000000001,0,0,0,0.27,210,1.5
2014,11,30,5,30,10.4,0,0,0,0.27,209,1.6
2014,11,30,6,30,10.8,0,0,0,0.27,207,1.6
2014,11,30,7,30,13.100000000000001,59,37,65,0.27,207,2.1
2014,11,30,8,30,16.5,177,195,239,0.27,210,3.5
2014,11,30,9,30,19,64,900,453,0.27,214,4.800000000000001
2014,11,30,10,30,20.6,221,26,234,0.27,215,5.5
2014,11,30,11,30,21.5,291,91,339,0.27,218,5.9
2014,11,30,12,30,21.6,113,2,114,0.27,223,6
2014,11,30,13,30,21,201,443,389,0.27,227,5.800000000000001
2014,11,30,14,30,19.700000000000003,56,775,291,0.27,229,5.1000000000000005
2014,11,30,15,30,16.8,38,553,120,0.27,232,3.4000000000000004
2014,11,30,16,30,6.9,0,0,0,0.29,179,0.6000000000000001
2014,11,30,17,30,5.800000000000001,0,0,0,0.29,223,0.7000000000000001
2014,11,30,18,30,5.1000000000000005,0,0,0,0.29,268,0.8
2014,11,30,19,30,4.4,0,0,0,0.29,299,0.9
2014,11,30,20,30,3.7,0,0,0,0.29,316,1
2014,11,30,21,30,3.1,0,0,0,0.29,326,1.1
2014,11,30,22,30,2.5,0,0,0,0.29,333,1.2000000000000002
2014,11,30,23,30,2,0,0,0,0.29,336,1.2000000000000002
2015,12,1,0,30,1.5,0,0,0,0.29,337,1.3
2015,12,1,1,30,1.2000000000000002,0,0,0,0.29,338,1.3
2015,12,1,2,30,1.1,0,0,0,0.29,338,1.3
2015,12,1,3,30,1.1,0,0,0,0.29,338,1.3
2015,12,1,4,30,1.1,0,0,0,0.29,337,1.3
2015,12,1,5,30,1.1,0,0,0,0.29,335,1.3
2015,12,1,6,30,1.8,0,0,0,0.29,334,1.2000000000000002
2015,12,1,7,30,4.2,37,639,139,0.29,335,1.7000000000000002
2015,12,1,8,30,7.5,52,832,313,0.29,170,2.3000000000000003
2015,12,1,9,30,10,61,925,458,0.29,13,2.4000000000000004
2015,12,1,10,30,11.8,75,938,547,0.29,23,2.6
2015,12,1,11,30,13.200000000000001,76,952,577,0.29,23,2.6
2015,12,1,12,30,14,74,940,543,0.29,25,2.4000000000000004
2015,12,1,13,30,14.3,72,883,445,0.29,26,2.1
2015,12,1,14,30,13.5,60,790,299,0.29,20,1.4000000000000001
2015,12,1,15,30,11.4,39,576,125,0.29,179,0.8
2015,12,1,16,30,9.5,0,0,0,0.29,331,1
2015,12,1,17,30,7.800000000000001,0,0,0,0.29,320,1.3
2015,12,1,18,30,6.1000000000000005,0,0,0,0.29,326,1.5
2015,12,1,19,30,5.300000000000001,0,0,0,0.29,337,1.6
2015,12,1,20,30,4.6000000000000005,0,0,0,0.29,348,1.6
2015,12,1,21,30,3.7,0,0,0,0.29,353,1.6
2015,12,1,22,30,2.8000000000000003,0,0,0,0.29,351,1.6
2015,12,1,23,30,2.1,0,0,0,0.29,348,1.6
2015,12,2,0,30,1.7000000000000002,0,0,0,0.29,346,1.7000000000000002
2015,12,2,1,30,1.6,0,0,0,0.29,344,1.6
2015,12,2,2,30,1.6,0,0,0,0.29,344,1.6
2015,12,2,3,30,1.6,0,0,0,0.29,346,1.6
2015,12,2,4,30,1.8,0,0,0,0.29,349,1.5
2015,12,2,5,30,2,0,0,0,0.29,349,1.5
2015,12,2,6,30,2.8000000000000003,0,0,0,0.29,346,1.4000000000000001
2015,12,2,7,30,5.5,36,652,138,0.29,345,1.8
2015,12,2,8,30,9,189,101,221,0.29,352,2.2
2015,12,2,9,30,11.600000000000001,60,927,455,0.29,190,2.1
2015,12,2,10,30,13.700000000000001,67,958,546,0.29,22,1.9000000000000001
2015,12,2,11,30,15.100000000000001,69,968,576,0.29,22,1.9000000000000001
2015,12,2,12,30,15.9,309,180,399,0.29,25,1.9000000000000001
2015,12,2,13,30,16.1,158,565,396,0.29,36,1.9000000000000001
2015,12,2,14,30,14.9,184,95,213,0.29,51,1.4000000000000001
2015,12,2,15,30,12.700000000000001,79,135,98,0.29,49,0.9
2015,12,2,16,30,11.100000000000001,0,0,0,0.29,194,0.9
2015,12,2,17,30,9.8,0,0,0,0.29,339,1.1
2015,12,2,18,30,8.700000000000001,0,0,0,0.29,330,1.2000000000000002
2015,12,2,19,30,8.200000000000001,0,0,0,0.29,333,1.3
2015,12,2,20,30,8,0,0,0,0.29,343,1.3
2015,12,2,21,30,7.7,0,0,0,0.29,176,1.3
2015,12,2,22,30,6.9,0,0,0,0.29,5,1.4000000000000001
2015,12,2,23,30,5.9,0,0,0,0.29,7,1.4000000000000001
2015,12,3,0,30,4.9,0,0,0,0.29,4,1.5
2015,12,3,1,30,4.1000000000000005,0,0,0,0.29,2,1.5
2015,12,3,2,30,3.6,0,0,0,0.29,2,1.5
2015,12,3,3,30,3.3000000000000003,0,0,0,0.29,3,1.6
2015,12,3,4,30,3.1,0,0,0,0.29,5,1.5
2015,12,3,5,30,3.1,0,0,0,0.29,6,1.5
2015,12,3,6,30,4,0,0,0,0.29,5,1.4000000000000001
2015,12,3,7,30,6.6000000000000005,72,2,72,0.29,2,1.9000000000000001
2015,12,3,8,30,9.700000000000001,156,271,239,0.29,4,2.5
2015,12,3,9,30,12.3,182,414,358,0.29,18,2.2
2015,12,3,10,30,14.5,253,259,382,0.29,44,1.5
2015,12,3,11,30,15.9,313,215,425,0.29,77,1
2015,12,3,12,30,16.400000000000002,224,385,415,0.29,119,0.9
2015,12,3,13,30,16.3,205,250,309,0.29,165,1.1
2015,12,3,14,30,15.200000000000001,149,38,160,0.29,193,1
2015,12,3,15,30,13.4,83,96,97,0.29,186,0.7000000000000001
2015,12,3,16,30,12.3,0,0,0,0.28,164,0.6000000000000001
2015,12,3,17,30,11.600000000000001,0,0,0,0.28,143,0.4
2015,12,3,18,30,11,0,0,0,0.28,178,0.4
2015,12,3,19,30,10.4,0,0,0,0.28,231,0.30000000000000004
2015,12,3,20,30,9.700000000000001,0,0,0,0.28,234,0.30000000000000004
2015,12,3,21,30,8.9,0,0,0,0.28,281,0.4
2015,12,3,22,30,8.3,0,0,0,0.28,337,0.6000000000000001
2015,12,3,23,30,7.7,0,0,0,0.28,347,0.7000000000000001
2015,12,4,0,30,7.4,0,0,0,0.28,350,0.8
2015,12,4,1,30,7.300000000000001,0,0,0,0.28,340,0.8
2015,12,4,2,30,7.1000000000000005,0,0,0,0.28,330,0.9
2015,12,4,3,30,6.9,0,0,0,0.28,322,0.9
2015,12,4,4,30,6.7,0,0,0,0.28,318,0.9
2015,12,4,5,30,6.7,0,0,0,0.28,310,0.8
2015,12,4,6,30,6.9,0,0,0,0.28,306,0.8
2015,12,4,7,30,8.4,70,11,72,0.28,309,1.1
2015,12,4,8,30,10.9,157,181,212,0.28,295,1.3
2015,12,4,9,30,13.4,224,242,326,0.28,254,1.6
2015,12,4,10,30,15.3,226,41,246,0.28,219,2.2
2015,12,4,11,30,16.6,207,471,452,0.28,203,2.7
2015,12,4,12,30,17.400000000000002,230,404,429,0.28,200,3.1
2015,12,4,13,30,17.5,175,390,338,0.28,205,3
2015,12,4,14,30,16.2,56,770,287,0.28,210,2.1
2015,12,4,15,30,13.4,37,561,119,0.28,210,1.2000000000000002
2015,12,4,16,30,10.9,0,0,0,0.29,224,1
2015,12,4,17,30,9.600000000000001,0,0,0,0.29,259,0.9
2015,12,4,18,30,8.5,0,0,0,0.29,288,0.9
2015,12,4,19,30,7.9,0,0,0,0.29,308,1
2015,12,4,20,30,7.6000000000000005,0,0,0,0.29,326,1.1
2015,12,4,21,30,7.1000000000000005,0,0,0,0.29,338,1.2000000000000002
2015,12,4,22,30,6.6000000000000005,0,0,0,0.29,345,1.3
2015,12,4,23,30,6.300000000000001,0,0,0,0.29,348,1.4000000000000001
2015,12,5,0,30,6,0,0,0,0.29,347,1.4000000000000001
2015,12,5,1,30,5.5,0,0,0,0.29,345,1.4000000000000001
2015,12,5,2,30,4.6000000000000005,0,0,0,0.29,345,1.5
2015,12,5,3,30,3.8000000000000003,0,0,0,0.29,345,1.5
2015,12,5,4,30,3.2,0,0,0,0.29,345,1.5
2015,12,5,5,30,2.7,0,0,0,0.29,344,1.6
2015,12,5,6,30,3.4000000000000004,0,0,0,0.29,344,1.7000000000000002
2015,12,5,7,30,6.300000000000001,37,595,126,0.29,346,2.4000000000000004
2015,12,5,8,30,9.5,57,798,298,0.29,354,2.9000000000000004
2015,12,5,9,30,12.200000000000001,67,889,440,0.29,198,2.8000000000000003
2015,12,5,10,30,14.600000000000001,81,906,528,0.29,43,2.8000000000000003
2015,12,5,11,30,16,216,503,476,0.29,52,2.7
2015,12,5,12,30,16.7,303,205,404,0.29,54,2.6
2015,12,5,13,30,16.6,229,249,333,0.29,54,2.4000000000000004
2015,12,5,14,30,15.200000000000001,167,134,207,0.29,57,1.6
2015,12,5,15,30,13.100000000000001,56,217,87,0.29,52,1
2015,12,5,16,30,11.600000000000001,0,0,0,0.29,29,1
2015,12,5,17,30,10.100000000000001,0,0,0,0.29,9,1.2000000000000002
2015,12,5,18,30,8.700000000000001,0,0,0,0.29,2,1.4000000000000001
2015,12,5,19,30,7.6000000000000005,0,0,0,0.29,0,1.4000000000000001
2015,12,5,20,30,7,0,0,0,0.29,1,1.5
2015,12,5,21,30,6.800000000000001,0,0,0,0.29,4,1.5
2015,12,5,22,30,6.6000000000000005,0,0,0,0.29,9,1.4000000000000001
2015,12,5,23,30,5.9,0,0,0,0.29,11,1.5
2015,12,6,0,30,5,0,0,0,0.29,14,1.5
2015,12,6,1,30,4.5,0,0,0,0.29,16,1.6
2015,12,6,2,30,4.3,0,0,0,0.29,15,1.6
2015,12,6,3,30,4,0,0,0,0.29,11,1.6
2015,12,6,4,30,3.7,0,0,0,0.29,6,1.6
2015,12,6,5,30,3.3000000000000003,0,0,0,0.29,5,1.5
2015,12,6,6,30,3.6,0,0,0,0.29,7,1.4000000000000001
2015,12,6,7,30,6,25,512,100,0.29,5,1.9000000000000001
2015,12,6,8,30,9.3,138,39,149,0.29,6,2.3000000000000003
2015,12,6,9,30,12.100000000000001,263,125,315,0.29,18,1.8
2015,12,6,10,30,14.700000000000001,71,944,534,0.29,28,1.2000000000000002
2015,12,6,11,30,16.3,300,276,443,0.29,17,0.9
2015,12,6,12,30,16.8,286,263,416,0.29,10,1
2015,12,6,13,30,16.3,203,332,341,0.29,23,0.9
2015,12,6,14,30,14.9,160,52,175,0.29,43,0.7000000000000001
2015,12,6,15,30,12.700000000000001,37,1,37,0.29,33,0.8
2015,12,6,16,30,10.5,0,0,0,0.29,180,1.2000000000000002
2015,12,6,17,30,8.8,0,0,0,0.29,347,1.4000000000000001
2015,12,6,18,30,7.7,0,0,0,0.29,341,1.5
2015,12,6,19,30,6.9,0,0,0,0.29,336,1.5
2015,12,6,20,30,6.300000000000001,0,0,0,0.29,334,1.5
2015,12,6,21,30,5.800000000000001,0,0,0,0.29,334,1.5
2015,12,6,22,30,5.5,0,0,0,0.29,337,1.5
2015,12,6,23,30,5,0,0,0,0.29,341,1.6
2015,12,7,0,30,4.5,0,0,0,0.29,346,1.6
2015,12,7,1,30,4.1000000000000005,0,0,0,0.29,350,1.6
2015,12,7,2,30,3.7,0,0,0,0.29,355,1.7000000000000002
2015,12,7,3,30,3.5,0,0,0,0.29,357,1.7000000000000002
2015,12,7,4,30,3.4000000000000004,0,0,0,0.29,356,1.6
2015,12,7,5,30,3.4000000000000004,0,0,0,0.29,351,1.5
2015,12,7,6,30,4.2,0,0,0,0.29,345,1.4000000000000001
2015,12,7,7,30,6.800000000000001,58,154,80,0.29,343,1.9000000000000001
2015,12,7,8,30,10.3,150,228,217,0.29,352,2.6
2015,12,7,9,30,13.200000000000001,214,61,239,0.29,191,2.4000000000000004
2015,12,7,10,30,15.600000000000001,215,554,486,0.29,26,1.6
2015,12,7,11,30,17.3,127,779,528,0.29,25,1
2015,12,7,12,30,18.3,65,925,518,0.29,186,1
2015,12,7,13,30,18.6,221,294,343,0.29,349,1.2000000000000002
2015,12,7,14,30,17.8,144,289,231,0.29,180,0.8
2015,12,7,15,30,15.9,70,17,73,0.29,31,0.4
2015,12,7,16,30,14.3,0,0,0,0.28,192,0.5
2015,12,7,17,30,13.3,0,0,0,0.28,327,0.8
2015,12,7,18,30,12.4,0,0,0,0.28,306,0.9
2015,12,7,19,30,11.700000000000001,0,0,0,0.28,297,0.9
2015,12,7,20,30,10.8,0,0,0,0.28,309,1
2015,12,7,21,30,10,0,0,0,0.28,322,1.2000000000000002
2015,12,7,22,30,9.200000000000001,0,0,0,0.28,327,1.3
2015,12,7,23,30,8.5,0,0,0,0.28,327,1.4000000000000001
2015,12,8,0,30,8,0,0,0,0.28,323,1.4000000000000001
2015,12,8,1,30,7.800000000000001,0,0,0,0.28,324,1.3
2015,12,8,2,30,7.6000000000000005,0,0,0,0.28,329,1.3
2015,12,8,3,30,7.5,0,0,0,0.28,331,1.3
2015,12,8,4,30,7.2,0,0,0,0.28,330,1.3
2015,12,8,5,30,6.6000000000000005,0,0,0,0.28,331,1.4000000000000001
2015,12,8,6,30,6.800000000000001,0,0,0,0.28,332,1.4000000000000001
2015,12,8,7,30,9.5,60,1,60,0.28,329,1.9000000000000001
2015,12,8,8,30,13,51,773,278,0.28,328,2.4000000000000004
2015,12,8,9,30,16,60,863,416,0.28,335,2.2
2015,12,8,10,30,18.7,65,901,503,0.28,344,1.9000000000000001
2015,12,8,11,30,20.5,284,258,417,0.28,349,1.7000000000000002
2015,12,8,12,30,21.400000000000002,65,903,505,0.28,349,1.5
2015,12,8,13,30,21.6,242,164,310,0.28,349,1.4000000000000001
2015,12,8,14,30,20.400000000000002,135,274,216,0.28,181,0.9
2015,12,8,15,30,18.2,78,83,90,0.28,21,0.4
2015,12,8,16,30,16.400000000000002,0,0,0,0.29,145,0.4
2015,12,8,17,30,15.200000000000001,0,0,0,0.29,263,0.6000000000000001
2015,12,8,18,30,14.3,0,0,0,0.29,272,0.8
2015,12,8,19,30,14.100000000000001,0,0,0,0.29,278,0.8
2015,12,8,20,30,14,0,0,0,0.29,280,0.7000000000000001
2015,12,8,21,30,14,0,0,0,0.29,287,0.6000000000000001
2015,12,8,22,30,13.9,0,0,0,0.29,303,0.6000000000000001
2015,12,8,23,30,13.5,0,0,0,0.29,315,0.6000000000000001
2015,12,9,0,30,12.9,0,0,0,0.29,332,0.7000000000000001
2015,12,9,1,30,12,0,0,0,0.29,179,0.8
2015,12,9,2,30,11.3,0,0,0,0.29,16,0.9
2015,12,9,3,30,10.700000000000001,0,0,0,0.29,13,0.9
2015,12,9,4,30,10.200000000000001,0,0,0,0.29,182,1
2015,12,9,5,30,9.700000000000001,0,0,0,0.29,351,1
2015,12,9,6,30,9.5,0,0,0,0.29,346,1
2015,12,9,7,30,10.700000000000001,56,56,64,0.29,344,1.1
2015,12,9,8,30,12.9,157,56,173,0.29,341,1.6
2015,12,9,9,30,15.3,207,58,231,0.29,323,1.4000000000000001
2015,12,9,10,30,17.8,250,303,396,0.29,280,1
2015,12,9,11,30,19.5,244,82,286,0.29,244,1
2015,12,9,12,30,20.3,241,105,292,0.29,223,1.2000000000000002
2015,12,9,13,30,20.1,199,64,226,0.29,202,1.3
2015,12,9,14,30,18.400000000000002,113,15,118,0.29,172,1
2015,12,9,15,30,15.600000000000001,38,1,38,0.29,134,0.8
2015,12,9,16,30,13.5,0,0,0,0.29,98,0.8
2015,12,9,17,30,12,0,0,0,0.29,56,0.9
2015,12,9,18,30,10.600000000000001,0,0,0,0.29,24,1
2015,12,9,19,30,9.700000000000001,0,0,0,0.29,11,1.1
2015,12,9,20,30,9.3,0,0,0,0.29,182,1.2000000000000002
2015,12,9,21,30,9.200000000000001,0,0,0,0.29,356,1.2000000000000002
2015,12,9,22,30,9,0,0,0,0.29,351,1.2000000000000002
2015,12,9,23,30,8.700000000000001,0,0,0,0.29,349,1.2000000000000002
2015,12,10,0,30,8.6,0,0,0,0.29,352,1.1
2015,12,10,1,30,8.6,0,0,0,0.29,357,0.9
2015,12,10,2,30,8.3,0,0,0,0.29,351,0.8
2015,12,10,3,30,7.5,0,0,0,0.29,339,0.9
2015,12,10,4,30,6.9,0,0,0,0.29,347,0.9
2015,12,10,5,30,6.5,0,0,0,0.29,252,0.7000000000000001
2015,12,10,6,30,6.6000000000000005,0,0,0,0.29,199,0.7000000000000001
2015,12,10,7,30,8.200000000000001,67,4,68,0.29,272,0.8
2015,12,10,8,30,10.8,172,114,205,0.29,256,1.3
2015,12,10,9,30,13.8,201,278,315,0.29,212,2.3000000000000003
2015,12,10,10,30,16.400000000000002,238,322,393,0.29,201,3.5
2015,12,10,11,30,18.1,221,373,411,0.29,203,4.3
2015,12,10,12,30,19.400000000000002,199,439,413,0.29,207,4.9
2015,12,10,13,30,19.6,207,254,312,0.29,210,5
2015,12,10,14,30,18.6,158,165,207,0.29,213,4.7
2015,12,10,15,30,17,38,546,117,0.29,218,4.7
2015,12,10,16,30,16.2,0,0,0,0.28,221,5.4
2015,12,10,17,30,15.8,0,0,0,0.28,222,6
2015,12,10,18,30,15,0,0,0,0.28,221,6
2015,12,10,19,30,14.100000000000001,0,0,0,0.28,224,5.800000000000001
2015,12,10,20,30,13.200000000000001,0,0,0,0.28,229,5.7
2015,12,10,21,30,12.9,0,0,0,0.28,230,5.7
2015,12,10,22,30,12.600000000000001,0,0,0,0.28,230,5.300000000000001
2015,12,10,23,30,12.100000000000001,0,0,0,0.28,230,4.5
2015,12,11,0,30,11.4,0,0,0,0.28,229,3.6
2015,12,11,1,30,10.700000000000001,0,0,0,0.28,231,3.1
2015,12,11,2,30,9.9,0,0,0,0.28,236,2.9000000000000004
2015,12,11,3,30,9,0,0,0,0.28,241,2.7
2015,12,11,4,30,8,0,0,0,0.28,242,2.5
2015,12,11,5,30,7.300000000000001,0,0,0,0.28,242,2.3000000000000003
2015,12,11,6,30,7.5,0,0,0,0.28,243,2.4000000000000004
2015,12,11,7,30,9.4,35,538,107,0.28,245,3.7
2015,12,11,8,30,11.8,145,138,185,0.28,248,4.800000000000001
2015,12,11,9,30,13.700000000000001,248,72,277,0.28,247,4.800000000000001
2015,12,11,10,30,15.100000000000001,125,0,126,0.28,243,4.5
2015,12,11,11,30,15.700000000000001,194,522,459,0.28,242,4.4
2015,12,11,12,30,15.600000000000001,172,1,172,0.28,248,4.2
2015,12,11,13,30,14.700000000000001,41,0,41,0.28,261,3.8000000000000003
2015,12,11,14,30,13.3,53,0,53,0.28,281,3.2
2015,12,11,15,30,11.100000000000001,12,0,12,0.28,302,2.9000000000000004
2015,12,11,16,30,9.1,0,0,0,0.28,313,3.2
2015,12,11,17,30,8,0,0,0,0.28,319,3.6
2015,12,11,18,30,7,0,0,0,0.28,325,3.9000000000000004
2015,12,11,19,30,6.2,0,0,0,0.28,330,4.2
2015,12,11,20,30,5.9,0,0,0,0.28,331,4.1000000000000005
2015,12,11,21,30,6,0,0,0,0.28,328,3.5
2015,12,11,22,30,6.1000000000000005,0,0,0,0.28,326,3
2015,12,11,23,30,5.9,0,0,0,0.28,328,2.7
2015,12,12,0,30,5.4,0,0,0,0.28,329,2.7
2015,12,12,1,30,4.800000000000001,0,0,0,0.28,326,3
2015,12,12,2,30,4.5,0,0,0,0.28,324,3.4000000000000004
2015,12,12,3,30,4.2,0,0,0,0.28,322,3.6
2015,12,12,4,30,3.8000000000000003,0,0,0,0.28,322,3.6
2015,12,12,5,30,3.4000000000000004,0,0,0,0.28,323,3.4000000000000004
2015,12,12,6,30,3.9000000000000004,0,0,0,0.28,324,3.7
2015,12,12,7,30,6,30,612,110,0.28,327,4.6000000000000005
2015,12,12,8,30,8.700000000000001,45,824,280,0.28,339,5.6000000000000005
2015,12,12,9,30,11,54,914,423,0.28,351,6
2015,12,12,10,30,12.5,69,931,516,0.28,353,5.7
2015,12,12,11,30,13.5,71,946,551,0.28,349,5.5
2015,12,12,12,30,14,70,934,522,0.28,345,5.4
2015,12,12,13,30,13.9,66,890,433,0.28,341,5.4
2015,12,12,14,30,13,56,797,293,0.28,338,4.800000000000001
2015,12,12,15,30,10.100000000000001,37,580,122,0.28,336,3.1
2015,12,12,16,30,7.2,0,0,0,0.28,334,1.8
2015,12,12,17,30,5.9,0,0,0,0.28,331,1.6
2015,12,12,18,30,5.2,0,0,0,0.28,329,1.5
2015,12,12,19,30,4.800000000000001,0,0,0,0.28,326,1.5
2015,12,12,20,30,4.6000000000000005,0,0,0,0.28,323,1.4000000000000001
2015,12,12,21,30,4.3,0,0,0,0.28,321,1.4000000000000001
2015,12,12,22,30,4,0,0,0,0.28,319,1.4000000000000001
2015,12,12,23,30,3.8000000000000003,0,0,0,0.28,318,1.4000000000000001
2015,12,13,0,30,3.7,0,0,0,0.28,319,1.4000000000000001
2015,12,13,1,30,3.7,0,0,0,0.28,319,1.3
2015,12,13,2,30,3.7,0,0,0,0.28,321,1.2000000000000002
2015,12,13,3,30,3.7,0,0,0,0.28,322,1.1
2015,12,13,4,30,3.6,0,0,0,0.28,323,1
2015,12,13,5,30,3.5,0,0,0,0.28,319,0.9
2015,12,13,6,30,3.8000000000000003,0,0,0,0.28,315,0.7000000000000001
2015,12,13,7,30,5.300000000000001,33,555,104,0.28,220,0.6000000000000001
2015,12,13,8,30,7.7,50,787,273,0.28,136,1.4000000000000001
2015,12,13,9,30,9.8,60,882,415,0.28,145,2.5
2015,12,13,10,30,11.4,66,930,511,0.28,149,3.1
2015,12,13,11,30,12.700000000000001,287,286,432,0.28,158,3.5
2015,12,13,12,30,13.8,226,355,398,0.28,164,3.9000000000000004
2015,12,13,13,30,14.3,212,211,298,0.28,169,4.1000000000000005
2015,12,13,14,30,13.9,109,489,254,0.28,177,3.7
2015,12,13,15,30,11.8,35,585,121,0.28,189,2.9000000000000004
2015,12,13,16,30,10.200000000000001,0,0,0,0.28,203,3.2
2015,12,13,17,30,10,0,0,0,0.28,209,4.2
2015,12,13,18,30,9.8,0,0,0,0.28,207,4.6000000000000005
2015,12,13,19,30,9.4,0,0,0,0.28,208,4.7
2015,12,13,20,30,8.9,0,0,0,0.28,213,4.800000000000001
2015,12,13,21,30,8.200000000000001,0,0,0,0.28,220,4.5
2015,12,13,22,30,7.4,0,0,0,0.28,232,3.7
2015,12,13,23,30,6.5,0,0,0,0.28,250,3.2
2015,12,14,0,30,5.6000000000000005,0,0,0,0.28,269,2.8000000000000003
2015,12,14,1,30,4.800000000000001,0,0,0,0.28,280,2.7
2015,12,14,2,30,4.2,0,0,0,0.28,286,2.8000000000000003
2015,12,14,3,30,3.9000000000000004,0,0,0,0.28,293,3.1
2015,12,14,4,30,3.8000000000000003,0,0,0,0.28,302,3.4000000000000004
2015,12,14,5,30,3.6,0,0,0,0.28,310,3.3000000000000003
2015,12,14,6,30,3.8000000000000003,0,0,0,0.28,313,3.4000000000000004
2015,12,14,7,30,5.4,52,5,52,0.28,313,4.4
2015,12,14,8,30,7.5,137,262,211,0.28,317,5.7
2015,12,14,9,30,9.1,217,164,283,0.28,323,6.1000000000000005
2015,12,14,10,30,10.100000000000001,72,924,513,0.28,327,6
2015,12,14,11,30,10.3,324,129,389,0.28,330,5.800000000000001
2015,12,14,12,30,9.700000000000001,200,20,210,0.28,332,5.7
2015,12,14,13,30,9.1,198,48,218,0.28,331,5.5
2015,12,14,14,30,8.5,164,108,196,0.28,329,4.9
2015,12,14,15,30,6.800000000000001,84,48,91,0.28,324,3.5
2015,12,14,16,30,4.9,0,0,0,0.28,319,2.7
2015,12,14,17,30,3.9000000000000004,0,0,0,0.28,317,3.1
2015,12,14,18,30,3.3000000000000003,0,0,0,0.28,318,3.5
2015,12,14,19,30,2.6,0,0,0,0.28,319,3.4000000000000004
2015,12,14,20,30,1.9000000000000001,0,0,0,0.28,321,3.2
2015,12,14,21,30,1.3,0,0,0,0.28,323,3
2015,12,14,22,30,0.6000000000000001,0,0,0,0.28,323,2.7
2015,12,14,23,30,0,0,0,0,0.28,322,2.4000000000000004
2015,12,15,0,30,-0.4,0,0,0,0.28,319,2.3000000000000003
2015,12,15,1,30,-0.5,0,0,0,0.28,317,2.2
2015,12,15,2,30,-0.5,0,0,0,0.28,316,2.2
2015,12,15,3,30,-0.5,0,0,0,0.28,317,2.2
2015,12,15,4,30,-0.4,0,0,0,0.28,320,2.1
2015,12,15,5,30,-0.4,0,0,0,0.28,323,2.1
2015,12,15,6,30,0.5,0,0,0,0.28,326,2.3000000000000003
2015,12,15,7,30,3,31,579,104,0.28,332,3.5
2015,12,15,8,30,5.7,49,807,274,0.28,344,5
2015,12,15,9,30,7.6000000000000005,58,901,418,0.28,177,5.2
2015,12,15,10,30,8.8,64,944,513,0.28,5,4.7
2015,12,15,11,30,9.4,67,955,549,0.28,6,4.2
2015,12,15,12,30,9.5,67,941,522,0.28,3,4
2015,12,15,13,30,9.3,62,902,434,0.28,178,3.8000000000000003
2015,12,15,14,30,8.6,53,813,295,0.28,351,3.2
2015,12,15,15,30,6.6000000000000005,36,608,126,0.28,341,2
2015,12,15,16,30,4.9,0,0,0,0.28,331,1.5
2015,12,15,17,30,4.3,0,0,0,0.28,325,1.6
2015,12,15,18,30,3.7,0,0,0,0.28,326,1.8
2015,12,15,19,30,2.9000000000000004,0,0,0,0.28,329,1.9000000000000001
2015,12,15,20,30,2.1,0,0,0,0.28,333,2
2015,12,15,21,30,1.5,0,0,0,0.28,338,2.1
2015,12,15,22,30,0.9,0,0,0,0.28,342,2.1
2015,12,15,23,30,0.4,0,0,0,0.28,343,2.2
2015,12,16,0,30,0.1,0,0,0,0.28,341,2.2
2015,12,16,1,30,-0.2,0,0,0,0.28,338,2.1
2015,12,16,2,30,-0.6000000000000001,0,0,0,0.28,333,2
2015,12,16,3,30,-0.9,0,0,0,0.28,330,1.9000000000000001
2015,12,16,4,30,-1.1,0,0,0,0.28,330,1.9000000000000001
2015,12,16,5,30,-1.4000000000000001,0,0,0,0.28,332,1.9000000000000001
2015,12,16,6,30,-0.7000000000000001,0,0,0,0.28,332,2.1
2015,12,16,7,30,1.7000000000000002,32,574,103,0.28,338,3
2015,12,16,8,30,4.5,51,805,274,0.28,173,3.6
2015,12,16,9,30,6.300000000000001,61,902,420,0.28,2,3.1
2015,12,16,10,30,7.5,72,929,513,0.28,177,2.5
2015,12,16,11,30,8.3,75,943,550,0.28,342,2.2
2015,12,16,12,30,8.9,73,932,523,0.28,329,2.2
2015,12,16,13,30,9.1,67,892,435,0.28,322,2.2
2015,12,16,14,30,8.4,57,802,296,0.28,319,1.7000000000000002
2015,12,16,15,30,6.4,39,591,126,0.28,306,0.9
2015,12,16,16,30,4.5,0,0,0,0.28,269,0.8
2015,12,16,17,30,3.2,0,0,0,0.28,243,1
2015,12,16,18,30,2.4000000000000004,0,0,0,0.28,251,1.1
2015,12,16,19,30,2.1,0,0,0,0.28,261,1
2015,12,16,20,30,1.9000000000000001,0,0,0,0.28,267,0.9
2015,12,16,21,30,1.8,0,0,0,0.28,283,0.9
2015,12,16,22,30,1.8,0,0,0,0.28,304,0.9
2015,12,16,23,30,1.7000000000000002,0,0,0,0.28,317,0.9
2015,12,17,0,30,1.5,0,0,0,0.28,334,0.9
2015,12,17,1,30,1.2000000000000002,0,0,0,0.28,350,1
2015,12,17,2,30,1,0,0,0,0.28,177,1
2015,12,17,3,30,0.7000000000000001,0,0,0,0.28,1,1
2015,12,17,4,30,0.7000000000000001,0,0,0,0.28,3,1
2015,12,17,5,30,0.7000000000000001,0,0,0,0.28,5,1
2015,12,17,6,30,1.1,0,0,0,0.28,6,0.8
2015,12,17,7,30,2.8000000000000003,31,542,97,0.28,3,0.9
2015,12,17,8,30,5.300000000000001,50,772,263,0.28,13,1.2000000000000002
2015,12,17,9,30,7.6000000000000005,59,873,405,0.28,29,1.3
2015,12,17,10,30,9.4,69,902,497,0.28,34,1.3
2015,12,17,11,30,10.600000000000001,71,917,533,0.28,47,0.9
2015,12,17,12,30,11.4,69,906,506,0.28,74,0.6000000000000001
2015,12,17,13,30,11.5,67,848,417,0.28,88,0.5
2015,12,17,14,30,10.700000000000001,57,758,284,0.28,99,0.4
2015,12,17,15,30,8.8,38,550,121,0.28,122,0.5
2015,12,17,16,30,7.2,0,0,0,0.28,140,0.6000000000000001
2015,12,17,17,30,6.5,0,0,0,0.28,163,0.6000000000000001
2015,12,17,18,30,6,0,0,0,0.28,190,0.5
2015,12,17,19,30,5.7,0,0,0,0.28,209,0.30000000000000004
2015,12,17,20,30,5.5,0,0,0,0.28,131,0.30000000000000004
2015,12,17,21,30,5,0,0,0,0.28,47,0.5
2015,12,17,22,30,4.4,0,0,0,0.28,41,0.7000000000000001
2015,12,17,23,30,3.8000000000000003,0,0,0,0.28,28,0.8
2015,12,18,0,30,3.3000000000000003,0,0,0,0.28,16,1
2015,12,18,1,30,2.7,0,0,0,0.28,9,1.1
2015,12,18,2,30,2.3000000000000003,0,0,0,0.28,7,1.2000000000000002
2015,12,18,3,30,2.1,0,0,0,0.28,8,1.2000000000000002
2015,12,18,4,30,2,0,0,0,0.28,10,1.2000000000000002
2015,12,18,5,30,1.9000000000000001,0,0,0,0.28,10,1.2000000000000002
2015,12,18,6,30,2.3000000000000003,0,0,0,0.28,8,1.1
2015,12,18,7,30,4.5,32,517,94,0.28,4,1.6
2015,12,18,8,30,7.6000000000000005,51,760,260,0.28,11,2
2015,12,18,9,30,10.200000000000001,61,863,402,0.28,34,1.6
2015,12,18,10,30,12.200000000000001,69,908,498,0.28,60,1.3
2015,12,18,11,30,13.4,71,929,538,0.28,76,1
2015,12,18,12,30,14,69,921,513,0.28,93,0.8
2015,12,18,13,30,14.200000000000001,63,890,430,0.28,115,0.8
2015,12,18,14,30,13.4,53,807,294,0.28,118,0.6000000000000001
2015,12,18,15,30,11.3,36,608,128,0.28,84,0.5
2015,12,18,16,30,9.4,0,0,0,0.28,33,0.6000000000000001
2015,12,18,17,30,8.200000000000001,0,0,0,0.28,5,0.9
2015,12,18,18,30,7.300000000000001,0,0,0,0.28,3,1.1
2015,12,18,19,30,6.6000000000000005,0,0,0,0.28,7,1.2000000000000002
2015,12,18,20,30,5.6000000000000005,0,0,0,0.28,11,1.3
2015,12,18,21,30,4.5,0,0,0,0.28,13,1.3
2015,12,18,22,30,3.5,0,0,0,0.28,11,1.4000000000000001
2015,12,18,23,30,2.7,0,0,0,0.28,7,1.4000000000000001
2015,12,19,0,30,2.2,0,0,0,0.28,6,1.4000000000000001
2015,12,19,1,30,2,0,0,0,0.28,7,1.3
2015,12,19,2,30,1.8,0,0,0,0.28,8,1.3
2015,12,19,3,30,1.7000000000000002,0,0,0,0.28,8,1.3
2015,12,19,4,30,1.7000000000000002,0,0,0,0.28,9,1.3
2015,12,19,5,30,1.8,0,0,0,0.28,10,1.3
2015,12,19,6,30,2.6,0,0,0,0.28,12,1.2000000000000002
2015,12,19,7,30,5,31,541,95,0.28,9,1.5
2015,12,19,8,30,8.1,51,780,264,0.28,8,1.6
2015,12,19,9,30,11,63,880,409,0.28,84,1.3
2015,12,19,10,30,13.5,75,906,503,0.28,163,1.8
2015,12,19,11,30,14.9,76,924,540,0.28,172,2.5
2015,12,19,12,30,15.700000000000001,74,916,516,0.28,173,3
2015,12,19,13,30,15.8,74,856,428,0.28,169,3.2
2015,12,19,14,30,14.3,63,759,291,0.28,161,2.2
2015,12,19,15,30,11.3,86,28,90,0.28,153,1.3
2015,12,19,16,30,9.200000000000001,0,0,0,0.28,149,1.2000000000000002
2015,12,19,17,30,8.4,0,0,0,0.28,148,1.1
2015,12,19,18,30,7.800000000000001,0,0,0,0.28,155,1
2015,12,19,19,30,7.300000000000001,0,0,0,0.28,179,0.9
2015,12,19,20,30,6.800000000000001,0,0,0,0.28,207,1
2015,12,19,21,30,6.2,0,0,0,0.28,225,1.1
2015,12,19,22,30,6,0,0,0,0.28,238,1.1
2015,12,19,23,30,5.9,0,0,0,0.28,253,1
2015,12,20,0,30,5.800000000000001,0,0,0,0.28,272,0.8
2015,12,20,1,30,5.4,0,0,0,0.28,262,0.8
2015,12,20,2,30,4.800000000000001,0,0,0,0.28,243,1
2015,12,20,3,30,4.4,0,0,0,0.28,254,1.1
2015,12,20,4,30,4.3,0,0,0,0.28,268,1
2015,12,20,5,30,4.3,0,0,0,0.28,262,0.9
2015,12,20,6,30,4.6000000000000005,0,0,0,0.28,246,0.8
2015,12,20,7,30,6.2,39,392,85,0.28,232,1.1
2015,12,20,8,30,8.3,68,656,246,0.28,217,1.3
2015,12,20,9,30,9.9,84,766,385,0.28,216,1.4000000000000001
2015,12,20,10,30,10.600000000000001,95,813,478,0.28,231,1.6
2015,12,20,11,30,10.700000000000001,278,202,379,0.28,248,1.8
2015,12,20,12,30,10.600000000000001,272,176,357,0.28,238,1.6
2015,12,20,13,30,10.5,126,4,127,0.28,202,1.6
2015,12,20,14,30,10.200000000000001,109,8,112,0.28,182,1.6
2015,12,20,15,30,8.6,80,31,85,0.28,178,1.2000000000000002
2015,12,20,16,30,6.9,0,0,0,0.27,171,1
2015,12,20,17,30,6.300000000000001,0,0,0,0.27,164,0.9
2015,12,20,18,30,5.800000000000001,0,0,0,0.27,155,0.8
2015,12,20,19,30,5.4,0,0,0,0.27,76,0.6000000000000001
2015,12,20,20,30,5,0,0,0,0.27,174,0.6000000000000001
2015,12,20,21,30,4.5,0,0,0,0.27,341,0.8
2015,12,20,22,30,4.1000000000000005,0,0,0,0.27,338,0.8
2015,12,20,23,30,3.7,0,0,0,0.27,336,0.9
2015,12,21,0,30,3.3000000000000003,0,0,0,0.27,336,1
2015,12,21,1,30,3.2,0,0,0,0.27,342,1
2015,12,21,2,30,3.2,0,0,0,0.27,174,1
2015,12,21,3,30,3.1,0,0,0,0.27,7,1
2015,12,21,4,30,3.2,0,0,0,0.27,13,1
2015,12,21,5,30,3.4000000000000004,0,0,0,0.27,18,0.8
2015,12,21,6,30,3.7,0,0,0,0.27,19,0.6000000000000001
2015,12,21,7,30,4.6000000000000005,39,2,40,0.27,9,0.6000000000000001
2015,12,21,8,30,6.4,26,0,26,0.27,87,0.9
2015,12,21,9,30,8.3,205,112,249,0.27,171,1.6
2015,12,21,10,30,9.5,123,3,124,0.27,173,2.2
2015,12,21,11,30,10.3,272,178,362,0.27,172,2.6
2015,12,21,12,30,11.100000000000001,236,284,373,0.27,173,3
2015,12,21,13,30,11.9,218,101,260,0.27,179,3.3000000000000003
2015,12,21,14,30,11.200000000000001,148,93,176,0.27,183,2.4000000000000004
2015,12,21,15,30,9,69,13,71,0.27,180,1.3
2015,12,21,16,30,7.300000000000001,0,0,0,0.27,180,1.1
2015,12,21,17,30,7,0,0,0,0.27,185,1.2000000000000002
2015,12,21,18,30,6.6000000000000005,0,0,0,0.27,186,1.3
2015,12,21,19,30,6.4,0,0,0,0.27,185,1.4000000000000001
2015,12,21,20,30,6.4,0,0,0,0.27,187,1.4000000000000001
2015,12,21,21,30,6.4,0,0,0,0.27,186,1.3
2015,12,21,22,30,6.5,0,0,0,0.27,183,1.3
2015,12,21,23,30,6.6000000000000005,0,0,0,0.27,177,1.2000000000000002
2015,12,22,0,30,6.7,0,0,0,0.27,173,1.3
2015,12,22,1,30,7,0,0,0,0.27,173,1.5
2015,12,22,2,30,7.2,0,0,0,0.27,174,1.6
2015,12,22,3,30,7.300000000000001,0,0,0,0.27,172,1.7000000000000002
2015,12,22,4,30,7.4,0,0,0,0.27,169,1.9000000000000001
2015,12,22,5,30,7.4,0,0,0,0.27,168,2.1
2015,12,22,6,30,7.5,0,0,0,0.27,175,2.3000000000000003
2015,12,22,7,30,8.3,23,0,23,0.27,190,3
2015,12,22,8,30,9.700000000000001,9,0,9,0.27,202,3.8000000000000003
2015,12,22,9,30,11.600000000000001,93,0,93,0.27,211,4.6000000000000005
2015,12,22,10,30,13.8,216,8,220,0.27,221,5.300000000000001
2015,12,22,11,30,15.600000000000001,264,345,437,0.27,229,5.4
2015,12,22,12,30,16.8,79,867,498,0.27,231,5
2015,12,22,13,30,17.3,76,814,414,0.27,229,4.5
2015,12,22,14,30,16.400000000000002,64,722,283,0.27,222,3.4000000000000004
2015,12,22,15,30,13.9,42,518,123,0.27,211,2.2
2015,12,22,16,30,11.4,0,0,0,0.27,206,1.9000000000000001
2015,12,22,17,30,10.100000000000001,0,0,0,0.27,210,1.9000000000000001
2015,12,22,18,30,9.1,0,0,0,0.27,218,1.6
2015,12,22,19,30,8.6,0,0,0,0.27,226,1.4000000000000001
2015,12,22,20,30,8.5,0,0,0,0.27,235,1.1
2015,12,22,21,30,8.4,0,0,0,0.27,249,0.9
2015,12,22,22,30,8,0,0,0,0.27,268,0.8
2015,12,22,23,30,7.4,0,0,0,0.27,292,0.8
2015,12,23,0,30,6.800000000000001,0,0,0,0.27,302,0.8
2015,12,23,1,30,6.300000000000001,0,0,0,0.27,297,0.9
2015,12,23,2,30,6,0,0,0,0.27,295,1
2015,12,23,3,30,5.6000000000000005,0,0,0,0.27,299,1
2015,12,23,4,30,5.1000000000000005,0,0,0,0.27,299,1.1
2015,12,23,5,30,4.5,0,0,0,0.27,299,1.1
2015,12,23,6,30,4.800000000000001,0,0,0,0.27,303,1.2000000000000002
2015,12,23,7,30,7,47,1,47,0.27,312,1.8
2015,12,23,8,30,9.9,55,722,248,0.27,323,2.3000000000000003
2015,12,23,9,30,12.4,66,833,391,0.27,342,2.4000000000000004
2015,12,23,10,30,14.100000000000001,79,865,485,0.27,178,2.4000000000000004
2015,12,23,11,30,15,84,876,523,0.27,4,2.5
2015,12,23,12,30,15.600000000000001,82,871,503,0.27,4,2.6
2015,12,23,13,30,15.600000000000001,74,841,424,0.27,4,2.7
2015,12,23,14,30,14.5,61,761,293,0.27,10,2.1
2015,12,23,15,30,11.4,79,232,115,0.27,27,1.4000000000000001
2015,12,23,16,30,8.5,0,0,0,0.28,41,1.4000000000000001
2015,12,23,17,30,7,0,0,0,0.28,42,1.5
2015,12,23,18,30,5.7,0,0,0,0.28,37,1.6
2015,12,23,19,30,4.5,0,0,0,0.28,28,1.6
2015,12,23,20,30,3.6,0,0,0,0.28,17,1.6
2015,12,23,21,30,2.9000000000000004,0,0,0,0.28,6,1.7000000000000002
2015,12,23,22,30,2.4000000000000004,0,0,0,0.28,176,1.8
2015,12,23,23,30,2,0,0,0,0.28,350,1.9000000000000001
2015,12,24,0,30,1.6,0,0,0,0.28,349,1.8
2015,12,24,1,30,1.3,0,0,0,0.28,352,1.7000000000000002
2015,12,24,2,30,1.1,0,0,0,0.28,353,1.5
2015,12,24,3,30,1,0,0,0,0.28,349,1.3
2015,12,24,4,30,1.2000000000000002,0,0,0,0.28,345,1.2000000000000002
2015,12,24,5,30,1.4000000000000001,0,0,0,0.28,337,1.2000000000000002
2015,12,24,6,30,2.1,0,0,0,0.28,331,1
2015,12,24,7,30,4.4,38,0,38,0.28,328,1
2015,12,24,8,30,7.300000000000001,52,773,259,0.28,266,1
2015,12,24,9,30,9.600000000000001,63,881,406,0.28,198,1.5
2015,12,24,10,30,11.100000000000001,68,931,506,0.28,193,2.5
2015,12,24,11,30,12.100000000000001,70,948,546,0.28,199,3.1
2015,12,24,12,30,12.8,69,939,524,0.28,209,3.7
2015,12,24,13,30,13,67,901,443,0.28,220,4.3
2015,12,24,14,30,12.200000000000001,57,814,306,0.28,228,4.1000000000000005
2015,12,24,15,30,9.3,40,616,137,0.28,228,3
2015,12,24,16,30,6.6000000000000005,0,0,0,0.28,223,2.5
2015,12,24,17,30,5.800000000000001,0,0,0,0.28,220,2.9000000000000004
2015,12,24,18,30,5.5,0,0,0,0.28,220,3.6
2015,12,24,19,30,5.300000000000001,0,0,0,0.28,224,4.1000000000000005
2015,12,24,20,30,5.1000000000000005,0,0,0,0.28,224,4.3
2015,12,24,21,30,5.1000000000000005,0,0,0,0.28,221,4.3
2015,12,24,22,30,5.300000000000001,0,0,0,0.28,222,4.4
2015,12,24,23,30,5.300000000000001,0,0,0,0.28,226,4.5
2015,12,25,0,30,4.9,0,0,0,0.28,236,4.4
2015,12,25,1,30,4.6000000000000005,0,0,0,0.28,254,4.7
2015,12,25,2,30,4.4,0,0,0,0.28,277,4.5
2015,12,25,3,30,3.8000000000000003,0,0,0,0.28,293,3.6
2015,12,25,4,30,3.1,0,0,0,0.28,296,2.7
2015,12,25,5,30,2.1,0,0,0,0.28,294,2
2015,12,25,6,30,2,0,0,0,0.28,294,2
2015,12,25,7,30,3.8000000000000003,27,569,90,0.28,298,3.2
2015,12,25,8,30,6.1000000000000005,43,815,260,0.28,309,4.6000000000000005
2015,12,25,9,30,7.7,51,926,411,0.28,321,4.9
2015,12,25,10,30,8.8,61,960,513,0.28,327,4.6000000000000005
2015,12,25,11,30,9.4,63,978,554,0.28,328,4.3
2015,12,25,12,30,9.700000000000001,61,972,532,0.28,327,4.4
2015,12,25,13,30,9.5,57,926,444,0.28,330,4.5
2015,12,25,14,30,8.5,49,847,309,0.28,335,4.4
2015,12,25,15,30,6.300000000000001,34,666,141,0.28,341,3.2
2015,12,25,16,30,4,0,0,0,0.28,343,2.2
2015,12,25,17,30,3,0,0,0,0.28,342,2.3000000000000003
2015,12,25,18,30,2.2,0,0,0,0.28,341,2.4000000000000004
2015,12,25,19,30,1.4000000000000001,0,0,0,0.28,339,2.4000000000000004
2015,12,25,20,30,0.8,0,0,0,0.28,338,2.6
2015,12,25,21,30,0.30000000000000004,0,0,0,0.28,338,2.8000000000000003
2015,12,25,22,30,0,0,0,0,0.28,341,2.9000000000000004
2015,12,25,23,30,-0.1,0,0,0,0.28,348,2.9000000000000004
2015,12,26,0,30,-0.1,0,0,0,0.28,353,2.9000000000000004
2015,12,26,1,30,-0.2,0,0,0,0.28,356,3
2015,12,26,2,30,-0.2,0,0,0,0.28,357,3.3000000000000003
2015,12,26,3,30,-0.4,0,0,0,0.28,355,3.7
2015,12,26,4,30,-0.5,0,0,0,0.28,353,4.1000000000000005
2015,12,26,5,30,-0.7000000000000001,0,0,0,0.28,351,4.5
2015,12,26,6,30,-0.5,0,0,0,0.28,352,4.9
2015,12,26,7,30,0.9,26,634,95,0.28,177,5.9
2015,12,26,8,30,2.9000000000000004,41,867,271,0.28,5,6.9
2015,12,26,9,30,4.6000000000000005,50,960,424,0.28,13,7.6000000000000005
2015,12,26,10,30,5.9,58,998,527,0.28,17,8
2015,12,26,11,30,6.7,59,1016,570,0.28,20,8.200000000000001
2015,12,26,12,30,7,58,1008,548,0.28,20,8.3
2015,12,26,13,30,6.800000000000001,56,971,463,0.28,20,8.200000000000001
2015,12,26,14,30,6,49,876,320,0.28,18,7.7
2015,12,26,15,30,4.3,36,693,148,0.28,15,6.7
2015,12,26,16,30,2.6,0,0,0,0.28,13,6
2015,12,26,17,30,1.5,0,0,0,0.28,11,5.9
2015,12,26,18,30,0.8,0,0,0,0.28,9,5.800000000000001
2015,12,26,19,30,0.30000000000000004,0,0,0,0.28,6,5.5
2015,12,26,20,30,-0.2,0,0,0,0.28,181,5
2015,12,26,21,30,-0.6000000000000001,0,0,0,0.28,358,4.4
2015,12,26,22,30,-1,0,0,0,0.28,180,3.8000000000000003
2015,12,26,23,30,-1.3,0,0,0,0.28,5,3.5
2015,12,27,0,30,-1.6,0,0,0,0.28,9,3.3000000000000003
2015,12,27,1,30,-2,0,0,0,0.28,10,3
2015,12,27,2,30,-2.4000000000000004,0,0,0,0.28,7,2.6
2015,12,27,3,30,-2.7,0,0,0,0.28,181,2.4000000000000004
2015,12,27,4,30,-2.8000000000000003,0,0,0,0.28,356,2.2
2015,12,27,5,30,-2.9000000000000004,0,0,0,0.28,357,2.2
2015,12,27,6,30,-2.1,0,0,0,0.28,181,2.7
2015,12,27,7,30,-0.2,28,598,93,0.28,12,3.8000000000000003
2015,12,27,8,30,2,45,840,268,0.28,27,4
2015,12,27,9,30,4,55,936,419,0.28,34,3.7
2015,12,27,10,30,5.7,70,958,520,0.28,35,3.4000000000000004
2015,12,27,11,30,6.800000000000001,73,974,563,0.28,35,3.1
2015,12,27,12,30,7.300000000000001,72,966,542,0.28,36,2.9000000000000004
2015,12,27,13,30,7.4,67,927,457,0.28,40,2.5
2015,12,27,14,30,6.4,72,0,72,0.28,40,1.6
2015,12,27,15,30,4.3,85,5,85,0.28,25,0.9
2015,12,27,16,30,2.7,0,0,0,0.28,172,0.9
2015,12,27,17,30,2.2,0,0,0,0.28,322,0.9
2015,12,27,18,30,2.1,0,0,0,0.28,311,1
2015,12,27,19,30,2.1,0,0,0,0.28,317,1
2015,12,27,20,30,2.1,0,0,0,0.28,329,0.9
2015,12,27,21,30,1.9000000000000001,0,0,0,0.28,343,0.9
2015,12,27,22,30,1.6,0,0,0,0.28,352,0.8
2015,12,27,23,30,1.4000000000000001,0,0,0,0.28,355,0.8
2015,12,28,0,30,1.2000000000000002,0,0,0,0.28,354,0.8
2015,12,28,1,30,0.9,0,0,0,0.28,353,0.8
2015,12,28,2,30,0.6000000000000001,0,0,0,0.28,354,0.8
2015,12,28,3,30,0.4,0,0,0,0.28,180,0.8
2015,12,28,4,30,0.2,0,0,0,0.28,7,0.8
2015,12,28,5,30,0.1,0,0,0,0.28,9,0.9
2015,12,28,6,30,0.30000000000000004,0,0,0,0.28,9,0.9
2015,12,28,7,30,1.8,32,483,84,0.28,9,0.9
2015,12,28,8,30,3.9000000000000004,55,756,255,0.28,13,0.8
2015,12,28,9,30,5.6000000000000005,68,858,401,0.28,24,0.6000000000000001
2015,12,28,10,30,6.800000000000001,87,880,500,0.28,44,0.7000000000000001
2015,12,28,11,30,7.6000000000000005,89,901,543,0.28,66,0.8
2015,12,28,12,30,8,88,890,522,0.28,81,0.9
2015,12,28,13,30,7.9,76,868,443,0.28,86,1
2015,12,28,14,30,6.800000000000001,66,776,308,0.28,88,0.8
2015,12,28,15,30,5,47,561,140,0.28,92,0.7000000000000001
2015,12,28,16,30,3.8000000000000003,0,0,0,0.28,85,0.7000000000000001
2015,12,28,17,30,3.2,0,0,0,0.28,217,0.6000000000000001
2015,12,28,18,30,2.5,0,0,0,0.28,344,0.8
2015,12,28,19,30,1.8,0,0,0,0.28,328,1
2015,12,28,20,30,1.4000000000000001,0,0,0,0.28,324,1.1
2015,12,28,21,30,1.2000000000000002,0,0,0,0.28,321,1.1
2015,12,28,22,30,1,0,0,0,0.28,317,1.1
2015,12,28,23,30,1,0,0,0,0.28,316,1.1
2015,12,29,0,30,1.2000000000000002,0,0,0,0.28,319,1.2000000000000002
2015,12,29,1,30,1.4000000000000001,0,0,0,0.28,324,1.3
2015,12,29,2,30,1.4000000000000001,0,0,0,0.28,329,1.3
2015,12,29,3,30,0.7000000000000001,0,0,0,0.28,332,1.5
2015,12,29,4,30,0,0,0,0,0.28,333,1.7000000000000002
2015,12,29,5,30,-0.5,0,0,0,0.28,333,2
2015,12,29,6,30,-0.2,0,0,0,0.28,333,2.5
2015,12,29,7,30,1.7000000000000002,36,415,80,0.28,339,3.6
2015,12,29,8,30,4.1000000000000005,61,713,249,0.28,350,4.3
2015,12,29,9,30,5.800000000000001,72,844,400,0.28,356,4
2015,12,29,10,30,7.300000000000001,74,915,504,0.28,358,3.1
2015,12,29,11,30,8.3,74,941,549,0.28,355,2.4000000000000004
2015,12,29,12,30,8.8,71,939,529,0.28,347,2
2015,12,29,13,30,8.9,64,907,449,0.28,341,1.8
2015,12,29,14,30,8,54,833,315,0.28,337,1.3
2015,12,29,15,30,5.9,38,658,148,0.28,328,0.8
2015,12,29,16,30,4.1000000000000005,0,0,0,0.28,310,0.8
2015,12,29,17,30,3.1,0,0,0,0.28,295,0.9
2015,12,29,18,30,2.4000000000000004,0,0,0,0.28,286,1
2015,12,29,19,30,2,0,0,0,0.28,279,1
2015,12,29,20,30,1.8,0,0,0,0.28,284,0.9
2015,12,29,21,30,1.7000000000000002,0,0,0,0.28,309,0.9
2015,12,29,22,30,1.5,0,0,0,0.28,338,0.9
2015,12,29,23,30,1.2000000000000002,0,0,0,0.28,177,0.9
2015,12,30,0,30,0.8,0,0,0,0.28,7,1
2015,12,30,1,30,0.6000000000000001,0,0,0,0.28,14,1
2015,12,30,2,30,0.1,0,0,0,0.28,20,1.1
2015,12,30,3,30,-0.30000000000000004,0,0,0,0.28,24,1.1
2015,12,30,4,30,-0.5,0,0,0,0.28,29,1.1
2015,12,30,5,30,-0.4,0,0,0,0.28,28,1.1
2015,12,30,6,30,0,0,0,0,0.28,19,1.1
2015,12,30,7,30,1.8,28,547,86,0.28,12,1.4000000000000001
2015,12,30,8,30,4.2,48,790,256,0.28,33,1
2015,12,30,9,30,6.4,59,893,405,0.28,99,0.7000000000000001
2015,12,30,10,30,8,69,928,506,0.28,151,1.1
2015,12,30,11,30,8.9,72,954,554,0.28,164,1.4000000000000001
2015,12,30,12,30,9.5,71,946,535,0.28,171,1.6
2015,12,30,13,30,9.4,69,899,452,0.28,175,1.7000000000000002
2015,12,30,14,30,8.3,60,816,318,0.28,175,1.2000000000000002
2015,12,30,15,30,6.4,42,629,149,0.28,179,0.7000000000000001
2015,12,30,16,30,5.1000000000000005,0,0,0,0.28,224,0.5
2015,12,30,17,30,4.1000000000000005,0,0,0,0.28,287,0.7000000000000001
2015,12,30,18,30,3.2,0,0,0,0.28,310,0.9
2015,12,30,19,30,2.5,0,0,0,0.28,311,1
2015,12,30,20,30,2.1,0,0,0,0.28,313,1.1
2015,12,30,21,30,1.5,0,0,0,0.28,319,1.1
2015,12,30,22,30,1,0,0,0,0.28,327,1.2000000000000002
2015,12,30,23,30,0.6000000000000001,0,0,0,0.28,335,1.3
2015,12,31,0,30,0.1,0,0,0,0.28,343,1.6
2015,12,31,1,30,-0.30000000000000004,0,0,0,0.28,351,1.9000000000000001
2015,12,31,2,30,-0.6000000000000001,0,0,0,0.28,178,2.3000000000000003
2015,12,31,3,30,-0.7000000000000001,0,0,0,0.28,4,2.9000000000000004
2015,12,31,4,30,-1,0,0,0,0.28,7,3.4000000000000004
2015,12,31,5,30,-1.4000000000000001,0,0,0,0.28,8,3.7
2015,12,31,6,30,-1,0,0,0,0.28,8,4.1000000000000005
2015,12,31,7,30,0.6000000000000001,28,562,88,0.28,14,5
2015,12,31,8,30,2.7,48,825,266,0.28,23,5.4
2015,12,31,9,30,4.7,59,926,419,0.28,27,5.2
2015,12,31,10,30,6.300000000000001,65,973,524,0.28,28,4.9
2015,12,31,11,30,7.4,67,990,568,0.28,29,4.800000000000001
2015,12,31,12,30,8,66,983,549,0.28,31,4.800000000000001
2015,12,31,13,30,8.200000000000001,61,952,468,0.28,34,4.7
2015,12,31,14,30,7.2,53,865,328,0.28,33,3.7
2015,12,31,15,30,4.1000000000000005,38,695,158,0.28,27,2.3000000000000003
2015,12,31,16,30,6.4,4,0,4,0.24,182,1.6
2015,12,31,17,30,5.7,0,0,0,0.24,181,2.2
2015,12,31,18,30,5.4,0,0,0,0.24,3,3
2015,12,31,19,30,5,0,0,0,0.24,180,3.5
2015,12,31,20,30,4.4,0,0,0,0.24,356,3.7
2015,12,31,21,30,3.9000000000000004,0,0,0,0.24,354,3.7
2015,12,31,22,30,3.6,0,0,0,0.24,354,3.8000000000000003
2015,12,31,23,30,3.3000000000000003,0,0,0,0.24,355,4
