Source,Location ID,City,State,Country,Latitude,Longitude,Time Zone,Elevation,Local Time Zone,Clearsky DHI Units,Clearsky DNI Units,Clearsky GHI Units,Dew Point Units,DHI Units,DNI Units,GHI Units,Solar Zenith Angle Units,Temperature Units,Pressure Units,Relative Humidity Units,Precipitable Water Units,Wind Direction Units,Wind Speed Units,Cloud Type -15,Cloud Type 0,Cloud Type 1,Cloud Type 2,Cloud Type 3,Cloud Type 4,Cloud Type 5,Cloud Type 6,Cloud Type 7,Cloud Type 8,Cloud Type 9,Cloud Type 10,Cloud Type 11,Cloud Type 12,Fill Flag 0,Fill Flag 1,Fill Flag 2,Fill Flag 3,Fill Flag 4,Fill Flag 5,Surface Albedo Units,Version
NSRDB,233987,-,-,-,33.89,-116.54,-8,207,-8,w/m2,w/m2,w/m2,c,w/m2,w/m2,w/m2,Degree,c,mbar,%,cm,Degrees,m/s,N/A,Clear,Probably Clear,Fog,Water,Super-Cooled Water,Mixed,Opaque Ice,Cirrus,Overlapping,Overshooting,Unknown,Dust,Smoke,N/A,Missing Image,Low Irradiance,Exceeds Clearsky,Missing CLoud Properties,Rayleigh Violation,N/A,4.0.1
Year,Month,Day,Hour,Minute,DHI,DNI,GHI,Surface Albedo,Wind Direction,Wind Speed,Temperature
2015,1,1,0,30,0,0,0,0.18,319,1.4000000000000001,2
2015,1,1,1,30,0,0,0,0.18,317,1.4000000000000001,1.9000000000000001
2015,1,1,2,30,0,0,0,0.18,313,1.4000000000000001,1.8
2015,1,1,3,30,0,0,0,0.18,310,1.4000000000000001,1.8
2015,1,1,4,30,0,0,0,0.18,310,1.4000000000000001,1.8
2015,1,1,5,30,0,0,0,0.18,309,1.4000000000000001,1.9000000000000001
2015,1,1,6,30,0,0,0,0.18,307,1.4000000000000001,2.8000000000000003
2015,1,1,7,30,33,475,85,0.18,311,1.8,5.4
2015,1,1,8,30,60,744,265,0.18,321,2.5,8.3
2015,1,1,9,30,73,861,425,0.18,333,2.8000000000000003,10.3
2015,1,1,10,30,82,903,535,0.18,343,2.9000000000000004,11.700000000000001
2015,1,1,11,30,85,926,589,0.18,349,2.8000000000000003,12.600000000000001
2015,1,1,12,30,84,924,578,0.18,351,2.8000000000000003,13.100000000000001
2015,1,1,13,30,82,882,502,0.18,354,2.7,13
2015,1,1,14,30,73,799,367,0.18,357,2.3000000000000003,12.100000000000001
2015,1,1,15,30,56,636,197,0.18,183,1.5,9.600000000000001
2015,1,1,16,30,19,0,19,0.18,6,1.1,6.9
2015,1,1,17,30,0,0,0,0.18,178,1,5.9
2015,1,1,18,30,0,0,0,0.18,346,1,5.300000000000001
2015,1,1,19,30,0,0,0,0.18,335,0.9,4.800000000000001
2015,1,1,20,30,0,0,0,0.18,329,0.9,4.6000000000000005
2015,1,1,21,30,0,0,0,0.18,331,1,4.4
2015,1,1,22,30,0,0,0,0.18,338,1,4.3
2015,1,1,23,30,0,0,0,0.18,346,1.1,4.1000000000000005
2015,1,2,0,30,0,0,0,0.18,351,1.2000000000000002,4
2015,1,2,1,30,0,0,0,0.18,354,1.2000000000000002,4.1000000000000005
2015,1,2,2,30,0,0,0,0.18,356,1.2000000000000002,4.3
2015,1,2,3,30,0,0,0,0.18,357,1.2000000000000002,4.5
2015,1,2,4,30,0,0,0,0.18,354,1.2000000000000002,4.7
2015,1,2,5,30,0,0,0,0.18,348,1.1,5
2015,1,2,6,30,0,0,0,0.18,344,1,5.6000000000000005
2015,1,2,7,30,32,480,84,0.18,348,1,7.800000000000001
2015,1,2,8,30,55,752,262,0.18,182,1.3,10.700000000000001
2015,1,2,9,30,67,868,423,0.18,13,1.7000000000000002,13.100000000000001
2015,1,2,10,30,77,914,536,0.18,12,2.1,14.700000000000001
2015,1,2,11,30,79,937,590,0.18,12,2.4000000000000004,15.700000000000001
2015,1,2,12,30,78,934,580,0.18,12,2.5,16.3
2015,1,2,13,30,72,912,507,0.18,11,2.3000000000000003,16.2
2015,1,2,14,30,63,845,376,0.18,11,1.7000000000000002,15
2015,1,2,15,30,48,695,204,0.18,13,1,12.3
2015,1,2,16,30,19,308,34,0.18,186,0.8,10
2015,1,2,17,30,0,0,0,0.18,339,0.7000000000000001,9.1
2015,1,2,18,30,0,0,0,0.18,308,0.8,8.4
2015,1,2,19,30,0,0,0,0.18,293,0.9,7.800000000000001
2015,1,2,20,30,0,0,0,0.18,295,0.9,7.4
2015,1,2,21,30,0,0,0,0.18,303,0.8,7.300000000000001
2015,1,2,22,30,0,0,0,0.18,309,0.8,7.1000000000000005
2015,1,2,23,30,0,0,0,0.18,310,0.9,6.9
2015,1,3,0,30,0,0,0,0.18,309,1,6.7
2015,1,3,1,30,0,0,0,0.18,308,1,6.6000000000000005
2015,1,3,2,30,0,0,0,0.18,308,1,6.4
2015,1,3,3,30,0,0,0,0.18,311,1,6.300000000000001
2015,1,3,4,30,0,0,0,0.18,315,1.1,6
2015,1,3,5,30,0,0,0,0.18,319,1.2000000000000002,5.800000000000001
2015,1,3,6,30,0,0,0,0.18,325,1.1,6.5
2015,1,3,7,30,29,506,84,0.18,332,1,8.9
2015,1,3,8,30,50,773,263,0.18,175,1,11.9
2015,1,3,9,30,61,882,423,0.18,21,0.9,14.4
2015,1,3,10,30,71,923,535,0.18,26,0.7000000000000001,16.2
2015,1,3,11,30,75,937,587,0.18,154,0.6000000000000001,17.400000000000002
2015,1,3,12,30,76,930,577,0.18,240,0.7000000000000001,18.1
2015,1,3,13,30,76,887,501,0.18,184,1,18.3
2015,1,3,14,30,67,814,370,0.18,164,0.9,17.3
2015,1,3,15,30,51,666,202,0.18,154,0.9,14.600000000000001
2015,1,3,16,30,19,279,34,0.18,161,0.9,12.100000000000001
2015,1,3,17,30,0,0,0,0.18,188,0.8,11.100000000000001
2015,1,3,18,30,0,0,0,0.18,220,0.7000000000000001,10.4
2015,1,3,19,30,0,0,0,0.18,242,0.7000000000000001,9.8
2015,1,3,20,30,0,0,0,0.18,257,0.8,9.600000000000001
2015,1,3,21,30,0,0,0,0.18,283,0.8,9.5
2015,1,3,22,30,0,0,0,0.18,324,0.8,9.3
2015,1,3,23,30,0,0,0,0.18,191,0.9,9
2015,1,4,0,30,0,0,0,0.18,39,1,8.5
2015,1,4,1,30,0,0,0,0.18,37,0.9,8.1
2015,1,4,2,30,0,0,0,0.18,21,0.9,7.800000000000001
2015,1,4,3,30,0,0,0,0.18,186,0.9,7.6000000000000005
2015,1,4,4,30,0,0,0,0.18,181,1,7.300000000000001
2015,1,4,5,30,0,0,0,0.18,4,1.1,7.1000000000000005
2015,1,4,6,30,0,0,0,0.18,11,1,7.4
2015,1,4,7,30,32,445,80,0.18,16,1.1,9.700000000000001
2015,1,4,8,30,57,722,256,0.18,42,1.4000000000000001,12.9
2015,1,4,9,30,70,838,415,0.18,78,1.4000000000000001,15.4
2015,1,4,10,30,71,909,529,0.18,90,1.1,17.400000000000002
2015,1,4,11,30,76,925,583,0.18,87,0.9,18.900000000000002
2015,1,4,12,30,173,606,500,0.18,69,0.9,19.700000000000003
2015,1,4,13,30,242,349,410,0.18,54,1,19.8
2015,1,4,14,30,199,129,248,0.18,50,0.9,18.900000000000002
2015,1,4,15,30,120,13,123,0.18,52,0.7000000000000001,16.400000000000002
2015,1,4,16,30,20,1,20,0.18,49,0.8,13.700000000000001
2015,1,4,17,30,0,0,0,0.18,30,1.1,11.600000000000001
2015,1,4,18,30,0,0,0,0.18,189,1.2000000000000002,9.8
2015,1,4,19,30,0,0,0,0.18,355,1.3,8.700000000000001
2015,1,4,20,30,0,0,0,0.18,350,1.4000000000000001,8.4
2015,1,4,21,30,0,0,0,0.18,348,1.4000000000000001,8.200000000000001
2015,1,4,22,30,0,0,0,0.18,349,1.4000000000000001,8.1
2015,1,4,23,30,0,0,0,0.18,350,1.5,7.7
2015,1,5,0,30,0,0,0,0.18,350,1.6,7.5
2015,1,5,1,30,0,0,0,0.18,345,1.6,7.5
2015,1,5,2,30,0,0,0,0.18,340,1.6,7.7
2015,1,5,3,30,0,0,0,0.18,338,1.7000000000000002,7.9
2015,1,5,4,30,0,0,0,0.18,337,1.7000000000000002,8.1
2015,1,5,5,30,0,0,0,0.18,338,1.7000000000000002,8.1
2015,1,5,6,30,0,0,0,0.18,340,1.6,9.200000000000001
2015,1,5,7,30,52,5,53,0.18,340,1.8,13
2015,1,5,8,30,49,767,260,0.18,170,2.3000000000000003,17.5
2015,1,5,9,30,59,877,420,0.18,15,2.7,20.5
2015,1,5,10,30,73,908,531,0.18,32,2.8000000000000003,22.6
2015,1,5,11,30,76,930,587,0.18,37,2.9000000000000004,23.900000000000002
2015,1,5,12,30,75,926,577,0.18,38,2.9000000000000004,24.5
2015,1,5,13,30,71,899,506,0.18,38,2.8000000000000003,24.3
2015,1,5,14,30,64,830,377,0.18,38,2,22.900000000000002
2015,1,5,15,30,116,243,172,0.18,32,1.3,19.5
2015,1,5,16,30,21,0,21,0.18,19,1.2000000000000002,16.2
2015,1,5,17,30,0,0,0,0.18,7,1.3,14.4
2015,1,5,18,30,0,0,0,0.18,176,1.4000000000000001,13.4
2015,1,5,19,30,0,0,0,0.18,347,1.5,12.9
2015,1,5,20,30,0,0,0,0.18,341,1.5,12.700000000000001
2015,1,5,21,30,0,0,0,0.18,338,1.5,12.600000000000001
2015,1,5,22,30,0,0,0,0.18,337,1.6,12.600000000000001
2015,1,5,23,30,0,0,0,0.18,338,1.6,12.5
2015,1,6,0,30,0,0,0,0.18,339,1.6,12.4
2015,1,6,1,30,0,0,0,0.18,341,1.6,12.200000000000001
2015,1,6,2,30,0,0,0,0.18,340,1.6,12.100000000000001
2015,1,6,3,30,0,0,0,0.18,339,1.6,12
2015,1,6,4,30,0,0,0,0.18,337,1.6,12.100000000000001
2015,1,6,5,30,0,0,0,0.18,335,1.6,12.200000000000001
2015,1,6,6,30,0,0,0,0.18,333,1.5,13.100000000000001
2015,1,6,7,30,30,483,82,0.18,335,1.3,16.1
2015,1,6,8,30,53,759,262,0.18,172,1.7000000000000002,20.200000000000003
2015,1,6,9,30,64,872,424,0.18,27,2.3000000000000003,23.1
2015,1,6,10,30,68,933,540,0.18,55,2.5,24.700000000000003
2015,1,6,11,30,71,953,596,0.18,69,2.5,25.700000000000003
2015,1,6,12,30,71,950,587,0.18,76,2.4000000000000004,26
2015,1,6,13,30,70,921,517,0.18,76,2.3000000000000003,25.900000000000002
2015,1,6,14,30,63,853,387,0.18,74,1.7000000000000002,24.5
2015,1,6,15,30,50,710,216,0.18,74,1,21.5
2015,1,6,16,30,21,338,41,0.18,57,0.9,18.8
2015,1,6,17,30,0,0,0,0.18,189,0.9,17.400000000000002
2015,1,6,18,30,0,0,0,0.18,334,1.1,16.2
2015,1,6,19,30,0,0,0,0.18,329,1.3,15.3
2015,1,6,20,30,0,0,0,0.18,332,1.4000000000000001,14.600000000000001
2015,1,6,21,30,0,0,0,0.18,335,1.5,14.200000000000001
2015,1,6,22,30,0,0,0,0.18,338,1.5,13.8
2015,1,6,23,30,0,0,0,0.18,338,1.6,13.5
2015,1,7,0,30,0,0,0,0.18,337,1.6,13.3
2015,1,7,1,30,0,0,0,0.18,334,1.6,13.3
2015,1,7,2,30,0,0,0,0.18,332,1.6,13.4
2015,1,7,3,30,0,0,0,0.18,331,1.6,13.5
2015,1,7,4,30,0,0,0,0.18,330,1.6,13.600000000000001
2015,1,7,5,30,0,0,0,0.18,331,1.6,13.700000000000001
2015,1,7,6,30,0,0,0,0.18,330,1.5,14.3
2015,1,7,7,30,33,443,81,0.18,326,1.5,16.8
2015,1,7,8,30,60,717,258,0.18,326,1.9000000000000001,20.8
2015,1,7,9,30,74,835,419,0.18,341,2.3000000000000003,24.1
2015,1,7,10,30,79,897,534,0.18,177,2,26.1
2015,1,7,11,30,83,917,590,0.18,6,1.6,27.3
2015,1,7,12,30,239,580,556,0.18,12,1.3,27.700000000000003
2015,1,7,13,30,79,876,507,0.18,20,1.1,27.200000000000003
2015,1,7,14,30,203,260,303,0.18,29,0.8,25.6
2015,1,7,15,30,126,86,146,0.18,31,0.7000000000000001,23.1
2015,1,7,16,30,26,2,26,0.18,188,0.6000000000000001,21.5
2015,1,7,17,30,0,0,0,0.18,327,0.6000000000000001,20.6
2015,1,7,18,30,0,0,0,0.18,299,0.6000000000000001,19.900000000000002
2015,1,7,19,30,0,0,0,0.18,288,0.7000000000000001,19.400000000000002
2015,1,7,20,30,0,0,0,0.18,282,0.7000000000000001,19.1
2015,1,7,21,30,0,0,0,0.18,284,0.7000000000000001,18.7
2015,1,7,22,30,0,0,0,0.18,294,0.7000000000000001,18.6
2015,1,7,23,30,0,0,0,0.18,314,0.7000000000000001,18.6
2015,1,8,0,30,0,0,0,0.18,333,0.7000000000000001,18.8
2015,1,8,1,30,0,0,0,0.18,341,0.7000000000000001,18.900000000000002
2015,1,8,2,30,0,0,0,0.18,349,0.8,18.8
2015,1,8,3,30,0,0,0,0.18,183,0.9,18.6
2015,1,8,4,30,0,0,0,0.18,14,0.9,18.2
2015,1,8,5,30,0,0,0,0.18,18,0.9,18
2015,1,8,6,30,0,0,0,0.18,23,0.8,18.1
2015,1,8,7,30,34,0,34,0.18,35,0.7000000000000001,18.6
2015,1,8,8,30,99,8,101,0.18,66,0.8,20.1
2015,1,8,9,30,245,76,276,0.18,120,1,22
2015,1,8,10,30,282,285,427,0.18,157,0.9,23.900000000000002
2015,1,8,11,30,291,383,503,0.18,115,0.7000000000000001,25.200000000000003
2015,1,8,12,30,139,721,534,0.18,65,0.9,25.8
2015,1,8,13,30,106,757,477,0.18,69,1.1,25.700000000000003
2015,1,8,14,30,214,185,285,0.18,82,1,24.700000000000003
2015,1,8,15,30,70,522,195,0.18,102,0.8,22.1
2015,1,8,16,30,26,177,37,0.18,125,0.7000000000000001,19.5
2015,1,8,17,30,0,0,0,0.18,165,0.6000000000000001,18.3
2015,1,8,18,30,0,0,0,0.18,219,0.5,17.7
2015,1,8,19,30,0,0,0,0.18,257,0.5,17.3
2015,1,8,20,30,0,0,0,0.18,275,0.6000000000000001,16.900000000000002
2015,1,8,21,30,0,0,0,0.18,285,0.6000000000000001,16.6
2015,1,8,22,30,0,0,0,0.18,291,0.7000000000000001,16.400000000000002
2015,1,8,23,30,0,0,0,0.18,295,0.7000000000000001,16.5
2015,1,9,0,30,0,0,0,0.18,297,0.6000000000000001,16.5
2015,1,9,1,30,0,0,0,0.18,295,0.7000000000000001,16.400000000000002
2015,1,9,2,30,0,0,0,0.18,291,0.7000000000000001,16.2
2015,1,9,3,30,0,0,0,0.18,285,0.7000000000000001,16.1
2015,1,9,4,30,0,0,0,0.18,278,0.8,15.9
2015,1,9,5,30,0,0,0,0.18,271,0.8,15.600000000000001
2015,1,9,6,30,0,0,0,0.18,263,0.7000000000000001,15.700000000000001
2015,1,9,7,30,37,318,71,0.18,250,0.7000000000000001,17.2
2015,1,9,8,30,30,0,30,0.18,223,0.9,19.700000000000003
2015,1,9,9,30,139,1,139,0.18,199,1.3,22.1
2015,1,9,10,30,218,6,221,0.18,188,1.6,23.700000000000003
2015,1,9,11,30,232,585,558,0.18,177,1.8,24.400000000000002
2015,1,9,12,30,85,870,564,0.18,171,1.9000000000000001,24.5
2015,1,9,13,30,218,499,465,0.18,170,1.9000000000000001,24
2015,1,9,14,30,147,514,346,0.18,170,1.4000000000000001,22.700000000000003
2015,1,9,15,30,84,147,120,0.18,171,0.9,20.400000000000002
2015,1,9,16,30,15,0,15,0.18,178,0.8,18.6
2015,1,9,17,30,0,0,0,0.18,190,0.7000000000000001,18.1
2015,1,9,18,30,0,0,0,0.18,201,0.6000000000000001,17.7
2015,1,9,19,30,0,0,0,0.18,210,0.7000000000000001,17.3
2015,1,9,20,30,0,0,0,0.18,219,0.7000000000000001,17
2015,1,9,21,30,0,0,0,0.18,228,0.6000000000000001,16.8
2015,1,9,22,30,0,0,0,0.18,235,0.6000000000000001,16.6
2015,1,9,23,30,0,0,0,0.18,236,0.5,16.400000000000002
2015,1,10,0,30,0,0,0,0.18,231,0.4,16.3
2015,1,10,1,30,0,0,0,0.18,236,0.30000000000000004,16.3
2015,1,10,2,30,0,0,0,0.18,263,0.30000000000000004,16.2
2015,1,10,3,30,0,0,0,0.18,266,0.2,16
2015,1,10,4,30,0,0,0,0.18,230,0.30000000000000004,15.8
2015,1,10,5,30,0,0,0,0.18,207,0.4,15.600000000000001
2015,1,10,6,30,0,0,0,0.18,207,0.5,15.5
2015,1,10,7,30,36,357,75,0.18,200,0.6000000000000001,16.5
2015,1,10,8,30,67,643,246,0.18,179,1.3,18.6
2015,1,10,9,30,244,88,280,0.18,166,2.2,20.6
2015,1,10,10,30,299,133,367,0.18,167,2.6,21.900000000000002
2015,1,10,11,30,284,336,472,0.18,168,2.7,22.700000000000003
2015,1,10,12,30,247,484,515,0.18,166,2.7,23.1
2015,1,10,13,30,76,858,501,0.18,165,2.6,22.900000000000002
2015,1,10,14,30,213,39,228,0.18,163,2.4000000000000004,22
2015,1,10,15,30,131,157,169,0.18,155,1.6,19.700000000000003
2015,1,10,16,30,26,2,26,0.18,146,0.9,17
2015,1,10,17,30,0,0,0,0.18,143,0.7000000000000001,15.8
2015,1,10,18,30,0,0,0,0.18,148,0.6000000000000001,15.5
2015,1,10,19,30,0,0,0,0.18,160,0.6000000000000001,15.3
2015,1,10,20,30,0,0,0,0.18,171,0.6000000000000001,15.100000000000001
2015,1,10,21,30,0,0,0,0.18,185,0.6000000000000001,14.9
2015,1,10,22,30,0,0,0,0.18,205,0.5,14.9
2015,1,10,23,30,0,0,0,0.18,228,0.5,14.8
2015,1,11,0,30,0,0,0,0.18,131,0.4,14.600000000000001
2015,1,11,1,30,0,0,0,0.18,28,0.5,14.200000000000001
2015,1,11,2,30,0,0,0,0.18,33,0.6000000000000001,13.700000000000001
2015,1,11,3,30,0,0,0,0.18,32,0.6000000000000001,13.4
2015,1,11,4,30,0,0,0,0.18,36,0.6000000000000001,13.100000000000001
2015,1,11,5,30,0,0,0,0.18,45,0.5,12.9
2015,1,11,6,30,0,0,0,0.18,65,0.5,13.100000000000001
2015,1,11,7,30,21,0,21,0.18,89,0.8,13.8
2015,1,11,8,30,60,0,60,0.18,106,1.3,15
2015,1,11,9,30,130,1,130,0.18,117,1.8,16.3
2015,1,11,10,30,49,0,49,0.18,119,2.1,17.2
2015,1,11,11,30,48,0,48,0.18,119,2.1,17.6
2015,1,11,12,30,24,0,24,0.18,114,2.1,17.7
2015,1,11,13,30,97,0,97,0.18,105,2,17.6
2015,1,11,14,30,90,0,90,0.18,97,1.7000000000000002,17.2
2015,1,11,15,30,17,0,17,0.18,89,1.1,16.3
2015,1,11,16,30,29,163,41,0.19,64,0.7000000000000001,15.3
2015,1,11,17,30,0,0,0,0.19,31,0.7000000000000001,14.5
2015,1,11,18,30,0,0,0,0.19,188,0.8,14.100000000000001
2015,1,11,19,30,0,0,0,0.19,356,0.9,13.8
2015,1,11,20,30,0,0,0,0.19,350,1,13.600000000000001
2015,1,11,21,30,0,0,0,0.19,344,1.1,13.3
2015,1,11,22,30,0,0,0,0.19,339,1.2000000000000002,13
2015,1,11,23,30,0,0,0,0.19,335,1.3,12.700000000000001
2015,1,12,0,30,0,0,0,0.19,334,1.2000000000000002,12.4
2015,1,12,1,30,0,0,0,0.19,334,1,12.200000000000001
2015,1,12,2,30,0,0,0,0.19,336,0.9,12.3
2015,1,12,3,30,0,0,0,0.19,332,0.7000000000000001,12.600000000000001
2015,1,12,4,30,0,0,0,0.19,321,0.6000000000000001,12.8
2015,1,12,5,30,0,0,0,0.19,308,0.6000000000000001,13
2015,1,12,6,30,0,0,0,0.19,304,0.5,13.5
2015,1,12,7,30,45,4,46,0.19,316,0.6000000000000001,15
2015,1,12,8,30,83,0,83,0.19,193,0.7000000000000001,17
2015,1,12,9,30,92,725,396,0.19,96,0.7000000000000001,18.8
2015,1,12,10,30,99,799,511,0.19,168,1,20.200000000000003
2015,1,12,11,30,159,631,514,0.19,214,1.4000000000000001,21.200000000000003
2015,1,12,12,30,186,585,512,0.19,229,1.6,21.6
2015,1,12,13,30,188,539,458,0.19,248,1.5,21.5
2015,1,12,14,30,161,452,340,0.19,275,1.4000000000000001,20.900000000000002
2015,1,12,15,30,71,546,208,0.19,162,0.8,19.3
2015,1,12,16,30,29,217,46,0.19,83,0.4,17.2
2015,1,12,17,30,0,0,0,0.19,150,0.5,15.8
2015,1,12,18,30,0,0,0,0.19,229,0.5,15
2015,1,12,19,30,0,0,0,0.19,304,0.5,14.5
2015,1,12,20,30,0,0,0,0.19,320,0.6000000000000001,14
2015,1,12,21,30,0,0,0,0.19,326,0.5,13.600000000000001
2015,1,12,22,30,0,0,0,0.19,333,0.5,13.4
2015,1,12,23,30,0,0,0,0.19,338,0.6000000000000001,13.100000000000001
2015,1,13,0,30,0,0,0,0.19,343,0.8,12.600000000000001
2015,1,13,1,30,0,0,0,0.19,343,0.9,12.100000000000001
2015,1,13,2,30,0,0,0,0.19,342,1,11.700000000000001
2015,1,13,3,30,0,0,0,0.19,341,1.1,11.4
2015,1,13,4,30,0,0,0,0.19,340,1.3,11.200000000000001
2015,1,13,5,30,0,0,0,0.19,339,1.7000000000000002,11.3
2015,1,13,6,30,0,0,0,0.19,336,2.2,12
2015,1,13,7,30,39,335,75,0.19,337,3.1,14.200000000000001
2015,1,13,8,30,65,679,256,0.19,346,4.2,16.8
2015,1,13,9,30,73,837,425,0.19,352,4.6000000000000005,18.7
2015,1,13,10,30,75,915,548,0.19,354,4.7,20
2015,1,13,11,30,77,947,611,0.19,353,4.800000000000001,20.6
2015,1,13,12,30,76,952,610,0.19,352,4.9,20.6
2015,1,13,13,30,74,923,539,0.19,351,4.9,20.1
2015,1,13,14,30,67,858,410,0.19,351,4.5,19
2015,1,13,15,30,54,721,237,0.19,351,3.3000000000000003,16.5
2015,1,13,16,30,26,384,57,0.17,349,2,13.200000000000001
2015,1,13,17,30,0,0,0,0.17,345,1.6,11.200000000000001
2015,1,13,18,30,0,0,0,0.17,342,1.5,10.4
2015,1,13,19,30,0,0,0,0.17,339,1.4000000000000001,10.100000000000001
2015,1,13,20,30,0,0,0,0.17,334,1.3,10.200000000000001
2015,1,13,21,30,0,0,0,0.17,332,1.3,10.200000000000001
2015,1,13,22,30,0,0,0,0.17,339,1.3,10
2015,1,13,23,30,0,0,0,0.17,350,1.4000000000000001,9.8
2015,1,14,0,30,0,0,0,0.17,357,1.4000000000000001,9.5
2015,1,14,1,30,0,0,0,0.17,357,1.5,9.3
2015,1,14,2,30,0,0,0,0.17,353,1.5,9.200000000000001
2015,1,14,3,30,0,0,0,0.17,348,1.6,9.1
2015,1,14,4,30,0,0,0,0.17,342,1.6,9
2015,1,14,5,30,0,0,0,0.17,337,1.7000000000000002,8.8
2015,1,14,6,30,0,0,0,0.17,333,1.7000000000000002,9.600000000000001
2015,1,14,7,30,32,481,85,0.17,334,2.3000000000000003,12.8
2015,1,14,8,30,55,758,269,0.17,346,3.4000000000000004,16.2
2015,1,14,9,30,67,871,435,0.17,179,3.8000000000000003,18.2
2015,1,14,10,30,74,924,554,0.17,4,3.7,19.5
2015,1,14,11,30,78,945,614,0.17,6,3.6,20.400000000000002
2015,1,14,12,30,78,942,609,0.17,6,3.3000000000000003,20.8
2015,1,14,13,30,75,915,539,0.17,5,2.9000000000000004,20.8
2015,1,14,14,30,67,854,411,0.17,2,2.3000000000000003,20
2015,1,14,15,30,53,724,240,0.17,179,1.4000000000000001,17.6
2015,1,14,16,30,26,400,59,0.17,354,1,14.8
2015,1,14,17,30,0,0,0,0.17,348,1.1,13.5
2015,1,14,18,30,0,0,0,0.17,343,1.1,12.600000000000001
2015,1,14,19,30,0,0,0,0.17,342,1.2000000000000002,11.700000000000001
2015,1,14,20,30,0,0,0,0.17,343,1.3,11.100000000000001
2015,1,14,21,30,0,0,0,0.17,346,1.3,10.600000000000001
2015,1,14,22,30,0,0,0,0.17,348,1.4000000000000001,10.200000000000001
2015,1,14,23,30,0,0,0,0.17,351,1.4000000000000001,9.8
2015,1,15,0,30,0,0,0,0.17,352,1.4000000000000001,9.5
2015,1,15,1,30,0,0,0,0.17,350,1.4000000000000001,9.4
2015,1,15,2,30,0,0,0,0.17,348,1.4000000000000001,9.3
2015,1,15,3,30,0,0,0,0.17,347,1.4000000000000001,9.3
2015,1,15,4,30,0,0,0,0.17,348,1.4000000000000001,9.3
2015,1,15,5,30,0,0,0,0.17,350,1.4000000000000001,9.5
2015,1,15,6,30,0,0,0,0.17,352,1.3,10.3
2015,1,15,7,30,32,498,87,0.17,355,1.4000000000000001,13.3
2015,1,15,8,30,54,771,273,0.17,200,2,17
2015,1,15,9,30,66,884,440,0.17,53,2.6,19.400000000000002
2015,1,15,10,30,72,931,557,0.17,65,2.5,20.900000000000002
2015,1,15,11,30,75,953,618,0.17,65,2.2,22
2015,1,15,12,30,75,951,613,0.17,62,2,22.5
2015,1,15,13,30,73,928,546,0.17,63,2,22.5
2015,1,15,14,30,66,868,418,0.17,67,1.8,21.700000000000003
2015,1,15,15,30,52,741,246,0.17,70,1.2000000000000002,19.1
2015,1,15,16,30,27,424,63,0.21,69,0.9,16.3
2015,1,15,17,30,0,0,0,0.21,60,0.9,15.100000000000001
2015,1,15,18,30,0,0,0,0.21,33,0.9,14.200000000000001
2015,1,15,19,30,0,0,0,0.21,184,1,13.5
2015,1,15,20,30,0,0,0,0.21,352,1.1,12.600000000000001
2015,1,15,21,30,0,0,0,0.21,353,1.2000000000000002,11.8
2015,1,15,22,30,0,0,0,0.21,356,1.3,11.100000000000001
2015,1,15,23,30,0,0,0,0.21,357,1.3,10.5
2015,1,16,0,30,0,0,0,0.21,357,1.4000000000000001,10.100000000000001
2015,1,16,1,30,0,0,0,0.21,357,1.4000000000000001,10
2015,1,16,2,30,0,0,0,0.21,355,1.4000000000000001,10
2015,1,16,3,30,0,0,0,0.21,353,1.3,10.100000000000001
2015,1,16,4,30,0,0,0,0.21,350,1.3,10.4
2015,1,16,5,30,0,0,0,0.21,345,1.2000000000000002,10.700000000000001
2015,1,16,6,30,0,0,0,0.21,343,1.1,11.5
2015,1,16,7,30,31,516,90,0.21,347,1.1,14.200000000000001
2015,1,16,8,30,54,784,278,0.21,211,1.3,17.8
2015,1,16,9,30,66,894,446,0.21,96,1.7000000000000002,20.6
2015,1,16,10,30,72,942,565,0.21,130,2,22.400000000000002
2015,1,16,11,30,75,957,623,0.21,146,1.9000000000000001,23.6
2015,1,16,12,30,78,944,615,0.21,156,1.6,24.3
2015,1,16,13,30,258,373,450,0.21,160,1.3,24.1
2015,1,16,14,30,334,0,334,0.21,154,0.9,23.200000000000003
2015,1,16,15,30,100,12,103,0.21,145,0.8,20.700000000000003
2015,1,16,16,30,27,410,63,0.21,149,0.9,18
2015,1,16,17,30,0,0,0,0.21,161,0.8,16.900000000000002
2015,1,16,18,30,0,0,0,0.21,191,0.6000000000000001,16.400000000000002
2015,1,16,19,30,0,0,0,0.21,274,0.5,16
2015,1,16,20,30,0,0,0,0.21,342,0.7000000000000001,15.3
2015,1,16,21,30,0,0,0,0.21,352,0.9,14.700000000000001
2015,1,16,22,30,0,0,0,0.21,352,1,14.100000000000001
2015,1,16,23,30,0,0,0,0.21,347,1.1,13.600000000000001
2015,1,17,0,30,0,0,0,0.21,341,1.3,13
2015,1,17,1,30,0,0,0,0.21,338,1.4000000000000001,12.5
2015,1,17,2,30,0,0,0,0.21,339,1.5,11.9
2015,1,17,3,30,0,0,0,0.21,342,1.5,11.3
2015,1,17,4,30,0,0,0,0.21,343,1.5,10.700000000000001
2015,1,17,5,30,0,0,0,0.21,342,1.4000000000000001,10.4
2015,1,17,6,30,0,0,0,0.21,339,1.3,11.200000000000001
2015,1,17,7,30,33,462,85,0.21,335,1.6,14.600000000000001
2015,1,17,8,30,57,737,268,0.21,170,2.2,18.8
2015,1,17,9,30,70,850,433,0.21,22,2.4000000000000004,21.700000000000003
2015,1,17,10,30,77,905,553,0.21,43,2.4000000000000004,23.700000000000003
2015,1,17,11,30,81,922,611,0.21,51,2.3000000000000003,24.900000000000002
2015,1,17,12,30,81,920,607,0.21,57,2.1,25.5
2015,1,17,13,30,77,895,539,0.21,64,2,25.400000000000002
2015,1,17,14,30,70,833,413,0.21,69,1.5,24.3
2015,1,17,15,30,56,708,245,0.21,70,0.8,21.700000000000003
2015,1,17,16,30,29,389,65,0.21,56,0.6000000000000001,19.3
2015,1,17,17,30,0,0,0,0.21,195,0.7000000000000001,18.2
2015,1,17,18,30,0,0,0,0.21,338,0.8,17.2
2015,1,17,19,30,0,0,0,0.21,328,1,16.400000000000002
2015,1,17,20,30,0,0,0,0.21,330,1.1,15.9
2015,1,17,21,30,0,0,0,0.21,334,1.1,15.600000000000001
2015,1,17,22,30,0,0,0,0.21,336,1.1,15.5
2015,1,17,23,30,0,0,0,0.21,336,1,15.5
2015,1,18,0,30,0,0,0,0.21,339,1,15.4
2015,1,18,1,30,0,0,0,0.21,344,1,15.100000000000001
2015,1,18,2,30,0,0,0,0.21,348,1.1,14.8
2015,1,18,3,30,0,0,0,0.21,351,1.1,14.5
2015,1,18,4,30,0,0,0,0.21,355,1.1,14.4
2015,1,18,5,30,0,0,0,0.21,357,1.1,14.3
2015,1,18,6,30,0,0,0,0.21,356,1,14.600000000000001
2015,1,18,7,30,43,3,44,0.21,356,0.9,16.1
2015,1,18,8,30,102,9,104,0.21,198,1,18.8
2015,1,18,9,30,225,62,251,0.21,60,1.3,21.400000000000002
2015,1,18,10,30,286,311,450,0.21,89,1.2000000000000002,23.200000000000003
2015,1,18,11,30,89,914,616,0.21,99,1,24.3
2015,1,18,12,30,86,917,613,0.21,90,0.9,25.200000000000003
2015,1,18,13,30,233,529,508,0.21,74,1,25.6
2015,1,18,14,30,249,121,300,0.21,73,0.9,24.900000000000002
2015,1,18,15,30,131,267,203,0.21,86,0.7000000000000001,22.5
2015,1,18,16,30,40,5,41,0.21,99,0.6000000000000001,20
2015,1,18,17,30,0,0,0,0.21,111,0.4,19.1
2015,1,18,18,30,0,0,0,0.21,205,0.4,18.400000000000002
2015,1,18,19,30,0,0,0,0.21,289,0.6000000000000001,17.900000000000002
2015,1,18,20,30,0,0,0,0.21,293,0.7000000000000001,18
2015,1,18,21,30,0,0,0,0.21,298,0.7000000000000001,18.1
2015,1,18,22,30,0,0,0,0.21,301,0.9,17.6
2015,1,18,23,30,0,0,0,0.21,301,1,17
2015,1,19,0,30,0,0,0,0.21,301,1,16.6
2015,1,19,1,30,0,0,0,0.21,301,0.9,16.3
2015,1,19,2,30,0,0,0,0.21,303,0.9,15.9
2015,1,19,3,30,0,0,0,0.21,308,1,15.5
2015,1,19,4,30,0,0,0,0.21,317,1.1,15.100000000000001
2015,1,19,5,30,0,0,0,0.21,324,1.2000000000000002,14.8
2015,1,19,6,30,0,0,0,0.21,326,1.1,15.5
2015,1,19,7,30,47,1,47,0.21,320,1,17.900000000000002
2015,1,19,8,30,61,716,268,0.21,315,1,21
2015,1,19,9,30,241,221,336,0.21,313,1.1,23.8
2015,1,19,10,30,81,894,556,0.21,310,1.3,26.200000000000003
2015,1,19,11,30,268,499,557,0.21,314,1.7000000000000002,27.700000000000003
2015,1,19,12,30,82,918,613,0.21,328,1.8,28.400000000000002
2015,1,19,13,30,77,896,546,0.21,348,1.8,28.3
2015,1,19,14,30,70,834,420,0.21,195,1.3,26.6
2015,1,19,15,30,57,711,252,0.21,35,0.8,23.200000000000003
2015,1,19,16,30,29,422,71,0.21,39,0.7000000000000001,20.400000000000002
2015,1,19,17,30,0,0,0,0.21,39,0.7000000000000001,19.200000000000003
2015,1,19,18,30,0,0,0,0.21,20,0.7000000000000001,18.3
2015,1,19,19,30,0,0,0,0.21,159,0.7000000000000001,17.6
2015,1,19,20,30,0,0,0,0.21,306,0.8,17.1
2015,1,19,21,30,0,0,0,0.21,291,0.8,16.7
2015,1,19,22,30,0,0,0,0.21,290,0.9,16.400000000000002
2015,1,19,23,30,0,0,0,0.21,297,0.9,16.3
2015,1,20,0,30,0,0,0,0.21,310,0.9,16.1
2015,1,20,1,30,0,0,0,0.21,323,1,16
2015,1,20,2,30,0,0,0,0.21,327,1,16.1
2015,1,20,3,30,0,0,0,0.21,327,1,16.2
2015,1,20,4,30,0,0,0,0.21,328,1.1,16.1
2015,1,20,5,30,0,0,0,0.21,330,1.1,15.8
2015,1,20,6,30,0,0,0,0.21,333,1.1,15.8
2015,1,20,7,30,56,3,57,0.21,332,0.9,17.2
2015,1,20,8,30,148,12,152,0.21,333,0.8,19.6
2015,1,20,9,30,245,200,332,0.21,221,1,21.900000000000002
2015,1,20,10,30,270,365,465,0.21,114,1.2000000000000002,23.3
2015,1,20,11,30,178,692,581,0.21,123,1.4000000000000001,23.700000000000003
2015,1,20,12,30,301,361,511,0.21,125,1.5,23.700000000000003
2015,1,20,13,30,188,530,467,0.21,122,1.4000000000000001,23.200000000000003
2015,1,20,14,30,252,77,285,0.21,111,1,21.8
2015,1,20,15,30,156,25,163,0.21,103,0.7000000000000001,19.700000000000003
2015,1,20,16,30,37,2,37,0.21,97,0.6000000000000001,18.1
2015,1,20,17,30,0,0,0,0.21,84,0.6000000000000001,17.3
2015,1,20,18,30,0,0,0,0.21,47,0.6000000000000001,16.8
2015,1,20,19,30,0,0,0,0.21,177,0.8,16
2015,1,20,20,30,0,0,0,0.21,336,1,15.100000000000001
2015,1,20,21,30,0,0,0,0.21,341,1.2000000000000002,14.3
2015,1,20,22,30,0,0,0,0.21,348,1.3,13.700000000000001
2015,1,20,23,30,0,0,0,0.21,351,1.3,13
2015,1,21,0,30,0,0,0,0.21,351,1.4000000000000001,12.3
2015,1,21,1,30,0,0,0,0.21,346,1.6,11.700000000000001
2015,1,21,2,30,0,0,0,0.21,340,1.7000000000000002,11.4
2015,1,21,3,30,0,0,0,0.21,335,1.8,11.200000000000001
2015,1,21,4,30,0,0,0,0.21,332,1.8,11.100000000000001
2015,1,21,5,30,0,0,0,0.21,332,1.8,11
2015,1,21,6,30,0,0,0,0.21,336,1.9000000000000001,12.100000000000001
2015,1,21,7,30,34,450,88,0.21,346,2.9000000000000004,15.4
2015,1,21,8,30,59,725,272,0.21,178,4.3,18.7
2015,1,21,9,30,72,848,442,0.21,5,4.9,20.8
2015,1,21,10,30,79,910,567,0.21,6,4.9,22.1
2015,1,21,11,30,82,939,632,0.21,5,4.800000000000001,22.8
2015,1,21,12,30,81,945,634,0.21,2,4.800000000000001,23
2015,1,21,13,30,81,917,566,0.21,179,4.6000000000000005,22.700000000000003
2015,1,21,14,30,73,858,438,0.21,357,4.2,21.700000000000003
2015,1,21,15,30,59,742,267,0.21,354,2.8000000000000003,18.8
2015,1,21,16,30,33,447,79,0.21,350,1.7000000000000002,14.9
2015,1,21,17,30,0,0,0,0.21,346,1.5,12.600000000000001
2015,1,21,18,30,0,0,0,0.21,343,1.6,11.700000000000001
2015,1,21,19,30,0,0,0,0.21,345,1.6,10.9
2015,1,21,20,30,0,0,0,0.21,350,1.6,10.4
2015,1,21,21,30,0,0,0,0.21,352,1.7000000000000002,9.9
2015,1,21,22,30,0,0,0,0.21,354,1.7000000000000002,9.5
2015,1,21,23,30,0,0,0,0.21,357,1.7000000000000002,9.1
2015,1,22,0,30,0,0,0,0.21,355,1.7000000000000002,8.8
2015,1,22,1,30,0,0,0,0.21,349,1.7000000000000002,8.5
2015,1,22,2,30,0,0,0,0.21,344,1.8,8.1
2015,1,22,3,30,0,0,0,0.21,342,1.8,7.800000000000001
2015,1,22,4,30,0,0,0,0.21,341,1.8,7.5
2015,1,22,5,30,0,0,0,0.21,340,1.8,7.4
2015,1,22,6,30,0,0,0,0.21,339,1.7000000000000002,8.6
2015,1,22,7,30,63,6,63,0.21,343,2,12.3
2015,1,22,8,30,175,33,184,0.21,187,3,16.3
2015,1,22,9,30,158,619,429,0.21,34,3.9000000000000004,18.7
2015,1,22,10,30,80,953,593,0.21,41,4.2,20.200000000000003
2015,1,22,11,30,255,667,648,0.21,42,4.1000000000000005,20.900000000000002
2015,1,22,12,30,86,968,655,0.21,43,3.9000000000000004,21.200000000000003
2015,1,22,13,30,84,939,584,0.21,43,3.6,21
2015,1,22,14,30,203,541,436,0.21,43,2.8000000000000003,20
2015,1,22,15,30,63,739,273,0.21,42,1.7000000000000002,17.2
2015,1,22,16,30,35,438,82,0.21,41,1.2000000000000002,14.100000000000001
2015,1,22,17,30,0,0,0,0.21,38,1.3,12.8
2015,1,22,18,30,0,0,0,0.21,32,1.2000000000000002,12.4
2015,1,22,19,30,0,0,0,0.21,23,1.2000000000000002,12.100000000000001
2015,1,22,20,30,0,0,0,0.21,14,1.2000000000000002,11.8
2015,1,22,21,30,0,0,0,0.21,9,1.2000000000000002,11.4
2015,1,22,22,30,0,0,0,0.21,6,1.2000000000000002,10.9
2015,1,22,23,30,0,0,0,0.21,6,1.3,10.5
2015,1,23,0,30,0,0,0,0.21,8,1.3,10.4
2015,1,23,1,30,0,0,0,0.21,7,1.3,10.200000000000001
2015,1,23,2,30,0,0,0,0.21,3,1.3,10
2015,1,23,3,30,0,0,0,0.21,4,1.3,9.600000000000001
2015,1,23,4,30,0,0,0,0.21,12,1.4000000000000001,9.200000000000001
2015,1,23,5,30,0,0,0,0.21,16,1.4000000000000001,9
2015,1,23,6,30,0,0,0,0.21,12,1.3,9.8
2015,1,23,7,30,61,4,61,0.21,10,1.6,12.9
2015,1,23,8,30,177,78,200,0.21,25,2.5,16.400000000000002
2015,1,23,9,30,68,890,461,0.21,39,2.9000000000000004,18.7
2015,1,23,10,30,323,210,437,0.21,38,3.2,20.400000000000002
2015,1,23,11,30,79,963,650,0.21,35,3.4000000000000004,21.400000000000002
2015,1,23,12,30,79,962,648,0.21,38,3.3000000000000003,21.900000000000002
2015,1,23,13,30,74,943,580,0.21,35,3.1,21.900000000000002
2015,1,23,14,30,67,887,451,0.21,29,2.7,21.200000000000003
2015,1,23,15,30,55,771,277,0.21,20,1.7000000000000002,18.400000000000002
2015,1,23,16,30,32,491,86,0.21,181,1.1,15.100000000000001
2015,1,23,17,30,0,0,0,0.21,345,1.3,13.200000000000001
2015,1,23,18,30,0,0,0,0.21,338,1.4000000000000001,12.100000000000001
2015,1,23,19,30,0,0,0,0.21,335,1.5,11.4
2015,1,23,20,30,0,0,0,0.21,335,1.7000000000000002,10.9
2015,1,23,21,30,0,0,0,0.21,337,1.8,10.5
2015,1,23,22,30,0,0,0,0.21,343,1.9000000000000001,10.100000000000001
2015,1,23,23,30,0,0,0,0.21,351,2.1,9.700000000000001
2015,1,24,0,30,0,0,0,0.21,354,2.2,9.600000000000001
2015,1,24,1,30,0,0,0,0.21,353,2.4000000000000004,9.700000000000001
2015,1,24,2,30,0,0,0,0.21,352,2.5,9.8
2015,1,24,3,30,0,0,0,0.21,354,2.5,9.700000000000001
2015,1,24,4,30,0,0,0,0.21,354,2.5,9.5
2015,1,24,5,30,0,0,0,0.21,356,2.5,9.4
2015,1,24,6,30,0,0,0,0.21,357,2.9000000000000004,10.8
2015,1,24,7,30,33,528,99,0.21,181,3.9000000000000004,14.100000000000001
2015,1,24,8,30,55,779,289,0.21,16,5.2,17.2
2015,1,24,9,30,68,887,461,0.21,30,5.7,19.400000000000002
2015,1,24,10,30,79,928,584,0.21,33,5.7,21
2015,1,24,11,30,87,940,647,0.21,34,5.7,22.200000000000003
2015,1,24,12,30,90,931,643,0.21,35,5.6000000000000005,22.900000000000002
2015,1,24,13,30,80,921,578,0.21,35,5.300000000000001,23
2015,1,24,14,30,75,854,448,0.21,35,4.6000000000000005,22.400000000000002
2015,1,24,15,30,63,728,275,0.21,32,2.9000000000000004,19.5
2015,1,24,16,30,36,434,85,0.21,25,1.6,15.5
2015,1,24,17,30,0,0,0,0.21,16,1.5,13.200000000000001
2015,1,24,18,30,0,0,0,0.21,9,1.5,12.5
2015,1,24,19,30,0,0,0,0.21,183,1.5,12
2015,1,24,20,30,0,0,0,0.21,358,1.6,11.700000000000001
2015,1,24,21,30,0,0,0,0.21,357,1.6,11.5
2015,1,24,22,30,0,0,0,0.21,358,1.6,11.4
2015,1,24,23,30,0,0,0,0.21,180,1.6,11.200000000000001
2015,1,25,0,30,0,0,0,0.21,181,1.7000000000000002,10.9
2015,1,25,1,30,0,0,0,0.21,358,1.7000000000000002,10.600000000000001
2015,1,25,2,30,0,0,0,0.21,355,1.7000000000000002,10.3
2015,1,25,3,30,0,0,0,0.21,352,1.7000000000000002,10
2015,1,25,4,30,0,0,0,0.21,349,1.6,9.8
2015,1,25,5,30,0,0,0,0.21,347,1.6,9.700000000000001
2015,1,25,6,30,0,0,0,0.21,348,1.8,11.3
2015,1,25,7,30,33,540,101,0.21,352,2.7,15.600000000000001
2015,1,25,8,30,54,790,293,0.21,186,3.9000000000000004,19.5
2015,1,25,9,30,66,889,463,0.21,25,4.5,22
2015,1,25,10,30,70,946,588,0.21,37,4.6000000000000005,24
2015,1,25,11,30,76,957,649,0.21,43,4.5,25.200000000000003
2015,1,25,12,30,79,945,644,0.21,47,4.3,25.8
2015,1,25,13,30,79,915,576,0.21,50,4.2,25.8
2015,1,25,14,30,227,59,253,0.21,53,3.4000000000000004,24.900000000000002
2015,1,25,15,30,10,709,220,0.21,53,2.1,22.1
2015,1,25,16,30,63,31,66,0.21,48,1.2000000000000002,18.900000000000002
2015,1,25,17,30,0,0,0,0.21,40,1.2000000000000002,17.7
2015,1,25,18,30,0,0,0,0.21,29,1.1,17.5
2015,1,25,19,30,0,0,0,0.21,18,1.2000000000000002,17.1
2015,1,25,20,30,0,0,0,0.21,10,1.2000000000000002,16.6
2015,1,25,21,30,0,0,0,0.21,7,1.3,16.1
2015,1,25,22,30,0,0,0,0.21,10,1.3,15.700000000000001
2015,1,25,23,30,0,0,0,0.21,13,1.3,15.4
2015,1,26,0,30,0,0,0,0.21,11,1.3,15.100000000000001
2015,1,26,1,30,0,0,0,0.21,8,1.3,14.9
2015,1,26,2,30,0,0,0,0.21,10,1.2000000000000002,15
2015,1,26,3,30,0,0,0,0.21,11,1,15.200000000000001
2015,1,26,4,30,0,0,0,0.21,16,0.7000000000000001,15.4
2015,1,26,5,30,0,0,0,0.21,91,0.7000000000000001,15.4
2015,1,26,6,30,0,0,0,0.21,163,0.9,15.5
2015,1,26,7,30,27,0,27,0.21,159,1,16.400000000000002
2015,1,26,8,30,10,0,10,0.21,146,1.3,17.8
2015,1,26,9,30,25,0,25,0.21,133,2.2,19.200000000000003
2015,1,26,10,30,159,5,162,0.21,125,3.2,20.200000000000003
2015,1,26,11,30,157,3,159,0.21,117,3.7,20.5
2015,1,26,12,30,114,1,115,0.21,109,3.8000000000000003,20.400000000000002
2015,1,26,13,30,140,4,142,0.21,102,3.5,20.1
2015,1,26,14,30,83,1,83,0.21,100,3,19.400000000000002
2015,1,26,15,30,49,0,49,0.21,101,2,17.900000000000002
2015,1,26,16,30,40,2,40,0.21,90,1.1,15.9
2015,1,26,17,30,0,0,0,0.21,72,0.8,14.600000000000001
2015,1,26,18,30,0,0,0,0.21,64,0.9,14.200000000000001
2015,1,26,19,30,0,0,0,0.21,68,1,14
2015,1,26,20,30,0,0,0,0.21,78,1.1,13.700000000000001
2015,1,26,21,30,0,0,0,0.21,89,1.1,13.4
2015,1,26,22,30,0,0,0,0.21,99,1,13
2015,1,26,23,30,0,0,0,0.21,109,0.8,12.8
2015,1,27,0,30,0,0,0,0.21,119,0.7000000000000001,12.8
2015,1,27,1,30,0,0,0,0.21,137,0.5,12.8
2015,1,27,2,30,0,0,0,0.21,186,0.4,12.9
2015,1,27,3,30,0,0,0,0.21,242,0.4,12.700000000000001
2015,1,27,4,30,0,0,0,0.21,262,0.5,12.600000000000001
2015,1,27,5,30,0,0,0,0.21,268,0.5,12.5
2015,1,27,6,30,0,0,0,0.21,292,0.5,13.100000000000001
2015,1,27,7,30,32,0,32,0.21,225,0.6000000000000001,14.8
2015,1,27,8,30,106,1,106,0.21,141,0.9,16.7
2015,1,27,9,30,91,780,444,0.21,142,1.1,18.5
2015,1,27,10,30,100,844,567,0.21,140,1.2000000000000002,19.900000000000002
2015,1,27,11,30,102,877,633,0.21,143,1.4000000000000001,21.200000000000003
2015,1,27,12,30,341,264,501,0.21,147,1.6,22
2015,1,27,13,30,94,857,566,0.21,150,1.7000000000000002,22.1
2015,1,27,14,30,84,801,442,0.21,151,1.6,21.6
2015,1,27,15,30,67,684,274,0.21,143,1.2000000000000002,20
2015,1,27,16,30,39,406,90,0.21,131,0.8,17.6
2015,1,27,17,30,0,0,0,0.21,123,0.7000000000000001,16.2
2015,1,27,18,30,0,0,0,0.21,116,0.6000000000000001,15.8
2015,1,27,19,30,0,0,0,0.21,115,0.30000000000000004,15.700000000000001
2015,1,27,20,30,0,0,0,0.21,198,0.2,15.4
2015,1,27,21,30,0,0,0,0.21,296,0.30000000000000004,14.9
2015,1,27,22,30,0,0,0,0.21,332,0.5,14.200000000000001
2015,1,27,23,30,0,0,0,0.21,349,0.7000000000000001,13.700000000000001
2015,1,28,0,30,0,0,0,0.21,335,0.7000000000000001,13.4
2015,1,28,1,30,0,0,0,0.21,325,0.8,13.100000000000001
2015,1,28,2,30,0,0,0,0.21,332,1,12.700000000000001
2015,1,28,3,30,0,0,0,0.21,339,1.1,12.5
2015,1,28,4,30,0,0,0,0.21,342,1.1,12.4
2015,1,28,5,30,0,0,0,0.21,345,1.2000000000000002,12.100000000000001
2015,1,28,6,30,0,0,0,0.21,346,1.1,12.9
2015,1,28,7,30,55,1,55,0.21,352,1.7000000000000002,16
2015,1,28,8,30,61,729,287,0.21,194,2.5,19.3
2015,1,28,9,30,245,246,357,0.21,39,2.5,21.200000000000003
2015,1,28,10,30,268,421,502,0.21,50,2.3000000000000003,22.400000000000002
2015,1,28,11,30,284,465,568,0.21,50,2.1,23.1
2015,1,28,12,30,291,438,558,0.21,48,1.9000000000000001,23.400000000000002
2015,1,28,13,30,252,310,425,0.21,48,1.5,23.3
2015,1,28,14,30,229,62,257,0.21,41,0.9,22.6
2015,1,28,15,30,133,22,139,0.21,32,0.6000000000000001,20.900000000000002
2015,1,28,16,30,47,4,48,0.21,28,0.7000000000000001,18.900000000000002
2015,1,28,17,30,0,0,0,0.21,22,0.9,17.400000000000002
2015,1,28,18,30,0,0,0,0.21,12,0.9,16.7
2015,1,28,19,30,0,0,0,0.21,181,0.9,16.3
2015,1,28,20,30,0,0,0,0.21,351,1,15.9
2015,1,28,21,30,0,0,0,0.21,346,1,15.5
2015,1,28,22,30,0,0,0,0.21,346,1,15.200000000000001
2015,1,28,23,30,0,0,0,0.21,345,1,14.8
2015,1,29,0,30,0,0,0,0.21,344,1.1,14.600000000000001
2015,1,29,1,30,0,0,0,0.21,341,1.1,14.700000000000001
2015,1,29,2,30,0,0,0,0.21,335,1.1,15
2015,1,29,3,30,0,0,0,0.21,326,1.1,15.3
2015,1,29,4,30,0,0,0,0.21,322,1.1,15.200000000000001
2015,1,29,5,30,0,0,0,0.21,328,1.2000000000000002,15
2015,1,29,6,30,0,0,0,0.21,334,1.2000000000000002,15.200000000000001
2015,1,29,7,30,36,1,36,0.21,335,1.3,16.2
2015,1,29,8,30,128,18,133,0.21,335,1.8,18
2015,1,29,9,30,234,77,270,0.21,341,2.3000000000000003,19.700000000000003
2015,1,29,10,30,291,164,383,0.21,173,2.2,21.200000000000003
2015,1,29,11,30,292,51,324,0.21,7,1.9000000000000001,22.1
2015,1,29,12,30,286,46,314,0.21,16,1.6,22.3
2015,1,29,13,30,291,142,370,0.21,20,1.5,21.900000000000002
2015,1,29,14,30,233,78,268,0.21,21,1,20.900000000000002
2015,1,29,15,30,66,1,66,0.21,18,0.6000000000000001,19.3
2015,1,29,16,30,27,0,27,0.21,14,0.7000000000000001,18.1
2015,1,29,17,30,0,0,0,0.21,5,0.7000000000000001,17.5
2015,1,29,18,30,0,0,0,0.21,176,0.7000000000000001,17
2015,1,29,19,30,0,0,0,0.21,353,0.8,16.5
2015,1,29,20,30,0,0,0,0.21,178,0.8,16
2015,1,29,21,30,0,0,0,0.21,7,0.8,15.9
2015,1,29,22,30,0,0,0,0.21,19,0.8,15.9
2015,1,29,23,30,0,0,0,0.21,27,0.8,15.8
2015,1,30,0,30,0,0,0,0.21,34,0.8,15.4
2015,1,30,1,30,0,0,0,0.21,50,0.8,15
2015,1,30,2,30,0,0,0,0.21,75,0.7000000000000001,14.5
2015,1,30,3,30,0,0,0,0.21,97,0.7000000000000001,14
2015,1,30,4,30,0,0,0,0.21,90,0.6000000000000001,13.5
2015,1,30,5,30,0,0,0,0.21,189,0.5,13.200000000000001
2015,1,30,6,30,0,0,0,0.21,296,0.6000000000000001,13.5
2015,1,30,7,30,27,0,27,0.21,298,0.9,14.8
2015,1,30,8,30,153,31,163,0.21,317,1.6,16.5
2015,1,30,9,30,59,0,59,0.21,330,2,17.900000000000002
2015,1,30,10,30,87,0,87,0.21,334,2.3000000000000003,18.900000000000002
2015,1,30,11,30,117,0,117,0.21,333,2.4000000000000004,19.400000000000002
2015,1,30,12,30,275,81,325,0.21,330,2.5,19.400000000000002
2015,1,30,13,30,212,1,212,0.21,327,2.4000000000000004,19
2015,1,30,14,30,270,132,330,0.21,326,2.3000000000000003,18.3
2015,1,30,15,30,171,27,180,0.21,327,1.6,17.1
2015,1,30,16,30,48,0,48,0.21,328,0.9,15.600000000000001
2015,1,30,17,30,0,0,0,0.21,326,0.7000000000000001,14.600000000000001
2015,1,30,18,30,0,0,0,0.21,317,0.7000000000000001,14.200000000000001
2015,1,30,19,30,0,0,0,0.21,301,0.6000000000000001,14
2015,1,30,20,30,0,0,0,0.21,286,0.6000000000000001,13.700000000000001
2015,1,30,21,30,0,0,0,0.21,280,0.7000000000000001,13.4
2015,1,30,22,30,0,0,0,0.21,283,0.8,12.9
2015,1,30,23,30,0,0,0,0.21,290,0.8,12.5
2015,1,31,0,30,0,0,0,0.21,295,0.9,12.100000000000001
2015,1,31,1,30,0,0,0,0.21,299,0.9,12
2015,1,31,2,30,0,0,0,0.21,303,0.9,11.9
2015,1,31,3,30,0,0,0,0.21,307,1,11.8
2015,1,31,4,30,0,0,0,0.21,311,1.1,11.5
2015,1,31,5,30,0,0,0,0.21,316,1.2000000000000002,11.200000000000001
2015,1,31,6,30,0,0,0,0.21,321,1.8,12
2015,1,31,7,30,48,366,99,0.21,328,2.8000000000000003,14
2015,1,31,8,30,173,23,180,0.21,341,3.6,16.2
2015,1,31,9,30,160,1,160,0.21,174,4.1000000000000005,18.2
2015,1,31,10,30,336,177,436,0.21,4,4.1000000000000005,19.5
2015,1,31,11,30,332,56,367,0.21,11,4.2,20.1
2015,1,31,12,30,362,223,500,0.21,13,4.3,20.3
2015,1,31,13,30,214,1,214,0.21,12,4.2,20.1
2015,1,31,14,30,253,256,372,0.21,9,3.9000000000000004,19.6
2015,1,31,15,30,80,642,283,0.21,183,2.7,18.3
2015,1,31,16,30,46,3,46,0.25,43,0.9,15.4
2015,1,31,17,30,0,0,0,0.25,25,0.9,14.3
2015,1,31,18,30,0,0,0,0.25,11,0.9,13.600000000000001
2015,1,31,19,30,0,0,0,0.25,176,1,13.4
2015,1,31,20,30,0,0,0,0.25,346,1,13
2015,1,31,21,30,0,0,0,0.25,352,1.1,12.4
2015,1,31,22,30,0,0,0,0.25,179,1.1,12.200000000000001
2015,1,31,23,30,0,0,0,0.25,3,1.2000000000000002,12.200000000000001
2021,2,1,0,30,0,0,0,0.25,10,1.2000000000000002,12.4
2021,2,1,1,30,0,0,0,0.25,20,1.1,12.700000000000001
2021,2,1,2,30,0,0,0,0.25,34,1,13.200000000000001
2021,2,1,3,30,0,0,0,0.25,44,0.8,13.8
2021,2,1,4,30,0,0,0,0.25,60,0.8,14.200000000000001
2021,2,1,5,30,0,0,0,0.25,84,0.8,14.3
2021,2,1,6,30,0,0,0,0.25,104,0.8,14.600000000000001
2021,2,1,7,30,52,19,55,0.25,116,0.7000000000000001,15.5
2021,2,1,8,30,78,56,96,0.25,148,0.7000000000000001,16.8
2021,2,1,9,30,29,0,29,0.25,207,0.8,18
2021,2,1,10,30,221,93,274,0.25,197,0.8,19.3
2021,2,1,11,30,264,54,298,0.25,104,0.7000000000000001,20.400000000000002
2021,2,1,12,30,242,32,262,0.25,46,0.8,20.6
2021,2,1,13,30,186,9,191,0.25,52,0.8,20.3
2021,2,1,14,30,217,50,240,0.25,77,0.7000000000000001,19.400000000000002
2021,2,1,15,30,156,80,182,0.25,95,0.7000000000000001,18.1
2021,2,1,16,30,24,0,24,0.25,100,0.8,17.2
2021,2,1,17,30,0,0,0,0.25,91,0.8,16.6
2021,2,1,18,30,0,0,0,0.25,68,0.8,16.2
2021,2,1,19,30,0,0,0,0.25,26,0.7000000000000001,16
2021,2,1,20,30,0,0,0,0.25,162,0.6000000000000001,15.8
2021,2,1,21,30,0,0,0,0.25,290,0.6000000000000001,15.700000000000001
2021,2,1,22,30,0,0,0,0.25,265,0.7000000000000001,15.600000000000001
2021,2,1,23,30,0,0,0,0.25,282,0.7000000000000001,15.600000000000001
2021,2,2,0,30,0,0,0,0.25,301,0.7000000000000001,15.5
2021,2,2,1,30,0,0,0,0.25,315,0.7000000000000001,15.600000000000001
2021,2,2,2,30,0,0,0,0.25,316,0.7000000000000001,15.8
2021,2,2,3,30,0,0,0,0.25,312,0.6000000000000001,16
2021,2,2,4,30,0,0,0,0.25,314,0.6000000000000001,16
2021,2,2,5,30,0,0,0,0.25,324,0.6000000000000001,16
2021,2,2,6,30,0,0,0,0.25,318,0.6000000000000001,16.6
2021,2,2,7,30,56,163,80,0.25,288,0.6000000000000001,18.5
2021,2,2,8,30,148,147,196,0.25,233,1.2000000000000002,21.400000000000002
2021,2,2,9,30,142,593,422,0.25,197,2,23.8
2021,2,2,10,30,149,685,544,0.25,201,2.7,25.1
2021,2,2,11,30,287,257,449,0.25,210,2.9000000000000004,25.8
2021,2,2,12,30,175,649,584,0.25,217,2.9000000000000004,26.1
2021,2,2,13,30,163,555,483,0.25,221,2.8000000000000003,26.1
2021,2,2,14,30,159,483,387,0.25,221,2.5,25.400000000000002
2021,2,2,15,30,136,258,220,0.25,217,1.6,23.200000000000003
2021,2,2,16,30,49,394,107,0.26,219,1,19.900000000000002
2021,2,2,17,30,0,0,0,0.26,237,1,18
2021,2,2,18,30,0,0,0,0.26,258,0.9,17.3
2021,2,2,19,30,0,0,0,0.26,272,0.8,16.5
2021,2,2,20,30,0,0,0,0.26,282,0.9,15.8
2021,2,2,21,30,0,0,0,0.26,287,0.9,15.100000000000001
2021,2,2,22,30,0,0,0,0.26,288,1,14.600000000000001
2021,2,2,23,30,0,0,0,0.26,289,1,14.3
2021,2,3,0,30,0,0,0,0.26,292,1,14.200000000000001
2021,2,3,1,30,0,0,0,0.26,291,1.1,14
2021,2,3,2,30,0,0,0,0.26,288,1.1,13.9
2021,2,3,3,30,0,0,0,0.26,287,1.2000000000000002,13.5
2021,2,3,4,30,0,0,0,0.26,284,1.2000000000000002,12.8
2021,2,3,5,30,0,0,0,0.26,282,1.2000000000000002,12.700000000000001
2021,2,3,6,30,0,0,0,0.26,280,1.1,13.9
2021,2,3,7,30,37,560,121,0.26,277,1.6,16.8
2021,2,3,8,30,58,782,315,0.26,273,2.8000000000000003,20.200000000000003
2021,2,3,9,30,70,874,486,0.26,267,3.7,22.8
2021,2,3,10,30,137,729,560,0.26,263,4.2,24.400000000000002
2021,2,3,11,30,173,698,615,0.26,263,4.5,24.8
2021,2,3,12,30,221,555,573,0.26,263,4.800000000000001,24.6
2021,2,3,13,30,96,869,600,0.26,264,5,23.900000000000002
2021,2,3,14,30,82,828,477,0.26,265,4.9,22.8
2021,2,3,15,30,117,471,273,0.26,266,3.9000000000000004,20.700000000000003
2021,2,3,16,30,73,37,79,0.25,269,2.4000000000000004,17.6
2021,2,3,17,30,0,0,0,0.25,272,1.6,15.200000000000001
2021,2,3,18,30,0,0,0,0.25,272,1.4000000000000001,14
2021,2,3,19,30,0,0,0,0.25,279,1.2000000000000002,13.200000000000001
2021,2,3,20,30,0,0,0,0.25,293,1,12.600000000000001
2021,2,3,21,30,0,0,0,0.25,304,0.9,12.100000000000001
2021,2,3,22,30,0,0,0,0.25,306,0.9,11.200000000000001
2021,2,3,23,30,0,0,0,0.25,302,0.9,10.200000000000001
2021,2,4,0,30,0,0,0,0.25,300,1.1,9.600000000000001
2021,2,4,1,30,0,0,0,0.25,304,1.4000000000000001,9.3
2021,2,4,2,30,0,0,0,0.25,309,1.7000000000000002,9
2021,2,4,3,30,0,0,0,0.25,314,1.9000000000000001,8.6
2021,2,4,4,30,0,0,0,0.25,317,1.9000000000000001,8.4
2021,2,4,5,30,0,0,0,0.25,317,1.9000000000000001,8.4
2021,2,4,6,30,0,0,0,0.25,317,2.4000000000000004,10
2021,2,4,7,30,39,580,128,0.25,329,3.6,13
2021,2,4,8,30,58,813,328,0.25,346,4.6000000000000005,15.700000000000001
2021,2,4,9,30,72,904,505,0.25,351,4.6000000000000005,17.900000000000002
2021,2,4,10,30,83,942,633,0.25,348,4.6000000000000005,19.5
2021,2,4,11,30,87,961,700,0.25,344,4.6000000000000005,20.400000000000002
2021,2,4,12,30,88,959,700,0.25,340,4.3,20.900000000000002
2021,2,4,13,30,85,937,633,0.25,337,4,20.8
2021,2,4,14,30,79,886,505,0.25,337,3.9000000000000004,20.1
2021,2,4,15,30,67,785,329,0.25,336,3,18
2021,2,4,16,30,44,543,128,0.26,332,1.9000000000000001,14.5
2021,2,4,17,30,0,0,0,0.26,328,1.6,12.200000000000001
2021,2,4,18,30,0,0,0,0.26,325,1.7000000000000002,11.3
2021,2,4,19,30,0,0,0,0.26,325,1.8,10.700000000000001
2021,2,4,20,30,0,0,0,0.26,326,1.8,10.3
2021,2,4,21,30,0,0,0,0.26,327,1.8,9.9
2021,2,4,22,30,0,0,0,0.26,329,1.8,9.600000000000001
2021,2,4,23,30,0,0,0,0.26,331,1.8,9.3
2021,2,5,0,30,0,0,0,0.26,331,1.8,9.1
2021,2,5,1,30,0,0,0,0.26,329,1.8,9
2021,2,5,2,30,0,0,0,0.26,326,1.9000000000000001,8.8
2021,2,5,3,30,0,0,0,0.26,324,2,8.4
2021,2,5,4,30,0,0,0,0.26,323,2.2,8
2021,2,5,5,30,0,0,0,0.26,322,2.3000000000000003,7.9
2021,2,5,6,30,0,0,0,0.26,321,2.6,9.700000000000001
2021,2,5,7,30,51,390,112,0.26,326,3.3000000000000003,13.600000000000001
2021,2,5,8,30,66,784,329,0.26,335,3.7,17.400000000000002
2021,2,5,9,30,70,908,509,0.26,341,3.6,20.5
2021,2,5,10,30,77,956,639,0.26,341,3.4000000000000004,23
2021,2,5,11,30,81,977,708,0.26,338,3.3000000000000003,24.700000000000003
2021,2,5,12,30,84,976,711,0.26,335,3.3000000000000003,25.700000000000003
2021,2,5,13,30,85,947,642,0.26,333,3.1,25.8
2021,2,5,14,30,77,901,514,0.26,332,2.9000000000000004,25
2021,2,5,15,30,66,797,335,0.26,335,2,22.1
2021,2,5,16,30,44,554,132,0.26,333,1.1,18.1
2021,2,5,17,30,0,0,0,0.26,322,1,15.8
2021,2,5,18,30,0,0,0,0.26,313,1,14.9
2021,2,5,19,30,0,0,0,0.26,308,1,14.200000000000001
2021,2,5,20,30,0,0,0,0.26,309,1.1,13.700000000000001
2021,2,5,21,30,0,0,0,0.26,315,1.2000000000000002,13.3
2021,2,5,22,30,0,0,0,0.26,323,1.4000000000000001,12.8
2021,2,5,23,30,0,0,0,0.26,330,1.5,12.100000000000001
2021,2,6,0,30,0,0,0,0.26,331,1.7000000000000002,11.3
2021,2,6,1,30,0,0,0,0.26,329,1.9000000000000001,10.8
2021,2,6,2,30,0,0,0,0.26,329,2.2,10.4
2021,2,6,3,30,0,0,0,0.26,330,2.3000000000000003,9.9
2021,2,6,4,30,0,0,0,0.26,328,2.3000000000000003,9.4
2021,2,6,5,30,0,0,0,0.26,327,2.2,9
2021,2,6,6,30,0,0,0,0.26,327,2.3000000000000003,10.8
2021,2,6,7,30,47,483,124,0.26,334,2.9000000000000004,14.9
2021,2,6,8,30,59,829,340,0.26,174,3.3000000000000003,18.900000000000002
2021,2,6,9,30,72,918,519,0.26,14,3.1,22
2021,2,6,10,30,84,955,649,0.26,23,2.7,24
2021,2,6,11,30,87,977,718,0.26,26,2.3000000000000003,25.3
2021,2,6,12,30,87,978,719,0.26,27,2,25.900000000000002
2021,2,6,13,30,83,958,651,0.26,28,1.8,26
2021,2,6,14,30,75,910,520,0.26,30,1.4000000000000001,25.3
2021,2,6,15,30,63,811,340,0.26,39,0.8,23.1
2021,2,6,16,30,42,579,136,0.26,44,0.5,20.400000000000002
2021,2,6,17,30,0,0,0,0.26,178,0.30000000000000004,19.1
2021,2,6,18,30,0,0,0,0.26,302,0.4,18.1
2021,2,6,19,30,0,0,0,0.26,289,0.7000000000000001,17
2021,2,6,20,30,0,0,0,0.26,292,0.8,16.2
2021,2,6,21,30,0,0,0,0.26,294,0.9,15.600000000000001
2021,2,6,22,30,0,0,0,0.26,297,0.9,15.100000000000001
2021,2,6,23,30,0,0,0,0.26,300,0.9,14.8
2021,2,7,0,30,0,0,0,0.26,302,0.9,14.600000000000001
2021,2,7,1,30,0,0,0,0.26,303,1,14
2021,2,7,2,30,0,0,0,0.26,302,1.1,13.4
2021,2,7,3,30,0,0,0,0.26,303,1.1,12.9
2021,2,7,4,30,0,0,0,0.26,304,1.1,12.8
2021,2,7,5,30,0,0,0,0.26,307,1.1,12.9
2021,2,7,6,30,0,0,0,0.26,312,1,14.100000000000001
2021,2,7,7,30,63,358,121,0.26,321,1,17
2021,2,7,8,30,66,796,339,0.26,340,1,19.900000000000002
2021,2,7,9,30,80,892,517,0.26,187,0.8,21.900000000000002
2021,2,7,10,30,87,939,646,0.26,14,0.8,23.8
2021,2,7,11,30,90,960,714,0.26,177,1,25.5
2021,2,7,12,30,90,960,714,0.26,342,1.1,26.6
2021,2,7,13,30,88,936,647,0.26,339,1.1,26.8
2021,2,7,14,30,82,887,519,0.26,174,1,26.1
2021,2,7,15,30,69,782,339,0.26,43,0.8,23.400000000000002
2021,2,7,16,30,46,545,136,0.26,63,0.7000000000000001,20
2021,2,7,17,30,3,17,2,0.26,186,0.7000000000000001,18.1
2021,2,7,18,30,0,0,0,0.26,313,0.8,17.1
2021,2,7,19,30,0,0,0,0.26,298,0.8,16.2
2021,2,7,20,30,0,0,0,0.26,288,0.8,15.5
2021,2,7,21,30,0,0,0,0.26,280,0.9,14.9
2021,2,7,22,30,0,0,0,0.26,275,0.9,14.3
2021,2,7,23,30,0,0,0,0.26,272,0.9,13.700000000000001
2021,2,8,0,30,0,0,0,0.26,273,1,13.200000000000001
2021,2,8,1,30,0,0,0,0.26,275,1,12.9
2021,2,8,2,30,0,0,0,0.26,274,1,12.600000000000001
2021,2,8,3,30,0,0,0,0.26,269,1,12.4
2021,2,8,4,30,0,0,0,0.26,263,1.1,12.3
2021,2,8,5,30,0,0,0,0.26,261,1.2000000000000002,12
2021,2,8,6,30,1,0,1,0.26,267,1,12.700000000000001
2021,2,8,7,30,60,390,124,0.26,274,1.2000000000000002,15.600000000000001
2021,2,8,8,30,65,812,346,0.26,266,1.5,19.3
2021,2,8,9,30,77,910,527,0.26,243,1.6,22.3
2021,2,8,10,30,86,956,659,0.26,221,1.8,24.5
2021,2,8,11,30,89,973,725,0.26,209,2.2,25.8
2021,2,8,12,30,89,972,725,0.26,203,2.4000000000000004,26.3
2021,2,8,13,30,114,879,642,0.26,201,2.6,26.200000000000003
2021,2,8,14,30,125,731,488,0.26,201,2.6,25.200000000000003
2021,2,8,15,30,70,778,342,0.26,195,1.9000000000000001,22.200000000000003
2021,2,8,16,30,48,487,130,0.26,192,1.2000000000000002,17.7
2021,2,8,17,30,3,16,2,0.26,205,1,14.8
2021,2,8,18,30,0,0,0,0.26,220,0.9,13.9
2021,2,8,19,30,0,0,0,0.26,225,0.9,13.5
2021,2,8,20,30,0,0,0,0.26,225,0.9,13.200000000000001
2021,2,8,21,30,0,0,0,0.26,224,0.9,13
2021,2,8,22,30,0,0,0,0.26,229,0.9,12.700000000000001
2021,2,8,23,30,0,0,0,0.26,237,0.9,12.3
2021,2,9,0,30,0,0,0,0.26,246,0.9,12
2021,2,9,1,30,0,0,0,0.26,253,0.9,11.600000000000001
2021,2,9,2,30,0,0,0,0.26,261,0.9,11.4
2021,2,9,3,30,0,0,0,0.26,266,0.8,11.600000000000001
2021,2,9,4,30,0,0,0,0.26,269,0.8,12
2021,2,9,5,30,0,0,0,0.26,270,0.8,12.3
2021,2,9,6,30,1,0,1,0.26,271,0.7000000000000001,13.100000000000001
2021,2,9,7,30,64,89,79,0.26,268,0.8,14.9
2021,2,9,8,30,91,16,97,0.26,248,1,16.5
2021,2,9,9,30,149,30,164,0.26,231,1.4000000000000001,18.5
2021,2,9,10,30,168,39,192,0.26,231,1.9000000000000001,20.700000000000003
2021,2,9,11,30,215,12,223,0.26,237,2,21.3
2021,2,9,12,30,230,17,241,0.26,245,1.8,20.900000000000002
2021,2,9,13,30,257,85,308,0.26,249,1.5,20.200000000000003
2021,2,9,14,30,198,141,269,0.26,252,1.3,19.5
2021,2,9,15,30,98,486,270,0.26,270,1.1,18.3
2021,2,9,16,30,59,342,118,0.26,298,0.9,15.600000000000001
2021,2,9,17,30,1,0,1,0.26,316,0.9,13
2021,2,9,18,30,0,0,0,0.26,322,1,11.5
2021,2,9,19,30,0,0,0,0.26,321,1,10.700000000000001
2021,2,9,20,30,0,0,0,0.26,314,1.1,10.200000000000001
2021,2,9,21,30,0,0,0,0.26,306,1.1,9.8
2021,2,9,22,30,0,0,0,0.26,302,1.2000000000000002,9.4
2021,2,9,23,30,0,0,0,0.26,300,1.2000000000000002,9.200000000000001
2021,2,10,0,30,0,0,0,0.26,300,1.3,9.1
2021,2,10,1,30,0,0,0,0.26,302,1.3,8.9
2021,2,10,2,30,0,0,0,0.26,305,1.4000000000000001,8.8
2021,2,10,3,30,0,0,0,0.26,307,1.5,8.9
2021,2,10,4,30,0,0,0,0.26,307,1.5,9.1
2021,2,10,5,30,0,0,0,0.26,305,1.5,9.4
2021,2,10,6,30,2,12,2,0.26,307,1.8,10.8
2021,2,10,7,30,53,456,131,0.26,315,2.3000000000000003,13.4
2021,2,10,8,30,78,701,326,0.26,331,2.4000000000000004,16.6
2021,2,10,9,30,88,824,502,0.26,171,2,19.900000000000002
2021,2,10,10,30,92,889,632,0.26,11,1.8,22.400000000000002
2021,2,10,11,30,94,918,702,0.26,23,1.8,24
2021,2,10,12,30,99,909,702,0.26,27,1.9000000000000001,24.900000000000002
2021,2,10,13,30,104,867,632,0.26,27,1.9000000000000001,24.900000000000002
2021,2,10,14,30,96,811,505,0.26,23,1.9000000000000001,24.200000000000003
2021,2,10,15,30,81,697,330,0.26,16,1.5,22.1
2021,2,10,16,30,54,457,134,0.26,179,1.1,18.900000000000002
2021,2,10,17,30,2,13,2,0.26,334,1,16.3
2021,2,10,18,30,0,0,0,0.26,318,1.1,14.9
2021,2,10,19,30,0,0,0,0.26,314,1,14.100000000000001
2021,2,10,20,30,0,0,0,0.26,316,1,13.700000000000001
2021,2,10,21,30,0,0,0,0.26,318,1.1,13.200000000000001
2021,2,10,22,30,0,0,0,0.26,317,1.2000000000000002,12.8
2021,2,10,23,30,0,0,0,0.26,312,1.1,12.700000000000001
2021,2,11,0,30,0,0,0,0.26,304,1,12.8
2021,2,11,1,30,0,0,0,0.26,296,1,12.9
2021,2,11,2,30,0,0,0,0.26,293,1.1,12.8
2021,2,11,3,30,0,0,0,0.26,295,1.1,12.8
2021,2,11,4,30,0,0,0,0.26,302,1,13
2021,2,11,5,30,0,0,0,0.26,307,1,13.4
2021,2,11,6,30,4,19,3,0.26,310,0.8,14.9
2021,2,11,7,30,68,285,118,0.26,313,0.7000000000000001,18
2021,2,11,8,30,76,743,341,0.26,224,0.7000000000000001,21.5
2021,2,11,9,30,114,780,509,0.26,136,1,24.1
2021,2,11,10,30,166,696,592,0.26,148,1.5,25.6
2021,2,11,11,30,208,659,647,0.26,169,1.9000000000000001,26.5
2021,2,11,12,30,268,483,590,0.26,177,2.2,26.8
2021,2,11,13,30,97,892,644,0.26,182,2.7,26.6
2021,2,11,14,30,90,833,514,0.26,198,3.2,25.6
2021,2,11,15,30,94,636,323,0.26,216,2.8000000000000003,23.3
2021,2,11,16,30,51,495,140,0.26,228,1.9000000000000001,20
2021,2,11,17,30,3,19,3,0.26,239,1.4000000000000001,17.400000000000002
2021,2,11,18,30,0,0,0,0.26,250,1.2000000000000002,16
2021,2,11,19,30,0,0,0,0.26,258,1.1,14.9
2021,2,11,20,30,0,0,0,0.26,264,1.2000000000000002,14.3
2021,2,11,21,30,0,0,0,0.26,270,1.3,13.9
2021,2,11,22,30,0,0,0,0.26,274,1.2000000000000002,13.700000000000001
2021,2,11,23,30,0,0,0,0.26,268,1.3,13.5
2021,2,12,0,30,0,0,0,0.26,262,1.5,12.8
2021,2,12,1,30,0,0,0,0.26,264,1.9000000000000001,12.100000000000001
2021,2,12,2,30,0,0,0,0.26,267,2.3000000000000003,11.9
2021,2,12,3,30,0,0,0,0.26,266,2.7,11.700000000000001
2021,2,12,4,30,0,0,0,0.26,263,3,11.700000000000001
2021,2,12,5,30,0,0,0,0.26,261,3.2,11.700000000000001
2021,2,12,6,30,3,17,3,0.26,261,3.6,12.4
2021,2,12,7,30,54,493,142,0.26,266,4.2,13.700000000000001
2021,2,12,8,30,86,688,334,0.26,277,4.800000000000001,14.9
2021,2,12,9,30,127,683,475,0.26,289,5,16
2021,2,12,10,30,208,250,362,0.26,300,4.7,17.3
2021,2,12,11,30,88,963,734,0.26,314,4.1000000000000005,19.1
2021,2,12,12,30,89,964,736,0.26,326,3.9000000000000004,20.700000000000003
2021,2,12,13,30,90,931,665,0.26,333,3.8000000000000003,21.400000000000002
2021,2,12,14,30,84,876,533,0.26,334,3.6,21.200000000000003
2021,2,12,15,30,72,772,353,0.26,325,2.7,19.8
2021,2,12,16,30,49,550,150,0.26,312,1.7000000000000002,16.7
2021,2,12,17,30,6,38,5,0.26,301,1.3,14.100000000000001
2021,2,12,18,30,0,0,0,0.26,292,1.3,13.200000000000001
2021,2,12,19,30,0,0,0,0.26,283,1.2000000000000002,12.5
2021,2,12,20,30,0,0,0,0.26,277,1.2000000000000002,11.700000000000001
2021,2,12,21,30,0,0,0,0.26,274,1.2000000000000002,11.100000000000001
2021,2,12,22,30,0,0,0,0.26,270,1.3,10.700000000000001
2021,2,12,23,30,0,0,0,0.26,266,1.4000000000000001,10.3
2021,2,13,0,30,0,0,0,0.26,266,1.5,10.4
2021,2,13,1,30,0,0,0,0.26,268,1.8,10.5
2021,2,13,2,30,0,0,0,0.26,267,2,10.5
2021,2,13,3,30,0,0,0,0.26,266,2,10.3
2021,2,13,4,30,0,0,0,0.26,266,1.9000000000000001,9.9
2021,2,13,5,30,0,0,0,0.26,266,2.2,10.100000000000001
2021,2,13,6,30,6,40,5,0.26,262,2.7,11.200000000000001
2021,2,13,7,30,92,79,106,0.26,251,3.5,13.5
2021,2,13,8,30,118,591,334,0.26,254,4.5,15.9
2021,2,13,9,30,107,811,524,0.26,268,5.6000000000000005,17.400000000000002
2021,2,13,10,30,183,700,617,0.26,276,6,18
2021,2,13,11,30,282,404,555,0.26,276,6.1000000000000005,18.2
2021,2,13,12,30,284,459,594,0.26,277,6.300000000000001,18.400000000000002
2021,2,13,13,30,151,776,634,0.26,279,6.6000000000000005,18.2
2021,2,13,14,30,95,845,532,0.26,280,6.5,17.3
2021,2,13,15,30,162,68,187,0.26,280,6.2,16.1
2021,2,13,16,30,57,501,150,0.26,282,5.800000000000001,14.5
2021,2,13,17,30,6,33,5,0.26,286,5.5,13
2021,2,13,18,30,0,0,0,0.26,292,5.4,12.100000000000001
2021,2,13,19,30,0,0,0,0.26,296,5.1000000000000005,11.4
2021,2,13,20,30,0,0,0,0.26,299,4.5,10.600000000000001
2021,2,13,21,30,0,0,0,0.26,300,3.7,10
2021,2,13,22,30,0,0,0,0.26,303,3.4000000000000004,9.5
2021,2,13,23,30,0,0,0,0.26,309,3.2,9
2021,2,14,0,30,0,0,0,0.26,313,3,8.6
2021,2,14,1,30,0,0,0,0.26,315,3,8.3
2021,2,14,2,30,0,0,0,0.26,319,3.1,8
2021,2,14,3,30,0,0,0,0.26,322,3.2,7.800000000000001
2021,2,14,4,30,0,0,0,0.26,326,3.2,7.800000000000001
2021,2,14,5,30,0,0,0,0.26,327,3.2,8
2021,2,14,6,30,7,52,6,0.26,328,3.5,9.700000000000001
2021,2,14,7,30,81,273,132,0.26,333,4.5,12.600000000000001
2021,2,14,8,30,176,255,270,0.26,340,5.1000000000000005,14.9
2021,2,14,9,30,193,536,471,0.26,343,5.2,16.6
2021,2,14,10,30,227,542,566,0.26,341,5.1000000000000005,17.6
2021,2,14,11,30,89,962,743,0.26,337,4.800000000000001,18
2021,2,14,12,30,107,908,725,0.26,334,4.9,18.6
2021,2,14,13,30,87,936,673,0.26,334,4.9,19
2021,2,14,14,30,196,520,467,0.26,332,4.4,18.6
2021,2,14,15,30,162,329,284,0.26,329,3.5,17.3
2021,2,14,16,30,82,321,143,0.26,323,2.1,14.4
2021,2,14,17,30,4,0,4,0.26,313,1.4000000000000001,12.100000000000001
2021,2,14,18,30,0,0,0,0.26,304,1.2000000000000002,11.600000000000001
2021,2,14,19,30,0,0,0,0.26,297,1,11.4
2021,2,14,20,30,0,0,0,0.26,293,0.9,11.200000000000001
2021,2,14,21,30,0,0,0,0.26,291,0.9,11
2021,2,14,22,30,0,0,0,0.26,288,0.8,10.9
2021,2,14,23,30,0,0,0,0.26,277,0.7000000000000001,10.9
2021,2,15,0,30,0,0,0,0.26,255,0.7000000000000001,10.9
2021,2,15,1,30,0,0,0,0.26,236,0.7000000000000001,10.700000000000001
2021,2,15,2,30,0,0,0,0.26,225,0.8,10.5
2021,2,15,3,30,0,0,0,0.26,212,0.7000000000000001,10.3
2021,2,15,4,30,0,0,0,0.26,203,0.7000000000000001,10
2021,2,15,5,30,0,0,0,0.26,206,0.8,9.9
2021,2,15,6,30,7,43,6,0.26,217,0.9,10.9
2021,2,15,7,30,65,112,86,0.26,231,1.5,13.100000000000001
2021,2,15,8,30,173,179,240,0.26,243,2.2,15.4
2021,2,15,9,30,243,82,286,0.26,252,2.5,17.5
2021,2,15,10,30,249,35,271,0.26,257,2.9000000000000004,19.200000000000003
2021,2,15,11,30,237,33,260,0.26,262,3.3000000000000003,20.400000000000002
2021,2,15,12,30,291,352,532,0.26,266,3.8000000000000003,21.3
2021,2,15,13,30,280,252,439,0.26,269,4.2,21.6
2021,2,15,14,30,242,204,349,0.26,270,4.4,21
2021,2,15,15,30,173,231,260,0.26,268,4.1000000000000005,19.400000000000002
2021,2,15,16,30,97,68,110,0.26,267,3.1,16.7
2021,2,15,17,30,4,0,4,0.26,269,2.5,14.4
2021,2,15,18,30,0,0,0,0.26,268,2.9000000000000004,13.700000000000001
2021,2,15,19,30,0,0,0,0.26,266,3.3000000000000003,13.5
2021,2,15,20,30,0,0,0,0.26,266,3.6,13.200000000000001
2021,2,15,21,30,0,0,0,0.26,266,3.8000000000000003,12.9
2021,2,15,22,30,0,0,0,0.26,269,4,12.600000000000001
2021,2,15,23,30,0,0,0,0.26,273,3.9000000000000004,12.4
2021,2,16,0,30,0,0,0,0.26,276,3.9000000000000004,12.200000000000001
2021,2,16,1,30,0,0,0,0.26,278,4.1000000000000005,11.9
2021,2,16,2,30,0,0,0,0.26,282,4,11.4
2021,2,16,3,30,0,0,0,0.26,286,3.6,10.8
2021,2,16,4,30,0,0,0,0.26,292,3,10
2021,2,16,5,30,0,0,0,0.26,297,2.5,9.3
2021,2,16,6,30,7,56,7,0.26,299,2.7,10.200000000000001
2021,2,16,7,30,60,497,157,0.26,305,3.2,12.700000000000001
2021,2,16,8,30,86,752,370,0.26,320,3.3000000000000003,15.600000000000001
2021,2,16,9,30,85,882,550,0.26,332,3.2,18.2
2021,2,16,10,30,231,564,588,0.26,331,3.2,20.1
2021,2,16,11,30,268,522,627,0.26,324,3.5,21.3
2021,2,16,12,30,223,633,659,0.26,317,3.9000000000000004,21.900000000000002
2021,2,16,13,30,280,379,520,0.26,314,4.3,22
2021,2,16,14,30,267,195,370,0.26,311,4.3,21.5
2021,2,16,15,30,172,191,245,0.26,308,3.6,19.900000000000002
2021,2,16,16,30,103,124,127,0.26,306,2.2,16.5
2021,2,16,17,30,5,0,5,0.26,304,1.4000000000000001,13.5
2021,2,16,18,30,0,0,0,0.26,304,1.3,12.200000000000001
2021,2,16,19,30,0,0,0,0.26,304,1.3,11.4
2021,2,16,20,30,0,0,0,0.26,306,1.2000000000000002,10.700000000000001
2021,2,16,21,30,0,0,0,0.26,309,1.2000000000000002,10
2021,2,16,22,30,0,0,0,0.26,315,1.4000000000000001,9.5
2021,2,16,23,30,0,0,0,0.26,319,1.5,9.1
2021,2,17,0,30,0,0,0,0.26,320,1.6,8.700000000000001
2021,2,17,1,30,0,0,0,0.26,318,1.6,8.3
2021,2,17,2,30,0,0,0,0.26,319,1.7000000000000002,7.9
2021,2,17,3,30,0,0,0,0.26,320,1.6,7.4
2021,2,17,4,30,0,0,0,0.26,320,1.6,7
2021,2,17,5,30,0,0,0,0.26,320,1.6,7
2021,2,17,6,30,8,66,8,0.26,320,2.1,9.3
2021,2,17,7,30,67,482,163,0.26,330,3.5,13
2021,2,17,8,30,80,778,377,0.26,339,4.4,15.5
2021,2,17,9,30,84,916,571,0.26,341,4.7,17.1
2021,2,17,10,30,97,950,703,0.26,341,4.9,18.2
2021,2,17,11,30,102,968,773,0.26,342,5.1000000000000005,18.7
2021,2,17,12,30,106,960,771,0.26,343,5.300000000000001,18.8
2021,2,17,13,30,108,922,697,0.26,343,5.4,18.6
2021,2,17,14,30,100,865,561,0.26,343,5.2,17.900000000000002
2021,2,17,15,30,84,767,378,0.26,343,4.6000000000000005,16.6
2021,2,17,16,30,58,561,170,0.25,343,3.1,13.8
2021,2,17,17,30,9,58,9,0.25,342,2.2,11.200000000000001
2021,2,17,18,30,0,0,0,0.25,343,2.3000000000000003,10.200000000000001
2021,2,17,19,30,0,0,0,0.25,348,2.3000000000000003,9.5
2021,2,17,20,30,0,0,0,0.25,354,2.3000000000000003,8.8
2021,2,17,21,30,0,0,0,0.25,358,2.3000000000000003,8.200000000000001
2021,2,17,22,30,0,0,0,0.25,180,2.2,7.6000000000000005
2021,2,17,23,30,0,0,0,0.25,4,2.1,6.9
2021,2,18,0,30,0,0,0,0.25,7,2,6.300000000000001
2021,2,18,1,30,0,0,0,0.25,8,2,5.9
2021,2,18,2,30,0,0,0,0.25,10,2.1,5.6000000000000005
2021,2,18,3,30,0,0,0,0.25,12,2.2,5.300000000000001
2021,2,18,4,30,0,0,0,0.25,12,2.2,5
2021,2,18,5,30,0,0,0,0.25,11,2.2,5.1000000000000005
2021,2,18,6,30,10,122,11,0.25,9,2.8000000000000003,7.5
2021,2,18,7,30,46,699,187,0.25,14,4,11.100000000000001
2021,2,18,8,30,63,880,402,0.25,21,4.6000000000000005,13.5
2021,2,18,9,30,76,946,583,0.25,20,4.6000000000000005,15.4
2021,2,18,10,30,88,978,716,0.25,20,4.5,17
2021,2,18,11,30,92,997,787,0.25,20,4.4,18.1
2021,2,18,12,30,95,982,780,0.25,20,4.1000000000000005,18.900000000000002
2021,2,18,13,30,96,952,708,0.25,19,3.6,19.200000000000003
2021,2,18,14,30,89,898,571,0.25,18,3.1,18.900000000000002
2021,2,18,15,30,75,800,385,0.25,15,2.1,17.400000000000002
2021,2,18,16,30,53,598,175,0.25,13,1.2000000000000002,14.700000000000001
2021,2,18,17,30,10,78,10,0.25,7,0.9,13.100000000000001
2021,2,18,18,30,0,0,0,0.25,175,0.8,12.8
2021,2,18,19,30,0,0,0,0.25,341,0.8,12.4
2021,2,18,20,30,0,0,0,0.25,329,0.8,11.9
2021,2,18,21,30,0,0,0,0.25,322,0.8,11.600000000000001
2021,2,18,22,30,0,0,0,0.25,315,0.8,11.200000000000001
2021,2,18,23,30,0,0,0,0.25,310,0.8,10.9
2021,2,19,0,30,0,0,0,0.25,305,0.8,10.700000000000001
2021,2,19,1,30,0,0,0,0.25,300,0.8,10.5
2021,2,19,2,30,0,0,0,0.25,296,0.8,10.3
2021,2,19,3,30,0,0,0,0.25,296,0.9,10.100000000000001
2021,2,19,4,30,0,0,0,0.25,298,0.9,10
2021,2,19,5,30,0,0,0,0.25,299,0.9,10.3
2021,2,19,6,30,10,94,11,0.25,302,0.8,11.700000000000001
2021,2,19,7,30,50,624,179,0.25,320,0.7000000000000001,14.4
2021,2,19,8,30,69,817,388,0.25,171,0.6000000000000001,17.400000000000002
2021,2,19,9,30,81,905,570,0.25,21,0.5,19.8
2021,2,19,10,30,90,948,703,0.25,50,0.6000000000000001,21.400000000000002
2021,2,19,11,30,93,965,770,0.25,100,0.6000000000000001,22.700000000000003
2021,2,19,12,30,94,959,767,0.25,181,0.8,23.8
2021,2,19,13,30,93,931,695,0.25,231,1.1,24.5
2021,2,19,14,30,83,887,563,0.25,233,1.4000000000000001,24.3
2021,2,19,15,30,73,794,383,0.25,215,1.2000000000000002,22.3
2021,2,19,16,30,52,597,176,0.25,190,0.9,19.1
2021,2,19,17,30,10,86,11,0.25,187,0.9,16.900000000000002
2021,2,19,18,30,0,0,0,0.25,205,0.9,15.8
2021,2,19,19,30,0,0,0,0.25,220,1,14.8
2021,2,19,20,30,0,0,0,0.25,231,1,14.3
2021,2,19,21,30,0,0,0,0.25,240,0.9,14
2021,2,19,22,30,0,0,0,0.25,248,0.9,13.600000000000001
2021,2,19,23,30,0,0,0,0.25,255,1,12.8
2021,2,20,0,30,0,0,0,0.25,263,1,12.200000000000001
2021,2,20,1,30,0,0,0,0.25,269,1,11.9
2021,2,20,2,30,0,0,0,0.25,273,1,11.4
2021,2,20,3,30,0,0,0,0.25,273,1.1,10.8
2021,2,20,4,30,0,0,0,0.25,269,1.2000000000000002,10.200000000000001
2021,2,20,5,30,0,0,0,0.25,263,1.2000000000000002,9.8
2021,2,20,6,30,12,116,13,0.25,263,1.5,12
2021,2,20,7,30,60,601,186,0.25,270,2.8000000000000003,15.8
2021,2,20,8,30,94,726,380,0.25,277,4.4,18.5
2021,2,20,9,30,86,916,585,0.25,284,5.4,20.200000000000003
2021,2,20,10,30,99,956,721,0.25,289,6.2,21.1
2021,2,20,11,30,98,989,796,0.25,294,6.6000000000000005,21.5
2021,2,20,12,30,97,990,796,0.25,301,6.9,21.5
2021,2,20,13,30,96,966,725,0.25,307,6.7,20.8
2021,2,20,14,30,88,921,590,0.25,312,6.1000000000000005,19.900000000000002
2021,2,20,15,30,76,829,403,0.25,317,5.1000000000000005,18.400000000000002
2021,2,20,16,30,56,627,188,0.26,322,3.2,15.3
2021,2,20,17,30,11,87,12,0.26,330,1.8,12.3
2021,2,20,18,30,0,0,0,0.26,338,1.6,11.200000000000001
2021,2,20,19,30,0,0,0,0.26,344,1.8,10.600000000000001
2021,2,20,20,30,0,0,0,0.26,348,2.1,10.100000000000001
2021,2,20,21,30,0,0,0,0.26,347,2.7,9.9
2021,2,20,22,30,0,0,0,0.26,341,3,9.5
2021,2,20,23,30,0,0,0,0.26,335,2.9000000000000004,8.9
2021,2,21,0,30,0,0,0,0.26,332,2.7,8.200000000000001
2021,2,21,1,30,0,0,0,0.26,330,2.5,7.6000000000000005
2021,2,21,2,30,0,0,0,0.26,328,2.5,7.300000000000001
2021,2,21,3,30,0,0,0,0.26,327,2.8000000000000003,7.1000000000000005
2021,2,21,4,30,0,0,0,0.26,329,3.1,7
2021,2,21,5,30,0,0,0,0.26,331,3.2,7.300000000000001
2021,2,21,6,30,12,137,14,0.26,336,3.7,9.5
2021,2,21,7,30,51,678,196,0.26,171,4.6000000000000005,13
2021,2,21,8,30,64,874,412,0.26,7,5,15.700000000000001
2021,2,21,9,30,76,944,594,0.26,15,4.800000000000001,17.6
2021,2,21,10,30,82,983,727,0.26,20,4.4,19.1
2021,2,21,11,30,86,1001,797,0.26,23,4,20.200000000000003
2021,2,21,12,30,89,993,795,0.26,26,3.8000000000000003,21
2021,2,21,13,30,91,964,723,0.26,27,3.6,21.200000000000003
2021,2,21,14,30,84,928,593,0.26,27,3.3000000000000003,20.900000000000002
2021,2,21,15,30,71,846,408,0.26,26,2.3000000000000003,19.3
2021,2,21,16,30,51,663,193,0.26,22,1.4000000000000001,16
2021,2,21,17,30,12,114,14,0.26,14,1.2000000000000002,13.100000000000001
2021,2,21,18,30,0,0,0,0.26,183,1.3,11.8
2021,2,21,19,30,0,0,0,0.26,356,1.4000000000000001,10.700000000000001
2021,2,21,20,30,0,0,0,0.26,352,1.5,9.9
2021,2,21,21,30,0,0,0,0.26,347,1.5,9.200000000000001
2021,2,21,22,30,0,0,0,0.26,343,1.6,8.700000000000001
2021,2,21,23,30,0,0,0,0.26,342,1.6,8.3
2021,2,22,0,30,0,0,0,0.26,343,1.6,8
2021,2,22,1,30,0,0,0,0.26,345,1.7000000000000002,7.800000000000001
2021,2,22,2,30,0,0,0,0.26,346,1.7000000000000002,7.7
2021,2,22,3,30,0,0,0,0.26,347,1.7000000000000002,7.5
2021,2,22,4,30,0,0,0,0.26,348,1.7000000000000002,7.2
2021,2,22,5,30,0,0,0,0.26,350,1.7000000000000002,7.5
2021,2,22,6,30,15,175,18,0.26,351,2.2,10.700000000000001
2021,2,22,7,30,50,689,201,0.26,183,3.4000000000000004,15.4
2021,2,22,8,30,62,882,418,0.26,22,4.2,18.6
2021,2,22,9,30,77,950,603,0.26,32,4.1000000000000005,21
2021,2,22,10,30,90,978,736,0.26,38,3.7,22.8
2021,2,22,11,30,95,995,807,0.26,41,3.3000000000000003,24.200000000000003
2021,2,22,12,30,95,994,806,0.26,43,2.9000000000000004,25
2021,2,22,13,30,93,974,735,0.26,45,2.6,25.200000000000003
2021,2,22,14,30,85,930,599,0.26,46,2.3000000000000003,24.8
2021,2,22,15,30,73,839,410,0.26,45,1.5,22.900000000000002
2021,2,22,16,30,53,649,194,0.25,41,1,19.8
2021,2,22,17,30,12,109,14,0.25,26,1.1,17.400000000000002
2021,2,22,18,30,0,0,0,0.25,181,1.2000000000000002,16.1
2021,2,22,19,30,0,0,0,0.25,340,1.2000000000000002,15.200000000000001
2021,2,22,20,30,0,0,0,0.25,327,1.2000000000000002,14.5
2021,2,22,21,30,0,0,0,0.25,321,1.2000000000000002,14
2021,2,22,22,30,0,0,0,0.25,318,1.3,13.5
2021,2,22,23,30,0,0,0,0.25,318,1.3,13.200000000000001
2021,2,23,0,30,0,0,0,0.25,317,1.3,13
2021,2,23,1,30,0,0,0,0.25,315,1.3,12.8
2021,2,23,2,30,0,0,0,0.25,313,1.4000000000000001,12.600000000000001
2021,2,23,3,30,0,0,0,0.25,311,1.4000000000000001,12.4
2021,2,23,4,30,0,0,0,0.25,311,1.4000000000000001,12.3
2021,2,23,5,30,0,0,0,0.25,311,1.3,12.600000000000001
2021,2,23,6,30,15,147,18,0.25,313,1.3,14.8
2021,2,23,7,30,81,474,187,0.25,320,1.6,18.8
2021,2,23,8,30,102,755,410,0.25,335,2.1,22.5
2021,2,23,9,30,83,927,600,0.25,346,2.2,25
2021,2,23,10,30,88,971,733,0.25,347,2.1,26.700000000000003
2021,2,23,11,30,93,987,803,0.25,347,2.1,27.700000000000003
2021,2,23,12,30,95,981,801,0.25,344,2.1,28.200000000000003
2021,2,23,13,30,95,951,726,0.25,339,2.1,28.200000000000003
2021,2,23,14,30,88,906,592,0.25,335,2.1,27.6
2021,2,23,15,30,76,816,407,0.25,336,1.5,25.5
2021,2,23,16,30,55,618,192,0.25,340,1.1,21.8
2021,2,23,17,30,14,113,16,0.25,337,1.1,19
2021,2,23,18,30,0,0,0,0.25,323,1.1,18.1
2021,2,23,19,30,0,0,0,0.25,307,1.1,17.400000000000002
2021,2,23,20,30,0,0,0,0.25,296,1.1,16.7
2021,2,23,21,30,0,0,0,0.25,292,1.2000000000000002,16
2021,2,23,22,30,0,0,0,0.25,290,1.2000000000000002,15.4
2021,2,23,23,30,0,0,0,0.25,290,1.3,14.9
2021,2,24,0,30,0,0,0,0.25,291,1.3,14.4
2021,2,24,1,30,0,0,0,0.25,293,1.3,14
2021,2,24,2,30,0,0,0,0.25,295,1.3,13.600000000000001
2021,2,24,3,30,0,0,0,0.25,299,1.3,13.200000000000001
2021,2,24,4,30,0,0,0,0.25,300,1.3,12.9
2021,2,24,5,30,0,0,0,0.25,300,1.2000000000000002,13
2021,2,24,6,30,15,113,18,0.25,301,1.3,15.3
2021,2,24,7,30,71,549,196,0.25,307,1.5,19.400000000000002
2021,2,24,8,30,78,813,413,0.25,309,1.7000000000000002,23
2021,2,24,9,30,90,903,598,0.25,302,1.8,25.5
2021,2,24,10,30,98,940,727,0.25,297,2.1,27
2021,2,24,11,30,104,951,793,0.25,296,2.4000000000000004,27.8
2021,2,24,12,30,107,943,789,0.25,294,2.7,28.1
2021,2,24,13,30,104,917,716,0.25,288,2.9000000000000004,27.900000000000002
2021,2,24,14,30,98,862,581,0.25,280,3.2,27
2021,2,24,15,30,84,768,398,0.25,272,2.9000000000000004,25.1
2021,2,24,16,30,61,576,190,0.25,275,1.9000000000000001,21.3
2021,2,24,17,30,14,99,16,0.25,286,1.3,17.7
2021,2,24,18,30,0,0,0,0.25,295,1.2000000000000002,16
2021,2,24,19,30,0,0,0,0.25,300,1.3,15
2021,2,24,20,30,0,0,0,0.25,314,1.9000000000000001,14.4
2021,2,24,21,30,0,0,0,0.25,331,3.9000000000000004,14
2021,2,24,22,30,0,0,0,0.25,338,5.5,13
2021,2,24,23,30,0,0,0,0.25,338,5.9,11.600000000000001
2021,2,25,0,30,0,0,0,0.25,338,6.2,10.5
2021,2,25,1,30,0,0,0,0.25,338,6.300000000000001,9.700000000000001
2021,2,25,2,30,0,0,0,0.25,339,6.300000000000001,9.200000000000001
2021,2,25,3,30,0,0,0,0.25,342,6.2,8.9
2021,2,25,4,30,0,0,0,0.25,344,6,8.6
2021,2,25,5,30,0,0,0,0.25,346,5.7,8.5
2021,2,25,6,30,18,178,23,0.25,350,6.1000000000000005,9.5
2021,2,25,7,30,55,725,223,0.25,355,6.800000000000001,11.4
2021,2,25,8,30,121,702,413,0.25,358,6.800000000000001,13.200000000000001
2021,2,25,9,30,109,905,623,0.25,359,6.300000000000001,15.100000000000001
2021,2,25,10,30,102,996,773,0.25,360,5.6000000000000005,16.900000000000002
2021,2,25,11,30,103,1005,835,0.25,359,5,18.3
2021,2,25,12,30,109,992,831,0.25,357,4.5,19.200000000000003
2021,2,25,13,30,113,950,751,0.25,355,4.2,19.700000000000003
2021,2,25,14,30,101,904,611,0.25,352,3.9000000000000004,19.400000000000002
2021,2,25,15,30,84,820,423,0.25,350,3.2,18.2
2021,2,25,16,30,60,626,203,0.25,349,1.9000000000000001,14.9
2021,2,25,17,30,16,117,19,0.25,345,1.3,11.700000000000001
2021,2,25,18,30,0,0,0,0.25,338,1.3,10.5
2021,2,25,19,30,0,0,0,0.25,333,1.3,10
2021,2,25,20,30,0,0,0,0.25,331,1.4000000000000001,9.600000000000001
2021,2,25,21,30,0,0,0,0.25,332,1.5,9.200000000000001
2021,2,25,22,30,0,0,0,0.25,332,1.5,9.1
2021,2,25,23,30,0,0,0,0.25,330,1.5,9.3
2021,2,26,0,30,0,0,0,0.25,329,1.5,9.4
2021,2,26,1,30,0,0,0,0.25,329,1.5,9.1
2021,2,26,2,30,0,0,0,0.25,328,1.6,8.8
2021,2,26,3,30,0,0,0,0.25,326,1.6,8.6
2021,2,26,4,30,0,0,0,0.25,325,1.6,8.6
2021,2,26,5,30,0,0,0,0.25,325,1.6,9.1
2021,2,26,6,30,19,194,25,0.25,326,1.6,11.9
2021,2,26,7,30,83,502,202,0.25,338,2.1,16.5
2021,2,26,8,30,145,583,390,0.25,181,2.6,20.1
2021,2,26,9,30,92,942,631,0.25,20,2.5,22.400000000000002
2021,2,26,10,30,103,974,764,0.25,29,1.7000000000000002,24
2021,2,26,11,30,107,983,828,0.25,21,1.2000000000000002,25.3
2021,2,26,12,30,111,978,827,0.25,130,1.4000000000000001,26.200000000000003
2021,2,26,13,30,110,951,753,0.25,240,2.1,26.400000000000002
2021,2,26,14,30,101,896,610,0.25,230,2.7,25.8
2021,2,26,15,30,87,804,422,0.25,231,2.4000000000000004,23.700000000000003
2021,2,26,16,30,63,611,204,0.25,230,1.6,19.1
2021,2,26,17,30,16,114,19,0.25,231,1.3,15.100000000000001
2021,2,26,18,30,0,0,0,0.25,241,1.3,13.4
2021,2,26,19,30,0,0,0,0.25,255,1.4000000000000001,12.4
2021,2,26,20,30,0,0,0,0.25,264,1.4000000000000001,11.5
2021,2,26,21,30,0,0,0,0.25,267,1.5,10.700000000000001
2021,2,26,22,30,0,0,0,0.25,269,1.6,10
2021,2,26,23,30,0,0,0,0.25,276,1.6,9.5
2021,2,27,0,30,0,0,0,0.25,288,1.7000000000000002,9.4
2021,2,27,1,30,0,0,0,0.25,297,1.8,9.3
2021,2,27,2,30,0,0,0,0.25,304,1.8,9
2021,2,27,3,30,0,0,0,0.25,311,1.8,8.6
2021,2,27,4,30,0,0,0,0.25,316,1.7000000000000002,8.3
2021,2,27,5,30,0,0,0,0.25,319,1.6,8.5
2021,2,27,6,30,19,142,24,0.25,325,1.8,11
2021,2,27,7,30,92,331,172,0.25,169,2.4000000000000004,15
2021,2,27,8,30,87,791,424,0.25,15,2.6,18
2021,2,27,9,30,106,870,608,0.25,21,2.3000000000000003,20.400000000000002
2021,2,27,10,30,122,904,739,0.25,18,1.8,22.1
2021,2,27,11,30,129,921,808,0.25,9,1.7000000000000002,23.3
2021,2,27,12,30,131,914,804,0.25,177,1.8,24
2021,2,27,13,30,128,885,730,0.25,348,2,24
2021,2,27,14,30,119,827,592,0.25,344,2.1,23.3
2021,2,27,15,30,102,722,405,0.25,346,2,21.700000000000003
2021,2,27,16,30,73,509,192,0.25,353,1.5,18.5
2021,2,27,17,30,16,70,18,0.25,357,1.2000000000000002,15.3
2021,2,27,18,30,0,0,0,0.25,355,1.4000000000000001,13.4
2021,2,27,19,30,0,0,0,0.25,352,1.7000000000000002,12.200000000000001
2021,2,27,20,30,0,0,0,0.25,349,2.6,11.700000000000001
2021,2,27,21,30,0,0,0,0.25,349,3.5,11.3
2021,2,27,22,30,0,0,0,0.25,348,3.6,10.600000000000001
2021,2,27,23,30,0,0,0,0.25,350,3.3000000000000003,9.8
2021,2,28,0,30,0,0,0,0.25,350,3.2,9.200000000000001
2021,2,28,1,30,0,0,0,0.25,345,3.3000000000000003,8.6
2021,2,28,2,30,0,0,0,0.25,343,3.5,8.1
2021,2,28,3,30,0,0,0,0.25,346,3.7,7.7
2021,2,28,4,30,0,0,0,0.25,347,3.7,7.2
2021,2,28,5,30,0,0,0,0.25,348,3.6,7.1000000000000005
2021,2,28,6,30,21,158,28,0.25,175,4.3,8.9
2021,2,28,7,30,69,615,220,0.25,8,5.4,11.5
2021,2,28,8,30,88,818,440,0.25,16,5.800000000000001,13.3
2021,2,28,9,30,105,899,628,0.25,19,5.6000000000000005,14.9
2021,2,28,10,30,115,942,763,0.25,21,5.300000000000001,16.3
2021,2,28,11,30,116,969,835,0.25,24,5,17.400000000000002
2021,2,28,12,30,115,971,834,0.25,26,4.800000000000001,18.1
2021,2,28,13,30,110,943,755,0.25,29,4.5,18.3
2021,2,28,14,30,100,899,618,0.25,32,4.1000000000000005,18.1
2021,2,28,15,30,85,812,429,0.25,35,3.3000000000000003,17
2021,2,28,16,30,53,644,206,0.28,130,0.7000000000000001,26.900000000000002
2021,2,28,17,30,14,188,21,0.28,151,0.9,23.900000000000002
2021,2,28,18,30,0,0,0,0.28,172,0.8,22.8
2021,2,28,19,30,0,0,0,0.28,217,0.6000000000000001,22.200000000000003
2021,2,28,20,30,0,0,0,0.28,278,0.6000000000000001,21.6
2021,2,28,21,30,0,0,0,0.28,310,0.6000000000000001,21.3
2021,2,28,22,30,0,0,0,0.28,299,0.5,21.5
2021,2,28,23,30,0,0,0,0.28,258,0.4,21.6
2016,3,1,0,30,0,0,0,0.28,254,0.5,21.400000000000002
2016,3,1,1,30,0,0,0,0.28,283,0.7000000000000001,20.8
2016,3,1,2,30,0,0,0,0.28,300,1,20.1
2016,3,1,3,30,0,0,0,0.28,311,1,19.6
2016,3,1,4,30,0,0,0,0.28,320,0.9,19.3
2016,3,1,5,30,0,0,0,0.28,330,0.8,19.6
2016,3,1,6,30,16,0,16,0.28,343,0.8,21
2016,3,1,7,30,64,597,214,0.28,178,1,23.5
2016,3,1,8,30,190,531,422,0.28,51,1.1,26.5
2016,3,1,9,30,181,705,594,0.28,126,1,29.400000000000002
2016,3,1,10,30,286,645,733,0.28,168,1.4000000000000001,31.400000000000002
2016,3,1,11,30,294,673,797,0.28,188,1.8,32.5
2016,3,1,12,30,108,936,807,0.28,202,2.1,33
2016,3,1,13,30,97,932,739,0.28,215,2.3000000000000003,32.9
2016,3,1,14,30,255,570,585,0.28,226,2.5,32.1
2016,3,1,15,30,76,808,422,0.28,232,2,30.200000000000003
2016,3,1,16,30,55,644,211,0.28,229,1.3,26.3
2016,3,1,17,30,13,0,13,0.28,231,1.1,22.700000000000003
2016,3,1,18,30,0,0,0,0.28,247,1.1,21
2016,3,1,19,30,0,0,0,0.28,263,1,19.8
2016,3,1,20,30,0,0,0,0.28,274,1,18.7
2016,3,1,21,30,0,0,0,0.28,282,1,17.900000000000002
2016,3,1,22,30,0,0,0,0.28,284,1.1,17.400000000000002
2016,3,1,23,30,0,0,0,0.28,282,1.1,17.1
2016,3,2,0,30,0,0,0,0.28,279,1.2000000000000002,16.8
2016,3,2,1,30,0,0,0,0.28,275,1.2000000000000002,16.3
2016,3,2,2,30,0,0,0,0.28,275,1.2000000000000002,15.9
2016,3,2,3,30,0,0,0,0.28,280,1.2000000000000002,15.4
2016,3,2,4,30,0,0,0,0.28,285,1.1,15.200000000000001
2016,3,2,5,30,0,0,0,0.28,286,1.1,15.5
2016,3,2,6,30,25,4,25,0.28,286,1.2000000000000002,18.1
2016,3,2,7,30,146,117,176,0.28,288,1.5,22.3
2016,3,2,8,30,164,557,410,0.28,294,1.8,26.200000000000003
2016,3,2,9,30,87,940,643,0.28,297,1.6,29.3
2016,3,2,10,30,204,766,739,0.28,297,1.7000000000000002,31.1
2016,3,2,11,30,338,589,781,0.28,296,2,32.2
2016,3,2,12,30,334,601,785,0.28,299,2.5,32.5
2016,3,2,13,30,221,733,729,0.28,303,2.8000000000000003,32.1
2016,3,2,14,30,295,461,564,0.28,306,2.9000000000000004,31.1
2016,3,2,15,30,204,422,386,0.28,308,2.2,28.8
2016,3,2,16,30,118,290,189,0.28,316,1.3,24.8
2016,3,2,17,30,20,3,20,0.28,323,1.1,21.200000000000003
2016,3,2,18,30,0,0,0,0.28,319,1.1,19.400000000000002
2016,3,2,19,30,0,0,0,0.28,310,1.1,18.5
2016,3,2,20,30,0,0,0,0.28,302,1,17.900000000000002
2016,3,2,21,30,0,0,0,0.28,299,1,17.400000000000002
2016,3,2,22,30,0,0,0,0.28,299,1,17
2016,3,2,23,30,0,0,0,0.28,300,1,16.8
2016,3,3,0,30,0,0,0,0.28,301,1,16.8
2016,3,3,1,30,0,0,0,0.28,301,1,17
2016,3,3,2,30,0,0,0,0.28,301,1,17.1
2016,3,3,3,30,0,0,0,0.28,300,1.1,17.1
2016,3,3,4,30,0,0,0,0.28,298,1.1,17
2016,3,3,5,30,0,0,0,0.28,296,1.1,17.2
2016,3,3,6,30,26,4,26,0.28,297,0.9,19.200000000000003
2016,3,3,7,30,140,121,172,0.28,299,0.9,22.900000000000002
2016,3,3,8,30,75,876,465,0.28,295,1,26.6
2016,3,3,9,30,179,722,610,0.28,270,1.1,29
2016,3,3,10,30,100,978,787,0.28,246,1.5,30.3
2016,3,3,11,30,320,562,746,0.28,241,2,31.1
2016,3,3,12,30,247,745,810,0.28,241,2.5,31.400000000000002
2016,3,3,13,30,313,415,603,0.28,243,2.7,31
2016,3,3,14,30,184,713,604,0.28,249,2.8000000000000003,29.900000000000002
2016,3,3,15,30,223,316,361,0.28,254,2.4000000000000004,27.700000000000003
2016,3,3,16,30,134,138,168,0.28,258,1.6,23.8
2016,3,3,17,30,20,2,20,0.28,265,1.2000000000000002,20.400000000000002
2016,3,3,18,30,0,0,0,0.28,274,1.2000000000000002,18.6
2016,3,3,19,30,0,0,0,0.28,281,1.3,17.5
2016,3,3,20,30,0,0,0,0.28,283,1.5,16.7
2016,3,3,21,30,0,0,0,0.28,281,1.6,16.1
2016,3,3,22,30,0,0,0,0.28,279,1.6,15.4
2016,3,3,23,30,0,0,0,0.28,277,1.4000000000000001,14.600000000000001
2016,3,4,0,30,0,0,0,0.28,278,1.3,14.100000000000001
2016,3,4,1,30,0,0,0,0.28,280,1.2000000000000002,13.8
2016,3,4,2,30,0,0,0,0.28,282,1.2000000000000002,13.700000000000001
2016,3,4,3,30,0,0,0,0.28,283,1.2000000000000002,13.5
2016,3,4,4,30,0,0,0,0.28,282,1.3,13.3
2016,3,4,5,30,0,0,0,0.28,281,1.2000000000000002,13.700000000000001
2016,3,4,6,30,24,0,24,0.28,282,1.2000000000000002,16.6
2016,3,4,7,30,53,753,252,0.28,287,1.4000000000000001,20.8
2016,3,4,8,30,69,889,469,0.28,240,1.1,24.400000000000002
2016,3,4,9,30,80,958,657,0.28,162,0.8,27.3
2016,3,4,10,30,194,793,755,0.28,133,1.1,29.200000000000003
2016,3,4,11,30,92,1007,858,0.28,131,1.3,30.5
2016,3,4,12,30,94,1004,856,0.28,132,1.7000000000000002,30.900000000000002
2016,3,4,13,30,323,566,720,0.28,143,2.1,30.6
2016,3,4,14,30,298,48,327,0.28,161,2.5,29.5
2016,3,4,15,30,25,656,313,0.28,187,2.5,27.200000000000003
2016,3,4,16,30,136,106,163,0.28,216,2.1,23.3
2016,3,4,17,30,16,0,16,0.28,238,2,19.700000000000003
2016,3,4,18,30,0,0,0,0.28,258,2.1,17.7
2016,3,4,19,30,0,0,0,0.28,270,2.4000000000000004,16.8
2016,3,4,20,30,0,0,0,0.28,278,2.7,16.1
2016,3,4,21,30,0,0,0,0.28,283,2.5,15.200000000000001
2016,3,4,22,30,0,0,0,0.28,285,2.3000000000000003,14.4
2016,3,4,23,30,0,0,0,0.28,284,2.3000000000000003,14.100000000000001
2016,3,5,0,30,0,0,0,0.28,285,2.5,14.4
2016,3,5,1,30,0,0,0,0.28,287,2.4000000000000004,14.4
2016,3,5,2,30,0,0,0,0.28,288,2.1,14.3
2016,3,5,3,30,0,0,0,0.28,286,1.9000000000000001,14
2016,3,5,4,30,0,0,0,0.28,283,1.9000000000000001,13.8
2016,3,5,5,30,0,0,0,0.28,280,2.3000000000000003,14.3
2016,3,5,6,30,19,0,19,0.28,279,3,15.700000000000001
2016,3,5,7,30,151,60,167,0.28,282,3.5,17.900000000000002
2016,3,5,8,30,95,660,395,0.28,285,3.7,20.8
2016,3,5,9,30,96,850,611,0.28,282,3.6,23.5
2016,3,5,10,30,354,123,442,0.28,271,3.5,24.700000000000003
2016,3,5,11,30,112,903,804,0.28,260,4,25.200000000000003
2016,3,5,12,30,287,655,787,0.28,254,4.6000000000000005,24.8
2016,3,5,13,30,73,0,73,0.28,251,4.5,23.700000000000003
2016,3,5,14,30,293,198,411,0.28,250,4,23.5
2016,3,5,15,30,136,611,406,0.28,249,3.6,23.400000000000002
2016,3,5,16,30,129,99,154,0.28,246,2.6,21.400000000000002
2016,3,5,17,30,19,1,19,0.28,242,1.7000000000000002,19
2016,3,5,18,30,0,0,0,0.28,241,1.7000000000000002,17.900000000000002
2016,3,5,19,30,0,0,0,0.28,241,1.8,17.6
2016,3,5,20,30,0,0,0,0.28,241,1.9000000000000001,17.2
2016,3,5,21,30,0,0,0,0.28,240,2,16.7
2016,3,5,22,30,0,0,0,0.28,240,2.3000000000000003,16
2016,3,5,23,30,0,0,0,0.28,241,2.4000000000000004,15.3
2016,3,6,0,30,0,0,0,0.28,242,2.6,14.5
2016,3,6,1,30,0,0,0,0.28,243,2.7,13.600000000000001
2016,3,6,2,30,0,0,0,0.28,244,2.8000000000000003,12.8
2016,3,6,3,30,0,0,0,0.28,241,2.7,12.3
2016,3,6,4,30,0,0,0,0.28,236,2.6,12.200000000000001
2016,3,6,5,30,0,0,0,0.28,232,2.8000000000000003,12.600000000000001
2016,3,6,6,30,20,0,20,0.28,232,3.7,13.9
2016,3,6,7,30,147,19,152,0.28,233,4.7,15.600000000000001
2016,3,6,8,30,263,188,350,0.28,235,5.7,17.2
2016,3,6,9,30,105,856,628,0.28,241,6.6000000000000005,18.2
2016,3,6,10,30,201,703,705,0.28,248,7.1000000000000005,18.900000000000002
2016,3,6,11,30,126,927,840,0.28,254,7.2,19.700000000000003
2016,3,6,12,30,129,925,839,0.28,258,7.1000000000000005,20.200000000000003
2016,3,6,13,30,146,862,758,0.28,266,6.7,20.3
2016,3,6,14,30,127,827,622,0.28,274,6.2,19.900000000000002
2016,3,6,15,30,225,466,433,0.28,279,5.6000000000000005,18.8
2016,3,6,16,30,136,288,210,0.28,279,4.5,16.8
2016,3,6,17,30,22,154,30,0.28,274,3.4000000000000004,14.600000000000001
2016,3,6,18,30,0,0,0,0.28,269,3.1,13
2016,3,6,19,30,0,0,0,0.28,266,3.1,12.100000000000001
2016,3,6,20,30,0,0,0,0.28,264,3,11.600000000000001
2016,3,6,21,30,0,0,0,0.28,264,3,11.4
2016,3,6,22,30,0,0,0,0.28,264,2.9000000000000004,11.200000000000001
2016,3,6,23,30,0,0,0,0.28,265,2.7,10.9
2016,3,7,0,30,0,0,0,0.28,265,2.7,10.600000000000001
2016,3,7,1,30,0,0,0,0.28,263,2.8000000000000003,10.5
2016,3,7,2,30,0,0,0,0.28,260,3.1,10.4
2016,3,7,3,30,0,0,0,0.28,256,3.5,10.200000000000001
2016,3,7,4,30,0,0,0,0.28,255,3.7,10.100000000000001
2016,3,7,5,30,0,0,0,0.28,255,3.7,10.100000000000001
2016,3,7,6,30,28,0,28,0.28,252,4.1000000000000005,10.8
2016,3,7,7,30,156,19,162,0.28,248,4.6000000000000005,12
2016,3,7,8,30,52,0,52,0.28,242,4.800000000000001,13
2016,3,7,9,30,263,28,280,0.28,240,5.1000000000000005,13.4
2016,3,7,10,30,201,2,202,0.28,246,5.5,13.4
2016,3,7,11,30,383,46,418,0.28,254,5.7,13.100000000000001
2016,3,7,12,30,403,283,621,0.28,259,5.5,12.700000000000001
2016,3,7,13,30,425,257,608,0.28,260,5.2,12.4
2016,3,7,14,30,330,345,538,0.28,257,4.800000000000001,12.100000000000001
2016,3,7,15,30,194,398,373,0.28,255,4.4,11.5
2016,3,7,16,30,154,119,185,0.28,257,3.4000000000000004,10.600000000000001
2016,3,7,17,30,19,0,19,0.28,262,2.1,9.8
2016,3,7,18,30,0,0,0,0.28,272,1.3,9.200000000000001
2016,3,7,19,30,0,0,0,0.28,285,1,8.8
2016,3,7,20,30,0,0,0,0.28,298,0.9,8.3
2016,3,7,21,30,0,0,0,0.28,309,0.9,7.7
2016,3,7,22,30,0,0,0,0.28,317,1.1,7.1000000000000005
2016,3,7,23,30,0,0,0,0.28,323,1.2000000000000002,6.6000000000000005
2016,3,8,0,30,0,0,0,0.28,326,1.4000000000000001,6.300000000000001
2016,3,8,1,30,0,0,0,0.28,326,1.5,6.300000000000001
2016,3,8,2,30,0,0,0,0.28,322,1.7000000000000002,6.300000000000001
2016,3,8,3,30,0,0,0,0.28,317,2,6.4
2016,3,8,4,30,0,0,0,0.28,316,2.4000000000000004,6.6000000000000005
2016,3,8,5,30,0,0,0,0.28,317,2.8000000000000003,7.6000000000000005
2016,3,8,6,30,31,0,31,0.28,324,3.4000000000000004,10.4
2016,3,8,7,30,72,627,250,0.28,337,4.2,14.200000000000001
2016,3,8,8,30,95,798,469,0.28,349,4.5,17.400000000000002
2016,3,8,9,30,108,882,655,0.28,353,4.1000000000000005,19.8
2016,3,8,10,30,115,929,789,0.28,349,3.8000000000000003,21.6
2016,3,8,11,30,116,951,857,0.28,344,3.6,22.8
2016,3,8,12,30,114,955,855,0.28,339,3.4000000000000004,23.400000000000002
2016,3,8,13,30,110,936,781,0.28,334,3.4000000000000004,23.5
2016,3,8,14,30,105,885,641,0.28,328,3.6,23
2016,3,8,15,30,90,800,452,0.28,322,3.3000000000000003,21.8
2016,3,8,16,30,65,640,234,0.28,316,2.1,18.6
2016,3,8,17,30,23,209,35,0.28,309,1.3,15
2016,3,8,18,30,0,0,0,0.28,302,1.2000000000000002,13.4
2016,3,8,19,30,0,0,0,0.28,298,1.2000000000000002,12.600000000000001
2016,3,8,20,30,0,0,0,0.28,294,1.1,12
2016,3,8,21,30,0,0,0,0.28,291,1.1,11.3
2016,3,8,22,30,0,0,0,0.28,292,1.1,10.8
2016,3,8,23,30,0,0,0,0.28,294,1.2000000000000002,10.600000000000001
2016,3,9,0,30,0,0,0,0.28,295,1.2000000000000002,10.5
2016,3,9,1,30,0,0,0,0.28,297,1.3,10.3
2016,3,9,2,30,0,0,0,0.28,299,1.2000000000000002,10
2016,3,9,3,30,0,0,0,0.28,304,1.2000000000000002,9.9
2016,3,9,4,30,0,0,0,0.28,310,1.2000000000000002,9.9
2016,3,9,5,30,0,0,0,0.28,314,1.2000000000000002,11
2016,3,9,6,30,28,305,53,0.28,322,1.4000000000000001,14.5
2016,3,9,7,30,64,672,258,0.28,176,1.7000000000000002,19.1
2016,3,9,8,30,83,820,472,0.28,36,2,22.8
2016,3,9,9,30,95,896,654,0.28,49,2.3000000000000003,25.3
2016,3,9,10,30,102,935,784,0.28,48,2.2,26.900000000000002
2016,3,9,11,30,106,947,848,0.28,47,2,27.900000000000002
2016,3,9,12,30,107,945,843,0.28,43,1.8,28.5
2016,3,9,13,30,181,751,722,0.28,39,1.6,28.5
2016,3,9,14,30,105,860,629,0.28,40,1.5,27.8
2016,3,9,15,30,169,580,433,0.28,43,1.3,26.400000000000002
2016,3,9,16,30,114,370,213,0.28,43,0.9,23.8
2016,3,9,17,30,28,4,28,0.28,35,0.7000000000000001,21.3
2016,3,9,18,30,0,0,0,0.28,18,0.7000000000000001,20.3
2016,3,9,19,30,0,0,0,0.28,183,0.8,19.700000000000003
2016,3,9,20,30,0,0,0,0.28,358,0.9,19.3
2016,3,9,21,30,0,0,0,0.28,355,1,18.900000000000002
2016,3,9,22,30,0,0,0,0.28,349,1.1,18.5
2016,3,9,23,30,0,0,0,0.28,342,1.1,18.1
2016,3,10,0,30,0,0,0,0.28,336,1.1,18
2016,3,10,1,30,0,0,0,0.28,331,1.1,17.900000000000002
2016,3,10,2,30,0,0,0,0.28,328,1,17.7
2016,3,10,3,30,0,0,0,0.28,328,1,17.5
2016,3,10,4,30,0,0,0,0.28,328,1,17.3
2016,3,10,5,30,0,0,0,0.28,327,1,17.5
2016,3,10,6,30,37,1,37,0.28,328,1.1,19.8
2016,3,10,7,30,61,714,271,0.28,168,1.2000000000000002,23.5
2016,3,10,8,30,79,856,489,0.28,9,1.1,26.400000000000002
2016,3,10,9,30,90,928,673,0.28,15,0.8,28.6
2016,3,10,10,30,97,963,805,0.28,27,0.8,30.1
2016,3,10,11,30,103,976,871,0.28,87,0.9,31.1
2016,3,10,12,30,289,721,854,0.28,151,1.3,31.6
2016,3,10,13,30,285,688,783,0.28,169,1.8,31.5
2016,3,10,14,30,97,896,646,0.28,179,2.2,30.700000000000003
2016,3,10,15,30,157,640,450,0.28,185,2.1,28.900000000000002
2016,3,10,16,30,142,94,167,0.28,185,1.5,25.200000000000003
2016,3,10,17,30,30,4,30,0.28,191,1,21.5
2016,3,10,18,30,0,0,0,0.28,212,1,19.6
2016,3,10,19,30,0,0,0,0.28,234,1,18.3
2016,3,10,20,30,0,0,0,0.28,252,1,17.2
2016,3,10,21,30,0,0,0,0.28,264,1,16.400000000000002
2016,3,10,22,30,0,0,0,0.28,270,1,15.9
2016,3,10,23,30,0,0,0,0.28,272,1,15.700000000000001
2016,3,11,0,30,0,0,0,0.28,271,1,15.8
2016,3,11,1,30,0,0,0,0.28,272,1,16
2016,3,11,2,30,0,0,0,0.28,272,1,15.9
2016,3,11,3,30,0,0,0,0.28,271,1.1,15.600000000000001
2016,3,11,4,30,0,0,0,0.28,263,1,15.700000000000001
2016,3,11,5,30,0,0,0,0.28,245,1,16.5
2016,3,11,6,30,47,14,48,0.28,225,0.8,18
2016,3,11,7,30,140,32,150,0.28,210,1.1,20.1
2016,3,11,8,30,15,749,378,0.28,206,2.2,22.3
2016,3,11,9,30,514,0,514,0.28,214,3.5,23.8
2016,3,11,10,30,237,589,672,0.28,224,4.4,24.200000000000003
2016,3,11,11,30,107,967,872,0.28,228,5.1000000000000005,24.1
2016,3,11,12,30,106,962,864,0.28,229,5.7,23.8
2016,3,11,13,30,339,516,715,0.28,230,6.4,22.900000000000002
2016,3,11,14,30,374,149,466,0.28,232,6.800000000000001,21
2016,3,11,15,30,20,0,20,0.28,236,6.7,18.6
2016,3,11,16,30,117,20,122,0.28,243,6.300000000000001,16.3
2016,3,11,17,30,16,0,16,0.28,253,5.7,14.4
2016,3,11,18,30,0,0,0,0.28,260,5.300000000000001,12.8
2016,3,11,19,30,0,0,0,0.28,261,4.800000000000001,11.700000000000001
2016,3,11,20,30,0,0,0,0.28,260,4.3,11.3
2016,3,11,21,30,0,0,0,0.28,260,4.1000000000000005,11.100000000000001
2016,3,11,22,30,0,0,0,0.28,260,3.9000000000000004,11.100000000000001
2016,3,11,23,30,0,0,0,0.28,263,3.8000000000000003,11
2016,3,12,0,30,0,0,0,0.28,266,3.6,10.8
2016,3,12,1,30,0,0,0,0.28,269,3.2,10.4
2016,3,12,2,30,0,0,0,0.28,272,3,10
2016,3,12,3,30,0,0,0,0.28,276,2.9000000000000004,9.600000000000001
2016,3,12,4,30,0,0,0,0.28,279,2.6,9.1
2016,3,12,5,30,0,0,0,0.28,280,2.5,9.200000000000001
2016,3,12,6,30,36,259,61,0.28,283,3.1,10.700000000000001
2016,3,12,7,30,80,622,268,0.28,290,3.7,13.3
2016,3,12,8,30,103,781,485,0.28,299,3.6,16.1
2016,3,12,9,30,118,862,669,0.28,305,3,18.7
2016,3,12,10,30,128,904,800,0.28,305,2.6,20.8
2016,3,12,11,30,132,922,866,0.28,296,2.4000000000000004,22.3
2016,3,12,12,30,132,921,861,0.28,281,2.4000000000000004,23.1
2016,3,12,13,30,127,895,782,0.28,268,2.6,23.3
2016,3,12,14,30,114,856,645,0.28,260,2.7,22.8
2016,3,12,15,30,98,767,454,0.28,257,2.8000000000000003,21.3
2016,3,12,16,30,144,291,224,0.28,257,2.5,18.400000000000002
2016,3,12,17,30,26,187,39,0.28,259,2.1,15.100000000000001
2016,3,12,18,30,0,0,0,0.28,266,2.1,13.200000000000001
2016,3,12,19,30,0,0,0,0.28,277,2.4000000000000004,12.3
2016,3,12,20,30,0,0,0,0.28,288,2.8000000000000003,11.8
2016,3,12,21,30,0,0,0,0.28,291,2.9000000000000004,11.3
2016,3,12,22,30,0,0,0,0.28,288,2.4000000000000004,10.8
2016,3,12,23,30,0,0,0,0.28,286,2.2,10.3
2016,3,13,0,30,0,0,0,0.28,286,2.1,10
2016,3,13,1,30,0,0,0,0.28,285,2,9.700000000000001
2016,3,13,2,30,0,0,0,0.28,285,1.9000000000000001,9.4
2016,3,13,3,30,0,0,0,0.28,286,1.7000000000000002,9.1
2016,3,13,4,30,0,0,0,0.28,287,1.5,8.8
2016,3,13,5,30,0,0,0,0.28,287,1.7000000000000002,9.5
2016,3,13,6,30,36,294,66,0.28,287,2.5,11.9
2016,3,13,7,30,75,644,274,0.28,281,2.8000000000000003,15.200000000000001
2016,3,13,8,30,95,798,488,0.28,265,2.5,18.5
2016,3,13,9,30,113,861,667,0.28,250,2.5,21.1
2016,3,13,10,30,129,883,789,0.28,250,3,22.700000000000003
2016,3,13,11,30,365,550,805,0.28,259,3.5,23.3
2016,3,13,12,30,220,702,778,0.28,265,3.9000000000000004,23.3
2016,3,13,13,30,267,581,694,0.28,267,4.2,22.900000000000002
2016,3,13,14,30,312,217,448,0.28,269,4.5,22.1
2016,3,13,15,30,228,225,333,0.28,273,4.7,20.6
2016,3,13,16,30,139,315,227,0.28,275,4.5,18.3
2016,3,13,17,30,26,207,41,0.28,272,3.9000000000000004,15.9
2016,3,13,18,30,0,0,0,0.28,271,3.7,14.5
2016,3,13,19,30,0,0,0,0.28,272,3.8000000000000003,14
2016,3,13,20,30,0,0,0,0.28,272,3.7,13.9
2016,3,13,21,30,0,0,0,0.28,273,3.6,13.700000000000001
2016,3,13,22,30,0,0,0,0.28,272,3.4000000000000004,13.4
2016,3,13,23,30,0,0,0,0.28,271,3.3000000000000003,13.200000000000001
2016,3,14,0,30,0,0,0,0.28,271,3.3000000000000003,13
2016,3,14,1,30,0,0,0,0.28,271,3.2,12.9
2016,3,14,2,30,0,0,0,0.28,271,3.1,12.8
2016,3,14,3,30,0,0,0,0.28,271,3.1,12.700000000000001
2016,3,14,4,30,0,0,0,0.28,272,3.1,12.700000000000001
2016,3,14,5,30,0,0,0,0.28,274,3.2,13.100000000000001
2016,3,14,6,30,50,9,51,0.28,277,3.9000000000000004,14.4
2016,3,14,7,30,91,552,264,0.28,282,4.6000000000000005,16.400000000000002
2016,3,14,8,30,269,301,419,0.28,288,4.800000000000001,18.7
2016,3,14,9,30,131,813,657,0.28,292,4.7,21.200000000000003
2016,3,14,10,30,132,877,791,0.28,295,4.6000000000000005,23.3
2016,3,14,11,30,127,910,858,0.28,297,4.5,24.900000000000002
2016,3,14,12,30,120,919,855,0.28,298,4.4,25.900000000000002
2016,3,14,13,30,114,905,783,0.28,300,4.3,26.200000000000003
2016,3,14,14,30,101,871,648,0.28,302,4.1000000000000005,25.8
2016,3,14,15,30,145,652,452,0.28,303,3.7,24.6
2016,3,14,16,30,144,240,211,0.28,302,2.5,21.700000000000003
2016,3,14,17,30,31,0,31,0.28,302,1.4000000000000001,18.2
2016,3,14,18,30,0,0,0,0.28,301,1.3,16.400000000000002
2016,3,14,19,30,0,0,0,0.28,300,1.3,15.3
2016,3,14,20,30,0,0,0,0.28,298,1.3,14.5
2016,3,14,21,30,0,0,0,0.28,299,1.2000000000000002,13.8
2016,3,14,22,30,0,0,0,0.28,304,1.1,13.3
2016,3,14,23,30,0,0,0,0.28,311,1.1,13
2016,3,15,0,30,0,0,0,0.28,318,1.1,12.8
2016,3,15,1,30,0,0,0,0.28,325,1.2000000000000002,12.8
2016,3,15,2,30,0,0,0,0.28,331,1.2000000000000002,13
2016,3,15,3,30,0,0,0,0.28,332,1.2000000000000002,13.600000000000001
2016,3,15,4,30,0,0,0,0.28,331,1.1,14.200000000000001
2016,3,15,5,30,0,0,0,0.28,330,1,15.4
2016,3,15,6,30,52,2,52,0.28,335,1.4000000000000001,18.400000000000002
2016,3,15,7,30,167,268,252,0.28,184,2,22.1
2016,3,15,8,30,169,632,487,0.28,58,2.6,24.900000000000002
2016,3,15,9,30,115,861,677,0.28,96,3.1,27
2016,3,15,10,30,310,644,798,0.28,110,3.1,28.3
2016,3,15,11,30,133,904,864,0.28,120,2.9000000000000004,29.200000000000003
2016,3,15,12,30,134,901,857,0.28,126,2.7,29.700000000000003
2016,3,15,13,30,139,860,778,0.28,128,2.4000000000000004,29.700000000000003
2016,3,15,14,30,124,816,639,0.28,131,2.1,29.200000000000003
2016,3,15,15,30,103,740,454,0.28,134,1.8,28
2016,3,15,16,30,76,580,241,0.28,133,1.2000000000000002,25.200000000000003
2016,3,15,17,30,29,199,44,0.28,130,0.8,22.6
2016,3,15,18,30,0,0,0,0.28,129,0.7000000000000001,21.8
2016,3,15,19,30,0,0,0,0.28,128,0.5,21.5
2016,3,15,20,30,0,0,0,0.28,104,0.5,21.1
2016,3,15,21,30,0,0,0,0.28,54,0.6000000000000001,20.400000000000002
2016,3,15,22,30,0,0,0,0.28,21,0.8,19.5
2016,3,15,23,30,0,0,0,0.28,15,1,18.7
2016,3,16,0,30,0,0,0,0.28,8,1.1,18.1
2016,3,16,1,30,0,0,0,0.28,180,1.2000000000000002,17.7
2016,3,16,2,30,0,0,0,0.28,356,1.2000000000000002,17.400000000000002
2016,3,16,3,30,0,0,0,0.28,355,1.3,17
2016,3,16,4,30,0,0,0,0.28,355,1.4000000000000001,16.5
2016,3,16,5,30,0,0,0,0.28,354,1.3,16.7
2016,3,16,6,30,40,314,77,0.28,354,1.6,19.8
2016,3,16,7,30,80,654,291,0.28,195,2.5,24
2016,3,16,8,30,102,800,508,0.28,44,3,26.5
2016,3,16,9,30,116,875,690,0.28,58,3,28.1
2016,3,16,10,30,125,913,820,0.28,66,2.8000000000000003,29.3
2016,3,16,11,30,129,930,884,0.28,69,2.6,30.1
2016,3,16,12,30,129,924,875,0.28,67,2.4000000000000004,30.5
2016,3,16,13,30,115,922,803,0.28,63,2.2,30.5
2016,3,16,14,30,106,879,663,0.28,59,1.9000000000000001,30
2016,3,16,15,30,92,799,473,0.28,56,1.6,28.8
2016,3,16,16,30,70,638,254,0.28,54,1,25.900000000000002
2016,3,16,17,30,29,246,49,0.28,49,0.8,23.200000000000003
2016,3,16,18,30,0,0,0,0.28,29,0.8,22.3
2016,3,16,19,30,0,0,0,0.28,181,0.9,21.700000000000003
2016,3,16,20,30,0,0,0,0.28,338,1,21
2016,3,16,21,30,0,0,0,0.28,326,1.1,20
2016,3,16,22,30,0,0,0,0.28,321,1.1,19.200000000000003
2016,3,16,23,30,0,0,0,0.28,317,1.2000000000000002,18.6
2016,3,17,0,30,0,0,0,0.28,313,1.2000000000000002,18.2
2016,3,17,1,30,0,0,0,0.28,309,1.1,17.900000000000002
2016,3,17,2,30,0,0,0,0.28,308,1.1,17.7
2016,3,17,3,30,0,0,0,0.28,310,1.1,17.7
2016,3,17,4,30,0,0,0,0.28,315,1.1,17.6
2016,3,17,5,30,0,0,0,0.28,321,1,18.3
2016,3,17,6,30,38,376,83,0.28,326,1.2000000000000002,21
2016,3,17,7,30,72,693,299,0.28,166,1.3,24.8
2016,3,17,8,30,90,830,515,0.28,7,1,27.700000000000003
2016,3,17,9,30,102,899,697,0.28,6,0.9,29.5
2016,3,17,10,30,110,935,826,0.28,171,0.9,30.8
2016,3,17,11,30,114,946,886,0.28,317,1.2000000000000002,31.6
2016,3,17,12,30,117,937,877,0.28,289,1.6,32
2016,3,17,13,30,112,913,796,0.28,281,2.1,31.900000000000002
2016,3,17,14,30,106,863,656,0.28,278,2.6,31.1
2016,3,17,15,30,94,775,466,0.28,278,2.9000000000000004,29.6
2016,3,17,16,30,72,611,249,0.28,278,2.3000000000000003,26.6
2016,3,17,17,30,29,241,49,0.28,282,1.4000000000000001,23
2016,3,17,18,30,0,0,0,0.28,287,1.2000000000000002,20.700000000000003
2016,3,17,19,30,0,0,0,0.28,287,1.2000000000000002,19.6
2016,3,17,20,30,0,0,0,0.28,284,1.2000000000000002,18.7
2016,3,17,21,30,0,0,0,0.28,283,1.3,18
2016,3,17,22,30,0,0,0,0.28,284,1.5,17.400000000000002
2016,3,17,23,30,0,0,0,0.28,287,1.5,16.900000000000002
2016,3,18,0,30,0,0,0,0.28,290,1.5,16.6
2016,3,18,1,30,0,0,0,0.28,293,1.4000000000000001,16.3
2016,3,18,2,30,0,0,0,0.28,295,1.3,16.1
2016,3,18,3,30,0,0,0,0.28,298,1.2000000000000002,16.1
2016,3,18,4,30,0,0,0,0.28,301,1.1,16.1
2016,3,18,5,30,0,0,0,0.28,304,1,17.3
2016,3,18,6,30,39,396,88,0.28,309,1.2000000000000002,20.8
2016,3,18,7,30,72,695,303,0.28,167,0.9,25
2016,3,18,8,30,91,826,519,0.28,61,0.8,28.200000000000003
2016,3,18,9,30,105,893,700,0.28,109,1.4000000000000001,30.200000000000003
2016,3,18,10,30,114,927,828,0.28,123,1.8,31.5
2016,3,18,11,30,120,936,887,0.28,133,2.1,32.300000000000004
2016,3,18,12,30,122,929,879,0.28,142,2.2,32.6
2016,3,18,13,30,109,923,804,0.28,151,2.3000000000000003,32.4
2016,3,18,14,30,102,879,665,0.28,159,2.3000000000000003,31.700000000000003
2016,3,18,15,30,90,796,475,0.28,168,2.2,30.3
2016,3,18,16,30,69,638,257,0.28,176,1.6,27.200000000000003
2016,3,18,17,30,38,2,39,0.28,188,0.9,23.6
2016,3,18,18,30,0,0,0,0.28,220,0.8,21.6
2016,3,18,19,30,0,0,0,0.28,260,0.8,20.5
2016,3,18,20,30,0,0,0,0.28,286,0.8,19.5
2016,3,18,21,30,0,0,0,0.28,299,0.8,18.8
2016,3,18,22,30,0,0,0,0.28,303,0.9,18.3
2016,3,18,23,30,0,0,0,0.28,305,0.9,18
2016,3,19,0,30,0,0,0,0.28,308,0.9,17.8
2016,3,19,1,30,0,0,0,0.28,313,0.9,17.8
2016,3,19,2,30,0,0,0,0.28,319,1,17.8
2016,3,19,3,30,0,0,0,0.28,327,1,17.7
2016,3,19,4,30,0,0,0,0.28,337,0.9,17.5
2016,3,19,5,30,0,0,0,0.28,349,0.9,18.400000000000002
2016,3,19,6,30,40,400,92,0.28,186,1.1,21.3
2016,3,19,7,30,75,691,307,0.28,46,1.5,25.200000000000003
2016,3,19,8,30,96,817,522,0.28,93,1.8,28.400000000000002
2016,3,19,9,30,112,881,703,0.28,118,2.2,30.6
2016,3,19,10,30,123,909,827,0.28,131,2.5,31.700000000000003
2016,3,19,11,30,133,916,888,0.28,140,2.7,32.5
2016,3,19,12,30,134,909,878,0.28,147,2.8000000000000003,32.800000000000004
2016,3,19,13,30,125,896,803,0.28,155,2.8000000000000003,32.6
2016,3,19,14,30,208,689,652,0.28,162,2.8000000000000003,31.900000000000002
2016,3,19,15,30,97,779,476,0.28,169,2.6,30.400000000000002
2016,3,19,16,30,126,411,248,0.28,174,1.8,27.200000000000003
2016,3,19,17,30,43,9,44,0.28,185,1,23.400000000000002
2016,3,19,18,30,0,0,0,0.28,206,0.9,21.400000000000002
2016,3,19,19,30,0,0,0,0.28,227,0.9,20.6
2016,3,19,20,30,0,0,0,0.28,241,0.9,19.900000000000002
2016,3,19,21,30,0,0,0,0.28,250,0.9,19.5
2016,3,19,22,30,0,0,0,0.28,259,0.9,19
2016,3,19,23,30,0,0,0,0.28,268,1,18.5
2016,3,20,0,30,0,0,0,0.28,274,1,17.8
2016,3,20,1,30,0,0,0,0.28,277,1,17.1
2016,3,20,2,30,0,0,0,0.28,278,1,16.6
2016,3,20,3,30,0,0,0,0.28,281,1,16.400000000000002
2016,3,20,4,30,0,0,0,0.28,282,1,16.5
2016,3,20,5,30,0,0,0,0.28,279,0.9,17.5
2016,3,20,6,30,71,12,73,0.28,275,1,20.5
2016,3,20,7,30,165,373,293,0.28,237,1.2000000000000002,24.5
2016,3,20,8,30,82,884,547,0.28,196,1.5,27.900000000000002
2016,3,20,9,30,256,641,689,0.28,193,2,30.200000000000003
2016,3,20,10,30,338,609,812,0.28,198,2.5,31.700000000000003
2016,3,20,11,30,108,984,923,0.28,205,2.9000000000000004,32.7
2016,3,20,12,30,215,807,879,0.28,215,3.2,33
2016,3,20,13,30,113,942,829,0.28,226,3.5,32.7
2016,3,20,14,30,330,433,610,0.28,234,3.6,31.700000000000003
2016,3,20,15,30,188,515,440,0.28,241,3.5,29.900000000000002
2016,3,20,16,30,142,292,230,0.28,247,2.6,26.5
2016,3,20,17,30,48,15,49,0.28,255,1.6,22.3
2016,3,20,18,30,0,0,0,0.28,264,1.4000000000000001,19.5
2016,3,20,19,30,0,0,0,0.28,272,1.4000000000000001,17.900000000000002
2016,3,20,20,30,0,0,0,0.28,274,1.5,16.900000000000002
2016,3,20,21,30,0,0,0,0.28,274,1.7000000000000002,16.3
2016,3,20,22,30,0,0,0,0.28,274,1.7000000000000002,16.2
2016,3,20,23,30,0,0,0,0.28,275,1.8,16
2016,3,21,0,30,0,0,0,0.28,276,1.7000000000000002,15.5
2016,3,21,1,30,0,0,0,0.28,276,1.5,14.700000000000001
2016,3,21,2,30,0,0,0,0.28,275,1.4000000000000001,14.100000000000001
2016,3,21,3,30,0,0,0,0.28,275,1.4000000000000001,13.9
2016,3,21,4,30,0,0,0,0.28,275,1.4000000000000001,14.100000000000001
2016,3,21,5,30,0,0,0,0.28,278,1.6,15.100000000000001
2016,3,21,6,30,59,7,60,0.28,280,2.1,17.3
2016,3,21,7,30,110,10,114,0.28,281,2.5,19.900000000000002
2016,3,21,8,30,198,20,208,0.28,278,2.8000000000000003,22.700000000000003
2016,3,21,9,30,304,342,536,0.28,263,3.1,25.900000000000002
2016,3,21,10,30,377,159,501,0.28,248,3.7,28.200000000000003
2016,3,21,11,30,413,74,475,0.28,244,4.4,29
2016,3,21,12,30,425,117,522,0.28,247,5,28.8
2016,3,21,13,30,254,554,677,0.28,252,5.300000000000001,27.8
2016,3,21,14,30,294,394,550,0.28,256,5.300000000000001,26.200000000000003
2016,3,21,15,30,202,461,429,0.28,259,5.1000000000000005,24
2016,3,21,16,30,131,443,265,0.28,261,4.7,21.400000000000002
2016,3,21,17,30,50,16,51,0.28,263,4.4,19
2016,3,21,18,30,0,0,0,0.28,265,4.5,17.400000000000002
2016,3,21,19,30,0,0,0,0.28,267,4.4,16.2
2016,3,21,20,30,0,0,0,0.28,271,4.2,15.200000000000001
2016,3,21,21,30,0,0,0,0.28,273,3.9000000000000004,14.5
2016,3,21,22,30,0,0,0,0.28,272,3.6,14
2016,3,21,23,30,0,0,0,0.28,269,3.2,13.600000000000001
2016,3,22,0,30,0,0,0,0.28,266,2.9000000000000004,13.3
2016,3,22,1,30,0,0,0,0.28,265,3.1,13.200000000000001
2016,3,22,2,30,0,0,0,0.28,265,3.1,13
2016,3,22,3,30,0,0,0,0.28,266,3,12.8
2016,3,22,4,30,0,0,0,0.28,269,2.9000000000000004,12.700000000000001
2016,3,22,5,30,0,0,0,0.28,277,3.3000000000000003,13.100000000000001
2016,3,22,6,30,49,381,104,0.28,285,4.3,14.4
2016,3,22,7,30,75,719,328,0.28,289,5,16.400000000000002
2016,3,22,8,30,289,307,454,0.28,292,5.300000000000001,18.7
2016,3,22,9,30,394,293,595,0.28,295,5.5,20.700000000000003
2016,3,22,10,30,280,748,868,0.28,297,5.4,22.200000000000003
2016,3,22,11,30,292,759,926,0.28,298,5.300000000000001,23.200000000000003
2016,3,22,12,30,320,558,782,0.28,298,5.300000000000001,23.900000000000002
2016,3,22,13,30,458,289,680,0.28,296,5.2,24.1
2016,3,22,14,30,238,535,588,0.28,292,5,23.700000000000003
2016,3,22,15,30,298,190,392,0.28,289,4.800000000000001,22.700000000000003
2016,3,22,16,30,118,504,272,0.28,287,3.8000000000000003,20.5
2016,3,22,17,30,50,28,53,0.28,290,2.5,17.3
2016,3,22,18,30,0,0,0,0.28,295,1.9000000000000001,14.9
2016,3,22,19,30,0,0,0,0.28,302,1.7000000000000002,13.600000000000001
2016,3,22,20,30,0,0,0,0.28,307,1.6,12.600000000000001
2016,3,22,21,30,0,0,0,0.28,311,1.5,11.9
2016,3,22,22,30,0,0,0,0.28,315,1.5,11.4
2016,3,22,23,30,0,0,0,0.28,327,1.6,11
2016,3,23,0,30,0,0,0,0.28,343,2.1,10.9
2016,3,23,1,30,0,0,0,0.28,347,2.5,10.8
2016,3,23,2,30,0,0,0,0.28,344,2.7,10.5
2016,3,23,3,30,0,0,0,0.28,341,2.7,10
2016,3,23,4,30,0,0,0,0.28,341,2.8000000000000003,9.700000000000001
2016,3,23,5,30,0,0,0,0.28,342,3.3000000000000003,10.700000000000001
2016,3,23,6,30,37,568,122,0.28,172,4.4,13.700000000000001
2016,3,23,7,30,61,818,352,0.28,8,5.2,16.6
2016,3,23,8,30,302,286,457,0.28,18,5.2,18.900000000000002
2016,3,23,9,30,265,704,750,0.28,24,4.7,20.8
2016,3,23,10,30,273,762,875,0.28,25,4.3,22.5
2016,3,23,11,30,271,785,931,0.28,23,3.9000000000000004,23.8
2016,3,23,12,30,273,781,923,0.28,18,3.6,24.700000000000003
2016,3,23,13,30,277,744,850,0.28,12,3.4000000000000004,25
2016,3,23,14,30,263,508,596,0.28,7,3.3000000000000003,24.700000000000003
2016,3,23,15,30,235,318,393,0.28,2,3.1,23.8
2016,3,23,16,30,137,320,235,0.28,178,2.1,21.200000000000003
2016,3,23,17,30,46,2,46,0.28,351,1.2000000000000002,18
2016,3,23,18,30,0,0,0,0.28,343,1.2000000000000002,16.400000000000002
2016,3,23,19,30,0,0,0,0.28,338,1.2000000000000002,15.700000000000001
2016,3,23,20,30,0,0,0,0.28,334,1.2000000000000002,15
2016,3,23,21,30,0,0,0,0.28,331,1.2000000000000002,14.5
2016,3,23,22,30,0,0,0,0.28,330,1.3,13.9
2016,3,23,23,30,0,0,0,0.28,331,1.3,13.4
2016,3,24,0,30,0,0,0,0.28,331,1.3,13.200000000000001
2016,3,24,1,30,0,0,0,0.28,328,1.3,13.200000000000001
2016,3,24,2,30,0,0,0,0.28,325,1.4000000000000001,13.200000000000001
2016,3,24,3,30,0,0,0,0.28,324,1.4000000000000001,13.100000000000001
2016,3,24,4,30,0,0,0,0.28,326,1.4000000000000001,13.100000000000001
2016,3,24,5,30,0,0,0,0.28,329,1.3,14.4
2016,3,24,6,30,45,460,116,0.28,338,1.6,18
2016,3,24,7,30,207,165,266,0.28,179,2.2,22
2016,3,24,8,30,310,262,453,0.28,15,2.3000000000000003,24.5
2016,3,24,9,30,106,917,741,0.28,18,1.9000000000000001,26.3
2016,3,24,10,30,391,508,794,0.28,16,1.7000000000000002,27.900000000000002
2016,3,24,11,30,289,756,926,0.28,8,1.7000000000000002,29.1
2016,3,24,12,30,287,756,919,0.28,177,1.9000000000000001,29.8
2016,3,24,13,30,115,943,844,0.28,348,2.2,29.900000000000002
2016,3,24,14,30,109,895,699,0.28,339,2.3000000000000003,29.400000000000002
2016,3,24,15,30,100,801,501,0.28,333,2.3000000000000003,28.200000000000003
2016,3,24,16,30,161,335,265,0.28,336,1.6,25.200000000000003
2016,3,24,17,30,54,23,56,0.28,344,0.9,21.400000000000002
2016,3,24,18,30,0,0,0,0.28,337,0.8,19.5
2016,3,24,19,30,0,0,0,0.28,308,0.7000000000000001,18.8
2016,3,24,20,30,0,0,0,0.28,288,0.7000000000000001,18.1
2016,3,24,21,30,0,0,0,0.28,287,0.9,17.400000000000002
2016,3,24,22,30,0,0,0,0.28,292,1,16.900000000000002
2016,3,24,23,30,0,0,0,0.28,296,1,16.5
2016,3,25,0,30,0,0,0,0.28,297,1,15.9
2016,3,25,1,30,0,0,0,0.28,295,1.1,15.3
2016,3,25,2,30,0,0,0,0.28,295,1.1,14.8
2016,3,25,3,30,0,0,0,0.28,298,1.1,14.4
2016,3,25,4,30,0,0,0,0.28,305,1.1,14.100000000000001
2016,3,25,5,30,0,0,0,0.28,312,1.1,15.100000000000001
2016,3,25,6,30,48,443,118,0.28,319,1.7000000000000002,18.900000000000002
2016,3,25,7,30,206,187,275,0.28,164,2.5,23.3
2016,3,25,8,30,301,294,462,0.28,15,2.7,26.3
2016,3,25,9,30,114,894,737,0.28,35,2.2,28.3
2016,3,25,10,30,392,487,781,0.28,54,1.5,29.8
2016,3,25,11,30,292,729,909,0.28,92,1.1,30.700000000000003
2016,3,25,12,30,490,302,744,0.28,146,1.2000000000000002,30.900000000000002
2016,3,25,13,30,354,570,797,0.28,196,1.5,30.200000000000003
2016,3,25,14,30,150,786,670,0.28,233,1.8,28.900000000000002
2016,3,25,15,30,124,706,480,0.28,251,1.8,27.3
2016,3,25,16,30,161,308,257,0.28,264,1.4000000000000001,25.1
2016,3,25,17,30,36,286,65,0.28,280,1.2000000000000002,21.900000000000002
2016,3,25,18,30,0,0,0,0.28,287,1.1,19.3
2016,3,25,19,30,0,0,0,0.28,283,1.1,17.900000000000002
2016,3,25,20,30,0,0,0,0.28,280,1.1,16.8
2016,3,25,21,30,0,0,0,0.28,281,1.1,15.9
2016,3,25,22,30,0,0,0,0.28,283,1.2000000000000002,15.200000000000001
2016,3,25,23,30,0,0,0,0.28,286,1.3,14.600000000000001
2016,3,26,0,30,0,0,0,0.28,288,1.3,14
2016,3,26,1,30,0,0,0,0.28,289,1.4000000000000001,13.5
2016,3,26,2,30,0,0,0,0.28,295,1.4000000000000001,13.200000000000001
2016,3,26,3,30,0,0,0,0.28,302,1.5,13
2016,3,26,4,30,0,0,0,0.28,311,1.8,12.8
2016,3,26,5,30,0,0,0,0.28,321,2.3000000000000003,14.3
2016,3,26,6,30,46,475,124,0.28,163,3.4000000000000004,18
2016,3,26,7,30,77,736,349,0.28,12,4.7,21.6
2016,3,26,8,30,97,847,566,0.28,23,5.300000000000001,24.3
2016,3,26,9,30,112,905,746,0.28,23,4.800000000000001,26.200000000000003
2016,3,26,10,30,419,447,778,0.28,24,4.1000000000000005,27.700000000000003
2016,3,26,11,30,280,766,932,0.28,24,3.4000000000000004,28.8
2016,3,26,12,30,289,752,923,0.28,22,2.8000000000000003,29.5
2016,3,26,13,30,115,936,845,0.28,18,2.4000000000000004,29.6
2016,3,26,14,30,107,898,703,0.28,15,2.2,29.1
2016,3,26,15,30,232,544,508,0.28,15,2,28.1
2016,3,26,16,30,156,355,268,0.28,19,1.4000000000000001,25.400000000000002
2016,3,26,17,30,35,341,71,0.28,24,1,21.900000000000002
2016,3,26,18,30,0,0,0,0.28,29,1,19.900000000000002
2016,3,26,19,30,0,0,0,0.28,30,1,19.1
2016,3,26,20,30,0,0,0,0.28,29,1,18.400000000000002
2016,3,26,21,30,0,0,0,0.28,24,1,17.900000000000002
2016,3,26,22,30,0,0,0,0.28,14,1,17.5
2016,3,26,23,30,0,0,0,0.28,179,0.9,17.2
2016,3,27,0,30,0,0,0,0.28,345,0.9,16.8
2016,3,27,1,30,0,0,0,0.28,342,0.9,16.5
2016,3,27,2,30,0,0,0,0.28,345,0.8,16.3
2016,3,27,3,30,0,0,0,0.28,348,0.8,16.3
2016,3,27,4,30,0,0,0,0.28,350,0.8,16.3
2016,3,27,5,30,0,0,0,0.28,351,0.7000000000000001,16.900000000000002
2016,3,27,6,30,53,424,125,0.28,201,0.8,19.1
2016,3,27,7,30,92,669,343,0.28,72,1.1,22.1
2016,3,27,8,30,324,239,458,0.28,114,1.3,24.8
2016,3,27,9,30,132,857,736,0.28,144,1.6,27.1
2016,3,27,10,30,410,467,787,0.28,161,2.1,28.6
2016,3,27,11,30,302,718,916,0.28,172,2.6,29.6
2016,3,27,12,30,328,677,900,0.28,182,3,30
2016,3,27,13,30,397,447,747,0.28,193,3.3000000000000003,29.900000000000002
2016,3,27,14,30,271,498,603,0.28,203,3.5,29.1
2016,3,27,15,30,268,324,433,0.28,211,3.6,27.6
2016,3,27,16,30,177,161,228,0.28,221,2.9000000000000004,25
2016,3,27,17,30,52,9,53,0.28,230,1.9000000000000001,21.400000000000002
2016,3,27,18,30,0,0,0,0.28,241,1.4000000000000001,18.8
2016,3,27,19,30,0,0,0,0.28,253,1.4000000000000001,17.400000000000002
2016,3,27,20,30,0,0,0,0.28,264,1.4000000000000001,16.2
2016,3,27,21,30,0,0,0,0.28,270,1.4000000000000001,15.3
2016,3,27,22,30,0,0,0,0.28,272,1.5,14.5
2016,3,27,23,30,0,0,0,0.28,272,1.6,13.9
2016,3,28,0,30,0,0,0,0.28,273,1.7000000000000002,13.4
2016,3,28,1,30,0,0,0,0.28,272,1.9000000000000001,13.200000000000001
2016,3,28,2,30,0,0,0,0.28,270,2.3000000000000003,13.3
2016,3,28,3,30,0,0,0,0.28,266,2.7,13.700000000000001
2016,3,28,4,30,0,0,0,0.28,263,3.2,13.8
2016,3,28,5,30,0,0,0,0.28,259,3.7,14.200000000000001
2016,3,28,6,30,96,53,105,0.28,257,4.2,15
2016,3,28,7,30,220,197,295,0.28,256,4.800000000000001,15.9
2016,3,28,8,30,206,538,508,0.28,251,5.2,17.1
2016,3,28,9,30,131,843,729,0.28,246,5.6000000000000005,18.8
2016,3,28,10,30,298,687,855,0.28,241,5.9,20.3
2016,3,28,11,30,268,646,823,0.28,240,6.300000000000001,20.8
2016,3,28,12,30,384,416,738,0.28,242,6.7,20.1
2016,3,28,13,30,157,843,820,0.28,245,6.9,18.5
2016,3,28,14,30,147,795,680,0.28,247,6.9,17.1
2016,3,28,15,30,121,733,497,0.28,247,6.800000000000001,15.9
2016,3,28,16,30,96,559,276,0.28,246,6.300000000000001,14.200000000000001
2016,3,28,17,30,56,5,57,0.28,246,5.800000000000001,12.5
2016,3,28,18,30,0,0,0,0.28,248,5.6000000000000005,11.5
2016,3,28,19,30,0,0,0,0.28,251,5.300000000000001,10.8
2016,3,28,20,30,0,0,0,0.28,253,4.7,10.3
2016,3,28,21,30,0,0,0,0.28,254,4,9.9
2016,3,28,22,30,0,0,0,0.28,254,3.4000000000000004,9.5
2016,3,28,23,30,0,0,0,0.28,254,2.8000000000000003,9.1
2016,3,29,0,30,0,0,0,0.28,257,2.4000000000000004,8.700000000000001
2016,3,29,1,30,0,0,0,0.28,263,2.3000000000000003,8.200000000000001
2016,3,29,2,30,0,0,0,0.28,267,2.4000000000000004,7.800000000000001
2016,3,29,3,30,0,0,0,0.28,268,2.2,7.4
2016,3,29,4,30,0,0,0,0.28,267,2.1,7
2016,3,29,5,30,0,0,0,0.28,267,2.6,7.9
2016,3,29,6,30,96,118,117,0.28,272,3.9000000000000004,10.200000000000001
2016,3,29,7,30,214,206,294,0.28,277,4.5,12.700000000000001
2016,3,29,8,30,322,265,472,0.28,277,4.5,14.9
2016,3,29,9,30,415,288,621,0.28,272,4.3,16.8
2016,3,29,10,30,257,660,795,0.28,264,4.3,18.2
2016,3,29,11,30,297,743,937,0.28,259,4.5,19.1
2016,3,29,12,30,306,725,925,0.28,259,4.7,19.400000000000002
2016,3,29,13,30,363,560,805,0.28,262,5,19.200000000000003
2016,3,29,14,30,353,253,523,0.28,263,5.2,18.3
2016,3,29,15,30,217,29,232,0.28,265,5.1000000000000005,16.8
2016,3,29,16,30,169,264,255,0.28,265,4.6000000000000005,14.8
2016,3,29,17,30,51,1,51,0.28,264,3.6,12.8
2016,3,29,18,30,0,0,0,0.28,263,2.9000000000000004,11.5
2016,3,29,19,30,0,0,0,0.28,264,2.5,10.700000000000001
2016,3,29,20,30,0,0,0,0.28,267,2.1,10.100000000000001
2016,3,29,21,30,0,0,0,0.28,270,2,9.700000000000001
2016,3,29,22,30,0,0,0,0.28,271,1.9000000000000001,9.3
2016,3,29,23,30,0,0,0,0.28,270,1.9000000000000001,8.9
2016,3,30,0,30,0,0,0,0.28,270,2,8.6
2016,3,30,1,30,0,0,0,0.28,269,1.9000000000000001,8.4
2016,3,30,2,30,0,0,0,0.28,269,1.9000000000000001,8.200000000000001
2016,3,30,3,30,0,0,0,0.28,272,1.8,8
2016,3,30,4,30,0,0,0,0.28,277,1.7000000000000002,7.800000000000001
2016,3,30,5,30,0,0,0,0.28,282,2,8.6
2016,3,30,6,30,104,47,112,0.28,289,2.4000000000000004,10.5
2016,3,30,7,30,236,90,271,0.28,302,2.3000000000000003,12.8
2016,3,30,8,30,351,98,407,0.28,320,1.6,15.100000000000001
2016,3,30,9,30,413,298,626,0.28,344,1,17.2
2016,3,30,10,30,304,702,879,0.28,199,0.8,18.8
2016,3,30,11,30,305,725,932,0.28,41,0.8,19.900000000000002
2016,3,30,12,30,313,709,920,0.28,35,1,20.3
2016,3,30,13,30,478,245,672,0.28,14,1.3,20.1
2016,3,30,14,30,286,449,590,0.28,176,1.5,19.5
2016,3,30,15,30,272,127,338,0.28,344,1.8,18.6
2016,3,30,16,30,160,204,227,0.28,335,1.7000000000000002,17.3
2016,3,30,17,30,54,2,54,0.28,323,1.2000000000000002,15.200000000000001
2016,3,30,18,30,0,0,0,0.28,310,0.9,13.4
2016,3,30,19,30,0,0,0,0.28,303,1,12.4
2016,3,30,20,30,0,0,0,0.28,301,1.1,11.600000000000001
2016,3,30,21,30,0,0,0,0.28,302,1.2000000000000002,11.100000000000001
2016,3,30,22,30,0,0,0,0.28,305,1.3,10.600000000000001
2016,3,30,23,30,0,0,0,0.28,308,1.5,10.100000000000001
2016,3,31,0,30,0,0,0,0.28,310,1.6,9.700000000000001
2016,3,31,1,30,0,0,0,0.28,311,1.6,9.4
2016,3,31,2,30,0,0,0,0.28,312,1.6,9
2016,3,31,3,30,0,0,0,0.28,313,1.6,8.8
2016,3,31,4,30,0,0,0,0.28,314,1.5,8.8
2016,3,31,5,30,0,0,0,0.28,314,1.6,10.600000000000001
2016,3,31,6,30,104,38,111,0.28,321,2.2,14.4
2016,3,31,7,30,215,228,304,0.28,337,2.9000000000000004,18
2016,3,31,8,30,315,299,487,0.28,348,3,20.3
2016,3,31,9,30,398,341,644,0.28,351,3,22
2016,3,31,10,30,273,754,892,0.28,348,2.9000000000000004,23.400000000000002
2016,3,31,11,30,268,777,943,0.28,343,2.9000000000000004,24.400000000000002
2016,3,31,12,30,269,769,930,0.28,337,3.1,25.1
2016,3,31,13,30,281,724,856,0.28,331,3.5,25.200000000000003
2016,3,31,14,30,111,885,712,0.28,323,3.8000000000000003,24.700000000000003
2016,3,31,15,30,205,484,456,0.28,318,3.9000000000000004,23.6
2016,3,31,16,30,96,298,194,0.26,228,2.5,26.5
2016,3,31,17,30,54,18,56,0.26,243,1.7000000000000002,23.5
2016,3,31,18,30,0,0,0,0.26,257,1.5,21.5
2016,3,31,19,30,0,0,0,0.26,270,1.4000000000000001,20.3
2016,3,31,20,30,0,0,0,0.26,278,1.3,19.5
2016,3,31,21,30,0,0,0,0.26,280,1.3,18.900000000000002
2016,3,31,22,30,0,0,0,0.26,281,1.3,18.6
2016,3,31,23,30,0,0,0,0.26,282,1.2000000000000002,18.3
2018,4,1,0,30,0,0,0,0.26,284,1.2000000000000002,17.900000000000002
2018,4,1,1,30,0,0,0,0.26,285,1.2000000000000002,17.5
2018,4,1,2,30,0,0,0,0.26,287,1.2000000000000002,17.1
2018,4,1,3,30,0,0,0,0.26,288,1.1,16.8
2018,4,1,4,30,0,0,0,0.26,290,1,16.5
2018,4,1,5,30,1,0,1,0.26,293,0.9,17.6
2018,4,1,6,30,61,3,62,0.26,297,1.2000000000000002,20.200000000000003
2018,4,1,7,30,203,148,262,0.26,302,1.5,23.200000000000003
2018,4,1,8,30,298,162,392,0.26,241,1.1,25.900000000000002
2018,4,1,9,30,338,336,581,0.26,164,1,28
2018,4,1,10,30,376,377,686,0.26,147,1.2000000000000002,29.3
2018,4,1,11,30,468,176,621,0.26,144,1.4000000000000001,30.1
2018,4,1,12,30,465,231,664,0.26,146,1.4000000000000001,30.3
2018,4,1,13,30,408,293,641,0.26,157,1.5,29.900000000000002
2018,4,1,14,30,364,216,511,0.26,177,1.7000000000000002,29.200000000000003
2018,4,1,15,30,125,500,386,0.26,202,1.7000000000000002,28.1
2018,4,1,16,30,116,469,271,0.27,231,1.5,26
2018,4,1,17,30,61,27,64,0.27,255,1.2000000000000002,22.900000000000002
2018,4,1,18,30,0,0,0,0.27,269,1.2000000000000002,20.400000000000002
2018,4,1,19,30,0,0,0,0.27,277,1.2000000000000002,18.8
2018,4,1,20,30,0,0,0,0.27,282,1.2000000000000002,17.6
2018,4,1,21,30,0,0,0,0.27,284,1.3,16.7
2018,4,1,22,30,0,0,0,0.27,285,1.4000000000000001,16
2018,4,1,23,30,0,0,0,0.27,283,1.5,15.5
2018,4,2,0,30,0,0,0,0.27,280,1.6,15.100000000000001
2018,4,2,1,30,0,0,0,0.27,278,1.6,14.5
2018,4,2,2,30,0,0,0,0.27,277,1.6,13.9
2018,4,2,3,30,0,0,0,0.27,276,1.6,13.200000000000001
2018,4,2,4,30,0,0,0,0.27,277,1.7000000000000002,12.700000000000001
2018,4,2,5,30,6,27,5,0.27,278,2.3000000000000003,13.600000000000001
2018,4,2,6,30,55,503,153,0.27,279,2.9000000000000004,16.2
2018,4,2,7,30,82,739,378,0.27,279,2.7,19.5
2018,4,2,8,30,100,849,594,0.27,272,2.3000000000000003,22.8
2018,4,2,9,30,110,911,773,0.27,256,2,25.400000000000002
2018,4,2,10,30,116,944,897,0.27,247,2.1,27.3
2018,4,2,11,30,119,953,952,0.27,251,2.3000000000000003,28.6
2018,4,2,12,30,122,944,938,0.27,262,2.6,29.3
2018,4,2,13,30,122,915,853,0.27,275,3.1,29.3
2018,4,2,14,30,260,528,621,0.27,285,3.5,28.6
2018,4,2,15,30,255,85,300,0.27,290,3.8000000000000003,27
2018,4,2,16,30,143,145,191,0.26,289,4,24.6
2018,4,2,17,30,55,118,70,0.26,286,4.1000000000000005,21.700000000000003
2018,4,2,18,30,0,0,0,0.26,283,4.2,19.5
2018,4,2,19,30,0,0,0,0.26,281,4.2,18.2
2018,4,2,20,30,0,0,0,0.26,279,4.1000000000000005,17.3
2018,4,2,21,30,0,0,0,0.26,280,3.9000000000000004,16.7
2018,4,2,22,30,0,0,0,0.26,282,3.7,16.1
2018,4,2,23,30,0,0,0,0.26,285,3.6,15.700000000000001
2018,4,3,0,30,0,0,0,0.26,286,3.3000000000000003,15.3
2018,4,3,1,30,0,0,0,0.26,289,3,14.9
2018,4,3,2,30,0,0,0,0.26,296,2.5,14.5
2018,4,3,3,30,0,0,0,0.26,303,2.2,14.200000000000001
2018,4,3,4,30,0,0,0,0.26,311,2.1,14.200000000000001
2018,4,3,5,30,4,12,4,0.26,320,2.4000000000000004,15.100000000000001
2018,4,3,6,30,71,376,146,0.26,164,2.8000000000000003,17.8
2018,4,3,7,30,125,560,352,0.26,16,3.2,21.400000000000002
2018,4,3,8,30,229,494,519,0.26,33,3.3000000000000003,24.6
2018,4,3,9,30,348,361,612,0.26,41,3,27
2018,4,3,10,30,358,446,728,0.26,46,2.5,28.8
2018,4,3,11,30,359,485,784,0.26,51,1.9000000000000001,30
2018,4,3,12,30,300,622,839,0.26,53,1.4000000000000001,30.6
2018,4,3,13,30,245,663,777,0.26,52,1.3,30.5
2018,4,3,14,30,230,582,629,0.26,47,1.2000000000000002,30
2018,4,3,15,30,216,450,453,0.26,43,1.2000000000000002,29
2018,4,3,16,30,141,399,275,0.26,47,1,26.900000000000002
2018,4,3,17,30,47,280,82,0.26,53,0.7000000000000001,24.1
2018,4,3,18,30,0,0,0,0.26,35,0.6000000000000001,22.200000000000003
2018,4,3,19,30,0,0,0,0.26,188,0.5,21.400000000000002
2018,4,3,20,30,0,0,0,0.26,358,0.5,20.700000000000003
2018,4,3,21,30,0,0,0,0.26,358,0.6000000000000001,20.1
2018,4,3,22,30,0,0,0,0.26,354,0.7000000000000001,19.5
2018,4,3,23,30,0,0,0,0.26,345,0.8,18.900000000000002
2018,4,4,0,30,0,0,0,0.26,341,0.8,18.5
2018,4,4,1,30,0,0,0,0.26,338,0.7000000000000001,18.2
2018,4,4,2,30,0,0,0,0.26,329,0.8,17.7
2018,4,4,3,30,0,0,0,0.26,319,0.9,17.2
2018,4,4,4,30,0,0,0,0.26,315,0.9,17
2018,4,4,5,30,5,20,5,0.26,313,0.7000000000000001,18.3
2018,4,4,6,30,74,374,150,0.26,220,0.6000000000000001,21.3
2018,4,4,7,30,211,113,257,0.26,140,1,24.5
2018,4,4,8,30,293,220,423,0.26,168,1.5,27.1
2018,4,4,9,30,348,300,569,0.26,191,1.6,29.1
2018,4,4,10,30,373,383,692,0.26,200,1.8,30.5
2018,4,4,11,30,330,525,792,0.26,207,2.2,31.6
2018,4,4,12,30,153,878,917,0.26,220,2.4000000000000004,32.2
2018,4,4,13,30,129,894,848,0.26,233,2.6,32.2
2018,4,4,14,30,120,852,706,0.26,244,2.8000000000000003,31.400000000000002
2018,4,4,15,30,105,778,516,0.26,251,3,30
2018,4,4,16,30,84,634,298,0.26,258,2.4000000000000004,27.400000000000002
2018,4,4,17,30,46,319,87,0.26,262,1.6,23.8
2018,4,4,18,30,0,0,0,0.26,270,1.5,21.200000000000003
2018,4,4,19,30,0,0,0,0.26,280,1.4000000000000001,19.6
2018,4,4,20,30,0,0,0,0.26,286,1.3,18.400000000000002
2018,4,4,21,30,0,0,0,0.26,287,1.4000000000000001,17.6
2018,4,4,22,30,0,0,0,0.26,287,1.5,17.1
2018,4,4,23,30,0,0,0,0.26,287,1.5,16.900000000000002
2018,4,5,0,30,0,0,0,0.26,288,1.4000000000000001,16.5
2018,4,5,1,30,0,0,0,0.26,289,1.2000000000000002,16.2
2018,4,5,2,30,0,0,0,0.26,290,1.1,16.3
2018,4,5,3,30,0,0,0,0.26,291,1,16.3
2018,4,5,4,30,0,0,0,0.26,290,1,15.9
2018,4,5,5,30,7,38,7,0.26,290,1,17.3
2018,4,5,6,30,59,517,167,0.26,296,1.5,20.8
2018,4,5,7,30,86,734,389,0.26,315,1.6,24.6
2018,4,5,8,30,103,840,602,0.26,336,1.3,27.8
2018,4,5,9,30,276,487,636,0.26,335,1.4000000000000001,30.200000000000003
2018,4,5,10,30,348,497,764,0.26,323,1.5,31.8
2018,4,5,11,30,222,747,882,0.26,310,1.6,32.7
2018,4,5,12,30,138,907,930,0.26,285,1.9000000000000001,32.6
2018,4,5,13,30,391,207,558,0.26,260,2.4000000000000004,32.1
2018,4,5,14,30,151,788,695,0.26,255,3.2,31.400000000000002
2018,4,5,15,30,195,518,470,0.26,266,3.9000000000000004,29.900000000000002
2018,4,5,16,30,153,304,256,0.27,278,3.5,27.3
2018,4,5,17,30,67,77,77,0.27,280,2.5,23.8
2018,4,5,18,30,0,0,0,0.27,284,2.3000000000000003,21.1
2018,4,5,19,30,0,0,0,0.27,287,2.6,19.700000000000003
2018,4,5,20,30,0,0,0,0.27,286,2.5,18.8
2018,4,5,21,30,0,0,0,0.27,286,2.3000000000000003,18.3
2018,4,5,22,30,0,0,0,0.27,287,2.2,18.1
2018,4,5,23,30,0,0,0,0.27,287,2.3000000000000003,18.1
2018,4,6,0,30,0,0,0,0.27,287,2.3000000000000003,18
2018,4,6,1,30,0,0,0,0.27,284,2.4000000000000004,17.8
2018,4,6,2,30,0,0,0,0.27,281,2.5,17.5
2018,4,6,3,30,0,0,0,0.27,279,2.5,17
2018,4,6,4,30,0,0,0,0.27,279,2.7,16.7
2018,4,6,5,30,5,0,5,0.27,279,3,17
2018,4,6,6,30,95,59,108,0.27,281,3.7,18.6
2018,4,6,7,30,156,211,244,0.27,284,4.6000000000000005,21.3
2018,4,6,8,30,273,233,412,0.27,288,5.2,24.1
2018,4,6,9,30,304,328,548,0.27,292,5.2,26.400000000000002
2018,4,6,10,30,336,241,539,0.27,296,5.1000000000000005,28.700000000000003
2018,4,6,11,30,390,295,652,0.27,297,5,30.6
2018,4,6,12,30,291,511,739,0.27,296,5,31.6
2018,4,6,13,30,272,479,660,0.27,292,5.2,31.6
2018,4,6,14,30,342,225,498,0.27,290,5.4,30.700000000000003
2018,4,6,15,30,225,357,416,0.27,288,5.4,29.3
2018,4,6,16,30,147,287,245,0.27,285,5.2,27.200000000000003
2018,4,6,17,30,54,13,56,0.27,280,4.6000000000000005,24.5
2018,4,6,18,30,0,0,0,0.27,277,4.4,22.200000000000003
2018,4,6,19,30,0,0,0,0.27,276,4.4,20.8
2018,4,6,20,30,0,0,0,0.27,275,4.2,20
2018,4,6,21,30,0,0,0,0.27,275,4,19.400000000000002
2018,4,6,22,30,0,0,0,0.27,277,3.8000000000000003,19
2018,4,6,23,30,0,0,0,0.27,279,3.8000000000000003,18.8
2018,4,7,0,30,0,0,0,0.27,280,3.6,18.6
2018,4,7,1,30,0,0,0,0.27,279,3.2,18.400000000000002
2018,4,7,2,30,0,0,0,0.27,278,2.8000000000000003,18.1
2018,4,7,3,30,0,0,0,0.27,278,2.4000000000000004,18
2018,4,7,4,30,0,0,0,0.27,279,2.2,18
2018,4,7,5,30,6,0,6,0.27,280,2.3000000000000003,18.900000000000002
2018,4,7,6,30,86,218,133,0.27,283,2.9000000000000004,21.5
2018,4,7,7,30,88,680,375,0.27,285,3.4000000000000004,24.8
2018,4,7,8,30,226,404,469,0.27,282,3.8000000000000003,27.900000000000002
2018,4,7,9,30,96,877,751,0.27,276,4.4,30.1
2018,4,7,10,30,108,894,863,0.27,270,5.1000000000000005,31.400000000000002
2018,4,7,11,30,116,897,914,0.27,268,5.7,31.6
2018,4,7,12,30,136,863,894,0.27,268,6.1000000000000005,31.200000000000003
2018,4,7,13,30,147,816,810,0.27,269,6.1000000000000005,30.400000000000002
2018,4,7,14,30,333,360,583,0.27,270,5.9,29.400000000000002
2018,4,7,15,30,280,96,331,0.27,273,5.6000000000000005,28.1
2018,4,7,16,30,163,281,260,0.27,275,5,26.3
2018,4,7,17,30,54,192,80,0.27,274,4.1000000000000005,24.200000000000003
2018,4,7,18,30,0,0,0,0.27,273,3.4000000000000004,22.5
2018,4,7,19,30,0,0,0,0.27,275,3.2,21.400000000000002
2018,4,7,20,30,0,0,0,0.27,278,3,20.5
2018,4,7,21,30,0,0,0,0.27,282,2.9000000000000004,19.5
2018,4,7,22,30,0,0,0,0.27,286,2.8000000000000003,18.6
2018,4,7,23,30,0,0,0,0.27,288,2.9000000000000004,17.5
2018,4,8,0,30,0,0,0,0.27,289,2.9000000000000004,16.5
2018,4,8,1,30,0,0,0,0.27,290,2.9000000000000004,15.600000000000001
2018,4,8,2,30,0,0,0,0.27,293,3,14.9
2018,4,8,3,30,0,0,0,0.27,296,3,14.100000000000001
2018,4,8,4,30,0,0,0,0.27,300,2.9000000000000004,13.5
2018,4,8,5,30,10,1,10,0.27,306,3.1,14.600000000000001
2018,4,8,6,30,80,459,182,0.27,315,3.5,17.7
2018,4,8,7,30,108,723,416,0.27,333,3.9000000000000004,21.400000000000002
2018,4,8,8,30,130,824,630,0.27,351,3.8000000000000003,24.8
2018,4,8,9,30,139,899,813,0.27,183,3.4000000000000004,27.5
2018,4,8,10,30,136,943,935,0.27,9,3,29.5
2018,4,8,11,30,138,955,990,0.27,10,2.5,31
2018,4,8,12,30,138,946,972,0.27,8,2.1,32
2018,4,8,13,30,135,920,885,0.27,4,2,32.4
2018,4,8,14,30,193,756,721,0.27,180,1.9000000000000001,32.2
2018,4,8,15,30,124,768,538,0.27,356,1.9000000000000001,31.3
2018,4,8,16,30,93,636,314,0.28,351,1.5,28.6
2018,4,8,17,30,69,144,89,0.28,347,1,24.700000000000003
2018,4,8,18,30,0,0,0,0.28,345,1.1,22.1
2018,4,8,19,30,0,0,0,0.28,344,1.1,21.1
2018,4,8,20,30,0,0,0,0.28,342,1.3,20.5
2018,4,8,21,30,0,0,0,0.28,339,1.3,20
2018,4,8,22,30,0,0,0,0.28,338,1.4000000000000001,19.5
2018,4,8,23,30,0,0,0,0.28,340,1.4000000000000001,19
2018,4,9,0,30,0,0,0,0.28,340,1.4000000000000001,18.6
2018,4,9,1,30,0,0,0,0.28,339,1.4000000000000001,18.2
2018,4,9,2,30,0,0,0,0.28,338,1.5,17.900000000000002
2018,4,9,3,30,0,0,0,0.28,341,1.5,17.400000000000002
2018,4,9,4,30,0,0,0,0.28,172,1.6,17
2018,4,9,5,30,11,42,12,0.28,7,1.6,18.6
2018,4,9,6,30,72,476,180,0.28,20,2.5,23.200000000000003
2018,4,9,7,30,105,703,408,0.28,36,3.9000000000000004,27.400000000000002
2018,4,9,8,30,128,815,625,0.28,46,4.3,29.700000000000003
2018,4,9,9,30,146,871,802,0.28,48,4.2,31.400000000000002
2018,4,9,10,30,160,894,921,0.28,46,3.9000000000000004,32.7
2018,4,9,11,30,172,895,973,0.28,44,3.5,33.7
2018,4,9,12,30,301,670,893,0.28,40,3.2,34.300000000000004
2018,4,9,13,30,299,612,799,0.28,36,2.9000000000000004,34.5
2018,4,9,14,30,185,769,724,0.28,33,2.6,34.2
2018,4,9,15,30,133,735,531,0.28,29,2.3000000000000003,33.300000000000004
2018,4,9,16,30,103,587,308,0.28,26,1.5,30.8
2018,4,9,17,30,55,276,94,0.28,23,0.9,27.6
2018,4,9,18,30,0,0,0,0.28,16,1,25.900000000000002
2018,4,9,19,30,0,0,0,0.28,5,1,25.1
2018,4,9,20,30,0,0,0,0.28,177,1,24.400000000000002
2018,4,9,21,30,0,0,0,0.28,352,1.1,23.700000000000003
2018,4,9,22,30,0,0,0,0.28,350,1.1,23.1
2018,4,9,23,30,0,0,0,0.28,345,1.1,22.6
2018,4,10,0,30,0,0,0,0.28,340,1.2000000000000002,21.900000000000002
2018,4,10,1,30,0,0,0,0.28,341,1.2000000000000002,21.3
2018,4,10,2,30,0,0,0,0.28,345,1.3,20.8
2018,4,10,3,30,0,0,0,0.28,347,1.3,20.5
2018,4,10,4,30,0,0,0,0.28,346,1.3,20.6
2018,4,10,5,30,13,2,13,0.28,342,1,21.8
2018,4,10,6,30,114,160,151,0.28,341,1.1,25.3
2018,4,10,7,30,212,108,259,0.28,173,1,29.3
2018,4,10,8,30,243,508,555,0.28,164,0.9,32.1
2018,4,10,9,30,279,581,719,0.28,304,1,34.1
2018,4,10,10,30,136,917,919,0.28,261,1.3,35.5
2018,4,10,11,30,137,929,972,0.28,227,1.6,36.5
2018,4,10,12,30,183,847,934,0.28,210,2.1,37.1
2018,4,10,13,30,137,897,873,0.28,207,2.6,37
2018,4,10,14,30,122,864,729,0.28,212,3,36.300000000000004
2018,4,10,15,30,128,745,533,0.28,223,3.2,34.9
2018,4,10,16,30,101,610,316,0.28,235,2.7,32.1
2018,4,10,17,30,49,361,101,0.28,247,1.8,27.700000000000003
2018,4,10,18,30,0,0,0,0.28,258,1.4000000000000001,24.3
2018,4,10,19,30,0,0,0,0.28,269,1.4000000000000001,22.700000000000003
2018,4,10,20,30,0,0,0,0.28,274,1.4000000000000001,21.5
2018,4,10,21,30,0,0,0,0.28,275,1.4000000000000001,20.5
2018,4,10,22,30,0,0,0,0.28,273,1.4000000000000001,20
2018,4,10,23,30,0,0,0,0.28,271,1.3,19.6
2018,4,11,0,30,0,0,0,0.28,271,1.2000000000000002,19.3
2018,4,11,1,30,0,0,0,0.28,273,1.2000000000000002,19.200000000000003
2018,4,11,2,30,0,0,0,0.28,273,1.1,19.1
2018,4,11,3,30,0,0,0,0.28,270,1.1,19.1
2018,4,11,4,30,0,0,0,0.28,267,1.1,18.900000000000002
2018,4,11,5,30,14,65,16,0.28,268,1,20.3
2018,4,11,6,30,107,207,156,0.28,271,1.4000000000000001,23.200000000000003
2018,4,11,7,30,128,612,396,0.28,256,2.1,26.200000000000003
2018,4,11,8,30,118,820,625,0.28,231,2.7,29.200000000000003
2018,4,11,9,30,127,887,802,0.28,221,3.4000000000000004,31.6
2018,4,11,10,30,133,922,923,0.28,221,4,33.2
2018,4,11,11,30,132,941,980,0.28,225,4.800000000000001,33.9
2018,4,11,12,30,130,938,964,0.28,231,5.5,33.800000000000004
2018,4,11,13,30,128,912,878,0.28,238,6.2,32.9
2018,4,11,14,30,121,868,733,0.28,244,6.6000000000000005,31.1
2018,4,11,15,30,108,794,541,0.28,250,6.6000000000000005,28.5
2018,4,11,16,30,85,666,321,0.28,256,6,25.5
2018,4,11,17,30,76,179,102,0.28,259,4.800000000000001,22.400000000000002
2018,4,11,18,30,0,0,0,0.28,259,3.7,19.900000000000002
2018,4,11,19,30,0,0,0,0.28,257,3.4000000000000004,18.2
2018,4,11,20,30,0,0,0,0.28,256,3.6,17
2018,4,11,21,30,0,0,0,0.28,257,4,15.9
2018,4,11,22,30,0,0,0,0.28,259,4.3,15
2018,4,11,23,30,0,0,0,0.28,261,4.4,14.200000000000001
2018,4,12,0,30,0,0,0,0.28,262,4.3,13.700000000000001
2018,4,12,1,30,0,0,0,0.28,261,4.1000000000000005,13.100000000000001
2018,4,12,2,30,0,0,0,0.28,264,4,12.700000000000001
2018,4,12,3,30,0,0,0,0.28,268,4,12.4
2018,4,12,4,30,0,0,0,0.28,270,3.8000000000000003,12.200000000000001
2018,4,12,5,30,15,29,16,0.28,271,4,12.700000000000001
2018,4,12,6,30,93,394,187,0.28,273,4.800000000000001,14.100000000000001
2018,4,12,7,30,131,634,412,0.28,278,5.5,16.3
2018,4,12,8,30,151,769,629,0.28,283,5.9,18.6
2018,4,12,9,30,163,843,807,0.28,287,6.2,20.5
2018,4,12,10,30,166,891,933,0.28,290,6.4,22
2018,4,12,11,30,157,928,996,0.28,290,6.5,23
2018,4,12,12,30,154,927,981,0.28,290,6.6000000000000005,23.6
2018,4,12,13,30,153,907,901,0.28,291,6.800000000000001,23.8
2018,4,12,14,30,146,855,751,0.28,294,6.800000000000001,23.400000000000002
2018,4,12,15,30,138,759,554,0.28,297,6.6000000000000005,22.400000000000002
2018,4,12,16,30,115,583,323,0.28,298,5.9,20.700000000000003
2018,4,12,17,30,63,254,101,0.28,299,4.5,18.1
2018,4,12,18,30,0,0,0,0.28,299,3.5,15.8
2018,4,12,19,30,0,0,0,0.28,300,3.3000000000000003,14.3
2018,4,12,20,30,0,0,0,0.28,303,3.1,13.200000000000001
2018,4,12,21,30,0,0,0,0.28,311,2.9000000000000004,12.200000000000001
2018,4,12,22,30,0,0,0,0.28,322,3,11.700000000000001
2018,4,12,23,30,0,0,0,0.28,334,3.3000000000000003,11.8
2018,4,13,0,30,0,0,0,0.28,342,3.5,11.9
2018,4,13,1,30,0,0,0,0.28,343,3.4000000000000004,11.8
2018,4,13,2,30,0,0,0,0.28,341,3.2,11.3
2018,4,13,3,30,0,0,0,0.28,340,3,10.700000000000001
2018,4,13,4,30,0,0,0,0.28,344,3.1,10.600000000000001
2018,4,13,5,30,17,36,18,0.28,347,3.6,12.3
2018,4,13,6,30,93,400,191,0.28,175,5,15.5
2018,4,13,7,30,142,617,417,0.28,3,5.9,18.1
2018,4,13,8,30,173,733,631,0.28,5,5.800000000000001,20.200000000000003
2018,4,13,9,30,181,824,813,0.28,5,5.6000000000000005,22.1
2018,4,13,10,30,172,893,943,0.28,4,5.4,23.900000000000002
2018,4,13,11,30,174,910,999,0.28,2,5.2,25.200000000000003
2018,4,13,12,30,195,871,974,0.28,179,5.1000000000000005,26.1
2018,4,13,13,30,216,800,878,0.28,357,5,26.3
2018,4,13,14,30,197,754,732,0.28,356,4.9,26.1
2018,4,13,15,30,168,667,535,0.28,356,4.7,25.3
2018,4,13,16,30,126,519,313,0.28,357,3.5,23.400000000000002
2018,4,13,17,30,64,237,100,0.28,355,2,19.900000000000002
2018,4,13,18,30,0,0,0,0.28,352,1.3,17.3
2018,4,13,19,30,0,0,0,0.28,350,1.3,16.6
2018,4,13,20,30,0,0,0,0.28,349,1.3,16.1
2018,4,13,21,30,0,0,0,0.28,346,1.3,15.9
2018,4,13,22,30,0,0,0,0.28,343,1.3,15.700000000000001
2018,4,13,23,30,0,0,0,0.28,341,1.3,15.4
2018,4,14,0,30,0,0,0,0.28,343,1.3,15.200000000000001
2018,4,14,1,30,0,0,0,0.28,350,1.3,15.100000000000001
2018,4,14,2,30,0,0,0,0.28,183,1.3,15
2018,4,14,3,30,0,0,0,0.28,20,1.4000000000000001,14.8
2018,4,14,4,30,0,0,0,0.28,35,1.3,14.5
2018,4,14,5,30,19,97,23,0.28,42,1.1,16
2018,4,14,6,30,73,547,209,0.28,58,1.6,19.700000000000003
2018,4,14,7,30,103,748,440,0.28,71,2.4000000000000004,23
2018,4,14,8,30,123,848,656,0.28,69,2.5,25
2018,4,14,9,30,135,904,832,0.28,66,2.1,26.8
2018,4,14,10,30,143,929,948,0.28,62,1.5,28.400000000000002
2018,4,14,11,30,146,941,1002,0.28,56,1.2000000000000002,29.8
2018,4,14,12,30,141,942,986,0.28,48,1.3,30.700000000000003
2018,4,14,13,30,133,923,899,0.28,44,1.5,31.1
2018,4,14,14,30,123,886,754,0.28,45,1.5,30.900000000000002
2018,4,14,15,30,108,817,559,0.28,74,1.5,30
2018,4,14,16,30,86,685,334,0.28,122,1.3,27.700000000000003
2018,4,14,17,30,51,403,113,0.28,149,1.1,23.6
2018,4,14,18,30,0,0,0,0.28,173,1.1,20.6
2018,4,14,19,30,0,0,0,0.28,203,1.1,19.6
2018,4,14,20,30,0,0,0,0.28,228,1.1,19
2018,4,14,21,30,0,0,0,0.28,246,1.1,18.2
2018,4,14,22,30,0,0,0,0.28,260,1.1,17.3
2018,4,14,23,30,0,0,0,0.28,271,1.1,16.400000000000002
2018,4,15,0,30,0,0,0,0.28,279,1.1,16
2018,4,15,1,30,0,0,0,0.28,283,1,16.2
2018,4,15,2,30,0,0,0,0.28,286,1,16.400000000000002
2018,4,15,3,30,0,0,0,0.28,287,1,16.400000000000002
2018,4,15,4,30,0,0,0,0.28,288,1,16.6
2018,4,15,5,30,21,115,26,0.28,283,0.9,17.900000000000002
2018,4,15,6,30,127,146,164,0.28,269,1,21
2018,4,15,7,30,235,219,334,0.28,223,1.6,24.3
2018,4,15,8,30,312,264,479,0.28,186,2.2,26.3
2018,4,15,9,30,375,325,626,0.28,192,2.9000000000000004,27.8
2018,4,15,10,30,357,543,829,0.28,204,3.3000000000000003,29.3
2018,4,15,11,30,419,365,752,0.28,215,3.6,30.3
2018,4,15,12,30,418,411,788,0.28,225,3.8000000000000003,30.5
2018,4,15,13,30,452,115,548,0.28,234,3.9000000000000004,30.1
2018,4,15,14,30,372,151,480,0.28,242,4.2,29.400000000000002
2018,4,15,15,30,259,427,496,0.28,248,4.2,27.900000000000002
2018,4,15,16,30,179,132,227,0.28,253,3.7,25.6
2018,4,15,17,30,67,8,68,0.28,254,2.6,22.900000000000002
2018,4,15,18,30,0,0,0,0.28,255,2.1,21
2018,4,15,19,30,0,0,0,0.28,258,1.9000000000000001,19.900000000000002
2018,4,15,20,30,0,0,0,0.28,260,1.8,19.1
2018,4,15,21,30,0,0,0,0.28,260,1.7000000000000002,18.400000000000002
2018,4,15,22,30,0,0,0,0.28,256,1.6,17.7
2018,4,15,23,30,0,0,0,0.28,253,1.4000000000000001,17
2018,4,16,0,30,0,0,0,0.28,252,1.3,16.3
2018,4,16,1,30,0,0,0,0.28,253,1.4000000000000001,15.700000000000001
2018,4,16,2,30,0,0,0,0.28,255,1.6,15.100000000000001
2018,4,16,3,30,0,0,0,0.28,258,1.9000000000000001,14.5
2018,4,16,4,30,0,0,0,0.28,261,2.3000000000000003,14
2018,4,16,5,30,20,34,22,0.28,265,2.8000000000000003,14.200000000000001
2018,4,16,6,30,132,210,186,0.28,265,3.4000000000000004,15.700000000000001
2018,4,16,7,30,220,275,346,0.28,260,4,18.3
2018,4,16,8,30,169,704,616,0.28,249,4.5,20.8
2018,4,16,9,30,299,535,715,0.28,240,5,22.8
2018,4,16,10,30,139,908,931,0.28,237,5.5,24
2018,4,16,11,30,141,918,981,0.28,236,6,24.400000000000002
2018,4,16,12,30,146,906,963,0.28,237,6.4,24
2018,4,16,13,30,145,882,881,0.28,239,6.7,23.1
2018,4,16,14,30,129,854,741,0.28,242,6.9,21.5
2018,4,16,15,30,111,796,554,0.28,245,6.9,19.3
2018,4,16,16,30,89,671,335,0.28,249,6.5,16.8
2018,4,16,17,30,54,384,115,0.28,253,5.800000000000001,14.3
2018,4,16,18,30,0,0,0,0.28,256,5.2,12.600000000000001
2018,4,16,19,30,0,0,0,0.28,259,5.1000000000000005,11.8
2018,4,16,20,30,0,0,0,0.28,265,4.800000000000001,11.3
2018,4,16,21,30,0,0,0,0.28,271,4.3,10.8
2018,4,16,22,30,0,0,0,0.28,278,3.6,10
2018,4,16,23,30,0,0,0,0.28,283,2.9000000000000004,9.3
2018,4,17,0,30,0,0,0,0.28,285,2,8.6
2018,4,17,1,30,0,0,0,0.28,283,1.3,7.7
2018,4,17,2,30,0,0,0,0.28,283,0.9,7
2018,4,17,3,30,0,0,0,0.28,289,0.8,6.4
2018,4,17,4,30,0,0,0,0.28,297,0.7000000000000001,6.2
2018,4,17,5,30,23,172,32,0.28,306,1.5,8.1
2018,4,17,6,30,65,622,227,0.28,329,2.7,11.600000000000001
2018,4,17,7,30,88,801,458,0.28,179,3.5,15.100000000000001
2018,4,17,8,30,104,887,671,0.28,19,3.8000000000000003,17.900000000000002
2018,4,17,9,30,118,925,839,0.28,26,3.6,20
2018,4,17,10,30,130,944,956,0.28,26,3.4000000000000004,21.6
2018,4,17,11,30,135,952,1008,0.28,22,3.1,22.900000000000002
2018,4,17,12,30,135,947,991,0.28,16,2.9000000000000004,23.8
2018,4,17,13,30,130,928,906,0.28,9,2.9000000000000004,24.3
2018,4,17,14,30,124,884,759,0.28,5,2.9000000000000004,24.1
2018,4,17,15,30,111,813,566,0.28,3,2.7,23.400000000000002
2018,4,17,16,30,91,679,341,0.28,181,2.2,21.8
2018,4,17,17,30,56,392,119,0.28,357,1.4000000000000001,18.7
2018,4,17,18,30,0,0,0,0.28,352,1,16.2
2018,4,17,19,30,0,0,0,0.28,348,1,15.3
2018,4,17,20,30,0,0,0,0.28,347,1.1,14.5
2018,4,17,21,30,0,0,0,0.28,344,1.2000000000000002,13.9
2018,4,17,22,30,0,0,0,0.28,341,1.2000000000000002,13.4
2018,4,17,23,30,0,0,0,0.28,337,1.3,13
2018,4,18,0,30,0,0,0,0.28,335,1.3,12.600000000000001
2018,4,18,1,30,0,0,0,0.28,334,1.3,12.3
2018,4,18,2,30,0,0,0,0.28,336,1.3,12
2018,4,18,3,30,0,0,0,0.28,340,1.3,11.8
2018,4,18,4,30,0,0,0,0.28,345,1.3,12
2018,4,18,5,30,25,131,32,0.28,354,1.1,13.9
2018,4,18,6,30,76,564,225,0.28,197,1.3,17.7
2018,4,18,7,30,104,759,457,0.28,47,1.4000000000000001,21
2018,4,18,8,30,122,857,672,0.28,84,1.2000000000000002,23.200000000000003
2018,4,18,9,30,134,908,845,0.28,136,1.5,24.900000000000002
2018,4,18,10,30,143,936,964,0.28,173,2.3000000000000003,26.400000000000002
2018,4,18,11,30,146,943,1013,0.28,185,3.1,27.400000000000002
2018,4,18,12,30,145,937,994,0.28,191,3.7,28
2018,4,18,13,30,136,918,906,0.28,195,4.1000000000000005,27.900000000000002
2018,4,18,14,30,126,875,757,0.28,200,4.4,27.200000000000003
2018,4,18,15,30,112,799,560,0.28,206,4.4,25.8
2018,4,18,16,30,91,666,338,0.29,215,3.9000000000000004,23.6
2018,4,18,17,30,57,375,118,0.29,225,2.8000000000000003,20.200000000000003
2018,4,18,18,30,0,0,0,0.29,231,2,17.3
2018,4,18,19,30,0,0,0,0.29,236,1.9000000000000001,15.8
2018,4,18,20,30,0,0,0,0.29,242,1.8,14.600000000000001
2018,4,18,21,30,0,0,0,0.29,249,1.7000000000000002,13.4
2018,4,18,22,30,0,0,0,0.29,255,2,12.5
2018,4,18,23,30,0,0,0,0.29,261,2.5,11.8
2018,4,19,0,30,0,0,0,0.29,265,3.1,11.3
2018,4,19,1,30,0,0,0,0.29,266,3.6,11
2018,4,19,2,30,0,0,0,0.29,263,3.8000000000000003,10.700000000000001
2018,4,19,3,30,0,0,0,0.29,261,4,10.3
2018,4,19,4,30,0,0,0,0.29,260,4.1000000000000005,10
2018,4,19,5,30,27,3,27,0.29,259,4.5,10.3
2018,4,19,6,30,70,584,226,0.29,258,5.2,11.700000000000001
2018,4,19,7,30,90,777,454,0.29,258,5.7,13.4
2018,4,19,8,30,104,870,666,0.29,260,6.1000000000000005,15
2018,4,19,9,30,151,853,821,0.29,264,6.300000000000001,16.6
2018,4,19,10,30,147,906,944,0.29,266,6.2,18.3
2018,4,19,11,30,145,928,1000,0.29,267,6.1000000000000005,19.8
2018,4,19,12,30,139,934,987,0.29,268,6.1000000000000005,20.5
2018,4,19,13,30,128,923,904,0.29,269,6.2,20.400000000000002
2018,4,19,14,30,121,882,758,0.29,272,6.2,19.700000000000003
2018,4,19,15,30,111,803,563,0.29,276,6,18.6
2018,4,19,16,30,88,680,342,0.29,281,5.6000000000000005,17.2
2018,4,19,17,30,54,415,123,0.29,285,4.7,15.3
2018,4,19,18,30,0,0,0,0.29,287,3.8000000000000003,13.4
2018,4,19,19,30,0,0,0,0.29,288,3.5,12.200000000000001
2018,4,19,20,30,0,0,0,0.29,287,3.1,11.4
2018,4,19,21,30,0,0,0,0.29,285,2.7,10.8
2018,4,19,22,30,0,0,0,0.29,283,2.4000000000000004,10.100000000000001
2018,4,19,23,30,0,0,0,0.29,281,2.4000000000000004,9.600000000000001
2018,4,20,0,30,0,0,0,0.29,282,2.4000000000000004,9.3
2018,4,20,1,30,0,0,0,0.29,287,2.5,9.5
2018,4,20,2,30,0,0,0,0.29,294,2.5,9.700000000000001
2018,4,20,3,30,0,0,0,0.29,297,2.3000000000000003,9.700000000000001
2018,4,20,4,30,0,0,0,0.29,297,2.1,9.700000000000001
2018,4,20,5,30,27,160,37,0.29,298,2.2,11
2018,4,20,6,30,74,572,229,0.29,312,2.7,14.3
2018,4,20,7,30,99,755,456,0.29,331,3.2,18.400000000000002
2018,4,20,8,30,116,849,667,0.29,340,3.4000000000000004,21.900000000000002
2018,4,20,9,30,125,903,837,0.29,340,3.3000000000000003,24.400000000000002
2018,4,20,10,30,127,937,954,0.29,340,3.1,26.5
2018,4,20,11,30,129,948,1005,0.29,340,3.1,28
2018,4,20,12,30,128,946,989,0.29,339,3.1,29
2018,4,20,13,30,122,933,908,0.29,337,3.2,29.5
2018,4,20,14,30,114,896,763,0.29,334,3.2,29.3
2018,4,20,15,30,100,832,571,0.29,332,3,28.5
2018,4,20,16,30,82,710,349,0.28,329,2.3000000000000003,26.5
2018,4,20,17,30,52,445,127,0.28,312,1.4000000000000001,22.700000000000003
2018,4,20,18,30,0,0,0,0.28,289,1.1,19.3
2018,4,20,19,30,0,0,0,0.28,276,1.1,17.7
2018,4,20,20,30,0,0,0,0.28,276,1.1,16.8
2018,4,20,21,30,0,0,0,0.28,284,1.2000000000000002,16.2
2018,4,20,22,30,0,0,0,0.28,292,1.3,15.9
2018,4,20,23,30,0,0,0,0.28,297,1.3,15.700000000000001
2018,4,21,0,30,0,0,0,0.28,300,1.3,15.700000000000001
2018,4,21,1,30,0,0,0,0.28,304,1.4000000000000001,15.600000000000001
2018,4,21,2,30,0,0,0,0.28,311,1.4000000000000001,15.5
2018,4,21,3,30,0,0,0,0.28,317,1.4000000000000001,15.5
2018,4,21,4,30,0,0,0,0.28,321,1.4000000000000001,15.9
2018,4,21,5,30,27,183,39,0.28,321,1.4000000000000001,18.400000000000002
2018,4,21,6,30,72,597,236,0.28,329,1.8,23
2018,4,21,7,30,96,770,462,0.28,181,2.2,27.1
2018,4,21,8,30,113,859,673,0.28,36,2.1,29.8
2018,4,21,9,30,128,905,844,0.28,52,1.9000000000000001,31.5
2018,4,21,10,30,141,921,956,0.28,58,1.6,32.7
2018,4,21,11,30,147,927,1006,0.28,57,1.5,33.5
2018,4,21,12,30,313,618,877,0.28,51,1.6,33.9
2018,4,21,13,30,425,326,700,0.28,43,1.7000000000000002,33.7
2018,4,21,14,30,172,794,749,0.28,33,1.8,32.9
2018,4,21,15,30,223,520,518,0.28,22,1.7000000000000002,31.6
2018,4,21,16,30,156,360,292,0.28,11,1.2000000000000002,29.400000000000002
2018,4,21,17,30,85,67,96,0.28,169,0.7000000000000001,26.6
2018,4,21,18,30,0,0,0,0.28,321,0.7000000000000001,24.8
2018,4,21,19,30,0,0,0,0.28,304,0.8,24
2018,4,21,20,30,0,0,0,0.28,300,0.8,23.200000000000003
2018,4,21,21,30,0,0,0,0.28,299,0.8,22.400000000000002
2018,4,21,22,30,0,0,0,0.28,300,0.8,21.8
2018,4,21,23,30,0,0,0,0.28,303,0.9,21.200000000000003
2018,4,22,0,30,0,0,0,0.28,305,0.9,20.8
2018,4,22,1,30,0,0,0,0.28,309,0.9,20.6
2018,4,22,2,30,0,0,0,0.28,312,1,20.5
2018,4,22,3,30,0,0,0,0.28,316,0.9,20.5
2018,4,22,4,30,0,0,0,0.28,321,0.9,20.900000000000002
2018,4,22,5,30,30,87,36,0.28,326,0.7000000000000001,22.400000000000002
2018,4,22,6,30,77,564,234,0.28,169,0.7000000000000001,25.700000000000003
2018,4,22,7,30,160,539,418,0.28,55,1,29.1
2018,4,22,8,30,180,705,642,0.28,111,1.3,31.400000000000002
2018,4,22,9,30,132,888,837,0.28,121,1.4000000000000001,33
2018,4,22,10,30,283,695,900,0.28,121,1.6,34.300000000000004
2018,4,22,11,30,127,946,1006,0.28,122,1.7000000000000002,35.2
2018,4,22,12,30,125,944,988,0.28,128,1.9000000000000001,35.7
2018,4,22,13,30,120,924,902,0.28,143,2.2,35.6
2018,4,22,14,30,113,883,756,0.28,164,2.6,34.9
2018,4,22,15,30,99,816,564,0.28,185,2.9000000000000004,33.6
2018,4,22,16,30,80,695,344,0.28,205,2.9000000000000004,31.3
2018,4,22,17,30,50,450,128,0.28,224,2.2,27.5
2018,4,22,18,30,2,11,2,0.28,240,1.7000000000000002,24
2018,4,22,19,30,0,0,0,0.28,255,1.7000000000000002,22.400000000000002
2018,4,22,20,30,0,0,0,0.28,267,1.7000000000000002,21.200000000000003
2018,4,22,21,30,0,0,0,0.28,273,1.6,20.3
2018,4,22,22,30,0,0,0,0.28,275,1.4000000000000001,19.8
2018,4,22,23,30,0,0,0,0.28,277,1.3,19.400000000000002
2018,4,23,0,30,0,0,0,0.28,280,1.3,19.1
2018,4,23,1,30,0,0,0,0.28,281,1.3,19
2018,4,23,2,30,0,0,0,0.28,280,1.2000000000000002,18.7
2018,4,23,3,30,0,0,0,0.28,277,1.2000000000000002,18.400000000000002
2018,4,23,4,30,0,0,0,0.28,274,1.1,18.400000000000002
2018,4,23,5,30,29,242,47,0.28,271,1.1,21
2018,4,23,6,30,65,632,244,0.28,274,1.3,25.200000000000003
2018,4,23,7,30,87,794,470,0.28,274,1.2000000000000002,28.8
2018,4,23,8,30,100,877,677,0.28,232,1.1,31.6
2018,4,23,9,30,110,924,846,0.28,185,1.4000000000000001,33.6
2018,4,23,10,30,117,947,960,0.28,176,1.8,34.9
2018,4,23,11,30,123,950,1007,0.28,175,2.2,35.9
2018,4,23,12,30,144,917,984,0.28,177,2.4000000000000004,36.300000000000004
2018,4,23,13,30,127,912,901,0.28,184,2.8000000000000003,36.2
2018,4,23,14,30,249,621,703,0.28,195,3,35.5
2018,4,23,15,30,142,729,559,0.28,205,3.1,34.1
2018,4,23,16,30,93,654,343,0.27,217,2.9000000000000004,31.700000000000003
2018,4,23,17,30,96,85,111,0.27,230,2.2,28.3
2018,4,23,18,30,1,0,1,0.27,245,1.7000000000000002,25.200000000000003
2018,4,23,19,30,0,0,0,0.27,261,1.7000000000000002,23.6
2018,4,23,20,30,0,0,0,0.27,274,1.6,22.5
2018,4,23,21,30,0,0,0,0.27,283,1.5,21.700000000000003
2018,4,23,22,30,0,0,0,0.27,288,1.3,21.1
2018,4,23,23,30,0,0,0,0.27,288,1.2000000000000002,20.700000000000003
2018,4,24,0,30,0,0,0,0.27,288,1.2000000000000002,20.3
2018,4,24,1,30,0,0,0,0.27,289,1,20
2018,4,24,2,30,0,0,0,0.27,293,1,19.700000000000003
2018,4,24,3,30,0,0,0,0.27,300,0.9,19.700000000000003
2018,4,24,4,30,0,0,0,0.27,309,0.8,20.3
2018,4,24,5,30,30,240,49,0.27,320,0.7000000000000001,22.5
2018,4,24,6,30,69,624,248,0.27,177,0.6000000000000001,26.1
2018,4,24,7,30,131,644,444,0.27,82,0.8,29.5
2018,4,24,8,30,307,344,534,0.27,143,1.3,32
2018,4,24,9,30,281,559,728,0.27,153,1.8,33.800000000000004
2018,4,24,10,30,341,532,816,0.27,156,2.3000000000000003,35.1
2018,4,24,11,30,452,357,785,0.27,160,2.6,35.9
2018,4,24,12,30,204,800,939,0.27,164,2.7,36
2018,4,24,13,30,131,905,900,0.27,172,2.8000000000000003,35.300000000000004
2018,4,24,14,30,188,728,721,0.27,184,2.9000000000000004,33.9
2018,4,24,15,30,278,326,465,0.27,197,2.8000000000000003,32.2
2018,4,24,16,30,116,386,264,0.28,214,2.4000000000000004,30.200000000000003
2018,4,24,17,30,81,28,86,0.28,235,1.8,27.3
2018,4,24,18,30,1,0,1,0.28,254,1.5,24.5
2018,4,24,19,30,0,0,0,0.28,268,1.5,22.6
2018,4,24,20,30,0,0,0,0.28,277,1.3,21.3
2018,4,24,21,30,0,0,0,0.28,284,1.3,20.400000000000002
2018,4,24,22,30,0,0,0,0.28,287,1.2000000000000002,19.8
2018,4,24,23,30,0,0,0,0.28,291,1.2000000000000002,19.6
2018,4,25,0,30,0,0,0,0.28,296,1.2000000000000002,19.400000000000002
2018,4,25,1,30,0,0,0,0.28,301,1.1,19.3
2018,4,25,2,30,0,0,0,0.28,304,1.1,19.1
2018,4,25,3,30,0,0,0,0.28,305,1,18.900000000000002
2018,4,25,4,30,0,0,0,0.28,310,1,19.200000000000003
2018,4,25,5,30,32,220,50,0.28,318,1,21.5
2018,4,25,6,30,74,588,244,0.28,336,1.2000000000000002,25.3
2018,4,25,7,30,98,754,467,0.28,180,1,28.6
2018,4,25,8,30,118,835,672,0.28,42,0.9,31.400000000000002
2018,4,25,9,30,129,885,839,0.28,96,1.3,33.5
2018,4,25,10,30,129,922,954,0.28,128,1.9000000000000001,34.9
2018,4,25,11,30,130,935,1004,0.28,142,2.3000000000000003,35.800000000000004
2018,4,25,12,30,132,926,984,0.28,149,2.5,36.2
2018,4,25,13,30,141,885,895,0.28,153,2.6,36.1
2018,4,25,14,30,131,846,752,0.28,158,2.6,35.4
2018,4,25,15,30,147,701,550,0.28,167,2.6,34.1
2018,4,25,16,30,170,386,319,0.28,186,2.3000000000000003,31.900000000000002
2018,4,25,17,30,85,214,124,0.28,218,1.9000000000000001,28.3
2018,4,25,18,30,2,0,2,0.28,249,1.8,24.700000000000003
2018,4,25,19,30,0,0,0,0.28,269,2,22.5
2018,4,25,20,30,0,0,0,0.28,281,2.2,21.1
2018,4,25,21,30,0,0,0,0.28,287,2.2,20.1
2018,4,25,22,30,0,0,0,0.28,288,2.2,19.5
2018,4,25,23,30,0,0,0,0.28,289,2.1,19.1
2018,4,26,0,30,0,0,0,0.28,292,1.9000000000000001,18.7
2018,4,26,1,30,0,0,0,0.28,294,1.6,18.3
2018,4,26,2,30,0,0,0,0.28,296,1.4000000000000001,18
2018,4,26,3,30,0,0,0,0.28,299,1.2000000000000002,17.900000000000002
2018,4,26,4,30,0,0,0,0.28,300,1.1,18.400000000000002
2018,4,26,5,30,33,216,51,0.28,300,1.2000000000000002,20.5
2018,4,26,6,30,101,343,202,0.28,307,1.3,23.8
2018,4,26,7,30,109,724,465,0.28,192,1.1,26.700000000000003
2018,4,26,8,30,131,808,669,0.28,96,1.1,29
2018,4,26,9,30,141,864,836,0.28,128,1.6,30.900000000000002
2018,4,26,10,30,144,898,949,0.28,141,2,32.4
2018,4,26,11,30,151,903,997,0.28,152,2.3000000000000003,33.1
2018,4,26,12,30,154,894,979,0.28,164,2.4000000000000004,33.2
2018,4,26,13,30,149,871,893,0.28,179,2.4000000000000004,32.5
2018,4,26,14,30,141,827,750,0.28,198,2.5,31.400000000000002
2018,4,26,15,30,124,756,561,0.28,221,2.6,29.900000000000002
2018,4,26,16,30,99,633,345,0.28,244,2.5,27.8
2018,4,26,17,30,61,389,132,0.28,261,2.5,25.1
2018,4,26,18,30,2,7,2,0.28,270,2.9000000000000004,22.700000000000003
2018,4,26,19,30,0,0,0,0.28,277,3.1,20.8
2018,4,26,20,30,0,0,0,0.28,281,3,19.5
2018,4,26,21,30,0,0,0,0.28,282,2.9000000000000004,18.5
2018,4,26,22,30,0,0,0,0.28,282,2.8000000000000003,17.8
2018,4,26,23,30,0,0,0,0.28,282,2.8000000000000003,17.2
2018,4,27,0,30,0,0,0,0.28,282,2.7,16.6
2018,4,27,1,30,0,0,0,0.28,284,2.5,16
2018,4,27,2,30,0,0,0,0.28,285,2.4000000000000004,15.5
2018,4,27,3,30,0,0,0,0.28,287,2.2,15
2018,4,27,4,30,0,0,0,0.28,287,2.2,15.100000000000001
2018,4,27,5,30,33,249,55,0.28,287,2.6,17.1
2018,4,27,6,30,73,615,255,0.28,287,2.8000000000000003,20.700000000000003
2018,4,27,7,30,96,778,481,0.28,282,2.5,24.6
2018,4,27,8,30,111,865,690,0.28,260,2.2,28.1
2018,4,27,9,30,122,914,859,0.28,235,2.4000000000000004,30.700000000000003
2018,4,27,10,30,127,942,974,0.28,227,2.9000000000000004,32.5
2018,4,27,11,30,130,951,1023,0.28,227,3.4000000000000004,33.4
2018,4,27,12,30,131,948,1007,0.28,230,3.8000000000000003,33.6
2018,4,27,13,30,129,928,923,0.28,234,4.2,33.300000000000004
2018,4,27,14,30,121,887,776,0.28,241,4.5,32.1
2018,4,27,15,30,111,818,585,0.28,249,4.6000000000000005,30.200000000000003
2018,4,27,16,30,92,688,361,0.28,257,4.6000000000000005,27.3
2018,4,27,17,30,60,430,140,0.28,267,4.1000000000000005,23.6
2018,4,27,18,30,2,8,2,0.28,275,3.6,20
2018,4,27,19,30,0,0,0,0.28,280,3.4000000000000004,17.8
2018,4,27,20,30,0,0,0,0.28,282,3.1,16.7
2018,4,27,21,30,0,0,0,0.28,283,2.8000000000000003,16
2018,4,27,22,30,0,0,0,0.28,285,2.6,15.4
2018,4,27,23,30,0,0,0,0.28,287,2.4000000000000004,14.9
2018,4,28,0,30,0,0,0,0.28,287,2.3000000000000003,14.4
2018,4,28,1,30,0,0,0,0.28,285,2.2,13.9
2018,4,28,2,30,0,0,0,0.28,283,2.2,13.5
2018,4,28,3,30,0,0,0,0.28,282,2.2,13.100000000000001
2018,4,28,4,30,0,0,0,0.28,280,2.4000000000000004,13.100000000000001
2018,4,28,5,30,38,194,56,0.28,278,3,14.600000000000001
2018,4,28,6,30,87,578,260,0.28,277,3.8000000000000003,17.7
2018,4,28,7,30,112,754,487,0.28,279,4,21
2018,4,28,8,30,127,848,697,0.28,277,3.8000000000000003,24.1
2018,4,28,9,30,139,895,863,0.28,271,3.6,26.700000000000003
2018,4,28,10,30,147,916,972,0.28,267,3.8000000000000003,28.6
2018,4,28,11,30,152,921,1018,0.28,266,4.2,29.6
2018,4,28,12,30,150,914,996,0.28,266,4.5,29.900000000000002
2018,4,28,13,30,142,896,910,0.28,265,4.7,29.700000000000003
2018,4,28,14,30,130,859,766,0.28,266,5,28.700000000000003
2018,4,28,15,30,114,797,577,0.28,268,5.1000000000000005,27
2018,4,28,16,30,92,685,361,0.28,270,5.1000000000000005,24.5
2018,4,28,17,30,58,446,142,0.28,272,4.7,21.400000000000002
2018,4,28,18,30,4,16,4,0.28,271,4.2,18.400000000000002
2018,4,28,19,30,0,0,0,0.28,272,3.9000000000000004,16.5
2018,4,28,20,30,0,0,0,0.28,274,3.7,15.5
2018,4,28,21,30,0,0,0,0.28,277,3.3000000000000003,14.9
2018,4,28,22,30,0,0,0,0.28,280,3,14.3
2018,4,28,23,30,0,0,0,0.28,282,2.8000000000000003,13.9
2018,4,29,0,30,0,0,0,0.28,282,2.7,13.5
2018,4,29,1,30,0,0,0,0.28,280,2.8000000000000003,13.200000000000001
2018,4,29,2,30,0,0,0,0.28,278,2.8000000000000003,13
2018,4,29,3,30,0,0,0,0.28,277,3,12.700000000000001
2018,4,29,4,30,0,0,0,0.28,276,3.2,12.700000000000001
2018,4,29,5,30,49,15,50,0.28,271,3.6,13.600000000000001
2018,4,29,6,30,145,175,198,0.28,270,4.2,15.8
2018,4,29,7,30,116,732,483,0.28,273,4.4,18.400000000000002
2018,4,29,8,30,132,829,691,0.28,270,4.3,21
2018,4,29,9,30,137,890,859,0.28,265,4.1000000000000005,23.5
2018,4,29,10,30,139,922,972,0.28,263,4.5,25.3
2018,4,29,11,30,141,929,1017,0.28,264,5,26.1
2018,4,29,12,30,141,923,997,0.28,264,5.5,26.200000000000003
2018,4,29,13,30,134,903,910,0.28,264,5.800000000000001,25.900000000000002
2018,4,29,14,30,122,868,766,0.28,264,6.1000000000000005,25.1
2018,4,29,15,30,132,749,569,0.28,265,6.1000000000000005,23.6
2018,4,29,16,30,91,682,360,0.28,267,5.9,21.700000000000003
2018,4,29,17,30,60,433,142,0.28,269,5.2,19.3
2018,4,29,18,30,4,16,4,0.28,269,4.7,17.2
2018,4,29,19,30,0,0,0,0.28,269,4.6000000000000005,15.9
2018,4,29,20,30,0,0,0,0.28,269,4.6000000000000005,15.100000000000001
2018,4,29,21,30,0,0,0,0.28,271,4.6000000000000005,14.5
2018,4,29,22,30,0,0,0,0.28,274,4.6000000000000005,14.100000000000001
2018,4,29,23,30,0,0,0,0.28,278,4.5,13.8
2018,4,30,0,30,0,0,0,0.28,280,4.3,13.600000000000001
2018,4,30,1,30,0,0,0,0.28,283,3.9000000000000004,13.3
2018,4,30,2,30,0,0,0,0.28,284,3.5,13
2018,4,30,3,30,0,0,0,0.28,284,3.1,12.8
2018,4,30,4,30,0,0,0,0.28,284,3,12.8
2018,4,30,5,30,50,14,51,0.28,285,3.4000000000000004,13.700000000000001
2018,4,30,6,30,148,234,220,0.28,289,3.6,15.600000000000001
2018,4,30,7,30,124,688,470,0.28,302,3.2,18.2
2018,4,30,8,30,296,391,561,0.28,314,2.6,20.8
2018,4,30,9,30,320,463,697,0.28,316,2.2,23.200000000000003
2018,4,30,10,30,363,460,779,0.28,308,2.1,24.8
2018,4,30,11,30,327,535,832,0.28,296,2.4000000000000004,25.400000000000002
2018,4,30,12,30,377,478,821,0.28,284,2.7,25.3
2018,4,30,13,30,447,182,604,0.28,270,3.1,24.700000000000003
2018,4,30,14,30,346,291,562,0.28,260,3.8000000000000003,23.900000000000002
2018,4,30,15,30,227,417,471,0.28,258,4.4,22.400000000000002
2018,4,30,16,30,127,0,127,0.28,334,4.4,21.1
2018,4,30,17,30,88,3,88,0.28,331,3.2,19.5
2018,4,30,18,30,0,0,0,0.28,327,1.8,17.6
2018,4,30,19,30,0,0,0,0.28,324,1.3,16.3
2018,4,30,20,30,0,0,0,0.28,319,1.2000000000000002,15.700000000000001
2018,4,30,21,30,0,0,0,0.28,315,1.3,15.200000000000001
2018,4,30,22,30,0,0,0,0.28,316,1.2000000000000002,14.8
2018,4,30,23,30,0,0,0,0.28,319,1.2000000000000002,14.3
2016,5,1,0,30,0,0,0,0.28,319,1.2000000000000002,13.9
2016,5,1,1,30,0,0,0,0.28,318,1.3,13.4
2016,5,1,2,30,0,0,0,0.28,317,1.3,13
2016,5,1,3,30,0,0,0,0.28,316,1.4000000000000001,12.600000000000001
2016,5,1,4,30,0,0,0,0.28,324,1.4000000000000001,12.8
2016,5,1,5,30,44,1,44,0.28,337,1.9000000000000001,15.3
2016,5,1,6,30,158,279,245,0.28,181,2.5,19.1
2016,5,1,7,30,111,717,475,0.28,30,2.7,22.3
2016,5,1,8,30,130,804,677,0.28,49,2.5,24.400000000000002
2016,5,1,9,30,143,850,837,0.28,63,2.2,26.1
2016,5,1,10,30,132,904,952,0.28,73,1.9000000000000001,27.200000000000003
2016,5,1,11,30,139,906,996,0.28,81,1.5,27.8
2016,5,1,12,30,142,894,975,0.28,89,1.3,27.900000000000002
2016,5,1,13,30,378,333,666,0.28,100,1.3,27.700000000000003
2016,5,1,14,30,40,0,40,0.28,120,1.2000000000000002,27
2016,5,1,15,30,212,550,535,0.28,151,1,26.200000000000003
2016,5,1,16,30,177,9,181,0.28,184,0.9,25.3
2016,5,1,17,30,59,423,142,0.28,204,0.8,23.6
2016,5,1,18,30,0,0,0,0.28,216,0.8,21.400000000000002
2016,5,1,19,30,0,0,0,0.28,228,0.9,19.8
2016,5,1,20,30,0,0,0,0.28,241,0.9,18.7
2016,5,1,21,30,0,0,0,0.28,251,0.8,17.900000000000002
2016,5,1,22,30,0,0,0,0.28,255,0.8,17.5
2016,5,1,23,30,0,0,0,0.28,254,0.7000000000000001,17.3
2016,5,2,0,30,0,0,0,0.28,256,0.7000000000000001,17.3
2016,5,2,1,30,0,0,0,0.28,266,0.6000000000000001,17.3
2016,5,2,2,30,0,0,0,0.28,283,0.6000000000000001,17.2
2016,5,2,3,30,0,0,0,0.28,305,0.7000000000000001,17
2016,5,2,4,30,0,0,0,0.28,324,0.7000000000000001,17.2
2016,5,2,5,30,35,295,67,0.28,341,0.9,19.1
2016,5,2,6,30,75,612,267,0.28,230,1.2000000000000002,22.8
2016,5,2,7,30,99,754,484,0.28,112,1.7000000000000002,25.8
2016,5,2,8,30,118,829,684,0.28,113,2.1,27.5
2016,5,2,9,30,133,868,844,0.28,112,2.3000000000000003,28.8
2016,5,2,10,30,132,905,956,0.28,110,2.3000000000000003,29.700000000000003
2016,5,2,11,30,373,603,945,0.28,106,2.2,30.400000000000002
2016,5,2,12,30,306,687,947,0.28,100,2.1,30.8
2016,5,2,13,30,309,660,879,0.28,93,1.9000000000000001,30.8
2016,5,2,14,30,303,594,746,0.28,88,1.8,30.400000000000002
2016,5,2,15,30,295,350,501,0.28,85,1.6,29.6
2016,5,2,16,30,97,638,353,0.28,83,1.4000000000000001,28.3
2016,5,2,17,30,63,400,142,0.28,84,1,26.200000000000003
2016,5,2,18,30,0,0,0,0.28,81,0.6000000000000001,24.1
2016,5,2,19,30,0,0,0,0.28,67,0.6000000000000001,22.900000000000002
2016,5,2,20,30,0,0,0,0.28,51,0.7000000000000001,21.900000000000002
2016,5,2,21,30,0,0,0,0.28,39,1,20.900000000000002
2016,5,2,22,30,0,0,0,0.28,29,1.1,20.200000000000003
2016,5,2,23,30,0,0,0,0.28,20,1.1,19.700000000000003
2016,5,3,0,30,0,0,0,0.28,13,1.2000000000000002,19.200000000000003
2016,5,3,1,30,0,0,0,0.28,11,1.3,18.7
2016,5,3,2,30,0,0,0,0.28,14,1.3,18.1
2016,5,3,3,30,0,0,0,0.28,18,1.4000000000000001,17.6
2016,5,3,4,30,0,0,0,0.28,20,1.3,17.8
2016,5,3,5,30,38,267,68,0.28,20,1.5,20.5
2016,5,3,6,30,80,597,269,0.28,33,2.3000000000000003,24.900000000000002
2016,5,3,7,30,104,755,491,0.28,54,2.8000000000000003,27.900000000000002
2016,5,3,8,30,120,840,695,0.28,67,2.9000000000000004,29.700000000000003
2016,5,3,9,30,128,889,858,0.28,76,2.8000000000000003,31.1
2016,5,3,10,30,130,922,970,0.28,82,2.6,32.300000000000004
2016,5,3,11,30,131,933,1018,0.28,86,2.5,33.2
2016,5,3,12,30,131,925,996,0.28,88,2.3000000000000003,33.6
2016,5,3,13,30,282,715,901,0.28,90,2.1,33.7
2016,5,3,14,30,321,567,745,0.28,92,1.9000000000000001,33.300000000000004
2016,5,3,15,30,211,568,547,0.28,93,1.9000000000000001,32.300000000000004
2016,5,3,16,30,147,472,338,0.28,92,1.7000000000000002,30.6
2016,5,3,17,30,110,53,121,0.28,91,1.2000000000000002,27.6
2016,5,3,18,30,0,0,0,0.28,93,0.9,24.900000000000002
2016,5,3,19,30,0,0,0,0.28,104,0.8,23.8
2016,5,3,20,30,0,0,0,0.28,134,0.6000000000000001,22.900000000000002
2016,5,3,21,30,0,0,0,0.28,179,0.6000000000000001,22
2016,5,3,22,30,0,0,0,0.28,218,0.7000000000000001,21.200000000000003
2016,5,3,23,30,0,0,0,0.28,246,0.7000000000000001,20.400000000000002
2016,5,4,0,30,0,0,0,0.28,264,0.7000000000000001,20.1
2016,5,4,1,30,0,0,0,0.28,274,0.7000000000000001,20.5
2016,5,4,2,30,0,0,0,0.28,265,0.5,21.200000000000003
2016,5,4,3,30,0,0,0,0.28,185,0.4,21.6
2016,5,4,4,30,0,0,0,0.28,116,0.6000000000000001,21.6
2016,5,4,5,30,56,8,57,0.28,120,0.9,22.900000000000002
2016,5,4,6,30,78,620,275,0.28,130,1.7000000000000002,26
2016,5,4,7,30,263,334,435,0.28,142,3,28.900000000000002
2016,5,4,8,30,119,845,700,0.28,151,3.9000000000000004,30.8
2016,5,4,9,30,378,523,809,0.28,157,4.4,32.2
2016,5,4,10,30,128,929,977,0.28,161,4.7,33.2
2016,5,4,11,30,302,722,989,0.28,164,4.9,33.800000000000004
2016,5,4,12,30,279,744,976,0.28,166,5,34.1
2016,5,4,13,30,135,903,919,0.28,167,5,33.800000000000004
2016,5,4,14,30,308,618,772,0.28,170,4.800000000000001,32.9
2016,5,4,15,30,119,776,580,0.28,175,4.5,31.3
2016,5,4,16,30,226,186,302,0.28,184,3.8000000000000003,29.1
2016,5,4,17,30,109,131,135,0.28,204,2.6,25.700000000000003
2016,5,4,18,30,0,0,0,0.28,231,2,22.3
2016,5,4,19,30,0,0,0,0.28,252,2,20.200000000000003
2016,5,4,20,30,0,0,0,0.28,264,2.2,18.8
2016,5,4,21,30,0,0,0,0.28,271,2.5,17.8
2016,5,4,22,30,0,0,0,0.28,276,2.8000000000000003,16.900000000000002
2016,5,4,23,30,0,0,0,0.28,279,2.9000000000000004,16.1
2016,5,5,0,30,0,0,0,0.28,280,2.7,15.3
2016,5,5,1,30,0,0,0,0.28,280,2.6,14.8
2016,5,5,2,30,0,0,0,0.28,279,2.4000000000000004,14.3
2016,5,5,3,30,0,0,0,0.28,278,2.1,13.8
2016,5,5,4,30,0,0,0,0.28,278,2.2,13.8
2016,5,5,5,30,39,308,75,0.28,276,2.6,15
2016,5,5,6,30,79,619,279,0.28,270,2.7,17.3
2016,5,5,7,30,216,455,452,0.28,229,2.3000000000000003,20.3
2016,5,5,8,30,372,323,595,0.28,184,2.4000000000000004,23.1
2016,5,5,9,30,129,891,864,0.28,177,3,25.1
2016,5,5,10,30,133,916,971,0.28,184,3.7,26.6
2016,5,5,11,30,137,920,1014,0.28,194,4.3,27.1
2016,5,5,12,30,140,908,992,0.28,205,4.9,26.6
2016,5,5,13,30,308,675,894,0.28,217,5.2,25.6
2016,5,5,14,30,132,840,764,0.28,227,5.2,24.400000000000002
2016,5,5,15,30,114,784,581,0.28,235,5,22.900000000000002
2016,5,5,16,30,229,158,294,0.28,243,4.7,21.1
2016,5,5,17,30,59,457,153,0.28,252,4.2,18.900000000000002
2016,5,5,18,30,0,0,0,0.28,262,3.9000000000000004,17
2016,5,5,19,30,0,0,0,0.28,268,3.8000000000000003,15.9
2016,5,5,20,30,0,0,0,0.28,271,3.6,15.3
2016,5,5,21,30,0,0,0,0.28,270,3.4000000000000004,15
2016,5,5,22,30,0,0,0,0.28,268,3.2,14.8
2016,5,5,23,30,0,0,0,0.28,267,3,14.5
2016,5,6,0,30,0,0,0,0.28,268,2.8000000000000003,14.200000000000001
2016,5,6,1,30,0,0,0,0.28,270,2.5,13.9
2016,5,6,2,30,0,0,0,0.28,272,2,13.5
2016,5,6,3,30,0,0,0,0.28,268,1.6,13.200000000000001
2016,5,6,4,30,0,0,0,0.28,262,1.6,13.4
2016,5,6,5,30,52,1,52,0.28,260,2.1,14.4
2016,5,6,6,30,137,391,264,0.28,256,2.3000000000000003,15.9
2016,5,6,7,30,223,350,405,0.28,236,2,17.400000000000002
2016,5,6,8,30,128,807,686,0.28,211,2,18.6
2016,5,6,9,30,385,142,503,0.28,202,2.3000000000000003,19.3
2016,5,6,10,30,399,31,428,0.28,204,2.6,19.5
2016,5,6,11,30,391,383,757,0.28,211,2.9000000000000004,19.400000000000002
2016,5,6,12,30,504,247,736,0.28,220,3,19.200000000000003
2016,5,6,13,30,421,42,457,0.28,230,3.2,18.900000000000002
2016,5,6,14,30,316,20,331,0.28,239,3.2,18.6
2016,5,6,15,30,269,41,293,0.28,247,3.3000000000000003,18.1
2016,5,6,16,30,184,55,207,0.28,254,3.2,17.400000000000002
2016,5,6,17,30,104,130,131,0.28,259,2.9000000000000004,16.400000000000002
2016,5,6,18,30,0,0,0,0.28,263,2.6,15.5
2016,5,6,19,30,0,0,0,0.28,266,2.4000000000000004,14.9
2016,5,6,20,30,0,0,0,0.28,270,2.2,14.4
2016,5,6,21,30,0,0,0,0.28,273,2,13.9
2016,5,6,22,30,0,0,0,0.28,273,1.8,13.600000000000001
2016,5,6,23,30,0,0,0,0.28,269,1.6,13.200000000000001
2016,5,7,0,30,0,0,0,0.28,265,1.5,12.9
2016,5,7,1,30,0,0,0,0.28,259,1.6,12.8
2016,5,7,2,30,0,0,0,0.28,257,1.5,12.600000000000001
2016,5,7,3,30,0,0,0,0.28,255,1.5,12.3
2016,5,7,4,30,0,0,0,0.28,254,1.7000000000000002,12.600000000000001
2016,5,7,5,30,37,351,80,0.28,257,2.4000000000000004,13.8
2016,5,7,6,30,71,652,284,0.28,260,2.7,15.700000000000001
2016,5,7,7,30,89,793,503,0.28,252,2.2,18
2016,5,7,8,30,101,871,705,0.28,232,2,20.200000000000003
2016,5,7,9,30,477,238,673,0.28,210,2.2,22.200000000000003
2016,5,7,10,30,112,943,977,0.28,200,2.6,23.6
2016,5,7,11,30,114,951,1024,0.28,200,2.7,24.5
2016,5,7,12,30,271,738,965,0.28,204,2.7,24.900000000000002
2016,5,7,13,30,125,903,912,0.28,211,2.7,24.700000000000003
2016,5,7,14,30,292,627,766,0.28,222,2.7,23.900000000000002
2016,5,7,15,30,260,536,581,0.28,236,2.7,22.700000000000003
2016,5,7,16,30,93,666,368,0.28,250,2.8000000000000003,21.200000000000003
2016,5,7,17,30,112,28,118,0.28,261,2.6,19.6
2016,5,7,18,30,0,0,0,0.28,269,2.3000000000000003,18.1
2016,5,7,19,30,0,0,0,0.28,277,2.3000000000000003,17.1
2016,5,7,20,30,0,0,0,0.28,286,2.3000000000000003,16.3
2016,5,7,21,30,0,0,0,0.28,292,2.4000000000000004,15.600000000000001
2016,5,7,22,30,0,0,0,0.28,294,2.4000000000000004,15
2016,5,7,23,30,0,0,0,0.28,293,2.5,14.4
2016,5,8,0,30,0,0,0,0.28,291,2.5,14
2016,5,8,1,30,0,0,0,0.28,288,2.4000000000000004,13.700000000000001
2016,5,8,2,30,0,0,0,0.28,287,2.3000000000000003,13.4
2016,5,8,3,30,0,0,0,0.28,287,2.2,13.3
2016,5,8,4,30,0,0,0,0.28,287,2.3000000000000003,13.3
2016,5,8,5,30,47,222,75,0.28,290,2.5,14.3
2016,5,8,6,30,98,531,272,0.28,292,2.3000000000000003,16.5
2016,5,8,7,30,125,693,488,0.28,245,1.5,19.5
2016,5,8,8,30,139,790,688,0.28,182,1.4000000000000001,22.5
2016,5,8,9,30,448,338,728,0.28,174,2,24.6
2016,5,8,10,30,446,456,865,0.28,188,2.3000000000000003,25.700000000000003
2016,5,8,11,30,166,867,996,0.28,204,2.5,26.3
2016,5,8,12,30,317,666,945,0.28,217,2.7,26.200000000000003
2016,5,8,13,30,322,637,878,0.28,230,2.9000000000000004,25.5
2016,5,8,14,30,150,791,749,0.28,244,3.2,24.8
2016,5,8,15,30,130,730,568,0.28,256,3.5,24.1
2016,5,8,16,30,112,593,358,0.28,265,3.7,22.8
2016,5,8,17,30,73,368,150,0.28,270,3.3000000000000003,20.900000000000002
2016,5,8,18,30,0,0,0,0.28,275,3,19
2016,5,8,19,30,0,0,0,0.28,281,2.9000000000000004,17.7
2016,5,8,20,30,0,0,0,0.28,283,2.9000000000000004,16.8
2016,5,8,21,30,0,0,0,0.28,282,2.7,16.2
2016,5,8,22,30,0,0,0,0.28,281,2.6,15.8
2016,5,8,23,30,0,0,0,0.28,282,2.5,15.5
2016,5,9,0,30,0,0,0,0.28,282,2.2,15.200000000000001
2016,5,9,1,30,0,0,0,0.28,282,1.9000000000000001,15
2016,5,9,2,30,0,0,0,0.28,281,1.6,14.700000000000001
2016,5,9,3,30,0,0,0,0.28,279,1.4000000000000001,14.5
2016,5,9,4,30,0,0,0,0.28,275,1.3,14.8
2016,5,9,5,30,48,230,77,0.28,265,1.4000000000000001,16.3
2016,5,9,6,30,96,532,272,0.28,214,1.5,18.8
2016,5,9,7,30,123,695,489,0.28,166,1.7000000000000002,21.5
2016,5,9,8,30,134,796,689,0.28,160,2.1,24.200000000000003
2016,5,9,9,30,138,861,854,0.28,159,2.4000000000000004,26.700000000000003
2016,5,9,10,30,127,913,967,0.28,160,2.6,28.6
2016,5,9,11,30,129,926,1016,0.28,164,2.8000000000000003,29.900000000000002
2016,5,9,12,30,276,730,964,0.28,171,2.9000000000000004,30.700000000000003
2016,5,9,13,30,120,910,916,0.28,183,3,30.8
2016,5,9,14,30,112,876,776,0.28,197,3.1,30.3
2016,5,9,15,30,100,812,589,0.28,213,3.1,29.200000000000003
2016,5,9,16,30,84,705,377,0.28,227,3.1,27.5
2016,5,9,17,30,57,493,163,0.28,238,2.7,24.700000000000003
2016,5,9,18,30,0,0,0,0.28,247,2.1,21.8
2016,5,9,19,30,0,0,0,0.28,256,2,20
2016,5,9,20,30,0,0,0,0.28,265,1.9000000000000001,19
2016,5,9,21,30,0,0,0,0.28,272,1.8,18.400000000000002
2016,5,9,22,30,0,0,0,0.28,278,1.7000000000000002,17.900000000000002
2016,5,9,23,30,0,0,0,0.28,282,1.7000000000000002,17.5
2016,5,10,0,30,0,0,0,0.28,283,1.7000000000000002,17
2016,5,10,1,30,0,0,0,0.28,282,1.6,16.7
2016,5,10,2,30,0,0,0,0.28,281,1.6,16.3
2016,5,10,3,30,0,0,0,0.28,280,1.5,16
2016,5,10,4,30,0,0,0,0.28,280,1.8,16.2
2016,5,10,5,30,50,236,80,0.28,281,2.1,17.6
2016,5,10,6,30,97,542,278,0.28,252,1.6,20.400000000000002
2016,5,10,7,30,277,310,441,0.28,176,1.3,23.700000000000003
2016,5,10,8,30,139,796,695,0.28,132,1.7000000000000002,26.6
2016,5,10,9,30,143,856,856,0.28,137,2.1,29
2016,5,10,10,30,123,922,973,0.28,146,2.5,30.900000000000002
2016,5,10,11,30,126,931,1021,0.28,154,2.8000000000000003,32.2
2016,5,10,12,30,273,735,967,0.28,164,3,32.9
2016,5,10,13,30,120,909,917,0.28,175,3,33
2016,5,10,14,30,113,873,777,0.28,188,3,32.5
2016,5,10,15,30,102,811,592,0.28,204,3,31.400000000000002
2016,5,10,16,30,85,707,381,0.28,220,3,29.5
2016,5,10,17,30,57,502,166,0.28,237,2.4000000000000004,26.400000000000002
2016,5,10,18,30,0,0,0,0.28,253,1.9000000000000001,23.1
2016,5,10,19,30,0,0,0,0.28,265,1.8,21.200000000000003
2016,5,10,20,30,0,0,0,0.28,273,1.7000000000000002,20.200000000000003
2016,5,10,21,30,0,0,0,0.28,279,1.6,19.5
2016,5,10,22,30,0,0,0,0.28,283,1.5,18.7
2016,5,10,23,30,0,0,0,0.28,287,1.3,18.1
2016,5,11,0,30,0,0,0,0.28,295,1.1,17.7
2016,5,11,1,30,0,0,0,0.28,305,0.9,17.5
2016,5,11,2,30,0,0,0,0.28,315,0.9,17.400000000000002
2016,5,11,3,30,0,0,0,0.28,328,1,17.400000000000002
2016,5,11,4,30,0,0,0,0.28,341,1,18
2016,5,11,5,30,48,263,83,0.28,353,1.5,20.1
2016,5,11,6,30,94,557,282,0.28,190,2.2,23.400000000000002
2016,5,11,7,30,279,305,441,0.28,39,2.5,27
2016,5,11,8,30,135,802,697,0.28,67,2.9000000000000004,29.900000000000002
2016,5,11,9,30,145,855,858,0.28,84,3.1,32
2016,5,11,10,30,137,903,971,0.28,92,3.2,33.6
2016,5,11,11,30,139,911,1015,0.28,95,3,34.7
2016,5,11,12,30,138,907,996,0.28,96,2.7,35.300000000000004
2016,5,11,13,30,147,864,905,0.28,94,2.5,35.5
2016,5,11,14,30,140,821,765,0.28,92,2.3000000000000003,35.1
2016,5,11,15,30,284,484,577,0.28,90,2.1,34.300000000000004
2016,5,11,16,30,105,631,370,0.28,88,1.9000000000000001,32.7
2016,5,11,17,30,114,133,143,0.28,88,1.3,29.8
2016,5,11,18,30,8,25,9,0.28,87,0.7000000000000001,27
2016,5,11,19,30,0,0,0,0.28,79,0.7000000000000001,25.700000000000003
2016,5,11,20,30,0,0,0,0.28,71,0.9,25
2016,5,11,21,30,0,0,0,0.28,64,1,24.400000000000002
2016,5,11,22,30,0,0,0,0.28,53,1.1,24
2016,5,11,23,30,0,0,0,0.28,40,1.1,23.700000000000003
2016,5,12,0,30,0,0,0,0.28,24,1.1,23.3
2016,5,12,1,30,0,0,0,0.28,11,1.1,22.900000000000002
2016,5,12,2,30,0,0,0,0.28,7,1.2000000000000002,22.400000000000002
2016,5,12,3,30,0,0,0,0.28,8,1.2000000000000002,22
2016,5,12,4,30,0,0,0,0.28,13,1.2000000000000002,22.1
2016,5,12,5,30,45,313,87,0.28,21,1.2000000000000002,24.5
2016,5,12,6,30,85,607,290,0.28,42,1.7000000000000002,28.400000000000002
2016,5,12,7,30,110,753,511,0.28,74,2.3000000000000003,31.5
2016,5,12,8,30,126,835,712,0.28,97,2.5,33.7
2016,5,12,9,30,137,879,872,0.28,111,2.7,35.300000000000004
2016,5,12,10,30,129,927,986,0.28,121,2.8000000000000003,36.5
2016,5,12,11,30,130,938,1033,0.28,129,2.9000000000000004,37.4
2016,5,12,12,30,128,936,1014,0.28,135,2.9000000000000004,37.9
2016,5,12,13,30,118,924,930,0.28,139,2.9000000000000004,38
2016,5,12,14,30,110,891,789,0.28,143,2.8000000000000003,37.6
2016,5,12,15,30,278,476,567,0.28,147,2.7,36.6
2016,5,12,16,30,81,727,388,0.28,155,2.4000000000000004,34.800000000000004
2016,5,12,17,30,56,525,171,0.28,165,1.7000000000000002,31.1
2016,5,12,18,30,10,65,11,0.28,181,1.2000000000000002,27.400000000000002
2016,5,12,19,30,0,0,0,0.28,200,1,25.700000000000003
2016,5,12,20,30,0,0,0,0.28,218,0.9,24.900000000000002
2016,5,12,21,30,0,0,0,0.28,227,0.9,24.700000000000003
2016,5,12,22,30,0,0,0,0.28,230,0.8,24.6
2016,5,12,23,30,0,0,0,0.28,229,0.8,24.3
2016,5,13,0,30,0,0,0,0.28,227,0.8,24
2016,5,13,1,30,0,0,0,0.28,220,0.7000000000000001,23.900000000000002
2016,5,13,2,30,0,0,0,0.28,200,0.5,23.900000000000002
2016,5,13,3,30,0,0,0,0.28,165,0.6000000000000001,23.8
2016,5,13,4,30,0,0,0,0.28,140,0.8,24.1
2016,5,13,5,30,39,414,95,0.28,130,1,26.1
2016,5,13,6,30,70,691,305,0.28,131,1.7000000000000002,29.6
2016,5,13,7,30,89,821,527,0.28,137,2.6,32.300000000000004
2016,5,13,8,30,102,887,726,0.28,142,3.1,34.1
2016,5,13,9,30,392,499,810,0.28,148,3.5,35.5
2016,5,13,10,30,115,954,997,0.28,153,4,36.6
2016,5,13,11,30,117,958,1041,0.28,159,4.4,37.2
2016,5,13,12,30,118,950,1019,0.28,162,4.800000000000001,37.4
2016,5,13,13,30,122,915,927,0.28,166,4.800000000000001,37.1
2016,5,13,14,30,298,627,777,0.28,170,4.6000000000000005,36.300000000000004
2016,5,13,15,30,282,467,566,0.28,178,4.2,35
2016,5,13,16,30,150,465,348,0.28,188,3.5,33.1
2016,5,13,17,30,120,88,140,0.28,207,2.5,30
2016,5,13,18,30,8,0,8,0.28,228,1.8,26.700000000000003
2016,5,13,19,30,0,0,0,0.28,244,1.7000000000000002,24.6
2016,5,13,20,30,0,0,0,0.28,257,1.6,23.400000000000002
2016,5,13,21,30,0,0,0,0.28,264,1.5,22.400000000000002
2016,5,13,22,30,0,0,0,0.28,270,1.3,21.3
2016,5,13,23,30,0,0,0,0.28,275,1.1,20.1
2016,5,14,0,30,0,0,0,0.28,278,1.2000000000000002,19.400000000000002
2016,5,14,1,30,0,0,0,0.28,278,1.2000000000000002,19.1
2016,5,14,2,30,0,0,0,0.28,280,1.2000000000000002,18.8
2016,5,14,3,30,0,0,0,0.28,282,1.2000000000000002,18.400000000000002
2016,5,14,4,30,0,0,0,0.28,285,1.2000000000000002,18.8
2016,5,14,5,30,70,9,71,0.28,286,1.4000000000000001,20.700000000000003
2016,5,14,6,30,85,615,295,0.28,268,1.1,23.8
2016,5,14,7,30,286,259,425,0.28,196,1.3,27.700000000000003
2016,5,14,8,30,119,835,708,0.28,146,2.6,31.400000000000002
2016,5,14,9,30,127,885,868,0.28,152,3.7,33.5
2016,5,14,10,30,125,920,978,0.28,161,4.3,34.6
2016,5,14,11,30,125,934,1026,0.28,170,4.5,35.1
2016,5,14,12,30,272,740,974,0.28,180,4.4,35.1
2016,5,14,13,30,115,926,931,0.28,191,4.3,34.800000000000004
2016,5,14,14,30,280,664,788,0.28,206,4.2,33.800000000000004
2016,5,14,15,30,257,562,600,0.28,224,4.3,32
2016,5,14,16,30,223,235,323,0.28,243,4.3,29.5
2016,5,14,17,30,58,532,177,0.28,258,4.1000000000000005,26
2016,5,14,18,30,12,73,13,0.28,268,4.1000000000000005,22.6
2016,5,14,19,30,0,0,0,0.28,276,4.4,20.3
2016,5,14,20,30,0,0,0,0.28,282,4.4,18.900000000000002
2016,5,14,21,30,0,0,0,0.28,282,4.2,18.1
2016,5,14,22,30,0,0,0,0.28,281,3.9000000000000004,17.7
2016,5,14,23,30,0,0,0,0.28,282,3.7,17.400000000000002
2016,5,15,0,30,0,0,0,0.28,283,3.6,17.1
2016,5,15,1,30,0,0,0,0.28,282,3.6,16.900000000000002
2016,5,15,2,30,0,0,0,0.28,280,3.6,16.8
2016,5,15,3,30,0,0,0,0.28,278,3.5,16.6
2016,5,15,4,30,0,0,0,0.28,276,3.7,16.400000000000002
2016,5,15,5,30,51,280,90,0.28,277,4.3,17.3
2016,5,15,6,30,93,586,294,0.28,280,4.7,19.200000000000003
2016,5,15,7,30,288,293,445,0.28,283,4.3,21.8
2016,5,15,8,30,387,320,613,0.28,285,3.9000000000000004,24.5
2016,5,15,9,30,154,850,868,0.28,287,3.7,26.8
2016,5,15,10,30,147,896,979,0.28,287,3.8000000000000003,28.5
2016,5,15,11,30,459,493,935,0.28,286,4.1000000000000005,29.5
2016,5,15,12,30,150,897,1003,0.28,284,4.4,29.900000000000002
2016,5,15,13,30,149,872,918,0.28,282,4.6000000000000005,29.700000000000003
2016,5,15,14,30,138,836,779,0.28,279,4.9,28.900000000000002
2016,5,15,15,30,122,775,596,0.28,277,5.2,27.400000000000002
2016,5,15,16,30,211,404,383,0.28,276,5.300000000000001,25.400000000000002
2016,5,15,17,30,69,452,171,0.28,274,5.1000000000000005,22.8
2016,5,15,18,30,12,45,13,0.28,274,4.7,20.700000000000003
2016,5,15,19,30,0,0,0,0.28,276,4.4,19.5
2016,5,15,20,30,0,0,0,0.28,278,4.3,18.7
2016,5,15,21,30,0,0,0,0.28,279,4.2,18
2016,5,15,22,30,0,0,0,0.28,280,4.1000000000000005,17.3
2016,5,15,23,30,0,0,0,0.28,281,4,16.7
2016,5,16,0,30,0,0,0,0.28,281,3.8000000000000003,16.2
2016,5,16,1,30,0,0,0,0.28,280,3.8000000000000003,15.8
2016,5,16,2,30,0,0,0,0.28,283,3.8000000000000003,15.5
2016,5,16,3,30,0,0,0,0.28,286,3.6,15.200000000000001
2016,5,16,4,30,0,0,0,0.28,290,3.4000000000000004,15.4
2016,5,16,5,30,49,316,94,0.28,296,3.4000000000000004,16.7
2016,5,16,6,30,87,608,297,0.28,309,3.1,19.6
2016,5,16,7,30,276,326,452,0.28,162,2.3000000000000003,23.400000000000002
2016,5,16,8,30,126,826,710,0.28,28,1.7000000000000002,27
2016,5,16,9,30,135,874,870,0.28,57,1.3,29.700000000000003
2016,5,16,10,30,465,436,870,0.28,63,1.1,31.5
2016,5,16,11,30,143,912,1025,0.28,54,1.2000000000000002,32.800000000000004
2016,5,16,12,30,296,711,973,0.28,195,1.4000000000000001,33.300000000000004
2016,5,16,13,30,303,681,904,0.28,326,1.9000000000000001,33.300000000000004
2016,5,16,14,30,129,842,776,0.28,306,2.5,32.6
2016,5,16,15,30,115,776,591,0.28,301,3.1,31.200000000000003
2016,5,16,16,30,231,196,315,0.28,300,3.5,29.200000000000003
2016,5,16,17,30,67,440,168,0.28,297,3.2,26.3
2016,5,16,18,30,12,44,13,0.28,293,2.8000000000000003,23.700000000000003
2016,5,16,19,30,0,0,0,0.28,292,3.1,22.200000000000003
2016,5,16,20,30,0,0,0,0.28,292,3.3000000000000003,21.3
2016,5,16,21,30,0,0,0,0.28,292,3.3000000000000003,20.3
2016,5,16,22,30,0,0,0,0.28,293,3,19.3
2016,5,16,23,30,0,0,0,0.28,293,2.7,18.6
2016,5,17,0,30,0,0,0,0.28,295,2.5,18.1
2016,5,17,1,30,0,0,0,0.28,299,2.4000000000000004,17.7
2016,5,17,2,30,0,0,0,0.28,302,2.4000000000000004,17.6
2016,5,17,3,30,0,0,0,0.28,305,2.2,17.2
2016,5,17,4,30,0,0,0,0.28,308,2.3000000000000003,17.3
2016,5,17,5,30,45,343,94,0.28,318,2.9000000000000004,19
2016,5,17,6,30,80,619,295,0.28,337,3.4000000000000004,22
2016,5,17,7,30,266,332,446,0.28,177,3.5,25
2016,5,17,8,30,120,821,702,0.28,10,3.2,27.5
2016,5,17,9,30,132,861,857,0.28,17,2.8000000000000003,29.5
2016,5,17,10,30,298,685,934,0.28,16,2.6,30.8
2016,5,17,11,30,146,888,1006,0.28,8,2.7,31.3
2016,5,17,12,30,458,50,506,0.28,180,3.2,31.1
2016,5,17,13,30,187,1,187,0.28,354,3.6,30.3
2016,5,17,14,30,195,2,197,0.28,348,3.8000000000000003,29.3
2016,5,17,15,30,36,0,36,0.28,342,3.7,28.5
2016,5,17,16,30,32,0,32,0.28,335,3.6,27.5
2016,5,17,17,30,119,64,134,0.28,334,2.8000000000000003,25.6
2016,5,17,18,30,9,0,9,0.28,337,1.8,23.1
2016,5,17,19,30,0,0,0,0.28,336,1.3,21.200000000000003
2016,5,17,20,30,0,0,0,0.28,330,1.2000000000000002,20.1
2016,5,17,21,30,0,0,0,0.28,325,1.3,19.400000000000002
2016,5,17,22,30,0,0,0,0.28,323,1.2000000000000002,18.7
2016,5,17,23,30,0,0,0,0.28,322,1.1,18.2
2016,5,18,0,30,0,0,0,0.28,321,1,17.7
2016,5,18,1,30,0,0,0,0.28,319,0.9,17.400000000000002
2016,5,18,2,30,0,0,0,0.28,317,0.9,17.3
2016,5,18,3,30,0,0,0,0.28,317,1,17.1
2016,5,18,4,30,0,0,0,0.28,316,1,17.900000000000002
2016,5,18,5,30,64,2,65,0.28,316,1.4000000000000001,20.6
2016,5,18,6,30,72,655,301,0.28,333,1.9000000000000001,24.6
2016,5,18,7,30,90,785,515,0.28,352,2.3000000000000003,28
2016,5,18,8,30,102,857,710,0.28,355,2.7,30.3
2016,5,18,9,30,273,692,856,0.28,354,3,32.1
2016,5,18,10,30,415,504,884,0.28,353,3.3000000000000003,33.5
2016,5,18,11,30,123,929,1022,0.28,353,3.5,34.4
2016,5,18,12,30,403,544,922,0.28,353,3.6,34.9
2016,5,18,13,30,127,896,920,0.28,353,3.6,35
2016,5,18,14,30,386,384,682,0.28,352,3.5,34.5
2016,5,18,15,30,263,538,594,0.28,350,3.2,33.6
2016,5,18,16,30,87,700,390,0.28,346,2.8000000000000003,32.1
2016,5,18,17,30,120,18,124,0.28,338,1.9000000000000001,29.3
2016,5,18,18,30,11,0,11,0.28,320,1.2000000000000002,26.200000000000003
2016,5,18,19,30,0,0,0,0.28,300,1.1,24.3
2016,5,18,20,30,0,0,0,0.28,287,1,23.3
2016,5,18,21,30,0,0,0,0.28,280,1,22.5
2016,5,18,22,30,0,0,0,0.28,277,1,21.900000000000002
2016,5,18,23,30,0,0,0,0.28,277,1,21.400000000000002
2016,5,19,0,30,0,0,0,0.28,278,1,20.900000000000002
2016,5,19,1,30,0,0,0,0.28,281,1,20.200000000000003
2016,5,19,2,30,0,0,0,0.28,282,1,19.5
2016,5,19,3,30,0,0,0,0.28,284,1,19
2016,5,19,4,30,0,0,0,0.28,286,0.9,19.5
2016,5,19,5,30,43,380,100,0.28,287,1.2000000000000002,22
2016,5,19,6,30,75,646,301,0.28,266,1.3,25.8
2016,5,19,7,30,262,343,449,0.28,213,1.4000000000000001,29.5
2016,5,19,8,30,107,847,709,0.28,181,2.1,32
2016,5,19,9,30,116,890,867,0.28,185,2.8000000000000003,33.5
2016,5,19,10,30,120,915,972,0.28,193,3.5,34.5
2016,5,19,11,30,125,921,1018,0.28,203,4.2,34.9
2016,5,19,12,30,126,915,998,0.28,217,4.7,34.800000000000004
2016,5,19,13,30,122,899,919,0.28,230,5.2,34.300000000000004
2016,5,19,14,30,317,570,757,0.28,240,5.5,33.300000000000004
2016,5,19,15,30,255,574,610,0.28,246,5.5,31.700000000000003
2016,5,19,16,30,220,273,339,0.28,250,5.2,29.5
2016,5,19,17,30,57,564,189,0.28,251,4.4,26.700000000000003
2016,5,19,18,30,15,125,19,0.28,249,3.2,23.700000000000003
2016,5,19,19,30,0,0,0,0.28,248,2.8000000000000003,21.400000000000002
2016,5,19,20,30,0,0,0,0.28,254,3.1,19.8
2016,5,19,21,30,0,0,0,0.28,260,3.3000000000000003,18.400000000000002
2016,5,19,22,30,0,0,0,0.28,262,3.2,17.3
2016,5,19,23,30,0,0,0,0.28,260,3,16.5
2016,5,20,0,30,0,0,0,0.28,258,2.9000000000000004,15.8
2016,5,20,1,30,0,0,0,0.28,259,2.9000000000000004,15.3
2016,5,20,2,30,0,0,0,0.28,261,3.1,14.9
2016,5,20,3,30,0,0,0,0.28,264,3.4000000000000004,14.600000000000001
2016,5,20,4,30,0,0,0,0.28,264,3.8000000000000003,14.8
2016,5,20,5,30,76,26,80,0.28,260,4.2,16
2016,5,20,6,30,75,682,316,0.28,253,4.4,18.6
2016,5,20,7,30,270,354,463,0.28,243,4.6000000000000005,21.6
2016,5,20,8,30,101,888,734,0.28,235,4.9,24.200000000000003
2016,5,20,9,30,109,930,894,0.28,232,5.2,26
2016,5,20,10,30,114,953,1002,0.28,231,5.300000000000001,27.200000000000003
2016,5,20,11,30,115,959,1046,0.28,229,5.4,28.1
2016,5,20,12,30,114,959,1030,0.28,228,5.6000000000000005,28.5
2016,5,20,13,30,113,940,948,0.28,228,5.800000000000001,28.1
2016,5,20,14,30,276,683,805,0.28,230,5.9,27.1
2016,5,20,15,30,334,282,508,0.28,234,5.7,25.3
2016,5,20,16,30,197,456,395,0.28,241,5.4,23
2016,5,20,17,30,122,123,151,0.28,252,4.9,20.200000000000003
2016,5,20,18,30,15,138,21,0.28,261,4.4,17.5
2016,5,20,19,30,0,0,0,0.28,264,4.3,15.4
2016,5,20,20,30,0,0,0,0.28,263,4.3,14.200000000000001
2016,5,20,21,30,0,0,0,0.28,262,4.3,13.600000000000001
2016,5,20,22,30,0,0,0,0.28,262,4.3,13.3
2016,5,20,23,30,0,0,0,0.28,264,4,13
2016,5,21,0,30,0,0,0,0.28,266,3.8000000000000003,12.700000000000001
2016,5,21,1,30,0,0,0,0.28,269,3.6,12.3
2016,5,21,2,30,0,0,0,0.28,272,3.3000000000000003,12.100000000000001
2016,5,21,3,30,0,0,0,0.28,274,3,11.8
2016,5,21,4,30,0,0,0,0.28,275,3.1,12
2016,5,21,5,30,47,413,110,0.28,276,3.6,13.4
2016,5,21,6,30,75,704,324,0.28,276,3.7,15.600000000000001
2016,5,21,7,30,276,352,468,0.28,272,3.5,18.3
2016,5,21,8,30,97,919,752,0.28,262,3.3000000000000003,21
2016,5,21,9,30,104,958,914,0.28,250,3.3000000000000003,23.3
2016,5,21,10,30,110,973,1018,0.28,242,3.7,24.900000000000002
2016,5,21,11,30,112,981,1065,0.28,242,4.3,25.8
2016,5,21,12,30,111,974,1042,0.28,246,4.7,25.900000000000002
2016,5,21,13,30,106,960,960,0.28,250,5,25.5
2016,5,21,14,30,273,702,816,0.28,254,5.1000000000000005,24.6
2016,5,21,15,30,89,879,635,0.28,257,5,23.200000000000003
2016,5,21,16,30,194,498,412,0.28,259,4.800000000000001,21.3
2016,5,21,17,30,121,192,167,0.28,263,4.4,18.900000000000002
2016,5,21,18,30,16,179,23,0.28,268,3.9000000000000004,16.400000000000002
2016,5,21,19,30,0,0,0,0.28,273,3.6,14.600000000000001
2016,5,21,20,30,0,0,0,0.28,276,3.5,13.600000000000001
2016,5,21,21,30,0,0,0,0.28,276,3.4000000000000004,12.8
2016,5,21,22,30,0,0,0,0.28,276,3.4000000000000004,12.4
2016,5,21,23,30,0,0,0,0.28,277,3.5,12.100000000000001
2016,5,22,0,30,0,0,0,0.28,279,3.5,11.9
2016,5,22,1,30,0,0,0,0.28,281,3.4000000000000004,11.9
2016,5,22,2,30,0,0,0,0.28,284,3.3000000000000003,11.9
2016,5,22,3,30,0,0,0,0.28,287,3.1,11.9
2016,5,22,4,30,0,0,0,0.28,289,3,12.100000000000001
2016,5,22,5,30,49,383,108,0.28,293,3.2,13.5
2016,5,22,6,30,78,686,322,0.28,301,3.2,16.400000000000002
2016,5,22,7,30,277,352,469,0.28,323,2.5,19.900000000000002
2016,5,22,8,30,103,901,746,0.28,173,1.7000000000000002,22.900000000000002
2016,5,22,9,30,111,938,904,0.28,19,1.2000000000000002,25.200000000000003
2016,5,22,10,30,111,967,1014,0.28,46,1,27
2016,5,22,11,30,112,976,1061,0.28,88,1.1,28.400000000000002
2016,5,22,12,30,113,967,1038,0.28,128,1.4000000000000001,29.200000000000003
2016,5,22,13,30,111,949,955,0.28,160,1.6,29.5
2016,5,22,14,30,270,699,813,0.28,187,2,29.1
2016,5,22,15,30,96,853,626,0.28,206,2.5,28
2016,5,22,16,30,83,748,412,0.28,221,3,26.200000000000003
2016,5,22,17,30,60,556,194,0.28,238,3,23.200000000000003
2016,5,22,18,30,17,133,23,0.28,251,2.8000000000000003,20
2016,5,22,19,30,0,0,0,0.28,260,3.1,18
2016,5,22,20,30,0,0,0,0.28,269,3.5,16.6
2016,5,22,21,30,0,0,0,0.28,277,3.4000000000000004,15.5
2016,5,22,22,30,0,0,0,0.28,280,3.2,14.700000000000001
2016,5,22,23,30,0,0,0,0.28,281,3.1,14.4
2016,5,23,0,30,0,0,0,0.28,283,2.9000000000000004,14.100000000000001
2016,5,23,1,30,0,0,0,0.28,284,2.7,13.8
2016,5,23,2,30,0,0,0,0.28,285,2.4000000000000004,13.4
2016,5,23,3,30,0,0,0,0.28,285,2.2,13
2016,5,23,4,30,0,0,0,0.28,284,2.6,13.3
2016,5,23,5,30,53,337,106,0.28,284,2.9000000000000004,14.9
2016,5,23,6,30,89,631,313,0.28,279,2.7,17.6
2016,5,23,7,30,284,327,463,0.28,246,2,20.700000000000003
2016,5,23,8,30,377,347,625,0.28,205,1.9000000000000001,23.400000000000002
2016,5,23,9,30,122,905,889,0.28,193,2.3000000000000003,25.8
2016,5,23,10,30,125,934,998,0.28,199,2.7,27.6
2016,5,23,11,30,131,935,1040,0.28,212,3.2,28.700000000000003
2016,5,23,12,30,132,926,1018,0.28,227,3.8000000000000003,29.1
2016,5,23,13,30,119,919,938,0.28,240,4.3,28.8
2016,5,23,14,30,282,663,797,0.28,248,4.800000000000001,27.8
2016,5,23,15,30,107,813,615,0.28,254,5,26.1
2016,5,23,16,30,92,705,403,0.28,260,5,23.700000000000003
2016,5,23,17,30,65,507,189,0.28,267,4.7,20.900000000000002
2016,5,23,18,30,17,100,21,0.28,272,4.4,18.2
2016,5,23,19,30,0,0,0,0.28,274,4.2,16.400000000000002
2016,5,23,20,30,0,0,0,0.28,273,4.1000000000000005,15.600000000000001
2016,5,23,21,30,0,0,0,0.28,271,3.9000000000000004,15.200000000000001
2016,5,23,22,30,0,0,0,0.28,271,3.9000000000000004,15.100000000000001
2016,5,23,23,30,0,0,0,0.28,274,3.8000000000000003,15
2016,5,24,0,30,0,0,0,0.28,276,3.6,14.9
2016,5,24,1,30,0,0,0,0.28,278,3.4000000000000004,14.700000000000001
2016,5,24,2,30,0,0,0,0.28,279,3.1,14.5
2016,5,24,3,30,0,0,0,0.28,277,2.9000000000000004,14.4
2016,5,24,4,30,0,0,0,0.28,275,3,14.600000000000001
2016,5,24,5,30,54,321,105,0.28,274,3.5,15.600000000000001
2016,5,24,6,30,93,608,310,0.28,272,3.5,17.5
2016,5,24,7,30,288,325,466,0.28,268,3.3000000000000003,19.900000000000002
2016,5,24,8,30,127,838,727,0.28,264,3.2,22.3
2016,5,24,9,30,135,889,888,0.28,259,3.3000000000000003,24.400000000000002
2016,5,24,10,30,140,915,996,0.28,254,3.6,25.8
2016,5,24,11,30,142,923,1040,0.28,251,4,26.6
2016,5,24,12,30,140,922,1023,0.28,251,4.4,26.8
2016,5,24,13,30,133,908,943,0.28,252,4.800000000000001,26.400000000000002
2016,5,24,14,30,126,871,804,0.28,253,4.9,25.5
2016,5,24,15,30,113,811,620,0.28,256,5,24.200000000000003
2016,5,24,16,30,254,154,322,0.28,262,4.800000000000001,22.3
2016,5,24,17,30,124,247,185,0.28,268,4.5,20
2016,5,24,18,30,17,0,17,0.28,273,4.2,17.900000000000002
2016,5,24,19,30,0,0,0,0.28,276,3.9000000000000004,16.400000000000002
2016,5,24,20,30,0,0,0,0.28,277,3.7,15.600000000000001
2016,5,24,21,30,0,0,0,0.28,277,3.6,15.100000000000001
2016,5,24,22,30,0,0,0,0.28,277,3.3000000000000003,14.600000000000001
2016,5,24,23,30,0,0,0,0.28,277,3.2,14.100000000000001
2016,5,25,0,30,0,0,0,0.28,276,3.2,13.8
2016,5,25,1,30,0,0,0,0.28,277,2.9000000000000004,13.600000000000001
2016,5,25,2,30,0,0,0,0.28,278,2.6,13.4
2016,5,25,3,30,0,0,0,0.28,278,2.5,13.200000000000001
2016,5,25,4,30,0,0,0,0.28,280,2.7,13.5
2016,5,25,5,30,53,347,107,0.28,281,3,14.8
2016,5,25,6,30,92,611,311,0.28,280,2.8000000000000003,17.1
2016,5,25,7,30,283,335,467,0.28,272,2.3000000000000003,19.8
2016,5,25,8,30,123,845,728,0.28,254,2,22.200000000000003
2016,5,25,9,30,133,886,885,0.28,240,2,24.1
2016,5,25,10,30,281,678,916,0.28,240,2.3000000000000003,25.400000000000002
2016,5,25,11,30,149,909,1034,0.28,248,2.7,26.1
2016,5,25,12,30,301,706,978,0.28,259,3.3000000000000003,26.3
2016,5,25,13,30,291,698,914,0.28,269,3.9000000000000004,25.900000000000002
2016,5,25,14,30,135,844,793,0.28,278,4.5,24.900000000000002
2016,5,25,15,30,132,757,606,0.28,286,5,23.5
2016,5,25,16,30,117,624,395,0.28,289,5.300000000000001,21.700000000000003
2016,5,25,17,30,82,416,185,0.28,288,5.2,19.700000000000003
2016,5,25,18,30,19,76,23,0.28,284,4.7,18.1
2016,5,25,19,30,0,0,0,0.28,281,4.1000000000000005,17.2
2016,5,25,20,30,0,0,0,0.28,282,3.8000000000000003,16.7
2016,5,25,21,30,0,0,0,0.28,284,3.6,16.3
2016,5,25,22,30,0,0,0,0.28,284,3.5,15.8
2016,5,25,23,30,0,0,0,0.28,283,3.5,15.5
2016,5,26,0,30,0,0,0,0.28,282,3.5,15.200000000000001
2016,5,26,1,30,0,0,0,0.28,281,3.4000000000000004,14.9
2016,5,26,2,30,0,0,0,0.28,281,3.1,14.5
2016,5,26,3,30,0,0,0,0.28,282,2.9000000000000004,14.200000000000001
2016,5,26,4,30,0,0,0,0.28,283,3,14.5
2016,5,26,5,30,60,264,102,0.28,284,3.1,15.9
2016,5,26,6,30,103,550,301,0.28,288,2.7,18.8
2016,5,26,7,30,126,711,517,0.28,310,2,22.5
2016,5,26,8,30,142,797,713,0.28,333,1.6,25.700000000000003
2016,5,26,9,30,151,845,869,0.28,337,1.6,27.8
2016,5,26,10,30,283,717,954,0.28,332,1.8,29.5
2016,5,26,11,30,131,925,1032,0.28,326,2,30.6
2016,5,26,12,30,283,719,973,0.28,321,2.2,31.3
2016,5,26,13,30,290,693,910,0.28,319,2.5,31.5
2016,5,26,14,30,293,633,788,0.28,317,2.9000000000000004,31.1
2016,5,26,15,30,296,420,560,0.28,314,3.1,30.200000000000003
2016,5,26,16,30,95,692,404,0.28,312,3.2,28.700000000000003
2016,5,26,17,30,132,126,163,0.28,308,2.6,26.200000000000003
2016,5,26,18,30,17,0,17,0.28,302,1.7000000000000002,23.200000000000003
2016,5,26,19,30,0,0,0,0.28,299,1.4000000000000001,21.200000000000003
2016,5,26,20,30,0,0,0,0.28,295,1.4000000000000001,20.1
2016,5,26,21,30,0,0,0,0.28,292,1.4000000000000001,19.3
2016,5,26,22,30,0,0,0,0.28,289,1.6,18.8
2016,5,26,23,30,0,0,0,0.28,287,1.8,18.3
2016,5,27,0,30,0,0,0,0.28,285,1.8,17.900000000000002
2016,5,27,1,30,0,0,0,0.28,284,1.7000000000000002,17.400000000000002
2016,5,27,2,30,0,0,0,0.28,284,1.5,17
2016,5,27,3,30,0,0,0,0.28,285,1.3,16.6
2016,5,27,4,30,0,0,0,0.28,288,1.3,17.2
2016,5,27,5,30,52,345,107,0.28,290,1.4000000000000001,19.5
2016,5,27,6,30,85,620,309,0.28,207,1,23.6
2016,5,27,7,30,275,342,463,0.28,122,1.2000000000000002,27.900000000000002
2016,5,27,8,30,120,834,719,0.28,124,1.9000000000000001,30.6
2016,5,27,9,30,131,877,876,0.28,129,2.2,32.1
2016,5,27,10,30,338,649,947,0.28,136,2.5,33.300000000000004
2016,5,27,11,30,142,906,1025,0.28,142,2.8000000000000003,34.1
2016,5,27,12,30,144,899,1008,0.28,149,3,34.5
2016,5,27,13,30,144,872,924,0.28,156,3.1,34.300000000000004
2016,5,27,14,30,135,832,786,0.28,165,3.1,33.7
2016,5,27,15,30,122,766,605,0.28,178,3.2,32.5
2016,5,27,16,30,103,657,397,0.28,196,3.3000000000000003,30.700000000000003
2016,5,27,17,30,72,468,189,0.28,217,2.9000000000000004,28
2016,5,27,18,30,19,100,25,0.28,236,2.4000000000000004,24.900000000000002
2016,5,27,19,30,0,0,0,0.28,250,2,22.8
2016,5,27,20,30,0,0,0,0.28,262,1.6,21.400000000000002
2016,5,27,21,30,0,0,0,0.28,273,1.2000000000000002,20.3
2016,5,27,22,30,0,0,0,0.28,281,1.1,19.5
2016,5,27,23,30,0,0,0,0.28,285,1,19.1
2016,5,28,0,30,0,0,0,0.28,287,1,18.8
2016,5,28,1,30,0,0,0,0.28,291,1,18.7
2016,5,28,2,30,0,0,0,0.28,296,0.9,18.7
2016,5,28,3,30,0,0,0,0.28,303,0.8,18.900000000000002
2016,5,28,4,30,0,0,0,0.28,312,0.6000000000000001,19.700000000000003
2016,5,28,5,30,52,354,109,0.28,210,0.6000000000000001,22.1
2016,5,28,6,30,89,614,311,0.28,113,1.5,25.6
2016,5,28,7,30,283,327,464,0.28,128,2.5,28.6
2016,5,28,8,30,131,823,722,0.28,134,3,30.5
2016,5,28,9,30,306,671,876,0.28,138,3.3000000000000003,31.900000000000002
2016,5,28,10,30,345,650,955,0.28,142,3.6,33
2016,5,28,11,30,145,913,1036,0.28,145,3.6,33.7
2016,5,28,12,30,299,713,984,0.28,148,3.6,34
2016,5,28,13,30,357,606,900,0.28,151,3.6,34
2016,5,28,14,30,317,605,790,0.28,156,3.6,33.5
2016,5,28,15,30,331,318,531,0.28,161,3.4000000000000004,32.4
2016,5,28,16,30,232,269,353,0.28,169,3.1,30.8
2016,5,28,17,30,67,518,198,0.28,180,2.3000000000000003,28.1
2016,5,28,18,30,20,132,27,0.28,198,1.5,24.8
2016,5,28,19,30,0,0,0,0.28,221,1.2000000000000002,22.6
2016,5,28,20,30,0,0,0,0.28,245,1.1,21.3
2016,5,28,21,30,0,0,0,0.28,265,1,20.400000000000002
2016,5,28,22,30,0,0,0,0.28,281,0.9,19.6
2016,5,28,23,30,0,0,0,0.28,291,0.9,18.900000000000002
2016,5,29,0,30,0,0,0,0.28,297,0.9,18.400000000000002
2016,5,29,1,30,0,0,0,0.28,302,0.9,18.2
2016,5,29,2,30,0,0,0,0.28,311,0.9,18.3
2016,5,29,3,30,0,0,0,0.28,325,0.8,18.400000000000002
2016,5,29,4,30,0,0,0,0.28,339,0.7000000000000001,18.8
2016,5,29,5,30,83,11,85,0.28,196,0.8,20.700000000000003
2016,5,29,6,30,90,610,311,0.28,69,1.4000000000000001,23.8
2016,5,29,7,30,284,326,464,0.28,97,2.2,26.700000000000003
2016,5,29,8,30,129,823,720,0.28,105,2.5,28.900000000000002
2016,5,29,9,30,140,868,877,0.28,110,2.5,30.6
2016,5,29,10,30,381,594,938,0.28,113,2.4000000000000004,31.900000000000002
2016,5,29,11,30,145,909,1032,0.28,115,2.2,32.800000000000004
2016,5,29,12,30,145,901,1011,0.28,118,2.1,33.300000000000004
2016,5,29,13,30,347,616,900,0.28,122,2.1,33.300000000000004
2016,5,29,14,30,331,566,774,0.28,129,2.1,32.800000000000004
2016,5,29,15,30,123,769,608,0.28,143,1.9000000000000001,31.6
2016,5,29,16,30,239,235,345,0.28,187,1.8,29.8
2016,5,29,17,30,75,457,191,0.28,237,1.8,27.200000000000003
2016,5,29,18,30,21,92,26,0.28,260,1.8,24.400000000000002
2016,5,29,19,30,0,0,0,0.28,269,1.8,22.400000000000002
2016,5,29,20,30,0,0,0,0.28,275,1.8,21.3
2016,5,29,21,30,0,0,0,0.28,280,2,20.5
2016,5,29,22,30,0,0,0,0.28,284,2.3000000000000003,19.900000000000002
2016,5,29,23,30,0,0,0,0.28,287,2.5,19.3
2016,5,30,0,30,0,0,0,0.28,288,2.6,18.8
2016,5,30,1,30,0,0,0,0.28,291,2.7,18.400000000000002
2016,5,30,2,30,0,0,0,0.28,294,2.6,18.1
2016,5,30,3,30,0,0,0,0.28,297,2.3000000000000003,17.8
2016,5,30,4,30,0,0,0,0.28,299,2.3000000000000003,18.2
2016,5,30,5,30,55,327,108,0.28,302,2.4000000000000004,20.1
2016,5,30,6,30,193,220,273,0.28,323,1.8,24
2016,5,30,7,30,283,337,469,0.28,194,1.5,28.6
2016,5,30,8,30,128,827,723,0.28,50,1.8,31.8
2016,5,30,9,30,138,877,884,0.28,57,1.9000000000000001,33.9
2016,5,30,10,30,127,924,995,0.28,61,1.9000000000000001,35.4
2016,5,30,11,30,413,563,963,0.28,63,1.7000000000000002,36.4
2016,5,30,12,30,298,710,982,0.28,63,1.7000000000000002,36.9
2016,5,30,13,30,303,680,913,0.28,61,1.7000000000000002,37
2016,5,30,14,30,305,610,783,0.28,56,1.8,36.6
2016,5,30,15,30,297,411,557,0.28,41,1.8,35.6
2016,5,30,16,30,85,727,414,0.28,182,1.7000000000000002,34.1
2016,5,30,17,30,111,269,180,0.28,303,1.6,31.3
2016,5,30,18,30,21,163,30,0.28,267,1.6,27.900000000000002
2016,5,30,19,30,0,0,0,0.28,267,1.7000000000000002,25.3
2016,5,30,20,30,0,0,0,0.28,277,1.8,23.700000000000003
2016,5,30,21,30,0,0,0,0.28,285,1.8,22.700000000000003
2016,5,30,22,30,0,0,0,0.28,292,1.8,22.1
2016,5,30,23,30,0,0,0,0.28,299,1.7000000000000002,21.6
2016,5,31,0,30,0,0,0,0.28,302,1.5,21.1
2016,5,31,1,30,0,0,0,0.28,300,1.5,20.900000000000002
2016,5,31,2,30,0,0,0,0.28,300,1.4000000000000001,20.700000000000003
2016,5,31,3,30,0,0,0,0.28,301,1.3,20.400000000000002
2016,5,31,4,30,0,0,0,0.28,305,1.3,21.3
2016,5,31,5,30,53,335,108,0.28,313,1.7000000000000002,24.1
2016,5,31,6,30,91,586,304,0.28,337,1.9000000000000001,28.1
2016,5,31,7,30,276,329,458,0.28,193,2,32.2
2016,5,31,8,30,134,794,705,0.28,35,2.3000000000000003,35.2
2016,5,31,9,30,145,840,860,0.28,42,2.4000000000000004,37.300000000000004
2016,5,31,10,30,124,906,975,0.28,45,2.4000000000000004,38.7
2016,5,31,11,30,130,913,1022,0.28,46,2.3000000000000003,39.6
2016,5,31,12,30,131,906,1004,0.28,43,2.3000000000000003,40.1
2016,5,31,13,30,300,673,904,0.28,37,2.3000000000000003,40.1
2016,5,31,14,30,142,817,784,0.28,27,2.2,39.6
2016,5,31,15,30,308,405,565,0.28,11,2.1,38.6
2016,5,31,16,30,160,464,371,0.28,248,3.3000000000000003,32.300000000000004
2016,5,31,17,30,98,287,172,0.28,258,2.6,29.6
2016,5,31,18,30,23,162,33,0.28,267,1.8,26.200000000000003
2016,5,31,19,30,0,0,0,0.28,278,1.7000000000000002,23.900000000000002
2016,5,31,20,30,0,0,0,0.28,286,1.8,22.5
2016,5,31,21,30,0,0,0,0.28,289,1.6,21.400000000000002
2016,5,31,22,30,0,0,0,0.28,290,1.4000000000000001,20.700000000000003
2016,5,31,23,30,0,0,0,0.28,292,1.2000000000000002,20.400000000000002
2020,6,1,0,30,0,0,0,0.28,295,1.1,20.3
2020,6,1,1,30,0,0,0,0.28,297,1.1,20.200000000000003
2020,6,1,2,30,0,0,0,0.28,298,1.1,20.200000000000003
2020,6,1,3,30,0,0,0,0.28,299,1,20.200000000000003
2020,6,1,4,30,1,0,1,0.28,299,1,21.1
2020,6,1,5,30,76,169,104,0.28,299,1.2000000000000002,23.900000000000002
2020,6,1,6,30,161,305,272,0.28,235,1,28
2020,6,1,7,30,172,567,486,0.28,158,1.2000000000000002,31.5
2020,6,1,8,30,109,859,727,0.28,146,1.9000000000000001,33.9
2020,6,1,9,30,253,667,821,0.28,147,2.4000000000000004,35.7
2020,6,1,10,30,276,660,896,0.28,151,2.9000000000000004,36.800000000000004
2020,6,1,11,30,339,551,878,0.28,159,3.2,37.2
2020,6,1,12,30,281,656,913,0.28,169,3.4000000000000004,37.300000000000004
2020,6,1,13,30,329,533,808,0.28,178,3.3000000000000003,37.1
2020,6,1,14,30,335,373,629,0.28,187,3.1,36.6
2020,6,1,15,30,275,338,490,0.28,195,2.9000000000000004,35.7
2020,6,1,16,30,177,28,190,0.28,206,2.5,34.2
2020,6,1,17,30,106,32,114,0.28,221,1.6,31.5
2020,6,1,18,30,22,1,22,0.28,243,0.9,28.8
2020,6,1,19,30,0,0,0,0.28,264,0.8,27.5
2020,6,1,20,30,0,0,0,0.28,279,0.7000000000000001,26.900000000000002
2020,6,1,21,30,0,0,0,0.28,291,0.7000000000000001,26.400000000000002
2020,6,1,22,30,0,0,0,0.28,304,0.7000000000000001,26.1
2020,6,1,23,30,0,0,0,0.28,320,0.7000000000000001,26
2020,6,2,0,30,0,0,0,0.28,337,0.8,25.900000000000002
2020,6,2,1,30,0,0,0,0.28,173,0.8,25.8
2020,6,2,2,30,0,0,0,0.28,8,0.9,25.8
2020,6,2,3,30,0,0,0,0.28,21,0.9,25.700000000000003
2020,6,2,4,30,1,0,1,0.28,37,0.9,26
2020,6,2,5,30,73,19,76,0.28,57,1.1,28
2020,6,2,6,30,151,227,234,0.28,87,1.8,31.3
2020,6,2,7,30,257,286,415,0.28,122,2.7,34
2020,6,2,8,30,271,475,613,0.28,141,3.4000000000000004,35.800000000000004
2020,6,2,9,30,277,582,773,0.28,150,3.8000000000000003,37.1
2020,6,2,10,30,347,470,789,0.28,154,3.7,38.300000000000004
2020,6,2,11,30,383,428,802,0.28,156,3.5,39.2
2020,6,2,12,30,424,302,715,0.28,158,3.3000000000000003,39.2
2020,6,2,13,30,372,413,744,0.28,164,3.1,38.5
2020,6,2,14,30,329,381,629,0.28,176,2.8000000000000003,37.7
2020,6,2,15,30,295,263,463,0.28,194,2.4000000000000004,36.9
2020,6,2,16,30,165,461,376,0.28,219,2,35.7
2020,6,2,17,30,108,36,117,0.28,247,1.4000000000000001,33.1
2020,6,2,18,30,27,3,27,0.28,268,1,30
2020,6,2,19,30,0,0,0,0.28,281,1.1,28.5
2020,6,2,20,30,0,0,0,0.28,292,1.3,27.8
2020,6,2,21,30,0,0,0,0.28,299,1.7000000000000002,27.400000000000002
2020,6,2,22,30,0,0,0,0.28,303,1.9000000000000001,27.200000000000003
2020,6,2,23,30,0,0,0,0.28,304,2,27.200000000000003
2020,6,3,0,30,0,0,0,0.28,304,2,27.3
2020,6,3,1,30,0,0,0,0.28,305,1.9000000000000001,27.400000000000002
2020,6,3,2,30,0,0,0,0.28,308,1.8,27.3
2020,6,3,3,30,0,0,0,0.28,311,1.8,27.200000000000003
2020,6,3,4,30,1,0,1,0.28,313,1.8,27.8
2020,6,3,5,30,57,281,104,0.28,320,2.7,30.1
2020,6,3,6,30,90,579,301,0.28,332,3.9000000000000004,33
2020,6,3,7,30,117,702,506,0.28,340,4.1000000000000005,35.4
2020,6,3,8,30,135,773,692,0.28,347,3.6,37.6
2020,6,3,9,30,135,840,850,0.28,176,2.9000000000000004,39.5
2020,6,3,10,30,123,890,959,0.28,9,2.2,41
2020,6,3,11,30,129,893,1003,0.28,27,1.6,42
2020,6,3,12,30,140,873,982,0.28,46,1.3,42.5
2020,6,3,13,30,146,840,902,0.28,62,1.3,42.300000000000004
2020,6,3,14,30,177,734,756,0.28,83,1.2000000000000002,41.7
2020,6,3,15,30,125,743,599,0.28,138,1.2000000000000002,40.6
2020,6,3,16,30,109,619,393,0.28,203,1.5,39.1
2020,6,3,17,30,76,462,197,0.28,236,1.5,36.4
2020,6,3,18,30,26,128,34,0.28,253,1.3,32.9
2020,6,3,19,30,0,0,0,0.28,266,1.1,30.400000000000002
2020,6,3,20,30,0,0,0,0.28,276,1,28.900000000000002
2020,6,3,21,30,0,0,0,0.28,285,1,27.900000000000002
2020,6,3,22,30,0,0,0,0.28,291,1,27.1
2020,6,3,23,30,0,0,0,0.28,293,1.1,26.5
2020,6,4,0,30,0,0,0,0.28,295,1.1,26.1
2020,6,4,1,30,0,0,0,0.28,295,1.1,25.8
2020,6,4,2,30,0,0,0,0.28,296,1,25.700000000000003
2020,6,4,3,30,0,0,0,0.28,295,1,25.700000000000003
2020,6,4,4,30,2,7,2,0.28,293,0.9,26.6
2020,6,4,5,30,49,388,114,0.28,290,0.9,29.3
2020,6,4,6,30,80,634,311,0.28,212,1.2000000000000002,32.800000000000004
2020,6,4,7,30,100,758,520,0.28,137,2,35.9
2020,6,4,8,30,113,829,710,0.28,138,2.8000000000000003,38.1
2020,6,4,9,30,126,866,864,0.28,143,3.4000000000000004,39.400000000000006
2020,6,4,10,30,137,883,967,0.28,151,3.8000000000000003,40.2
2020,6,4,11,30,140,892,1013,0.28,159,4,40.5
2020,6,4,12,30,138,891,998,0.28,168,4.1000000000000005,40.400000000000006
2020,6,4,13,30,131,877,921,0.28,178,4.1000000000000005,40
2020,6,4,14,30,124,841,788,0.28,188,4,39.1
2020,6,4,15,30,191,576,559,0.28,199,3.8000000000000003,37.7
2020,6,4,16,30,147,466,361,0.28,211,3.5,35.9
2020,6,4,17,30,68,521,206,0.28,228,2.6,33.300000000000004
2020,6,4,18,30,27,170,38,0.28,249,1.7000000000000002,30.1
2020,6,4,19,30,0,0,0,0.28,268,1.3,27.900000000000002
2020,6,4,20,30,0,0,0,0.28,281,1.3,26.900000000000002
2020,6,4,21,30,0,0,0,0.28,288,1.4000000000000001,26.200000000000003
2020,6,4,22,30,0,0,0,0.28,292,1.6,25.6
2020,6,4,23,30,0,0,0,0.28,291,1.8,25
2020,6,5,0,30,0,0,0,0.28,289,2,24.200000000000003
2020,6,5,1,30,0,0,0,0.28,288,2.1,23.400000000000002
2020,6,5,2,30,0,0,0,0.28,287,2.1,22.700000000000003
2020,6,5,3,30,0,0,0,0.28,286,1.9000000000000001,22.1
2020,6,5,4,30,1,3,1,0.28,286,2,21.900000000000002
2020,6,5,5,30,53,357,112,0.28,286,2.1,23.1
2020,6,5,6,30,86,608,308,0.28,203,1.8,25.6
2020,6,5,7,30,105,743,517,0.28,138,1.9000000000000001,28.200000000000003
2020,6,5,8,30,117,822,709,0.28,168,2.8000000000000003,30.1
2020,6,5,9,30,242,626,775,0.28,188,3.7,31.400000000000002
2020,6,5,10,30,265,479,715,0.28,201,4.4,31.900000000000002
2020,6,5,11,30,430,229,654,0.28,211,5,31.900000000000002
2020,6,5,12,30,126,918,1013,0.28,217,5.4,31.400000000000002
2020,6,5,13,30,124,900,936,0.28,221,5.4,30.6
2020,6,5,14,30,117,872,806,0.28,226,5.4,29.3
2020,6,5,15,30,105,818,629,0.28,234,5.300000000000001,27.6
2020,6,5,16,30,90,725,424,0.28,245,5.300000000000001,25.200000000000003
2020,6,5,17,30,67,554,214,0.28,255,5.2,22.6
2020,6,5,18,30,27,185,40,0.28,263,5,20.400000000000002
2020,6,5,19,30,0,0,0,0.28,268,5,19
2020,6,5,20,30,0,0,0,0.28,269,5,18.3
2020,6,5,21,30,0,0,0,0.28,268,4.9,18.1
2020,6,5,22,30,0,0,0,0.28,266,4.800000000000001,18.1
2020,6,5,23,30,0,0,0,0.28,265,4.7,18.2
2020,6,6,0,30,0,0,0,0.28,265,4.5,18.1
2020,6,6,1,30,0,0,0,0.28,264,4.3,18
2020,6,6,2,30,0,0,0,0.28,261,4.1000000000000005,17.8
2020,6,6,3,30,0,0,0,0.28,257,4,17.5
2020,6,6,4,30,2,5,2,0.28,254,4.1000000000000005,17.6
2020,6,6,5,30,55,333,111,0.28,253,4.6000000000000005,18.3
2020,6,6,6,30,87,590,303,0.28,250,4.7,19.3
2020,6,6,7,30,107,723,508,0.28,249,4.800000000000001,20.6
2020,6,6,8,30,121,801,698,0.28,250,4.9,22.3
2020,6,6,9,30,127,854,855,0.28,252,4.800000000000001,23.6
2020,6,6,10,30,131,887,965,0.28,254,4.800000000000001,24.900000000000002
2020,6,6,11,30,135,900,1017,0.28,257,4.9,25.900000000000002
2020,6,6,12,30,140,895,1005,0.28,260,5.1000000000000005,26.700000000000003
2020,6,6,13,30,138,880,932,0.28,261,5.1000000000000005,27
2020,6,6,14,30,124,860,805,0.28,261,5.1000000000000005,26.8
2020,6,6,15,30,111,814,633,0.28,263,5.1000000000000005,25.900000000000002
2020,6,6,16,30,93,729,430,0.28,267,4.9,24.3
2020,6,6,17,30,69,559,218,0.28,271,4.5,22.200000000000003
2020,6,6,18,30,28,181,41,0.28,273,3.9000000000000004,20.1
2020,6,6,19,30,0,0,0,0.28,275,3.5,18.7
2020,6,6,20,30,0,0,0,0.28,276,3.3000000000000003,17.900000000000002
2020,6,6,21,30,0,0,0,0.28,276,3.4000000000000004,17.5
2020,6,6,22,30,0,0,0,0.28,276,3.4000000000000004,17
2020,6,6,23,30,0,0,0,0.28,276,3.3000000000000003,16.6
2020,6,7,0,30,0,0,0,0.28,276,3.3000000000000003,16.3
2020,6,7,1,30,0,0,0,0.28,275,3.1,15.9
2020,6,7,2,30,0,0,0,0.28,276,2.9000000000000004,15.3
2020,6,7,3,30,0,0,0,0.28,277,2.6,14.700000000000001
2020,6,7,4,30,2,10,2,0.28,276,3,14.8
2020,6,7,5,30,50,453,126,0.28,277,3.8000000000000003,16.5
2020,6,7,6,30,75,714,336,0.28,280,4.4,19.400000000000002
2020,6,7,7,30,91,837,555,0.28,283,4.7,22.3
2020,6,7,8,30,104,899,752,0.28,284,4.6000000000000005,25
2020,6,7,9,30,118,931,911,0.28,282,4.6000000000000005,27.3
2020,6,7,10,30,126,950,1020,0.28,278,4.7,29.1
2020,6,7,11,30,127,962,1070,0.28,273,5,30.200000000000003
2020,6,7,12,30,124,963,1055,0.28,270,5.2,30.5
2020,6,7,13,30,117,952,977,0.28,269,5.4,30.400000000000002
2020,6,7,14,30,108,929,844,0.28,269,5.5,29.700000000000003
2020,6,7,15,30,97,882,664,0.28,271,5.5,28.6
2020,6,7,16,30,83,795,452,0.28,274,5.300000000000001,27
2020,6,7,17,30,62,633,232,0.28,275,4.4,24.6
2020,6,7,18,30,28,254,46,0.28,277,3.3000000000000003,21.700000000000003
2020,6,7,19,30,0,0,0,0.28,281,3,19.5
2020,6,7,20,30,0,0,0,0.28,286,3.1,18.2
2020,6,7,21,30,0,0,0,0.28,291,3.3000000000000003,17.2
2020,6,7,22,30,0,0,0,0.28,296,3.5,16.2
2020,6,7,23,30,0,0,0,0.28,302,3.7,15.3
2020,6,8,0,30,0,0,0,0.28,306,3.7,14.600000000000001
2020,6,8,1,30,0,0,0,0.28,312,3.7,14.100000000000001
2020,6,8,2,30,0,0,0,0.28,320,3.7,13.9
2020,6,8,3,30,0,0,0,0.28,329,4,13.9
2020,6,8,4,30,2,11,2,0.28,336,4.5,15.100000000000001
2020,6,8,5,30,50,471,129,0.28,344,5.6000000000000005,17.7
2020,6,8,6,30,76,724,341,0.28,350,6.7,20.3
2020,6,8,7,30,94,844,562,0.28,354,7,22.3
2020,6,8,8,30,106,911,762,0.28,358,6.800000000000001,24.1
2020,6,8,9,30,119,948,927,0.28,183,6.5,25.900000000000002
2020,6,8,10,30,130,963,1036,0.28,8,6,27.700000000000003
2020,6,8,11,30,127,980,1087,0.28,11,5.6000000000000005,29.1
2020,6,8,12,30,133,968,1069,0.28,13,5.2,30.200000000000003
2020,6,8,13,30,260,742,930,0.28,17,4.9,30.8
2020,6,8,14,30,119,923,851,0.28,20,4.5,30.900000000000002
2020,6,8,15,30,139,799,653,0.28,21,4.1000000000000005,30.400000000000002
2020,6,8,16,30,89,784,454,0.28,23,3.5,29.400000000000002
2020,6,8,17,30,66,623,234,0.28,23,2.3000000000000003,26.3
2020,6,8,18,30,29,240,47,0.28,20,1.3,22.6
2020,6,8,19,30,0,0,0,0.28,19,1.4000000000000001,20.900000000000002
2020,6,8,20,30,0,0,0,0.28,20,1.4000000000000001,20.200000000000003
2020,6,8,21,30,0,0,0,0.28,20,1.4000000000000001,19.6
2020,6,8,22,30,0,0,0,0.28,21,1.4000000000000001,19.200000000000003
2020,6,8,23,30,0,0,0,0.28,18,1.4000000000000001,18.900000000000002
2020,6,9,0,30,0,0,0,0.28,7,1.4000000000000001,18.6
2020,6,9,1,30,0,0,0,0.28,177,1.4000000000000001,18.3
2020,6,9,2,30,0,0,0,0.28,354,1.4000000000000001,17.900000000000002
2020,6,9,3,30,0,0,0,0.28,355,1.5,17.5
2020,6,9,4,30,2,10,2,0.28,357,1.4000000000000001,18.2
2020,6,9,5,30,50,460,127,0.28,186,1.6,21.900000000000002
2020,6,9,6,30,76,711,336,0.28,40,2.6,26.400000000000002
2020,6,9,7,30,92,829,552,0.28,72,3.3000000000000003,29.200000000000003
2020,6,9,8,30,105,897,751,0.28,79,3.4000000000000004,31.1
2020,6,9,9,30,118,924,905,0.28,81,3.2,32.6
2020,6,9,10,30,132,933,1010,0.28,81,2.9000000000000004,34
2020,6,9,11,30,137,938,1056,0.28,80,2.5,35
2020,6,9,12,30,132,938,1040,0.28,77,2.1,35.7
2020,6,9,13,30,122,932,965,0.28,73,1.7000000000000002,36
2020,6,9,14,30,115,902,831,0.28,68,1.3,35.9
2020,6,9,15,30,103,849,650,0.28,63,1.2000000000000002,35.300000000000004
2020,6,9,16,30,88,760,442,0.28,57,1.2000000000000002,34.1
2020,6,9,17,30,65,596,227,0.28,54,0.9,31.6
2020,6,9,18,30,29,230,46,0.28,42,0.6000000000000001,28.700000000000003
2020,6,9,19,30,0,0,0,0.28,178,0.7000000000000001,27.200000000000003
2020,6,9,20,30,0,0,0,0.28,320,0.9,26
2020,6,9,21,30,0,0,0,0.28,315,1.1,24.700000000000003
2020,6,9,22,30,0,0,0,0.28,316,1.1,23.5
2020,6,9,23,30,0,0,0,0.28,317,1.2000000000000002,22.6
2020,6,10,0,30,0,0,0,0.28,319,1.3,22
2020,6,10,1,30,0,0,0,0.28,321,1.3,21.700000000000003
2020,6,10,2,30,0,0,0,0.28,324,1.4000000000000001,21.5
2020,6,10,3,30,0,0,0,0.28,326,1.4000000000000001,21.200000000000003
2020,6,10,4,30,2,10,2,0.28,326,1.4000000000000001,22.1
2020,6,10,5,30,50,441,124,0.28,324,1.8,25.6
2020,6,10,6,30,79,693,332,0.28,166,2.5,30
2020,6,10,7,30,96,816,548,0.28,20,2.6,33.1
2020,6,10,8,30,108,885,745,0.28,44,2.1,35.2
2020,6,10,9,30,113,931,906,0.28,65,1.7000000000000002,36.9
2020,6,10,10,30,115,959,1017,0.28,82,1.3,38.300000000000004
2020,6,10,11,30,118,966,1065,0.28,96,1.2000000000000002,39.300000000000004
2020,6,10,12,30,121,956,1047,0.28,109,1.3,39.900000000000006
2020,6,10,13,30,125,931,967,0.28,122,1.6,40
2020,6,10,14,30,117,897,830,0.28,135,1.8,39.7
2020,6,10,15,30,107,843,651,0.28,151,1.9000000000000001,38.800000000000004
2020,6,10,16,30,91,753,443,0.28,174,2,37.2
2020,6,10,17,30,68,585,227,0.28,194,1.6,33.9
2020,6,10,18,30,29,226,46,0.28,219,1.2000000000000002,29.8
2020,6,10,19,30,0,0,0,0.28,247,1.1,27
2020,6,10,20,30,0,0,0,0.28,266,1.1,25.400000000000002
2020,6,10,21,30,0,0,0,0.28,277,1.2000000000000002,24.200000000000003
2020,6,10,22,30,0,0,0,0.28,284,1.3,23.5
2020,6,10,23,30,0,0,0,0.28,287,1.4000000000000001,23
2020,6,11,0,30,0,0,0,0.28,288,1.4000000000000001,22.900000000000002
2020,6,11,1,30,0,0,0,0.28,289,1.3,22.900000000000002
2020,6,11,2,30,0,0,0,0.28,291,1.3,22.8
2020,6,11,3,30,0,0,0,0.28,294,1.2000000000000002,23
2020,6,11,4,30,2,13,2,0.28,298,1,24.1
2020,6,11,5,30,49,447,124,0.28,304,1,27.400000000000002
2020,6,11,6,30,79,686,330,0.28,159,0.8,31.700000000000003
2020,6,11,7,30,99,801,543,0.28,74,1.1,35.2
2020,6,11,8,30,113,868,738,0.28,142,2.2,37.6
2020,6,11,9,30,124,905,895,0.28,149,2.9000000000000004,39.2
2020,6,11,10,30,135,922,1002,0.28,154,3.4000000000000004,40.2
2020,6,11,11,30,139,925,1046,0.28,161,3.7,40.900000000000006
2020,6,11,12,30,136,925,1032,0.28,168,3.9000000000000004,41.1
2020,6,11,13,30,128,916,957,0.28,178,4,40.800000000000004
2020,6,11,14,30,121,883,823,0.28,191,4,40
2020,6,11,15,30,110,828,645,0.28,206,3.9000000000000004,38.800000000000004
2020,6,11,16,30,92,740,439,0.28,223,3.5,36.9
2020,6,11,17,30,67,577,225,0.28,242,2.5,33.6
2020,6,11,18,30,28,232,46,0.28,260,1.6,29.5
2020,6,11,19,30,0,0,0,0.28,271,1.4000000000000001,26.8
2020,6,11,20,30,0,0,0,0.28,277,1.4000000000000001,25.3
2020,6,11,21,30,0,0,0,0.28,278,1.4000000000000001,24.1
2020,6,11,22,30,0,0,0,0.28,276,1.4000000000000001,23.1
2020,6,11,23,30,0,0,0,0.28,274,1.3,22.3
2020,6,12,0,30,0,0,0,0.28,272,1.2000000000000002,21.700000000000003
2020,6,12,1,30,0,0,0,0.28,271,1.1,21.3
2020,6,12,2,30,0,0,0,0.28,268,1.1,21
2020,6,12,3,30,0,0,0,0.28,266,1,21
2020,6,12,4,30,2,17,2,0.28,261,0.9,22.3
2020,6,12,5,30,46,497,129,0.28,242,0.9,25.6
2020,6,12,6,30,71,738,341,0.28,206,1.6,29.5
2020,6,12,7,30,86,855,560,0.28,186,2.7,32.6
2020,6,12,8,30,97,919,759,0.28,189,3.5,34.7
2020,6,12,9,30,102,961,921,0.28,193,4,36.300000000000004
2020,6,12,10,30,104,984,1030,0.28,195,4.4,37.4
2020,6,12,11,30,107,988,1076,0.28,199,4.7,37.9
2020,6,12,12,30,110,976,1056,0.28,205,4.9,37.9
2020,6,12,13,30,113,953,976,0.28,214,5.1000000000000005,37.4
2020,6,12,14,30,106,925,842,0.28,223,5.2,36.300000000000004
2020,6,12,15,30,94,880,664,0.28,232,5.1000000000000005,34.6
2020,6,12,16,30,80,800,456,0.28,239,4.9,32.300000000000004
2020,6,12,17,30,61,642,238,0.28,248,4.1000000000000005,29.200000000000003
2020,6,12,18,30,30,273,51,0.28,259,3.1,25.8
2020,6,12,19,30,0,0,0,0.28,269,2.6,23
2020,6,12,20,30,0,0,0,0.28,274,2.6,21.200000000000003
2020,6,12,21,30,0,0,0,0.28,276,2.5,20
2020,6,12,22,30,0,0,0,0.28,277,2.4000000000000004,19.200000000000003
2020,6,12,23,30,0,0,0,0.28,282,2.2,18.6
2020,6,13,0,30,0,0,0,0.28,287,2.1,18.400000000000002
2020,6,13,1,30,0,0,0,0.28,291,2,18.5
2020,6,13,2,30,0,0,0,0.28,293,1.8,18.400000000000002
2020,6,13,3,30,0,0,0,0.28,293,1.6,18.3
2020,6,13,4,30,2,5,2,0.28,290,1.7000000000000002,18.7
2020,6,13,5,30,78,179,108,0.28,284,2.3000000000000003,19.900000000000002
2020,6,13,6,30,147,421,301,0.28,279,2.9000000000000004,21.700000000000003
2020,6,13,7,30,205,551,510,0.28,274,3.4000000000000004,24.3
2020,6,13,8,30,119,857,736,0.28,268,3.6,27.3
2020,6,13,9,30,129,898,894,0.28,261,3.7,29.900000000000002
2020,6,13,10,30,137,916,999,0.28,256,4,31.700000000000003
2020,6,13,11,30,138,926,1046,0.28,255,4.5,32.7
2020,6,13,12,30,132,928,1031,0.28,256,5,32.800000000000004
2020,6,13,13,30,122,921,957,0.28,258,5.300000000000001,32.5
2020,6,13,14,30,112,896,826,0.28,260,5.4,31.5
2020,6,13,15,30,102,846,650,0.28,264,5.4,30
2020,6,13,16,30,88,757,444,0.28,268,5.2,28
2020,6,13,17,30,67,592,230,0.28,271,4.6000000000000005,25.6
2020,6,13,18,30,31,232,49,0.28,271,3.6,23
2020,6,13,19,30,0,0,0,0.28,272,3,21
2020,6,13,20,30,0,0,0,0.28,277,2.8000000000000003,19.700000000000003
2020,6,13,21,30,0,0,0,0.28,284,2.5,18.7
2020,6,13,22,30,0,0,0,0.28,288,2.3000000000000003,17.900000000000002
2020,6,13,23,30,0,0,0,0.28,289,2.1,17.2
2020,6,14,0,30,0,0,0,0.28,290,2,16.7
2020,6,14,1,30,0,0,0,0.28,291,1.9000000000000001,16.2
2020,6,14,2,30,0,0,0,0.28,291,1.8,15.700000000000001
2020,6,14,3,30,0,0,0,0.28,292,1.6,15.3
2020,6,14,4,30,2,9,2,0.28,295,1.9000000000000001,16
2020,6,14,5,30,49,430,121,0.28,299,2.2,18.5
2020,6,14,6,30,77,680,325,0.28,313,1.8,22.200000000000003
2020,6,14,7,30,95,801,538,0.28,211,1.3,26.200000000000003
2020,6,14,8,30,108,867,732,0.28,106,1.2000000000000002,29.3
2020,6,14,9,30,113,912,890,0.28,117,1.4000000000000001,31.6
2020,6,14,10,30,115,941,1000,0.28,119,1.5,33.4
2020,6,14,11,30,116,951,1049,0.28,119,1.6,34.800000000000004
2020,6,14,12,30,120,941,1032,0.28,117,1.7000000000000002,35.800000000000004
2020,6,14,13,30,122,916,953,0.28,115,1.8,36.2
2020,6,14,14,30,113,888,821,0.28,116,1.9000000000000001,36
2020,6,14,15,30,101,839,646,0.28,119,1.9000000000000001,35.2
2020,6,14,16,30,86,750,440,0.28,125,1.8,33.7
2020,6,14,17,30,66,586,228,0.28,146,1.5,31
2020,6,14,18,30,29,233,48,0.28,193,1.2000000000000002,27.700000000000003
2020,6,14,19,30,0,0,0,0.28,245,1.2000000000000002,25.3
2020,6,14,20,30,0,0,0,0.28,274,1.3,23.5
2020,6,14,21,30,0,0,0,0.28,286,1.2000000000000002,22.1
2020,6,14,22,30,0,0,0,0.28,294,1,21.3
2020,6,14,23,30,0,0,0,0.28,300,0.9,20.700000000000003
2020,6,15,0,30,0,0,0,0.28,304,0.9,20.3
2020,6,15,1,30,0,0,0,0.28,305,1,19.900000000000002
2020,6,15,2,30,0,0,0,0.28,305,1,19.700000000000003
2020,6,15,3,30,0,0,0,0.28,306,1,19.6
2020,6,15,4,30,2,7,2,0.28,308,0.9,20.900000000000002
2020,6,15,5,30,52,388,117,0.28,313,1,24
2020,6,15,6,30,83,639,316,0.28,211,1.1,28.1
2020,6,15,7,30,103,766,527,0.28,115,1.6,31.6
2020,6,15,8,30,118,838,721,0.28,129,2.2,34
2020,6,15,9,30,125,883,877,0.28,137,2.5,35.800000000000004
2020,6,15,10,30,130,910,986,0.28,145,2.8000000000000003,37.2
2020,6,15,11,30,132,917,1032,0.28,152,3.1,38.1
2020,6,15,12,30,132,913,1017,0.28,159,3.3000000000000003,38.5
2020,6,15,13,30,127,896,940,0.28,168,3.4000000000000004,38.5
2020,6,15,14,30,122,861,809,0.28,178,3.6,37.800000000000004
2020,6,15,15,30,111,803,633,0.28,193,3.7,36.6
2020,6,15,16,30,96,707,430,0.28,212,3.6,34.7
2020,6,15,17,30,80,499,219,0.28,232,3.1,31.700000000000003
2020,6,15,18,30,31,191,47,0.28,247,2.4000000000000004,28.3
2020,6,15,19,30,0,0,0,0.28,260,2.2,25.8
2020,6,15,20,30,0,0,0,0.28,271,2.2,24.200000000000003
2020,6,15,21,30,0,0,0,0.28,278,2.1,22.900000000000002
2020,6,15,22,30,0,0,0,0.28,279,1.9000000000000001,22
2020,6,15,23,30,0,0,0,0.28,278,1.7000000000000002,21.3
2020,6,16,0,30,0,0,0,0.28,278,1.4000000000000001,20.6
2020,6,16,1,30,0,0,0,0.28,279,1.2000000000000002,20
2020,6,16,2,30,0,0,0,0.28,282,1.2000000000000002,19.400000000000002
2020,6,16,3,30,0,0,0,0.28,284,1.1,19
2020,6,16,4,30,2,8,2,0.28,284,1.4000000000000001,19.8
2020,6,16,5,30,49,407,117,0.28,280,1.8,22.3
2020,6,16,6,30,77,663,318,0.28,250,1.8,25.900000000000002
2020,6,16,7,30,94,790,530,0.28,201,1.9000000000000001,29.6
2020,6,16,8,30,105,861,724,0.28,179,2.4000000000000004,32.2
2020,6,16,9,30,116,899,881,0.28,181,2.9000000000000004,34.1
2020,6,16,10,30,124,918,987,0.28,191,3.6,35.4
2020,6,16,11,30,128,926,1036,0.28,206,4.3,35.9
2020,6,16,12,30,127,921,1020,0.28,222,4.800000000000001,35.800000000000004
2020,6,16,13,30,124,905,945,0.28,238,5.1000000000000005,35.1
2020,6,16,14,30,117,874,815,0.28,249,5.2,33.9
2020,6,16,15,30,106,822,641,0.28,256,5.1000000000000005,32.300000000000004
2020,6,16,16,30,90,736,438,0.28,261,4.9,30.1
2020,6,16,17,30,67,576,228,0.28,264,4.5,27.400000000000002
2020,6,16,18,30,31,232,50,0.28,267,3.9000000000000004,24.5
2020,6,16,19,30,0,0,0,0.28,270,3.5,22.3
2020,6,16,20,30,0,0,0,0.28,272,3.3000000000000003,20.900000000000002
2020,6,16,21,30,0,0,0,0.28,273,3.1,20.1
2020,6,16,22,30,0,0,0,0.28,274,2.9000000000000004,19.400000000000002
2020,6,16,23,30,0,0,0,0.28,275,2.7,18.8
2020,6,17,0,30,0,0,0,0.28,277,2.5,18.2
2020,6,17,1,30,0,0,0,0.28,278,2.4000000000000004,17.6
2020,6,17,2,30,0,0,0,0.28,279,2.4000000000000004,17.3
2020,6,17,3,30,0,0,0,0.28,281,2.5,17.1
2020,6,17,4,30,2,7,2,0.28,284,2.6,17.6
2020,6,17,5,30,54,389,118,0.28,289,2.8000000000000003,19.6
2020,6,17,6,30,83,659,322,0.28,303,2.7,23.1
2020,6,17,7,30,100,790,536,0.28,325,2.4000000000000004,26.700000000000003
2020,6,17,8,30,112,860,730,0.28,345,1.8,29.6
2020,6,17,9,30,119,903,887,0.28,184,1.3,31.900000000000002
2020,6,17,10,30,122,927,994,0.28,23,1,33.9
2020,6,17,11,30,125,933,1040,0.28,56,0.9,35.300000000000004
2020,6,17,12,30,128,922,1022,0.28,131,1.1,36.2
2020,6,17,13,30,126,898,942,0.28,184,1.4000000000000001,36.5
2020,6,17,14,30,119,866,811,0.28,189,1.7000000000000002,36.2
2020,6,17,15,30,108,811,636,0.28,199,2,35.2
2020,6,17,16,30,92,719,433,0.28,215,2.1,33.4
2020,6,17,17,30,69,552,224,0.28,235,2.1,30.700000000000003
2020,6,17,18,30,31,205,48,0.28,249,2,27.5
2020,6,17,19,30,0,0,0,0.28,261,1.8,25
2020,6,17,20,30,0,0,0,0.28,273,1.7000000000000002,23.6
2020,6,17,21,30,0,0,0,0.28,284,1.6,22.700000000000003
2020,6,17,22,30,0,0,0,0.28,295,1.5,22
2020,6,17,23,30,0,0,0,0.28,305,1.4000000000000001,21.400000000000002
2020,6,18,0,30,0,0,0,0.28,309,1.3,20.900000000000002
2020,6,18,1,30,0,0,0,0.28,308,1.3,20.400000000000002
2020,6,18,2,30,0,0,0,0.28,308,1.4000000000000001,19.900000000000002
2020,6,18,3,30,0,0,0,0.28,310,1.5,19.5
2020,6,18,4,30,2,6,2,0.28,313,2,20.3
2020,6,18,5,30,53,361,113,0.28,319,2.6,22.6
2020,6,18,6,30,85,620,310,0.28,331,2.6,26.1
2020,6,18,7,30,105,754,521,0.28,349,2.1,29.6
2020,6,18,8,30,119,831,715,0.28,188,1.4000000000000001,32.300000000000004
2020,6,18,9,30,130,871,871,0.28,28,1,34.300000000000004
2020,6,18,10,30,139,889,975,0.28,45,1.1,35.800000000000004
2020,6,18,11,30,145,895,1023,0.28,51,1.2000000000000002,36.800000000000004
2020,6,18,12,30,141,896,1010,0.28,48,1.3,37.4
2020,6,18,13,30,129,889,937,0.28,43,1.4000000000000001,37.6
2020,6,18,14,30,123,854,806,0.28,40,1.6,37.2
2020,6,18,15,30,113,796,632,0.28,33,1.6,36.300000000000004
2020,6,18,16,30,97,701,430,0.28,19,1.7000000000000002,34.7
2020,6,18,17,30,73,530,222,0.28,165,1.6,32.1
2020,6,18,18,30,31,189,47,0.28,313,1.5,28.8
2020,6,18,19,30,0,0,0,0.28,303,1.5,26.3
2020,6,18,20,30,0,0,0,0.28,303,1.5,24.900000000000002
2020,6,18,21,30,0,0,0,0.28,304,1.4000000000000001,23.8
2020,6,18,22,30,0,0,0,0.28,302,1.4000000000000001,22.900000000000002
2020,6,18,23,30,0,0,0,0.28,298,1.3,22.200000000000003
2020,6,19,0,30,0,0,0,0.28,294,1.3,21.5
2020,6,19,1,30,0,0,0,0.28,291,1.3,20.900000000000002
2020,6,19,2,30,0,0,0,0.28,290,1.3,20.3
2020,6,19,3,30,0,0,0,0.28,292,1.2000000000000002,19.900000000000002
2020,6,19,4,30,1,4,1,0.28,295,1.5,20.6
2020,6,19,5,30,55,333,110,0.28,301,1.9000000000000001,23.1
2020,6,19,6,30,90,599,307,0.28,331,1.5,26.900000000000002
2020,6,19,7,30,110,738,517,0.28,213,1.2000000000000002,31.5
2020,6,19,8,30,124,815,709,0.28,77,1.7000000000000002,35
2020,6,19,9,30,125,877,870,0.28,91,2.1,37
2020,6,19,10,30,115,922,982,0.28,101,2.2,38.400000000000006
2020,6,19,11,30,118,929,1029,0.28,110,2.4000000000000004,39.2
2020,6,19,12,30,127,911,1011,0.28,119,2.6,39.5
2020,6,19,13,30,136,872,929,0.28,127,2.8000000000000003,39.400000000000006
2020,6,19,14,30,131,832,797,0.28,134,2.9000000000000004,38.6
2020,6,19,15,30,119,770,622,0.28,144,2.9000000000000004,37.300000000000004
2020,6,19,16,30,102,673,422,0.28,162,2.8000000000000003,35.300000000000004
2020,6,19,17,30,76,505,218,0.28,200,2.4000000000000004,32.2
2020,6,19,18,30,32,182,47,0.28,241,2,28.700000000000003
2020,6,19,19,30,0,0,0,0.28,264,2,26.200000000000003
2020,6,19,20,30,0,0,0,0.28,275,2.3000000000000003,24.8
2020,6,19,21,30,0,0,0,0.28,281,2.6,23.900000000000002
2020,6,19,22,30,0,0,0,0.28,285,2.7,23.200000000000003
2020,6,19,23,30,0,0,0,0.28,287,2.6,22.8
2020,6,20,0,30,0,0,0,0.28,289,2.4000000000000004,22.400000000000002
2020,6,20,1,30,0,0,0,0.28,292,2,21.900000000000002
2020,6,20,2,30,0,0,0,0.28,295,1.7000000000000002,21.400000000000002
2020,6,20,3,30,0,0,0,0.28,299,1.3,21.1
2020,6,20,4,30,1,5,1,0.28,303,1.2000000000000002,21.900000000000002
2020,6,20,5,30,55,316,107,0.28,313,1.3,24.400000000000002
2020,6,20,6,30,94,566,299,0.28,199,1.2000000000000002,28.1
2020,6,20,7,30,118,701,504,0.28,91,1.5,32.1
2020,6,20,8,30,134,782,695,0.28,106,2.2,35.1
2020,6,20,9,30,151,819,847,0.28,113,2.5,37
2020,6,20,10,30,169,830,949,0.28,120,2.6,38.300000000000004
2020,6,20,11,30,176,837,997,0.28,128,2.7,39.2
2020,6,20,12,30,148,871,993,0.28,136,2.8000000000000003,39.6
2020,6,20,13,30,107,907,932,0.28,145,2.9000000000000004,39.7
2020,6,20,14,30,103,874,803,0.28,157,2.8000000000000003,39.2
2020,6,20,15,30,96,817,630,0.28,175,2.8000000000000003,38
2020,6,20,16,30,84,724,429,0.28,201,2.9000000000000004,36.1
2020,6,20,17,30,66,557,223,0.28,230,2.8000000000000003,33
2020,6,20,18,30,30,217,49,0.28,252,2.6,29.5
2020,6,20,19,30,0,0,0,0.28,265,2.9000000000000004,26.8
2020,6,20,20,30,0,0,0,0.28,274,3.2,25.3
2020,6,20,21,30,0,0,0,0.28,281,3.1,24.200000000000003
2020,6,20,22,30,0,0,0,0.28,286,2.9000000000000004,23.6
2020,6,20,23,30,0,0,0,0.28,289,2.5,23.3
2020,6,21,0,30,0,0,0,0.28,294,2.1,23
2020,6,21,1,30,0,0,0,0.28,299,1.7000000000000002,22.700000000000003
2020,6,21,2,30,0,0,0,0.28,302,1.4000000000000001,22.400000000000002
2020,6,21,3,30,0,0,0,0.28,304,1.1,22
2020,6,21,4,30,2,8,2,0.28,305,1.2000000000000002,23
2020,6,21,5,30,48,400,113,0.28,308,1.5,25.6
2020,6,21,6,30,77,646,310,0.28,174,1.1,29.3
2020,6,21,7,30,95,769,518,0.28,83,1.1,33.2
2020,6,21,8,30,109,838,709,0.28,132,1.9000000000000001,36.1
2020,6,21,9,30,115,886,867,0.28,140,2.6,38.1
2020,6,21,10,30,115,916,976,0.28,149,3.1,39.300000000000004
2020,6,21,11,30,120,923,1025,0.28,159,3.4000000000000004,40
2020,6,21,12,30,126,911,1010,0.28,171,3.6,40.1
2020,6,21,13,30,128,886,934,0.28,186,3.6,39.900000000000006
2020,6,21,14,30,119,858,807,0.28,203,3.6,39.2
2020,6,21,15,30,106,810,636,0.28,220,3.5,38.1
2020,6,21,16,30,90,729,438,0.28,236,3.5,36.4
2020,6,21,17,30,67,576,230,0.28,248,3.1,33.7
2020,6,21,18,30,31,245,52,0.28,258,2.5,30.400000000000002
2020,6,21,19,30,0,0,0,0.28,266,2.4000000000000004,27.8
2020,6,21,20,30,0,0,0,0.28,275,2.3000000000000003,26.3
2020,6,21,21,30,0,0,0,0.28,280,2,25.200000000000003
2020,6,21,22,30,0,0,0,0.28,281,1.7000000000000002,24.6
2020,6,21,23,30,0,0,0,0.28,283,1.4000000000000001,24
2020,6,22,0,30,0,0,0,0.28,286,1.2000000000000002,23.400000000000002
2020,6,22,1,30,0,0,0,0.28,291,1.1,23
2020,6,22,2,30,0,0,0,0.28,295,1,22.700000000000003
2020,6,22,3,30,0,0,0,0.28,300,1,22.6
2020,6,22,4,30,2,11,2,0.28,305,0.9,23.8
2020,6,22,5,30,45,453,119,0.28,313,1,26.900000000000002
2020,6,22,6,30,71,697,322,0.28,211,1,31
2020,6,22,7,30,89,815,536,0.28,115,1.5,34.6
2020,6,22,8,30,101,880,731,0.28,133,2.2,37.2
2020,6,22,9,30,111,916,888,0.28,142,2.7,39.2
2020,6,22,10,30,116,936,995,0.28,147,3,40.6
2020,6,22,11,30,119,944,1045,0.28,151,3.2,41.400000000000006
2020,6,22,12,30,119,938,1030,0.28,154,3.2,41.800000000000004
2020,6,22,13,30,115,924,956,0.28,158,3.2,41.7
2020,6,22,14,30,109,895,827,0.28,163,3.2,41.2
2020,6,22,15,30,99,846,653,0.28,170,3,40.1
2020,6,22,16,30,84,763,449,0.28,177,2.7,38.6
2020,6,22,17,30,64,610,237,0.28,189,2,35.7
2020,6,22,18,30,30,271,54,0.28,205,1.3,31.900000000000002
2020,6,22,19,30,0,0,0,0.28,226,1,29.400000000000002
2020,6,22,20,30,0,0,0,0.28,246,0.9,28.1
2020,6,22,21,30,0,0,0,0.28,262,0.8,27.1
2020,6,22,22,30,0,0,0,0.28,274,0.8,26.3
2020,6,22,23,30,0,0,0,0.28,282,0.8,25.6
2020,6,23,0,30,0,0,0,0.28,288,0.9,25.1
2020,6,23,1,30,0,0,0,0.28,292,0.9,24.6
2020,6,23,2,30,0,0,0,0.28,296,0.9,24.3
2020,6,23,3,30,0,0,0,0.28,302,0.9,24.400000000000002
2020,6,23,4,30,2,13,2,0.28,310,0.7000000000000001,25.5
2020,6,23,5,30,45,467,120,0.28,323,0.6000000000000001,28.400000000000002
2020,6,23,6,30,70,706,324,0.28,211,0.9,32.300000000000004
2020,6,23,7,30,88,821,538,0.28,99,1.4000000000000001,35.9
2020,6,23,8,30,100,884,732,0.28,111,1.9000000000000001,38.2
2020,6,23,9,30,110,921,891,0.28,117,2.2,40.1
2020,6,23,10,30,116,938,997,0.28,123,2.4000000000000004,41.400000000000006
2020,6,23,11,30,170,854,1008,0.28,132,2.7,42.300000000000004
2020,6,23,12,30,123,933,1029,0.28,141,2.9000000000000004,42.6
2020,6,23,13,30,124,908,950,0.28,151,3.1,42.5
2020,6,23,14,30,119,873,819,0.28,163,3.2,41.800000000000004
2020,6,23,15,30,106,821,644,0.28,180,3.2,40.5
2020,6,23,16,30,165,526,417,0.28,200,3.1,38.7
2020,6,23,17,30,102,344,200,0.28,224,2.5,35.800000000000004
2020,6,23,18,30,36,117,46,0.28,246,1.7000000000000002,32.300000000000004
2020,6,23,19,30,0,0,0,0.28,262,1.3,29.900000000000002
2020,6,23,20,30,0,0,0,0.28,275,1,28.5
2020,6,23,21,30,0,0,0,0.28,285,0.8,27.700000000000003
2020,6,23,22,30,0,0,0,0.28,291,0.8,27.3
2020,6,23,23,30,0,0,0,0.28,293,0.8,26.900000000000002
2020,6,24,0,30,0,0,0,0.28,295,0.9,26.5
2020,6,24,1,30,0,0,0,0.28,295,0.9,25.900000000000002
2020,6,24,2,30,0,0,0,0.28,296,0.9,25.400000000000002
2020,6,24,3,30,0,0,0,0.28,300,0.8,25.200000000000003
2020,6,24,4,30,1,0,1,0.28,306,0.7000000000000001,26.200000000000003
2020,6,24,5,30,59,279,104,0.28,316,0.7000000000000001,28.700000000000003
2020,6,24,6,30,158,273,256,0.28,212,0.9,32.300000000000004
2020,6,24,7,30,205,432,441,0.28,117,1.7000000000000002,35.9
2020,6,24,8,30,248,485,594,0.28,137,2.5,38.5
2020,6,24,9,30,196,724,810,0.28,144,2.9000000000000004,40.2
2020,6,24,10,30,127,897,969,0.28,150,3.2,41.400000000000006
2020,6,24,11,30,131,905,1018,0.28,156,3.4000000000000004,42
2020,6,24,12,30,132,901,1007,0.28,164,3.5,42.2
2020,6,24,13,30,130,886,936,0.28,175,3.6,41.800000000000004
2020,6,24,14,30,250,664,783,0.28,188,3.6,40.800000000000004
2020,6,24,15,30,209,610,609,0.28,203,3.5,39.300000000000004
2020,6,24,16,30,163,539,421,0.28,217,3.2,37.4
2020,6,24,17,30,68,574,232,0.28,232,2.5,34.7
2020,6,24,18,30,31,253,53,0.28,246,1.9000000000000001,31.5
2020,6,24,19,30,0,0,0,0.28,259,1.6,29.1
2020,6,24,20,30,0,0,0,0.28,271,1.6,27.6
2020,6,24,21,30,0,0,0,0.28,278,1.4000000000000001,26.5
2020,6,24,22,30,0,0,0,0.28,283,1.3,25.400000000000002
2020,6,24,23,30,0,0,0,0.28,286,1.2000000000000002,24.700000000000003
2020,6,25,0,30,0,0,0,0.28,288,1.1,24.200000000000003
2020,6,25,1,30,0,0,0,0.28,289,1.1,24
2020,6,25,2,30,0,0,0,0.28,290,1,23.900000000000002
2020,6,25,3,30,0,0,0,0.28,289,0.9,24.200000000000003
2020,6,25,4,30,1,0,1,0.28,286,0.8,25.400000000000002
2020,6,25,5,30,75,52,83,0.28,281,0.9,27.700000000000003
2020,6,25,6,30,153,232,236,0.28,251,1,30.1
2020,6,25,7,30,237,270,385,0.28,195,1.3,32.4
2020,6,25,8,30,198,633,650,0.28,167,2,34.5
2020,6,25,9,30,118,885,868,0.28,175,2.6,36.300000000000004
2020,6,25,10,30,281,621,864,0.28,183,3.1,38
2020,6,25,11,30,191,805,980,0.28,192,3.6,39.300000000000004
2020,6,25,12,30,235,718,932,0.28,202,3.8000000000000003,40.1
2020,6,25,13,30,313,554,817,0.28,213,4,40.400000000000006
2020,6,25,14,30,309,434,657,0.28,222,4.2,39.900000000000006
2020,6,25,15,30,275,317,483,0.28,231,4.2,38.6
2020,6,25,16,30,197,278,330,0.28,240,4,36.7
2020,6,25,17,30,117,96,144,0.28,249,3.2,33.7
2020,6,25,18,30,29,2,29,0.28,261,2.3000000000000003,30.3
2020,6,25,19,30,0,0,0,0.28,273,2,27.900000000000002
2020,6,25,20,30,0,0,0,0.28,280,1.9000000000000001,26.5
2020,6,25,21,30,0,0,0,0.28,282,1.8,25.400000000000002
2020,6,25,22,30,0,0,0,0.28,282,1.6,24.8
2020,6,25,23,30,0,0,0,0.28,283,1.4000000000000001,24.3
2020,6,26,0,30,0,0,0,0.28,285,1.2000000000000002,23.8
2020,6,26,1,30,0,0,0,0.28,286,1.2000000000000002,23.5
2020,6,26,2,30,0,0,0,0.28,288,1.2000000000000002,23.3
2020,6,26,3,30,0,0,0,0.28,292,1.2000000000000002,23.3
2020,6,26,4,30,0,0,0,0.28,298,1.2000000000000002,24.5
2020,6,26,5,30,46,412,111,0.28,309,1.6,27.900000000000002
2020,6,26,6,30,75,652,307,0.28,323,1.8,31.700000000000003
2020,6,26,7,30,95,767,514,0.28,328,1.4000000000000001,34.800000000000004
2020,6,26,8,30,111,832,704,0.28,313,1.1,37.2
2020,6,26,9,30,117,876,859,0.28,281,1.1,39
2020,6,26,10,30,120,902,966,0.28,249,1.3,40.400000000000006
2020,6,26,11,30,124,908,1014,0.28,240,1.5,41.2
2020,6,26,12,30,129,894,997,0.28,245,1.8,41.5
2020,6,26,13,30,137,859,919,0.28,255,2,41.300000000000004
2020,6,26,14,30,192,702,756,0.28,267,2.3000000000000003,40.6
2020,6,26,15,30,200,126,283,0.28,279,2.5,39.300000000000004
2020,6,26,16,30,118,619,415,0.28,288,2.7,37.6
2020,6,26,17,30,88,443,214,0.28,291,2.7,35.300000000000004
2020,6,26,18,30,34,142,47,0.28,290,2.3000000000000003,32.7
2020,6,26,19,30,0,0,0,0.28,289,2.1,30.6
2020,6,26,20,30,0,0,0,0.28,290,1.9000000000000001,29.1
2020,6,26,21,30,0,0,0,0.28,290,1.8,28
2020,6,26,22,30,0,0,0,0.28,290,1.8,27.3
2020,6,26,23,30,0,0,0,0.28,290,1.8,26.5
2020,6,27,0,30,0,0,0,0.28,291,1.8,25.900000000000002
2020,6,27,1,30,0,0,0,0.28,292,1.7000000000000002,25.400000000000002
2020,6,27,2,30,0,0,0,0.28,292,1.5,25.1
2020,6,27,3,30,0,0,0,0.28,292,1.3,24.8
2020,6,27,4,30,0,0,0,0.28,290,1.2000000000000002,25.900000000000002
2020,6,27,5,30,48,367,106,0.28,286,1.4000000000000001,28.700000000000003
2020,6,27,6,30,80,616,299,0.28,223,1.3,32.300000000000004
2020,6,27,7,30,100,741,504,0.28,151,1.6,35.800000000000004
2020,6,27,8,30,115,810,692,0.28,140,2.3000000000000003,38.2
2020,6,27,9,30,131,842,843,0.28,145,2.6,39.6
2020,6,27,10,30,146,853,946,0.28,154,2.7,40.6
2020,6,27,11,30,153,856,992,0.28,164,2.9000000000000004,41.2
2020,6,27,12,30,152,853,980,0.28,179,3.1,41.300000000000004
2020,6,27,13,30,144,841,910,0.28,200,3.4000000000000004,40.900000000000006
2020,6,27,14,30,135,810,786,0.28,221,3.8000000000000003,40
2020,6,27,15,30,120,762,620,0.28,238,4.3,38.400000000000006
2020,6,27,16,30,100,679,426,0.28,250,4.6000000000000005,36
2020,6,27,17,30,73,527,224,0.28,259,4.5,32.7
2020,6,27,18,30,32,212,51,0.28,265,4.2,29.200000000000003
2020,6,27,19,30,0,0,0,0.28,270,3.8000000000000003,26.700000000000003
2020,6,27,20,30,0,0,0,0.28,270,3.6,25.5
2020,6,27,21,30,0,0,0,0.28,269,3.3000000000000003,25
2020,6,27,22,30,0,0,0,0.28,269,3.1,24.3
2020,6,27,23,30,0,0,0,0.28,270,2.9000000000000004,23.6
2020,6,28,0,30,0,0,0,0.28,271,2.7,23
2020,6,28,1,30,0,0,0,0.28,271,2.5,22.6
2020,6,28,2,30,0,0,0,0.28,272,2.4000000000000004,22.3
2020,6,28,3,30,0,0,0,0.28,271,2.3000000000000003,22
2020,6,28,4,30,0,0,0,0.28,271,2.6,22.200000000000003
2020,6,28,5,30,50,344,104,0.28,268,2.9000000000000004,23.8
2020,6,28,6,30,81,609,297,0.28,256,3,26.5
2020,6,28,7,30,107,726,502,0.28,241,3.2,29.200000000000003
2020,6,28,8,30,114,821,698,0.28,233,3.6,31.6
2020,6,28,9,30,159,796,832,0.28,236,4.4,33.5
2020,6,28,10,30,404,361,742,0.28,242,5.2,34.5
2020,6,28,11,30,200,759,944,0.28,247,6,34.6
2020,6,28,12,30,140,887,1001,0.28,251,6.5,34
2020,6,28,13,30,302,580,830,0.28,252,6.800000000000001,32.800000000000004
2020,6,28,14,30,217,681,764,0.28,251,6.9,31.400000000000002
2020,6,28,15,30,188,649,614,0.28,248,6.800000000000001,29.700000000000003
2020,6,28,16,30,121,649,433,0.28,248,6.4,27.5
2020,6,28,17,30,66,600,238,0.28,249,5.800000000000001,24.700000000000003
2020,6,28,18,30,43,37,46,0.28,252,5.2,22
2020,6,28,19,30,0,0,0,0.28,255,4.9,20.200000000000003
2020,6,28,20,30,0,0,0,0.28,255,4.9,19.400000000000002
2020,6,28,21,30,0,0,0,0.28,256,4.9,18.8
2020,6,28,22,30,0,0,0,0.28,259,4.800000000000001,18.3
2020,6,28,23,30,0,0,0,0.28,261,4.7,17.8
2020,6,29,0,30,0,0,0,0.28,261,4.6000000000000005,17.5
2020,6,29,1,30,0,0,0,0.28,259,4.4,17.2
2020,6,29,2,30,0,0,0,0.28,258,4.3,16.900000000000002
2020,6,29,3,30,0,0,0,0.28,258,4.1000000000000005,16.5
2020,6,29,4,30,0,0,0,0.28,260,4.3,16.6
2020,6,29,5,30,40,483,115,0.28,262,4.6000000000000005,17.900000000000002
2020,6,29,6,30,61,730,319,0.28,266,4.7,20.3
2020,6,29,7,30,75,845,534,0.28,273,4.5,22.8
2020,6,29,8,30,88,907,732,0.28,284,4,25.1
2020,6,29,9,30,99,938,892,0.28,293,3.4000000000000004,27.200000000000003
2020,6,29,10,30,111,950,1001,0.28,301,3,29.1
2020,6,29,11,30,116,953,1050,0.28,309,2.7,30.700000000000003
2020,6,29,12,30,115,951,1038,0.28,318,2.5,31.900000000000002
2020,6,29,13,30,110,937,963,0.28,329,2.5,32.6
2020,6,29,14,30,105,904,832,0.28,339,2.5,32.7
2020,6,29,15,30,96,851,655,0.28,347,2.6,32.1
2020,6,29,16,30,83,764,450,0.28,352,2.6,30.8
2020,6,29,17,30,64,609,238,0.28,352,2.2,28.5
2020,6,29,18,30,31,275,55,0.28,339,1.6,25.3
2020,6,29,19,30,0,0,0,0.28,315,1.5,23
2020,6,29,20,30,0,0,0,0.28,298,1.5,21.6
2020,6,29,21,30,0,0,0,0.28,300,1.5,20.6
2020,6,29,22,30,0,0,0,0.28,307,1.5,19.900000000000002
2020,6,29,23,30,0,0,0,0.28,308,1.7000000000000002,19.3
2020,6,30,0,30,0,0,0,0.28,307,2,18.7
2020,6,30,1,30,0,0,0,0.28,305,2.1,18.3
2020,6,30,2,30,0,0,0,0.28,305,2.1,18
2020,6,30,3,30,0,0,0,0.28,306,2,17.900000000000002
2020,6,30,4,30,0,0,0,0.28,309,2.2,19
2020,6,30,5,30,46,408,109,0.28,316,2.6,21.900000000000002
2020,6,30,6,30,75,665,309,0.28,332,2.6,25.900000000000002
2020,6,30,7,30,93,791,522,0.28,178,2.3000000000000003,30
2020,6,30,8,30,105,862,717,0.28,30,1.9000000000000001,32.9
2020,6,30,9,30,112,907,878,0.28,56,1.7000000000000002,34.9
2020,6,30,10,30,116,934,990,0.28,69,1.5,36.2
2020,6,30,11,30,117,942,1040,0.28,75,1.5,37.2
2020,6,30,12,30,119,936,1028,0.28,78,1.6,37.800000000000004
2020,6,30,13,30,120,916,954,0.28,84,1.8,38
2020,6,30,14,30,113,883,823,0.28,95,2,37.6
2020,6,30,15,30,104,828,648,0.28,110,2.1,36.6
2020,6,30,16,30,80,750,440,0.28,256,4.9,37.7
2020,6,30,17,30,59,611,234,0.28,262,4.4,35.2
2020,6,30,18,30,28,301,55,0.28,268,3.6,32.300000000000004
2020,6,30,19,30,0,0,0,0.28,272,3,29.900000000000002
2020,6,30,20,30,0,0,0,0.28,274,3,28.5
2020,6,30,21,30,0,0,0,0.28,276,2.9000000000000004,27.700000000000003
2020,6,30,22,30,0,0,0,0.28,277,2.7,27.200000000000003
2020,6,30,23,30,0,0,0,0.28,278,2.5,26.700000000000003
2022,7,1,0,30,0,0,0,0.28,281,2.3000000000000003,26.200000000000003
2022,7,1,1,30,0,0,0,0.28,283,2.1,25.900000000000002
2022,7,1,2,30,0,0,0,0.28,284,1.8,25.6
2022,7,1,3,30,0,0,0,0.28,284,1.6,25.400000000000002
2022,7,1,4,30,0,0,0,0.28,282,1.9000000000000001,26.200000000000003
2022,7,1,5,30,37,474,110,0.28,279,2.3000000000000003,28.6
2022,7,1,6,30,58,707,306,0.28,275,2.6,31.8
2022,7,1,7,30,70,818,513,0.28,264,2.7,34.800000000000004
2022,7,1,8,30,80,881,705,0.28,250,2.9000000000000004,37.2
2022,7,1,9,30,91,914,862,0.28,241,3,39
2022,7,1,10,30,101,930,971,0.28,238,3.3000000000000003,40.300000000000004
2022,7,1,11,30,101,943,1024,0.28,237,3.7,41
2022,7,1,12,30,101,943,1016,0.28,240,4.2,41.2
2022,7,1,13,30,95,935,947,0.28,244,4.6000000000000005,40.900000000000006
2022,7,1,14,30,90,913,824,0.28,248,5,40
2022,7,1,15,30,81,874,655,0.28,253,5.2,38.400000000000006
2022,7,1,16,30,69,806,456,0.28,258,5.2,36.4
2022,7,1,17,30,53,675,246,0.28,264,4.800000000000001,33.7
2022,7,1,18,30,27,370,60,0.28,268,3.9000000000000004,30.8
2022,7,1,19,30,0,0,0,0.28,269,3.3000000000000003,28.5
2022,7,1,20,30,0,0,0,0.28,271,3.2,27.1
2022,7,1,21,30,0,0,0,0.28,271,3.1,26
2022,7,1,22,30,0,0,0,0.28,273,3.1,25
2022,7,1,23,30,0,0,0,0.28,274,2.9000000000000004,24.200000000000003
2022,7,2,0,30,0,0,0,0.28,275,2.7,23.6
2022,7,2,1,30,0,0,0,0.28,275,2.5,23.200000000000003
2022,7,2,2,30,0,0,0,0.28,275,2.3000000000000003,22.900000000000002
2022,7,2,3,30,0,0,0,0.28,274,2.1,22.700000000000003
2022,7,2,4,30,0,0,0,0.28,273,2.3000000000000003,23.6
2022,7,2,5,30,34,518,113,0.28,271,2.8000000000000003,26.3
2022,7,2,6,30,52,741,312,0.28,261,2.8000000000000003,29.8
2022,7,2,7,30,66,845,522,0.28,244,2.8000000000000003,33.1
2022,7,2,8,30,74,903,714,0.28,232,3,35.6
2022,7,2,9,30,82,937,872,0.28,225,3.3000000000000003,37.5
2022,7,2,10,30,87,956,981,0.28,223,3.7,38.800000000000004
2022,7,2,11,30,89,963,1032,0.28,222,4.1000000000000005,39.6
2022,7,2,12,30,94,956,1022,0.28,225,4.5,39.7
2022,7,2,13,30,96,940,952,0.28,230,4.9,39.300000000000004
2022,7,2,14,30,90,915,826,0.28,236,5.1000000000000005,38.300000000000004
2022,7,2,15,30,83,873,657,0.28,243,5.2,36.7
2022,7,2,16,30,71,802,457,0.28,251,5,34.5
2022,7,2,17,30,54,670,246,0.28,259,4.6000000000000005,31.700000000000003
2022,7,2,18,30,28,357,60,0.28,265,3.9000000000000004,28.700000000000003
2022,7,2,19,30,0,0,0,0.28,269,3.4000000000000004,26.3
2022,7,2,20,30,0,0,0,0.28,270,3.2,24.8
2022,7,2,21,30,0,0,0,0.28,271,3,23.8
2022,7,2,22,30,0,0,0,0.28,272,2.8000000000000003,23
2022,7,2,23,30,0,0,0,0.28,276,2.6,22.3
2022,7,3,0,30,0,0,0,0.28,280,2.3000000000000003,21.700000000000003
2022,7,3,1,30,0,0,0,0.28,283,2.1,21.200000000000003
2022,7,3,2,30,0,0,0,0.28,284,1.9000000000000001,20.700000000000003
2022,7,3,3,30,0,0,0,0.28,285,1.7000000000000002,20.200000000000003
2022,7,3,4,30,0,0,0,0.28,285,1.9000000000000001,21
2022,7,3,5,30,38,509,115,0.28,284,2.3000000000000003,23.6
2022,7,3,6,30,59,751,321,0.28,273,2.3000000000000003,27.1
2022,7,3,7,30,72,862,537,0.28,241,2,30.5
2022,7,3,8,30,82,925,736,0.28,215,2.2,33.2
2022,7,3,9,30,93,958,900,0.28,211,2.5,35.1
2022,7,3,10,30,101,973,1011,0.28,216,3,36.5
2022,7,3,11,30,102,983,1064,0.28,225,3.5,37.300000000000004
2022,7,3,12,30,102,981,1054,0.28,234,4,37.5
2022,7,3,13,30,100,968,982,0.28,242,4.4,37.2
2022,7,3,14,30,95,942,852,0.28,248,4.7,36.2
2022,7,3,15,30,86,898,676,0.28,253,4.800000000000001,34.6
2022,7,3,16,30,74,823,470,0.28,258,4.7,32.4
2022,7,3,17,30,57,682,252,0.28,263,4.4,29.6
2022,7,3,18,30,29,351,60,0.28,269,3.9000000000000004,26.400000000000002
2022,7,3,19,30,0,0,0,0.28,274,3.7,23.700000000000003
2022,7,3,20,30,0,0,0,0.28,276,3.5,22.200000000000003
2022,7,3,21,30,0,0,0,0.28,275,3.3000000000000003,21.3
2022,7,3,22,30,0,0,0,0.28,275,3,20.700000000000003
2022,7,3,23,30,0,0,0,0.28,276,2.7,20.1
2022,7,4,0,30,0,0,0,0.28,278,2.4000000000000004,19.700000000000003
2022,7,4,1,30,0,0,0,0.28,280,2.2,19.3
2022,7,4,2,30,0,0,0,0.28,282,1.9000000000000001,18.900000000000002
2022,7,4,3,30,0,0,0,0.28,283,1.7000000000000002,18.6
2022,7,4,4,30,0,0,0,0.28,283,1.9000000000000001,19.400000000000002
2022,7,4,5,30,39,474,110,0.28,282,2.2,21.900000000000002
2022,7,4,6,30,62,724,314,0.28,259,2,25.6
2022,7,4,7,30,75,840,527,0.28,204,1.9000000000000001,29.5
2022,7,4,8,30,85,902,722,0.28,172,2.3000000000000003,32.4
2022,7,4,9,30,90,940,881,0.28,175,2.7,34.5
2022,7,4,10,30,92,961,990,0.28,180,3,36.1
2022,7,4,11,30,94,967,1040,0.28,187,3.2,37.2
2022,7,4,12,30,93,964,1028,0.28,196,3.4000000000000004,37.7
2022,7,4,13,30,90,949,954,0.28,207,3.5,37.7
2022,7,4,14,30,86,920,826,0.28,218,3.7,37.2
2022,7,4,15,30,80,872,653,0.28,229,3.9000000000000004,36
2022,7,4,16,30,71,792,452,0.28,239,4,34.2
2022,7,4,17,30,55,645,240,0.28,248,3.8000000000000003,31.400000000000002
2022,7,4,18,30,29,318,57,0.28,257,3.6,28.3
2022,7,4,19,30,0,0,0,0.28,266,3.5,25.700000000000003
2022,7,4,20,30,0,0,0,0.28,276,3.4000000000000004,23.900000000000002
2022,7,4,21,30,0,0,0,0.28,283,3,22.900000000000002
2022,7,4,22,30,0,0,0,0.28,284,2.6,22.400000000000002
2022,7,4,23,30,0,0,0,0.28,285,2.1,22
2022,7,5,0,30,0,0,0,0.28,286,1.6,21.5
2022,7,5,1,30,0,0,0,0.28,289,1.2000000000000002,21.200000000000003
2022,7,5,2,30,0,0,0,0.28,291,1,20.900000000000002
2022,7,5,3,30,0,0,0,0.28,292,0.9,20.700000000000003
2022,7,5,4,30,0,0,0,0.28,291,1,21.6
2022,7,5,5,30,41,413,102,0.28,283,1.1,24.3
2022,7,5,6,30,66,669,298,0.28,215,1.4000000000000001,27.8
2022,7,5,7,30,81,793,507,0.28,154,2,31.200000000000003
2022,7,5,8,30,93,861,700,0.28,156,2.6,33.7
2022,7,5,9,30,101,900,858,0.28,161,3,35.7
2022,7,5,10,30,106,922,967,0.28,167,3.3000000000000003,37.1
2022,7,5,11,30,110,929,1018,0.28,174,3.5,38
2022,7,5,12,30,111,924,1007,0.28,181,3.6,38.400000000000006
2022,7,5,13,30,110,906,935,0.28,190,3.8000000000000003,38.300000000000004
2022,7,5,14,30,104,875,807,0.28,200,3.9000000000000004,37.7
2022,7,5,15,30,95,823,636,0.28,210,3.9000000000000004,36.5
2022,7,5,16,30,82,740,438,0.28,220,3.9000000000000004,34.9
2022,7,5,17,30,63,592,232,0.28,230,3.4000000000000004,32.5
2022,7,5,18,30,30,273,54,0.28,243,2.7,29.6
2022,7,5,19,30,0,0,0,0.28,258,2.4000000000000004,27.3
2022,7,5,20,30,0,0,0,0.28,272,2.3000000000000003,25.900000000000002
2022,7,5,21,30,0,0,0,0.28,283,2.2,24.8
2022,7,5,22,30,0,0,0,0.28,290,2.3000000000000003,23.900000000000002
2022,7,5,23,30,0,0,0,0.28,291,2.2,23.1
2022,7,6,0,30,0,0,0,0.28,291,2.1,22.5
2022,7,6,1,30,0,0,0,0.28,292,1.9000000000000001,22.1
2022,7,6,2,30,0,0,0,0.28,293,1.7000000000000002,21.8
2022,7,6,3,30,0,0,0,0.28,295,1.4000000000000001,21.5
2022,7,6,4,30,0,0,0,0.28,298,1.6,22.1
2022,7,6,5,30,46,372,100,0.28,307,1.8,24.400000000000002
2022,7,6,6,30,73,646,296,0.28,188,1.5,27.8
2022,7,6,7,30,89,782,508,0.28,83,1.4000000000000001,31.1
2022,7,6,8,30,99,856,702,0.28,114,1.7000000000000002,33.7
2022,7,6,9,30,99,909,863,0.28,131,2,35.7
2022,7,6,10,30,95,943,975,0.28,142,2.4000000000000004,37.2
2022,7,6,11,30,98,950,1027,0.28,149,2.8000000000000003,38.2
2022,7,6,12,30,102,941,1014,0.28,155,3.1,38.800000000000004
2022,7,6,13,30,104,922,943,0.28,163,3.3000000000000003,38.900000000000006
2022,7,6,14,30,98,895,817,0.28,174,3.4000000000000004,38.5
2022,7,6,15,30,89,849,647,0.28,188,3.4000000000000004,37.5
2022,7,6,16,30,76,774,448,0.28,204,3.3000000000000003,36
2022,7,6,17,30,58,634,239,0.28,222,2.8000000000000003,33.5
2022,7,6,18,30,28,317,56,0.28,240,2.1,30.5
2022,7,6,19,30,0,0,0,0.28,256,1.8,28
2022,7,6,20,30,0,0,0,0.28,269,1.6,26.3
2022,7,6,21,30,0,0,0,0.28,280,1.3,25.1
2022,7,6,22,30,0,0,0,0.28,287,1.1,24.1
2022,7,6,23,30,0,0,0,0.28,291,0.9,23.400000000000002
2022,7,7,0,30,0,0,0,0.28,295,0.8,23
2022,7,7,1,30,0,0,0,0.28,301,0.8,22.900000000000002
2022,7,7,2,30,0,0,0,0.28,308,0.8,23.1
2022,7,7,3,30,0,0,0,0.28,316,0.8,23.400000000000002
2022,7,7,4,30,0,0,0,0.28,326,0.7000000000000001,24.900000000000002
2022,7,7,5,30,40,441,104,0.28,179,0.5,28.1
2022,7,7,6,30,66,688,302,0.28,80,1.1,32.300000000000004
2022,7,7,7,30,83,804,513,0.28,139,2.2,35.4
2022,7,7,8,30,96,870,708,0.28,148,2.8000000000000003,37.5
2022,7,7,9,30,105,906,866,0.28,153,3.2,39.1
2022,7,7,10,30,112,926,976,0.28,157,3.5,40.300000000000004
2022,7,7,11,30,114,937,1029,0.28,161,3.7,41
2022,7,7,12,30,120,927,1019,0.28,165,3.8000000000000003,41.300000000000004
2022,7,7,13,30,123,904,946,0.28,171,3.8000000000000003,41.2
2022,7,7,14,30,114,880,821,0.28,179,3.7,40.6
2022,7,7,15,30,102,836,651,0.28,189,3.5,39.5
2022,7,7,16,30,86,757,449,0.28,201,3.2,37.800000000000004
2022,7,7,17,30,64,609,238,0.28,216,2.6,35.2
2022,7,7,18,30,31,276,55,0.28,232,1.8,31.700000000000003
2022,7,7,19,30,0,0,0,0.28,247,1.5,29.1
2022,7,7,20,30,0,0,0,0.28,263,1.3,27.400000000000002
2022,7,7,21,30,0,0,0,0.28,277,1,26.3
2022,7,7,22,30,0,0,0,0.28,286,0.8,25.6
2022,7,7,23,30,0,0,0,0.28,294,0.7000000000000001,25.1
2022,7,8,0,30,0,0,0,0.28,301,0.8,24.8
2022,7,8,1,30,0,0,0,0.28,304,0.8,24.6
2022,7,8,2,30,0,0,0,0.28,306,0.9,24.6
2022,7,8,3,30,0,0,0,0.28,307,0.9,24.700000000000003
2022,7,8,4,30,0,0,0,0.28,307,0.8,25.8
2022,7,8,5,30,41,416,101,0.28,302,0.7000000000000001,28.8
2022,7,8,6,30,68,681,301,0.28,220,0.9,32.800000000000004
2022,7,8,7,30,85,807,515,0.28,147,1.5,35.9
2022,7,8,8,30,95,879,713,0.28,151,2.1,38
2022,7,8,9,30,103,921,875,0.28,155,2.7,39.6
2022,7,8,10,30,107,945,988,0.28,158,3.3000000000000003,40.800000000000004
2022,7,8,11,30,110,953,1041,0.28,161,3.8000000000000003,41.6
2022,7,8,12,30,111,949,1031,0.28,166,4,41.900000000000006
2022,7,8,13,30,111,935,962,0.28,172,4.1000000000000005,41.800000000000004
2022,7,8,14,30,104,910,835,0.28,180,4,41.2
2022,7,8,15,30,93,869,664,0.28,189,3.8000000000000003,40
2022,7,8,16,30,79,798,462,0.28,199,3.5,38.300000000000004
2022,7,8,17,30,60,662,248,0.28,214,2.6,35.4
2022,7,8,18,30,28,342,58,0.28,233,1.6,31.6
2022,7,8,19,30,0,0,0,0.28,250,1.3,28.8
2022,7,8,20,30,0,0,0,0.28,264,1.2000000000000002,27.1
2022,7,8,21,30,0,0,0,0.28,272,1.2000000000000002,25.700000000000003
2022,7,8,22,30,0,0,0,0.28,278,1.2000000000000002,24.6
2022,7,8,23,30,0,0,0,0.28,283,1.2000000000000002,23.8
2022,7,9,0,30,0,0,0,0.28,286,1.3,23.200000000000003
2022,7,9,1,30,0,0,0,0.28,287,1.2000000000000002,22.900000000000002
2022,7,9,2,30,0,0,0,0.28,288,1.2000000000000002,22.700000000000003
2022,7,9,3,30,0,0,0,0.28,291,1.2000000000000002,22.8
2022,7,9,4,30,0,0,0,0.28,294,1.2000000000000002,24.200000000000003
2022,7,9,5,30,36,484,105,0.28,296,1.7000000000000002,27.5
2022,7,9,6,30,58,727,306,0.28,295,2,31.400000000000002
2022,7,9,7,30,74,837,519,0.28,261,1.5,34.9
2022,7,9,8,30,84,898,714,0.28,208,1.5,37.6
2022,7,9,9,30,94,930,873,0.28,184,1.9000000000000001,39.800000000000004
2022,7,9,10,30,101,947,983,0.28,177,2.3000000000000003,41.6
2022,7,9,11,30,105,952,1034,0.28,175,2.6,42.800000000000004
2022,7,9,12,30,109,945,1024,0.28,177,2.9000000000000004,43.2
2022,7,9,13,30,108,925,950,0.28,183,3.1,43
2022,7,9,14,30,103,894,821,0.28,190,3.1,42.300000000000004
2022,7,9,15,30,93,844,647,0.28,199,3,41.1
2022,7,9,16,30,81,760,445,0.28,211,2.8000000000000003,39.5
2022,7,9,17,30,61,608,234,0.28,229,2.2,36.7
2022,7,9,18,30,29,282,53,0.28,248,1.5,33.2
2022,7,9,19,30,0,0,0,0.28,266,1.4000000000000001,31
2022,7,9,20,30,0,0,0,0.28,280,1.4000000000000001,29.900000000000002
2022,7,9,21,30,0,0,0,0.28,289,1.3,29
2022,7,9,22,30,0,0,0,0.28,295,1.2000000000000002,28.400000000000002
2022,7,9,23,30,0,0,0,0.28,300,1.2000000000000002,27.8
2022,7,10,0,30,0,0,0,0.28,302,1.2000000000000002,27.1
2022,7,10,1,30,0,0,0,0.28,303,1.2000000000000002,26.5
2022,7,10,2,30,0,0,0,0.28,304,1.2000000000000002,25.900000000000002
2022,7,10,3,30,0,0,0,0.28,306,1.1,25.400000000000002
2022,7,10,4,30,0,0,0,0.28,309,1.1,26.400000000000002
2022,7,10,5,30,40,391,95,0.28,313,1.3,29.5
2022,7,10,6,30,70,646,289,0.28,199,1.1,33.7
2022,7,10,7,30,88,770,497,0.28,102,1.3,37.5
2022,7,10,8,30,101,839,689,0.28,125,2,40
2022,7,10,9,30,111,882,849,0.28,131,2.3000000000000003,41.7
2022,7,10,10,30,115,907,959,0.28,134,2.5,42.900000000000006
2022,7,10,11,30,119,916,1013,0.28,139,2.5,43.800000000000004
2022,7,10,12,30,118,916,1005,0.28,147,2.6,44.2
2022,7,10,13,30,114,905,937,0.28,159,2.6,44.2
2022,7,10,14,30,108,878,813,0.28,175,2.6,43.7
2022,7,10,15,30,99,830,643,0.28,195,2.6,42.6
2022,7,10,16,30,84,750,443,0.28,216,2.7,41
2022,7,10,17,30,64,601,234,0.28,237,2.2,38
2022,7,10,18,30,29,278,53,0.28,254,1.6,34.2
2022,7,10,19,30,0,0,0,0.28,268,1.6,31.400000000000002
2022,7,10,20,30,0,0,0,0.28,280,1.7000000000000002,29.8
2022,7,10,21,30,0,0,0,0.28,288,1.7000000000000002,28.700000000000003
2022,7,10,22,30,0,0,0,0.28,293,1.6,28
2022,7,10,23,30,0,0,0,0.28,296,1.4000000000000001,27.6
2022,7,11,0,30,0,0,0,0.28,299,1.3,27.400000000000002
2022,7,11,1,30,0,0,0,0.28,301,1.3,27.1
2022,7,11,2,30,0,0,0,0.28,302,1.3,26.8
2022,7,11,3,30,0,0,0,0.28,303,1.2000000000000002,26.6
2022,7,11,4,30,0,0,0,0.28,303,1.1,27.6
2022,7,11,5,30,42,352,91,0.28,302,1.4000000000000001,30.700000000000003
2022,7,11,6,30,79,597,281,0.28,317,1.2000000000000002,34.7
2022,7,11,7,30,107,716,486,0.28,221,1,38.400000000000006
2022,7,11,8,30,130,781,676,0.28,119,1.3,41.1
2022,7,11,9,30,128,853,841,0.28,131,1.8,42.900000000000006
2022,7,11,10,30,110,914,960,0.28,138,2.2,44.2
2022,7,11,11,30,114,920,1011,0.28,142,2.6,44.900000000000006
2022,7,11,12,30,119,910,1000,0.28,146,2.9000000000000004,45.2
2022,7,11,13,30,123,885,927,0.28,152,3.2,45
2022,7,11,14,30,117,851,800,0.28,159,3.3000000000000003,44.2
2022,7,11,15,30,109,796,631,0.28,170,3.4000000000000004,42.7
2022,7,11,16,30,93,706,431,0.28,187,3.2,40.6
2022,7,11,17,30,70,546,224,0.28,215,2.6,37.6
2022,7,11,18,30,30,223,49,0.28,243,2,34.4
2022,7,11,19,30,0,0,0,0.28,261,1.7000000000000002,32.1
2022,7,11,20,30,0,0,0,0.28,274,1.5,30.5
2022,7,11,21,30,0,0,0,0.28,283,1.3,29.3
2022,7,11,22,30,0,0,0,0.28,288,1.2000000000000002,28.5
2022,7,11,23,30,0,0,0,0.28,291,1.2000000000000002,27.900000000000002
2022,7,12,0,30,0,0,0,0.28,292,1.1,27.400000000000002
2022,7,12,1,30,0,0,0,0.28,293,0.9,27
2022,7,12,2,30,0,0,0,0.28,295,0.9,26.900000000000002
2022,7,12,3,30,0,0,0,0.28,298,0.9,27.1
2022,7,12,4,30,0,0,0,0.28,298,0.8,28.200000000000003
2022,7,12,5,30,45,298,86,0.28,295,0.8,30.8
2022,7,12,6,30,81,569,272,0.28,216,1.3,34.5
2022,7,12,7,30,102,713,478,0.28,144,2,37.7
2022,7,12,8,30,115,794,669,0.28,152,2.7,39.800000000000004
2022,7,12,9,30,124,839,825,0.28,155,3.1,41.5
2022,7,12,10,30,132,861,932,0.28,157,3.5,42.6
2022,7,12,11,30,136,869,983,0.28,158,3.7,43.2
2022,7,12,12,30,132,872,976,0.28,160,3.8000000000000003,43.400000000000006
2022,7,12,13,30,123,865,909,0.28,164,3.9000000000000004,43.2
2022,7,12,14,30,119,832,786,0.28,169,4,42.5
2022,7,12,15,30,110,776,618,0.28,176,3.9000000000000004,41.2
2022,7,12,16,30,94,685,421,0.27,186,3.6,39.400000000000006
2022,7,12,17,30,71,523,218,0.27,203,2.8000000000000003,36.800000000000004
2022,7,12,18,30,29,204,46,0.27,226,1.8,33.9
2022,7,12,19,30,0,0,0,0.27,249,1.3,32
2022,7,12,20,30,0,0,0,0.27,262,1.1,31.200000000000003
2022,7,12,21,30,0,0,0,0.27,265,1,30.8
2022,7,12,22,30,0,0,0,0.27,265,0.9,30.400000000000002
2022,7,12,23,30,0,0,0,0.27,274,0.7000000000000001,29.8
2022,7,13,0,30,0,0,0,0.27,295,0.7000000000000001,29.200000000000003
2022,7,13,1,30,0,0,0,0.27,320,0.7000000000000001,28.5
2022,7,13,2,30,0,0,0,0.27,345,0.7000000000000001,28
2022,7,13,3,30,0,0,0,0.27,191,0.7000000000000001,27.900000000000002
2022,7,13,4,30,0,0,0,0.27,35,0.9,29
2022,7,13,5,30,47,249,81,0.27,56,1.5,31.700000000000003
2022,7,13,6,30,91,511,262,0.27,78,2.1,35.1
2022,7,13,7,30,118,659,465,0.27,104,2.3000000000000003,38.2
2022,7,13,8,30,131,751,655,0.27,127,2.4000000000000004,40.6
2022,7,13,9,30,123,834,819,0.27,141,2.7,42.300000000000004
2022,7,13,10,30,107,893,936,0.27,147,3.5,43.5
2022,7,13,11,30,113,896,986,0.27,151,4.3,44.1
2022,7,13,12,30,119,886,976,0.27,158,4.6000000000000005,44.1
2022,7,13,13,30,119,866,906,0.27,164,4.4,43.800000000000004
2022,7,13,14,30,117,830,782,0.27,169,4.2,43.2
2022,7,13,15,30,110,770,614,0.27,173,3.8000000000000003,42.2
2022,7,13,16,30,96,674,418,0.28,178,3.4000000000000004,40.7
2022,7,13,17,30,72,508,215,0.28,184,2.5,38.400000000000006
2022,7,13,18,30,30,182,45,0.28,192,1.5,35.4
2022,7,13,19,30,0,0,0,0.28,200,1,33.300000000000004
2022,7,13,20,30,0,0,0,0.28,203,0.7000000000000001,32.2
2022,7,13,21,30,0,0,0,0.28,208,0.5,31.700000000000003
2022,7,13,22,30,0,0,0,0.28,229,0.4,31.5
2022,7,13,23,30,0,0,0,0.28,262,0.5,31.6
2022,7,14,0,30,0,0,0,0.28,285,0.6000000000000001,31.700000000000003
2022,7,14,1,30,0,0,0,0.28,298,0.6000000000000001,31.700000000000003
2022,7,14,2,30,0,0,0,0.28,312,0.5,31.700000000000003
2022,7,14,3,30,0,0,0,0.28,226,0.5,31.8
2022,7,14,4,30,0,0,0,0.28,137,0.6000000000000001,31.8
2022,7,14,5,30,43,286,81,0.28,146,1.3,32.4
2022,7,14,6,30,78,559,264,0.28,151,2.2,33.300000000000004
2022,7,14,7,30,99,701,467,0.28,153,2.6,34.2
2022,7,14,8,30,110,784,656,0.28,153,2.9000000000000004,35.6
2022,7,14,9,30,170,722,772,0.28,152,3.3000000000000003,37.5
2022,7,14,10,30,358,367,699,0.28,150,3.5,39.6
2022,7,14,11,30,357,391,738,0.28,147,3.7,41.2
2022,7,14,12,30,395,313,698,0.28,142,3.8000000000000003,41.900000000000006
2022,7,14,13,30,388,312,671,0.28,138,3.7,41.7
2022,7,14,14,30,341,307,587,0.28,138,3.4000000000000004,41.1
2022,7,14,15,30,154,671,593,0.28,142,3,40
2022,7,14,16,30,125,577,400,0.28,151,2.6,38.7
2022,7,14,17,30,89,407,203,0.28,166,1.9000000000000001,36.9
2022,7,14,18,30,31,115,40,0.28,184,1.2000000000000002,34.7
2022,7,14,19,30,0,0,0,0.28,201,0.9,33
2022,7,14,20,30,0,0,0,0.28,214,0.8,32.1
2022,7,14,21,30,0,0,0,0.28,224,0.8,31.6
2022,7,14,22,30,0,0,0,0.28,234,0.7000000000000001,31.3
2022,7,14,23,30,0,0,0,0.28,264,0.5,31
2022,7,15,0,30,0,0,0,0.28,308,0.6000000000000001,30.6
2022,7,15,1,30,0,0,0,0.28,330,0.8,30
2022,7,15,2,30,0,0,0,0.28,335,0.9,29.700000000000003
2022,7,15,3,30,0,0,0,0.28,337,0.9,29.6
2022,7,15,4,30,0,0,0,0.28,338,0.9,30.400000000000002
2022,7,15,5,30,48,210,76,0.28,175,1,32.9
2022,7,15,6,30,94,496,258,0.28,59,1.6,36.300000000000004
2022,7,15,7,30,119,651,460,0.28,112,2.3000000000000003,39.1
2022,7,15,8,30,134,741,649,0.28,120,2.7,41
2022,7,15,9,30,128,821,811,0.28,124,2.9000000000000004,42.5
2022,7,15,10,30,132,853,923,0.28,126,3,43.7
2022,7,15,11,30,114,891,981,0.28,127,3.1,44.5
2022,7,15,12,30,119,883,972,0.28,130,3,44.800000000000004
2022,7,15,13,30,121,862,903,0.28,135,2.9000000000000004,44.6
2022,7,15,14,30,115,832,781,0.28,141,2.7,44.1
2022,7,15,15,30,105,780,614,0.28,150,2.6,43.2
2022,7,15,16,30,91,690,419,0.27,162,2.4000000000000004,41.900000000000006
2022,7,15,17,30,68,530,216,0.27,181,1.8,39.800000000000004
2022,7,15,18,30,28,198,44,0.27,199,1.2000000000000002,36.9
2022,7,15,19,30,0,0,0,0.27,218,0.9,34.7
2022,7,15,20,30,0,0,0,0.27,242,0.8,33.4
2022,7,15,21,30,0,0,0,0.27,261,0.8,32.5
2022,7,15,22,30,0,0,0,0.27,275,0.8,31.900000000000002
2022,7,15,23,30,0,0,0,0.27,286,0.9,31.5
2022,7,16,0,30,0,0,0,0.27,295,0.9,31.200000000000003
2022,7,16,1,30,0,0,0,0.27,303,0.9,30.900000000000002
2022,7,16,2,30,0,0,0,0.27,312,0.9,30.6
2022,7,16,3,30,0,0,0,0.27,321,0.9,30.5
2022,7,16,4,30,0,0,0,0.27,326,1,31.3
2022,7,16,5,30,39,323,81,0.27,335,1.2000000000000002,33.9
2022,7,16,6,30,72,590,267,0.27,200,1.4000000000000001,37.5
2022,7,16,7,30,93,720,469,0.27,83,1.6,40.6
2022,7,16,8,30,108,793,658,0.27,118,2,42.6
2022,7,16,9,30,117,838,814,0.27,133,2.5,44.2
2022,7,16,10,30,124,863,924,0.27,141,2.9000000000000004,45.2
2022,7,16,11,30,129,870,975,0.27,146,3.2,45.900000000000006
2022,7,16,12,30,135,861,966,0.27,150,3.3000000000000003,45.900000000000006
2022,7,16,13,30,135,839,896,0.27,155,3.3000000000000003,45.6
2022,7,16,14,30,130,804,773,0.27,162,3,44.900000000000006
2022,7,16,15,30,119,747,606,0.27,172,2.8000000000000003,44
2022,7,16,16,30,101,653,411,0.28,187,2.7,42.6
2022,7,16,17,30,74,490,210,0.28,209,2.3000000000000003,40.2
2022,7,16,18,30,29,172,42,0.28,232,1.8,37.2
2022,7,16,19,30,0,0,0,0.28,252,1.6,35
2022,7,16,20,30,0,0,0,0.28,270,1.5,33.6
2022,7,16,21,30,0,0,0,0.28,282,1.3,32.7
2022,7,16,22,30,0,0,0,0.28,290,1.1,32
2022,7,16,23,30,0,0,0,0.28,294,0.9,31.5
2022,7,17,0,30,0,0,0,0.28,295,0.9,31
2022,7,17,1,30,0,0,0,0.28,299,0.8,30.6
2022,7,17,2,30,0,0,0,0.28,318,0.7000000000000001,30.5
2022,7,17,3,30,0,0,0,0.28,174,0.6000000000000001,30.400000000000002
2022,7,17,4,30,0,0,0,0.28,24,0.7000000000000001,31.200000000000003
2022,7,17,5,30,46,218,74,0.28,61,1.1,33.4
2022,7,17,6,30,82,535,258,0.28,111,1.9000000000000001,36.5
2022,7,17,7,30,110,670,459,0.28,138,2.6,39.300000000000004
2022,7,17,8,30,140,721,639,0.28,144,2.7,41.400000000000006
2022,7,17,9,30,152,774,795,0.28,141,2.8000000000000003,43.1
2022,7,17,10,30,129,861,926,0.28,142,3.3000000000000003,44.300000000000004
2022,7,17,11,30,144,855,975,0.28,154,4.1000000000000005,44.800000000000004
2022,7,17,12,30,148,851,969,0.28,174,4.7,44.400000000000006
2022,7,17,13,30,143,837,901,0.28,195,4.800000000000001,43.6
2022,7,17,14,30,130,812,779,0.28,213,4.6000000000000005,42.800000000000004
2022,7,17,15,30,115,764,613,0.28,225,4.2,41.7
2022,7,17,16,30,96,678,417,0.27,235,3.7,40.2
2022,7,17,17,30,87,395,196,0.27,243,3,38.2
2022,7,17,18,30,29,198,44,0.27,251,2.1,35.800000000000004
2022,7,17,19,30,0,0,0,0.27,259,1.6,34
2022,7,17,20,30,0,0,0,0.27,265,1.3,32.9
2022,7,17,21,30,0,0,0,0.27,269,1.1,32
2022,7,17,22,30,0,0,0,0.27,273,1.1,31.400000000000002
2022,7,17,23,30,0,0,0,0.27,279,1.1,31.1
2022,7,18,0,30,0,0,0,0.27,286,1.2000000000000002,30.900000000000002
2022,7,18,1,30,0,0,0,0.27,287,1.2000000000000002,30.8
2022,7,18,2,30,0,0,0,0.27,288,1,30.3
2022,7,18,3,30,0,0,0,0.27,290,0.8,29.700000000000003
2022,7,18,4,30,0,0,0,0.27,295,0.9,29.900000000000002
2022,7,18,5,30,40,306,78,0.27,310,1.4000000000000001,31.900000000000002
2022,7,18,6,30,131,255,214,0.27,340,1.7000000000000002,34.9
2022,7,18,7,30,95,712,465,0.27,189,1.5,37.6
2022,7,18,8,30,111,784,653,0.27,53,1.4000000000000001,39.900000000000006
2022,7,18,9,30,124,826,809,0.27,99,1.9000000000000001,41.7
2022,7,18,10,30,134,846,916,0.27,117,2.5,42.800000000000004
2022,7,18,11,30,147,842,964,0.27,128,2.9000000000000004,43.1
2022,7,18,12,30,163,812,946,0.27,143,3,43.1
2022,7,18,13,30,132,843,895,0.27,159,3,43
2022,7,18,14,30,121,819,775,0.27,174,3.1,42.6
2022,7,18,15,30,107,773,610,0.27,190,3.1,41.800000000000004
2022,7,18,16,30,90,690,416,0.27,208,3.1,40.400000000000006
2022,7,18,17,30,65,537,213,0.27,231,2.8000000000000003,38
2022,7,18,18,30,27,207,43,0.27,251,2.4000000000000004,35.1
2022,7,18,19,30,0,0,0,0.27,267,2.4000000000000004,32.800000000000004
2022,7,18,20,30,0,0,0,0.27,278,2.6,31.3
2022,7,18,21,30,0,0,0,0.27,285,2.8000000000000003,30.200000000000003
2022,7,18,22,30,0,0,0,0.27,288,2.8000000000000003,29.5
2022,7,18,23,30,0,0,0,0.27,288,2.7,29
2022,7,19,0,30,0,0,0,0.27,288,2.4000000000000004,28.8
2022,7,19,1,30,0,0,0,0.27,287,2,28.6
2022,7,19,2,30,0,0,0,0.27,288,1.7000000000000002,28.5
2022,7,19,3,30,0,0,0,0.27,289,1.3,28.400000000000002
2022,7,19,4,30,0,0,0,0.27,290,1.4000000000000001,29.400000000000002
2022,7,19,5,30,37,325,77,0.27,292,1.8,32
2022,7,19,6,30,68,598,262,0.27,292,1.6,35.4
2022,7,19,7,30,87,731,466,0.27,231,1.2000000000000002,38.2
2022,7,19,8,30,101,806,657,0.27,167,1.5,40.5
2022,7,19,9,30,111,849,814,0.27,164,2,42.2
2022,7,19,10,30,119,871,924,0.27,166,2.5,43.5
2022,7,19,11,30,123,880,977,0.27,170,2.9000000000000004,44.2
2022,7,19,12,30,125,876,969,0.27,176,3.3000000000000003,44.6
2022,7,19,13,30,124,858,900,0.27,185,3.6,44.400000000000006
2022,7,19,14,30,119,825,777,0.27,200,3.7,43.6
2022,7,19,15,30,108,773,610,0.27,220,3.9000000000000004,42.2
2022,7,19,16,30,124,569,392,0.27,241,4,40.2
2022,7,19,17,30,125,133,161,0.27,256,3.8000000000000003,37.9
2022,7,19,18,30,31,16,32,0.27,266,3.5,35.4
2022,7,19,19,30,0,0,0,0.27,274,3.4000000000000004,33.5
2022,7,19,20,30,0,0,0,0.27,280,3.3000000000000003,32.2
2022,7,19,21,30,0,0,0,0.27,281,2.8000000000000003,31.5
2022,7,19,22,30,0,0,0,0.27,279,2.5,30.900000000000002
2022,7,19,23,30,0,0,0,0.27,278,2.5,30.400000000000002
2022,7,20,0,30,0,0,0,0.27,279,2.5,29.900000000000002
2022,7,20,1,30,0,0,0,0.27,283,2.1,29.3
2022,7,20,2,30,0,0,0,0.27,286,1.6,28.700000000000003
2022,7,20,3,30,0,0,0,0.27,287,1.4000000000000001,28.200000000000003
2022,7,20,4,30,0,0,0,0.27,287,1.6,28.8
2022,7,20,5,30,51,49,57,0.27,287,2,31.1
2022,7,20,6,30,136,241,214,0.27,263,1.7000000000000002,34.4
2022,7,20,7,30,201,339,376,0.27,209,1.6,37.300000000000004
2022,7,20,8,30,239,458,554,0.27,182,2.1,39.5
2022,7,20,9,30,265,521,696,0.27,191,2.4000000000000004,41.300000000000004
2022,7,20,10,30,293,541,792,0.27,207,2.5,42.7
2022,7,20,11,30,290,561,834,0.27,221,2.6,43.7
2022,7,20,12,30,224,696,894,0.27,223,2.8000000000000003,44.2
2022,7,20,13,30,118,874,908,0.27,223,3.3000000000000003,44.2
2022,7,20,14,30,114,842,785,0.27,228,3.7,43.6
2022,7,20,15,30,104,789,616,0.27,238,4.1000000000000005,42.300000000000004
2022,7,20,16,30,89,700,418,0.27,248,4.3,40.2
2022,7,20,17,30,97,295,177,0.27,258,4.2,37.4
2022,7,20,18,30,26,192,40,0.27,267,3.9000000000000004,34.300000000000004
2022,7,20,19,30,0,0,0,0.27,278,3.7,32.1
2022,7,20,20,30,0,0,0,0.27,284,3.6,31.1
2022,7,20,21,30,0,0,0,0.27,283,3.2,30.700000000000003
2022,7,20,22,30,0,0,0,0.27,282,2.8000000000000003,30.400000000000002
2022,7,20,23,30,0,0,0,0.27,283,2.5,30.1
2022,7,21,0,30,0,0,0,0.27,284,2.3000000000000003,29.8
2022,7,21,1,30,0,0,0,0.27,286,2,29.400000000000002
2022,7,21,2,30,0,0,0,0.27,288,1.7000000000000002,29
2022,7,21,3,30,0,0,0,0.27,290,1.4000000000000001,28.700000000000003
2022,7,21,4,30,0,0,0,0.27,293,1.5,29.400000000000002
2022,7,21,5,30,53,17,55,0.27,295,2,31.700000000000003
2022,7,21,6,30,73,583,260,0.27,297,2,35
2022,7,21,7,30,187,408,397,0.27,284,1.7000000000000002,38.2
2022,7,21,8,30,180,630,613,0.27,250,1.6,40.7
2022,7,21,9,30,126,833,814,0.27,212,1.8,42.7
2022,7,21,10,30,113,896,939,0.27,188,2.1,44.2
2022,7,21,11,30,114,909,994,0.27,179,2.5,45.1
2022,7,21,12,30,115,905,986,0.27,180,2.7,45.5
2022,7,21,13,30,212,706,850,0.27,187,2.8000000000000003,45.400000000000006
2022,7,21,14,30,131,815,780,0.27,197,2.9000000000000004,44.800000000000004
2022,7,21,15,30,284,234,436,0.27,209,3,43.7
2022,7,21,16,30,212,83,251,0.27,222,3.2,41.800000000000004
2022,7,21,17,30,125,121,158,0.27,235,3,39
2022,7,21,18,30,27,138,37,0.27,250,2.8000000000000003,35.7
2022,7,21,19,30,0,0,0,0.27,267,3.1,33.1
2022,7,21,20,30,0,0,0,0.27,281,3.4000000000000004,31.3
2022,7,21,21,30,0,0,0,0.27,289,3.3000000000000003,30
2022,7,21,22,30,0,0,0,0.27,291,3,29.400000000000002
2022,7,21,23,30,0,0,0,0.27,291,2.6,29.1
2022,7,22,0,30,0,0,0,0.27,291,2.2,28.900000000000002
2022,7,22,1,30,0,0,0,0.27,290,2,28.700000000000003
2022,7,22,2,30,0,0,0,0.27,290,1.9000000000000001,28.5
2022,7,22,3,30,0,0,0,0.27,290,1.9000000000000001,28.200000000000003
2022,7,22,4,30,0,0,0,0.27,290,2.1,28.700000000000003
2022,7,22,5,30,48,78,57,0.27,294,2.3000000000000003,30.900000000000002
2022,7,22,6,30,144,103,177,0.27,160,1.5,34
2022,7,22,7,30,149,547,430,0.27,76,1.8,36.5
2022,7,22,8,30,187,611,606,0.27,137,3.3000000000000003,38.1
2022,7,22,9,30,279,490,683,0.27,149,3.8000000000000003,39.1
2022,7,22,10,30,187,760,887,0.27,158,3.8000000000000003,39.7
2022,7,22,11,30,250,655,884,0.27,164,3.2,39.6
2022,7,22,12,30,322,499,802,0.27,241,2.3000000000000003,39.2
2022,7,22,13,30,317,469,740,0.27,319,2.3000000000000003,39.1
2022,7,22,14,30,281,444,634,0.27,322,2.7,39.7
2022,7,22,15,30,256,332,471,0.27,324,2.4000000000000004,40.2
2022,7,22,16,30,93,678,410,0.27,331,1.9000000000000001,39.7
2022,7,22,17,30,68,510,206,0.27,180,1.4000000000000001,37.5
2022,7,22,18,30,26,166,37,0.27,168,1.1,35
2022,7,22,19,30,0,0,0,0.27,289,1.2000000000000002,33.2
2022,7,22,20,30,0,0,0,0.27,269,1.4000000000000001,31.700000000000003
2022,7,22,21,30,0,0,0,0.27,272,1.3,30.5
2022,7,22,22,30,0,0,0,0.27,278,1.2000000000000002,29.700000000000003
2022,7,22,23,30,0,0,0,0.27,283,1.2000000000000002,29.1
2022,7,23,0,30,0,0,0,0.27,285,1.4000000000000001,28.6
2022,7,23,1,30,0,0,0,0.27,285,1.5,28.1
2022,7,23,2,30,0,0,0,0.27,284,1.5,27.700000000000003
2022,7,23,3,30,0,0,0,0.27,285,1.3,27.200000000000003
2022,7,23,4,30,0,0,0,0.27,284,1,27.700000000000003
2022,7,23,5,30,48,79,57,0.27,277,1.1,30.3
2022,7,23,6,30,82,525,249,0.27,215,1.3,34.1
2022,7,23,7,30,233,137,303,0.27,152,1.9000000000000001,37.5
2022,7,23,8,30,290,142,387,0.27,143,2.8000000000000003,39.7
2022,7,23,9,30,273,50,314,0.27,143,3.4000000000000004,41.1
2022,7,23,10,30,283,12,294,0.27,142,3.6,42
2022,7,23,11,30,412,281,684,0.27,143,3.6,42.5
2022,7,23,12,30,334,489,804,0.27,147,3.7,42.800000000000004
2022,7,23,13,30,359,388,709,0.27,151,3.8000000000000003,42.6
2022,7,23,14,30,298,450,655,0.27,156,3.8000000000000003,42
2022,7,23,15,30,278,274,455,0.27,162,3.7,40.900000000000006
2022,7,23,16,30,217,155,289,0.27,166,3.5,39.300000000000004
2022,7,23,17,30,96,333,185,0.27,170,2.9000000000000004,37.2
2022,7,23,18,30,27,71,32,0.27,177,2.1,34.9
2022,7,23,19,30,0,0,0,0.27,187,1.3,33.1
2022,7,23,20,30,0,0,0,0.27,202,0.9,31.8
2022,7,23,21,30,0,0,0,0.27,222,0.7000000000000001,31
2022,7,23,22,30,0,0,0,0.27,243,0.6000000000000001,30.400000000000002
2022,7,23,23,30,0,0,0,0.27,264,0.6000000000000001,30
2022,7,24,0,30,0,0,0,0.27,280,0.6000000000000001,29.6
2022,7,24,1,30,0,0,0,0.27,284,0.6000000000000001,29.200000000000003
2022,7,24,2,30,0,0,0,0.27,283,0.6000000000000001,28.900000000000002
2022,7,24,3,30,0,0,0,0.27,281,0.5,28.700000000000003
2022,7,24,4,30,0,0,0,0.27,222,0.30000000000000004,29.1
2022,7,24,5,30,42,199,65,0.27,149,0.8,30.8
2022,7,24,6,30,91,488,245,0.27,138,2,33.6
2022,7,24,7,30,121,641,448,0.27,145,2.8000000000000003,36.300000000000004
2022,7,24,8,30,141,728,639,0.27,147,3.2,38.300000000000004
2022,7,24,9,30,141,803,802,0.27,147,3.4000000000000004,39.900000000000006
2022,7,24,10,30,130,858,919,0.27,148,3.5,41.2
2022,7,24,11,30,146,851,968,0.27,150,3.7,42
2022,7,24,12,30,189,777,934,0.27,152,3.8000000000000003,42.400000000000006
2022,7,24,13,30,207,196,383,0.27,154,3.9000000000000004,42
2022,7,24,14,30,263,52,304,0.27,155,3.9000000000000004,41
2022,7,24,15,30,292,264,462,0.27,152,3.6,39.800000000000004
2022,7,24,16,30,188,376,363,0.27,143,3.2,38.2
2022,7,24,17,30,110,268,181,0.27,129,2.7,36.1
2022,7,24,18,30,23,46,26,0.27,121,2.4000000000000004,33.9
2022,7,24,19,30,0,0,0,0.27,125,2.2,32.300000000000004
2022,7,24,20,30,0,0,0,0.27,134,2.2,31.400000000000002
2022,7,24,21,30,0,0,0,0.27,142,2,30.700000000000003
2022,7,24,22,30,0,0,0,0.27,145,1.8,30.1
2022,7,24,23,30,0,0,0,0.27,147,1.6,29.6
2022,7,25,0,30,0,0,0,0.27,151,1.4000000000000001,29.200000000000003
2022,7,25,1,30,0,0,0,0.27,157,1.4000000000000001,28.900000000000002
2022,7,25,2,30,0,0,0,0.27,163,1.5,28.6
2022,7,25,3,30,0,0,0,0.27,165,1.6,28.200000000000003
2022,7,25,4,30,0,0,0,0.27,164,1.6,28
2022,7,25,5,30,45,66,52,0.27,161,1.7000000000000002,28.6
2022,7,25,6,30,144,235,218,0.27,154,1.7000000000000002,29.900000000000002
2022,7,25,7,30,235,70,271,0.27,134,1.5,31.6
2022,7,25,8,30,332,106,404,0.27,100,1.3,33.6
2022,7,25,9,30,389,214,565,0.27,70,1.2000000000000002,35.4
2022,7,25,10,30,228,707,877,0.27,58,1.2000000000000002,36.9
2022,7,25,11,30,231,726,931,0.27,61,1.2000000000000002,37.9
2022,7,25,12,30,299,456,736,0.27,71,1.3,38.300000000000004
2022,7,25,13,30,90,0,90,0.27,84,1.4000000000000001,38.1
2022,7,25,14,30,87,0,87,0.27,96,1.5,37.7
2022,7,25,15,30,299,157,400,0.27,108,1.5,37.2
2022,7,25,16,30,229,153,300,0.27,120,1.6,36.4
2022,7,25,17,30,130,141,167,0.27,127,1.4000000000000001,34.800000000000004
2022,7,25,18,30,23,48,26,0.27,130,1.1,32.9
2022,7,25,19,30,0,0,0,0.27,138,0.8,31.400000000000002
2022,7,25,20,30,0,0,0,0.27,153,0.7000000000000001,30.6
2022,7,25,21,30,0,0,0,0.27,170,0.7000000000000001,30
2022,7,25,22,30,0,0,0,0.27,187,0.7000000000000001,29.5
2022,7,25,23,30,0,0,0,0.27,204,0.7000000000000001,29.1
2022,7,26,0,30,0,0,0,0.27,221,0.5,29.1
2022,7,26,1,30,0,0,0,0.27,244,0.4,29.1
2022,7,26,2,30,0,0,0,0.27,281,0.30000000000000004,29.200000000000003
2022,7,26,3,30,0,0,0,0.27,327,0.30000000000000004,29.200000000000003
2022,7,26,4,30,0,0,0,0.27,191,0.4,29.5
2022,7,26,5,30,44,119,57,0.27,67,0.5,30.700000000000003
2022,7,26,6,30,109,390,231,0.27,120,0.8,32.6
2022,7,26,7,30,151,551,431,0.27,144,1.2000000000000002,34.9
2022,7,26,8,30,199,619,621,0.27,151,1.5,37
2022,7,26,9,30,244,653,780,0.27,153,1.8,38.7
2022,7,26,10,30,190,771,897,0.27,155,2,39.800000000000004
2022,7,26,11,30,135,860,964,0.27,160,2.1,40
2022,7,26,12,30,141,849,954,0.27,171,2.1,39.7
2022,7,26,13,30,139,831,885,0.27,193,2,39.2
2022,7,26,14,30,132,797,762,0.27,222,2,38.7
2022,7,26,15,30,115,751,597,0.27,243,2.1,38.1
2022,7,26,16,30,93,673,403,0.27,250,2.2,37.4
2022,7,26,17,30,65,517,201,0.27,246,1.8,35.6
2022,7,26,18,30,23,162,33,0.27,242,1.4000000000000001,33
2022,7,26,19,30,0,0,0,0.27,247,1.2000000000000002,31
2022,7,26,20,30,0,0,0,0.27,259,1,29.700000000000003
2022,7,26,21,30,0,0,0,0.27,272,0.9,28.700000000000003
2022,7,26,22,30,0,0,0,0.27,282,0.8,27.900000000000002
2022,7,26,23,30,0,0,0,0.27,289,0.8,27.400000000000002
2022,7,27,0,30,0,0,0,0.27,294,0.8,27.200000000000003
2022,7,27,1,30,0,0,0,0.27,297,0.8,27.1
2022,7,27,2,30,0,0,0,0.27,301,0.8,27.200000000000003
2022,7,27,3,30,0,0,0,0.27,307,0.8,27.400000000000002
2022,7,27,4,30,0,0,0,0.27,314,0.7000000000000001,28.1
2022,7,27,5,30,40,178,59,0.27,328,0.9,29.900000000000002
2022,7,27,6,30,129,238,203,0.27,183,1.2000000000000002,32.5
2022,7,27,7,30,225,245,349,0.27,50,1.2000000000000002,34.800000000000004
2022,7,27,8,30,311,254,484,0.27,88,1.3,36.4
2022,7,27,9,30,349,333,622,0.27,113,1.6,37.7
2022,7,27,10,30,384,389,740,0.27,130,1.8,38.5
2022,7,27,11,30,414,163,571,0.27,142,2.1,39
2022,7,27,12,30,375,43,416,0.27,153,2.3000000000000003,39.400000000000006
2022,7,27,13,30,436,159,579,0.27,162,2.5,39.7
2022,7,27,14,30,375,102,455,0.27,169,2.6,39.800000000000004
2022,7,27,15,30,273,279,452,0.27,175,2.7,39.300000000000004
2022,7,27,16,30,197,93,240,0.27,181,2.7,38
2022,7,27,17,30,96,276,168,0.27,192,2.1,35.6
2022,7,27,18,30,23,120,30,0.27,207,1.3,32.800000000000004
2022,7,27,19,30,0,0,0,0.27,227,0.9,30.8
2022,7,27,20,30,0,0,0,0.27,249,0.8,29.6
2022,7,27,21,30,0,0,0,0.27,271,0.7000000000000001,28.8
2022,7,27,22,30,0,0,0,0.27,293,0.6000000000000001,28.3
2022,7,27,23,30,0,0,0,0.27,307,0.6000000000000001,27.900000000000002
2022,7,28,0,30,0,0,0,0.27,312,0.6000000000000001,27.700000000000003
2022,7,28,1,30,0,0,0,0.27,318,0.5,27.900000000000002
2022,7,28,2,30,0,0,0,0.27,334,0.5,28.1
2022,7,28,3,30,0,0,0,0.27,182,0.4,28.3
2022,7,28,4,30,0,0,0,0.27,32,0.4,28.900000000000002
2022,7,28,5,30,28,2,28,0.27,64,0.8,30.400000000000002
2022,7,28,6,30,144,64,164,0.27,91,1.3,32.5
2022,7,28,7,30,236,197,335,0.27,109,1.4000000000000001,34.800000000000004
2022,7,28,8,30,251,445,553,0.27,120,1.5,36.9
2022,7,28,9,30,155,774,788,0.27,123,1.7000000000000002,38.800000000000004
2022,7,28,10,30,356,385,708,0.27,122,1.9000000000000001,40.400000000000006
2022,7,28,11,30,349,36,384,0.27,121,2.2,41.5
2022,7,28,12,30,183,793,941,0.27,120,2.3000000000000003,42.1
2022,7,28,13,30,143,825,882,0.27,119,2.4000000000000004,42.300000000000004
2022,7,28,14,30,141,782,757,0.27,120,2.4000000000000004,41.900000000000006
2022,7,28,15,30,121,734,590,0.27,123,2.5,41
2022,7,28,16,30,104,632,393,0.27,130,2.5,39.5
2022,7,28,17,30,74,450,190,0.27,140,2.1,37.1
2022,7,28,18,30,22,107,28,0.27,151,1.5,34.2
2022,7,28,19,30,0,0,0,0.27,157,1,32.1
2022,7,28,20,30,0,0,0,0.27,147,0.7000000000000001,30.900000000000002
2022,7,28,21,30,0,0,0,0.27,123,0.6000000000000001,30.1
2022,7,28,22,30,0,0,0,0.27,108,0.7000000000000001,29.700000000000003
2022,7,28,23,30,0,0,0,0.27,107,1.1,29.400000000000002
2022,7,29,0,30,0,0,0,0.27,112,1.2000000000000002,29
2022,7,29,1,30,0,0,0,0.27,120,1,28.700000000000003
2022,7,29,2,30,0,0,0,0.27,127,0.8,28.3
2022,7,29,3,30,0,0,0,0.27,132,0.8,27.8
2022,7,29,4,30,0,0,0,0.27,135,1,27.700000000000003
2022,7,29,5,30,35,2,35,0.27,135,1.3,28.700000000000003
2022,7,29,6,30,141,91,169,0.27,130,1.5,30.700000000000003
2022,7,29,7,30,218,188,312,0.27,122,1.7000000000000002,32.9
2022,7,29,8,30,168,660,615,0.27,117,1.9000000000000001,34.800000000000004
2022,7,29,9,30,143,784,784,0.27,115,2,36
2022,7,29,10,30,134,838,900,0.27,114,2.1,36.7
2022,7,29,11,30,139,846,952,0.27,114,2.1,36.9
2022,7,29,12,30,145,836,943,0.27,113,2.1,36.800000000000004
2022,7,29,13,30,147,812,873,0.27,113,1.9000000000000001,36.5
2022,7,29,14,30,136,781,750,0.27,113,1.7000000000000002,36.1
2022,7,29,15,30,121,727,584,0.27,118,1.7000000000000002,35.5
2022,7,29,16,30,100,634,389,0.27,127,1.7000000000000002,34.7
2022,7,29,17,30,69,463,188,0.27,138,1.4000000000000001,33.300000000000004
2022,7,29,18,30,22,117,28,0.27,148,1,31.6
2022,7,29,19,30,0,0,0,0.27,159,0.8,30.5
2022,7,29,20,30,0,0,0,0.27,167,0.5,30
2022,7,29,21,30,0,0,0,0.27,163,0.30000000000000004,29.700000000000003
2022,7,29,22,30,0,0,0,0.27,133,0.30000000000000004,29.6
2022,7,29,23,30,0,0,0,0.27,92,0.4,29.400000000000002
2022,7,30,0,30,0,0,0,0.27,63,0.6000000000000001,29.1
2022,7,30,1,30,0,0,0,0.27,43,0.8,28.8
2022,7,30,2,30,0,0,0,0.27,32,0.8,28.5
2022,7,30,3,30,0,0,0,0.27,34,0.8,28.200000000000003
2022,7,30,4,30,0,0,0,0.27,47,0.8,28.1
2022,7,30,5,30,39,69,46,0.27,64,1,28.6
2022,7,30,6,30,90,447,226,0.27,77,1.3,29.5
2022,7,30,7,30,191,320,351,0.27,96,1.5,30.5
2022,7,30,8,30,290,163,400,0.27,121,1.5,31.6
2022,7,30,9,30,166,724,757,0.27,142,1.3,32.9
2022,7,30,10,30,140,827,895,0.27,148,0.9,34.2
2022,7,30,11,30,143,840,949,0.27,83,0.6000000000000001,35.2
2022,7,30,12,30,239,659,867,0.27,19,0.5,35.800000000000004
2022,7,30,13,30,327,450,729,0.27,37,0.4,36.1
2022,7,30,14,30,251,551,684,0.27,102,0.4,36.4
2022,7,30,15,30,137,680,569,0.27,158,0.7000000000000001,36.300000000000004
2022,7,30,16,30,196,251,310,0.27,171,1.1,35.800000000000004
2022,7,30,17,30,57,4,58,0.27,183,1.2000000000000002,34.5
2022,7,30,18,30,21,23,22,0.27,196,1,32.6
2022,7,30,19,30,0,0,0,0.27,209,0.9,31.200000000000003
2022,7,30,20,30,0,0,0,0.27,223,0.8,30.400000000000002
2022,7,30,21,30,0,0,0,0.27,237,0.6000000000000001,29.8
2022,7,30,22,30,0,0,0,0.27,247,0.5,29.3
2022,7,30,23,30,0,0,0,0.27,254,0.5,28.8
2022,7,31,0,30,0,0,0,0.27,256,0.6000000000000001,28.400000000000002
2022,7,31,1,30,0,0,0,0.27,255,0.7000000000000001,28
2022,7,31,2,30,0,0,0,0.27,256,0.8,27.3
2022,7,31,3,30,0,0,0,0.27,259,1,26.6
2022,7,31,4,30,0,0,0,0.27,265,1.1,26.1
2022,7,31,5,30,20,16,22,0.27,268,1,26.200000000000003
2022,7,31,6,30,144,52,160,0.27,211,0.7000000000000001,27
2022,7,31,7,30,251,131,316,0.27,154,1,28.200000000000003
2022,7,31,8,30,302,203,439,0.27,162,1.4000000000000001,29.6
2022,7,31,9,30,353,215,528,0.27,177,1.7000000000000002,31.400000000000002
2022,7,31,10,30,337,177,498,0.27,187,1.9000000000000001,33.2
2022,7,31,11,30,195,738,902,0.27,191,2.1,34.9
2022,7,31,12,30,185,768,916,0.27,188,2.1,36.300000000000004
2022,7,31,13,30,242,656,827,0.27,183,2.2,37.300000000000004
2022,7,31,14,30,285,61,333,0.27,180,2.3000000000000003,37.4
2022,7,31,15,30,280,172,389,0.27,185,2.4000000000000004,36.800000000000004
2022,7,31,16,30,122,582,385,0.27,287,2.1,37.4
2022,7,31,17,30,97,302,173,0.27,302,1.5,34.7
2022,7,31,18,30,19,99,24,0.27,309,0.9,31.700000000000003
2022,7,31,19,30,0,0,0,0.27,312,0.8,30
2022,7,31,20,30,0,0,0,0.27,314,0.8,29
2022,7,31,21,30,0,0,0,0.27,312,0.8,28.1
2022,7,31,22,30,0,0,0,0.27,308,0.8,27.5
2022,7,31,23,30,0,0,0,0.27,304,0.9,27
2021,8,1,0,30,0,0,0,0.27,302,0.9,26.700000000000003
2021,8,1,1,30,0,0,0,0.27,301,0.9,26.5
2021,8,1,2,30,0,0,0,0.27,304,0.8,26.3
2021,8,1,3,30,0,0,0,0.27,308,0.7000000000000001,26.400000000000002
2021,8,1,4,30,0,0,0,0.27,313,0.6000000000000001,27.1
2021,8,1,5,30,36,219,57,0.27,316,0.9,29.700000000000003
2021,8,1,6,30,78,542,241,0.27,169,1,33.2
2021,8,1,7,30,104,694,449,0.27,49,1,36.300000000000004
2021,8,1,8,30,121,779,645,0.27,89,1.3,38.7
2021,8,1,9,30,134,827,806,0.27,108,1.5,40.300000000000004
2021,8,1,10,30,141,852,917,0.27,121,1.7000000000000002,41.400000000000006
2021,8,1,11,30,148,860,971,0.27,133,1.9000000000000001,42.2
2021,8,1,12,30,143,864,964,0.27,146,2,42.5
2021,8,1,13,30,132,857,895,0.27,172,2,42.6
2021,8,1,14,30,127,822,769,0.27,213,2.1,42
2021,8,1,15,30,116,761,596,0.27,245,2.3000000000000003,41
2021,8,1,16,30,100,655,394,0.27,255,2.5,39.300000000000004
2021,8,1,17,30,70,470,187,0.27,256,2.1,36.7
2021,8,1,18,30,18,105,23,0.27,260,1.5,33.800000000000004
2021,8,1,19,30,0,0,0,0.27,272,1.4000000000000001,31.8
2021,8,1,20,30,0,0,0,0.27,284,1.5,30.6
2021,8,1,21,30,0,0,0,0.27,291,1.6,29.900000000000002
2021,8,1,22,30,0,0,0,0.27,295,1.7000000000000002,29.400000000000002
2021,8,1,23,30,0,0,0,0.27,296,1.6,28.700000000000003
2021,8,2,0,30,0,0,0,0.27,298,1.5,28.1
2021,8,2,1,30,0,0,0,0.27,300,1.3,27.8
2021,8,2,2,30,0,0,0,0.27,304,1.2000000000000002,27.6
2021,8,2,3,30,0,0,0,0.27,307,1.1,27.5
2021,8,2,4,30,0,0,0,0.27,311,1,28.200000000000003
2021,8,2,5,30,33,282,59,0.27,315,1.2000000000000002,31
2021,8,2,6,30,68,597,246,0.27,328,1.3,35
2021,8,2,7,30,90,745,459,0.27,189,1.1,38.400000000000006
2021,8,2,8,30,104,826,658,0.27,56,1.1,40.800000000000004
2021,8,2,9,30,112,877,824,0.27,80,1.3,42.5
2021,8,2,10,30,114,908,939,0.27,92,1.5,43.7
2021,8,2,11,30,116,919,994,0.27,98,1.7000000000000002,44.6
2021,8,2,12,30,116,916,985,0.27,100,1.8,45
2021,8,2,13,30,112,900,912,0.27,100,2,44.900000000000006
2021,8,2,14,30,107,868,784,0.27,100,2,44.300000000000004
2021,8,2,15,30,98,813,609,0.27,101,1.9000000000000001,43.2
2021,8,2,16,30,82,720,404,0.27,185,1.8,41.300000000000004
2021,8,2,17,30,60,545,194,0.27,273,1.6,38.2
2021,8,2,18,30,18,144,24,0.27,282,1.3,34.7
2021,8,2,19,30,0,0,0,0.27,287,1.1,32.4
2021,8,2,20,30,0,0,0,0.27,291,1.1,31.1
2021,8,2,21,30,0,0,0,0.27,293,1.2000000000000002,30.200000000000003
2021,8,2,22,30,0,0,0,0.27,294,1.3,29.6
2021,8,2,23,30,0,0,0,0.27,295,1.4000000000000001,29.3
2021,8,3,0,30,0,0,0,0.27,297,1.4000000000000001,29.1
2021,8,3,1,30,0,0,0,0.27,300,1.4000000000000001,28.8
2021,8,3,2,30,0,0,0,0.27,304,1.3,28.700000000000003
2021,8,3,3,30,0,0,0,0.27,309,1.3,28.700000000000003
2021,8,3,4,30,0,0,0,0.27,315,1.2000000000000002,29.3
2021,8,3,5,30,31,279,57,0.27,320,1.4000000000000001,32.300000000000004
2021,8,3,6,30,63,617,246,0.27,335,1.6,36.4
2021,8,3,7,30,83,757,457,0.27,184,1.4000000000000001,39.800000000000004
2021,8,3,8,30,97,831,653,0.27,35,1.4000000000000001,42.2
2021,8,3,9,30,107,873,815,0.27,59,1.5,43.800000000000004
2021,8,3,10,30,115,894,926,0.27,80,1.6,45
2021,8,3,11,30,119,901,979,0.27,96,1.8,45.800000000000004
2021,8,3,12,30,117,900,970,0.27,108,2,46.1
2021,8,3,13,30,112,888,900,0.27,117,2.2,46.1
2021,8,3,14,30,107,857,774,0.27,123,2.3000000000000003,45.6
2021,8,3,15,30,97,804,601,0.27,132,2.2,44.5
2021,8,3,16,30,82,713,399,0.27,155,2,42.7
2021,8,3,17,30,58,539,189,0.27,198,1.6,39.7
2021,8,3,18,30,18,138,23,0.27,243,1.2000000000000002,36.2
2021,8,3,19,30,0,0,0,0.27,268,1.1,33.800000000000004
2021,8,3,20,30,0,0,0,0.27,281,1.1,32.300000000000004
2021,8,3,21,30,0,0,0,0.27,287,1.1,31.400000000000002
2021,8,3,22,30,0,0,0,0.27,290,1.2000000000000002,30.8
2021,8,3,23,30,0,0,0,0.27,291,1.3,30.400000000000002
2021,8,4,0,30,0,0,0,0.27,291,1.2000000000000002,30.200000000000003
2021,8,4,1,30,0,0,0,0.27,293,1.2000000000000002,30.1
2021,8,4,2,30,0,0,0,0.27,297,1.1,30
2021,8,4,3,30,0,0,0,0.27,303,1.1,30
2021,8,4,4,30,0,0,0,0.27,311,1.1,30.6
2021,8,4,5,30,32,233,53,0.27,320,1.4000000000000001,33.5
2021,8,4,6,30,66,595,241,0.27,335,1.8,37.6
2021,8,4,7,30,87,741,452,0.27,176,1.9000000000000001,41
2021,8,4,8,30,102,819,649,0.27,13,1.7000000000000002,43.5
2021,8,4,9,30,112,865,812,0.27,28,1.5,45.2
2021,8,4,10,30,118,890,925,0.27,49,1.5,46.400000000000006
2021,8,4,11,30,122,898,978,0.27,78,1.6,47.1
2021,8,4,12,30,128,887,967,0.27,104,1.9000000000000001,47.400000000000006
2021,8,4,13,30,130,860,892,0.27,124,2.1,47.2
2021,8,4,14,30,126,820,762,0.27,144,2.2,46.400000000000006
2021,8,4,15,30,115,756,587,0.27,179,2.2,45.1
2021,8,4,16,30,96,654,385,0.27,223,2.3000000000000003,43.2
2021,8,4,17,30,65,474,179,0.27,253,2.1,40.1
2021,8,4,18,30,16,103,20,0.27,268,1.7000000000000002,36.9
2021,8,4,19,30,0,0,0,0.27,277,1.7000000000000002,34.9
2021,8,4,20,30,0,0,0,0.27,284,1.8,33.800000000000004
2021,8,4,21,30,0,0,0,0.27,288,1.9000000000000001,32.9
2021,8,4,22,30,0,0,0,0.27,290,1.9000000000000001,32.2
2021,8,4,23,30,0,0,0,0.27,290,1.8,31.700000000000003
2021,8,5,0,30,0,0,0,0.27,288,1.6,31.1
2021,8,5,1,30,0,0,0,0.27,287,1.5,30.700000000000003
2021,8,5,2,30,0,0,0,0.27,287,1.4000000000000001,30.400000000000002
2021,8,5,3,30,0,0,0,0.27,287,1.3,30.3
2021,8,5,4,30,0,0,0,0.27,287,1.3,30.8
2021,8,5,5,30,35,150,48,0.27,287,1.5,33.5
2021,8,5,6,30,70,570,237,0.27,282,2.1,37.4
2021,8,5,7,30,93,721,447,0.27,264,2.3000000000000003,40.400000000000006
2021,8,5,8,30,109,805,645,0.27,238,2.6,42.6
2021,8,5,9,30,117,855,808,0.27,218,2.9000000000000004,44.2
2021,8,5,10,30,123,884,923,0.27,209,3.3000000000000003,45.400000000000006
2021,8,5,11,30,125,896,978,0.27,208,3.6,46
2021,8,5,12,30,124,898,972,0.27,211,3.8000000000000003,46.1
2021,8,5,13,30,116,890,903,0.27,216,4,45.7
2021,8,5,14,30,109,862,776,0.27,224,4,44.900000000000006
2021,8,5,15,30,97,813,603,0.27,233,4,43.6
2021,8,5,16,30,80,726,399,0.27,242,3.6,41.7
2021,8,5,17,30,56,555,188,0.27,253,2.4000000000000004,38.400000000000006
2021,8,5,18,30,16,142,21,0.27,262,1.3,34.9
2021,8,5,19,30,0,0,0,0.27,269,1.1,32.7
2021,8,5,20,30,0,0,0,0.27,270,1,31.400000000000002
2021,8,5,21,30,0,0,0,0.27,269,1,30.400000000000002
2021,8,5,22,30,0,0,0,0.27,271,1,29.6
2021,8,5,23,30,0,0,0,0.27,274,1,28.8
2021,8,6,0,30,0,0,0,0.27,277,1,28.200000000000003
2021,8,6,1,30,0,0,0,0.27,278,1.1,27.6
2021,8,6,2,30,0,0,0,0.27,280,1.1,27.1
2021,8,6,3,30,0,0,0,0.27,282,1,26.900000000000002
2021,8,6,4,30,0,0,0,0.27,285,1,27.400000000000002
2021,8,6,5,30,30,268,53,0.27,287,1.2000000000000002,30
2021,8,6,6,30,55,676,251,0.27,269,1.4000000000000001,33.9
2021,8,6,7,30,72,811,468,0.27,219,1.7000000000000002,37.4
2021,8,6,8,30,83,883,670,0.27,185,2.5,40.1
2021,8,6,9,30,95,919,836,0.27,184,3,41.800000000000004
2021,8,6,10,30,105,935,950,0.27,186,3.4000000000000004,43.1
2021,8,6,11,30,108,945,1006,0.27,189,3.7,43.900000000000006
2021,8,6,12,30,110,941,998,0.27,194,3.9000000000000004,44.2
2021,8,6,13,30,109,924,924,0.27,202,4.1000000000000005,44
2021,8,6,14,30,102,897,795,0.27,210,4.1000000000000005,43.2
2021,8,6,15,30,90,851,618,0.27,217,4,41.800000000000004
2021,8,6,16,30,74,768,410,0.27,223,3.6,39.800000000000004
2021,8,6,17,30,53,602,194,0.27,229,2.4000000000000004,36.1
2021,8,6,18,30,14,148,19,0.27,237,1.4000000000000001,32.2
2021,8,6,19,30,0,0,0,0.27,247,1.1,29.900000000000002
2021,8,6,20,30,0,0,0,0.27,260,0.9,28.400000000000002
2021,8,6,21,30,0,0,0,0.27,274,0.8,27.200000000000003
2021,8,6,22,30,0,0,0,0.27,287,0.8,26.200000000000003
2021,8,6,23,30,0,0,0,0.27,295,0.9,25.400000000000002
2021,8,7,0,30,0,0,0,0.27,299,1,24.900000000000002
2021,8,7,1,30,0,0,0,0.27,302,1.1,24.700000000000003
2021,8,7,2,30,0,0,0,0.27,305,1.1,24.700000000000003
2021,8,7,3,30,0,0,0,0.27,309,1,25.1
2021,8,7,4,30,0,0,0,0.27,315,0.8,26.1
2021,8,7,5,30,30,293,54,0.27,329,0.6000000000000001,28.700000000000003
2021,8,7,6,30,55,715,261,0.27,225,0.7000000000000001,32.300000000000004
2021,8,7,7,30,71,853,486,0.27,134,1.4000000000000001,35.800000000000004
2021,8,7,8,30,81,925,694,0.27,164,2.1,38.6
2021,8,7,9,30,92,957,862,0.27,176,2.5,40.6
2021,8,7,10,30,103,970,978,0.27,184,2.7,42
2021,8,7,11,30,106,979,1035,0.27,191,3,43
2021,8,7,12,30,109,967,1020,0.27,199,3.2,43.400000000000006
2021,8,7,13,30,110,945,942,0.27,207,3.4000000000000004,43.400000000000006
2021,8,7,14,30,105,912,807,0.27,216,3.5,42.7
2021,8,7,15,30,93,857,623,0.27,225,3.6,41.400000000000006
2021,8,7,16,30,77,768,411,0.28,233,3.3000000000000003,39.2
2021,8,7,17,30,54,592,191,0.28,240,2.3000000000000003,35.5
2021,8,7,18,30,14,138,18,0.28,249,1.6,31.5
2021,8,7,19,30,0,0,0,0.28,262,1.4000000000000001,29.200000000000003
2021,8,7,20,30,0,0,0,0.28,271,1.2000000000000002,27.700000000000003
2021,8,7,21,30,0,0,0,0.28,276,1.2000000000000002,26.700000000000003
2021,8,7,22,30,0,0,0,0.28,278,1.2000000000000002,26.1
2021,8,7,23,30,0,0,0,0.28,281,1.2000000000000002,25.700000000000003
2021,8,8,0,30,0,0,0,0.28,284,1.2000000000000002,25.400000000000002
2021,8,8,1,30,0,0,0,0.28,285,1.2000000000000002,25.200000000000003
2021,8,8,2,30,0,0,0,0.28,286,1.2000000000000002,25
2021,8,8,3,30,0,0,0,0.28,285,1.1,24.900000000000002
2021,8,8,4,30,0,0,0,0.28,284,1,25.5
2021,8,8,5,30,31,213,48,0.28,281,1.1,28.5
2021,8,8,6,30,55,690,253,0.28,265,1.3,32.800000000000004
2021,8,8,7,30,72,827,473,0.28,225,1.6,36.5
2021,8,8,8,30,84,895,676,0.28,202,2.1,39.300000000000004
2021,8,8,9,30,101,916,837,0.28,206,2.7,41.1
2021,8,8,10,30,121,914,944,0.28,208,3.1,42.2
2021,8,8,11,30,127,916,995,0.28,211,3.4000000000000004,42.800000000000004
2021,8,8,12,30,127,909,981,0.28,216,3.5,42.900000000000006
2021,8,8,13,30,121,893,906,0.28,224,3.5,42.7
2021,8,8,14,30,112,862,774,0.28,233,3.5,42
2021,8,8,15,30,98,809,596,0.28,242,3.3000000000000003,40.900000000000006
2021,8,8,16,30,81,716,390,0.28,247,2.9000000000000004,39.2
2021,8,8,17,30,56,535,178,0.28,248,1.9000000000000001,36.1
2021,8,8,18,30,13,108,16,0.28,246,1.3,32.7
2021,8,8,19,30,0,0,0,0.28,241,1.3,30.700000000000003
2021,8,8,20,30,0,0,0,0.28,234,1.3,29.3
2021,8,8,21,30,0,0,0,0.28,238,1.3,28
2021,8,8,22,30,0,0,0,0.28,253,1.2000000000000002,27.1
2021,8,8,23,30,0,0,0,0.28,266,1,26.5
2021,8,9,0,30,0,0,0,0.28,276,0.9,26.200000000000003
2021,8,9,1,30,0,0,0,0.28,283,0.9,26.1
2021,8,9,2,30,0,0,0,0.28,289,0.9,26
2021,8,9,3,30,0,0,0,0.28,297,0.9,26
2021,8,9,4,30,0,0,0,0.28,309,0.8,26.5
2021,8,9,5,30,30,182,44,0.28,331,0.8,28.8
2021,8,9,6,30,66,581,231,0.28,204,0.9,32.5
2021,8,9,7,30,89,731,442,0.28,82,1.1,35.9
2021,8,9,8,30,105,812,641,0.28,112,1.5,38.5
2021,8,9,9,30,112,866,806,0.28,124,1.9000000000000001,40.400000000000006
2021,8,9,10,30,114,900,923,0.28,130,2.2,41.800000000000004
2021,8,9,11,30,119,906,976,0.28,135,2.5,42.6
2021,8,9,12,30,129,888,962,0.28,141,2.8000000000000003,43.1
2021,8,9,13,30,244,408,602,0.28,150,3,43
2021,8,9,14,30,228,29,250,0.28,159,3.1,42.400000000000006
2021,8,9,15,30,120,742,575,0.28,169,3.3000000000000003,41.2
2021,8,9,16,30,101,628,370,0.27,178,3.4000000000000004,39.400000000000006
2021,8,9,17,30,67,424,163,0.27,188,2.8000000000000003,36.5
2021,8,9,18,30,11,48,12,0.27,204,1.9000000000000001,33.4
2021,8,9,19,30,0,0,0,0.27,220,1.5,31.5
2021,8,9,20,30,0,0,0,0.27,235,1.1,30.400000000000002
2021,8,9,21,30,0,0,0,0.27,248,0.8,29.6
2021,8,9,22,30,0,0,0,0.27,262,0.7000000000000001,29.200000000000003
2021,8,9,23,30,0,0,0,0.27,274,0.7000000000000001,29
2021,8,10,0,30,0,0,0,0.27,283,0.7000000000000001,29
2021,8,10,1,30,0,0,0,0.27,288,0.7000000000000001,28.900000000000002
2021,8,10,2,30,0,0,0,0.27,291,0.7000000000000001,28.900000000000002
2021,8,10,3,30,0,0,0,0.27,294,0.7000000000000001,28.900000000000002
2021,8,10,4,30,0,0,0,0.27,299,0.6000000000000001,29.3
2021,8,10,5,30,29,144,40,0.27,308,0.7000000000000001,30.8
2021,8,10,6,30,98,392,209,0.27,207,0.8,33.5
2021,8,10,7,30,121,612,416,0.27,109,1.2000000000000002,36.2
2021,8,10,8,30,147,702,609,0.27,124,1.7000000000000002,38.1
2021,8,10,9,30,208,686,757,0.27,131,2.1,39.5
2021,8,10,10,30,152,816,885,0.27,137,2.3000000000000003,40.400000000000006
2021,8,10,11,30,291,596,854,0.27,141,2.4000000000000004,40.900000000000006
2021,8,10,12,30,301,551,817,0.27,148,2.3000000000000003,41
2021,8,10,13,30,396,169,544,0.27,157,2.3000000000000003,41
2021,8,10,14,30,186,681,706,0.27,166,2.3000000000000003,40.7
2021,8,10,15,30,155,636,543,0.27,173,2.3000000000000003,39.900000000000006
2021,8,10,16,30,94,627,361,0.27,179,2.4000000000000004,38.7
2021,8,10,17,30,63,427,158,0.27,182,2.1,36.5
2021,8,10,18,30,10,11,10,0.27,185,1.6,34.2
2021,8,10,19,30,0,0,0,0.27,191,1.4000000000000001,32.7
2021,8,10,20,30,0,0,0,0.27,198,1.4000000000000001,31.8
2021,8,10,21,30,0,0,0,0.27,204,1.3,31
2021,8,10,22,30,0,0,0,0.27,209,1.2000000000000002,30.400000000000002
2021,8,10,23,30,0,0,0,0.27,214,1.1,30.1
2021,8,11,0,30,0,0,0,0.27,221,1,29.8
2021,8,11,1,30,0,0,0,0.27,225,0.7000000000000001,29.5
2021,8,11,2,30,0,0,0,0.27,218,0.5,29.3
2021,8,11,3,30,0,0,0,0.27,190,0.4,29.3
2021,8,11,4,30,0,0,0,0.27,160,0.6000000000000001,29.5
2021,8,11,5,30,27,51,31,0.27,162,0.9,30
2021,8,11,6,30,113,74,134,0.27,219,0.8,31.1
2021,8,11,7,30,193,391,381,0.27,269,0.8,32.7
2021,8,11,8,30,171,644,594,0.27,197,1.1,34.6
2021,8,11,9,30,311,413,641,0.27,125,1.6,36.6
2021,8,11,10,30,280,28,305,0.27,133,2.2,37.9
2021,8,11,11,30,298,10,307,0.27,143,2.6,38.7
2021,8,11,12,30,364,66,426,0.27,152,2.8000000000000003,39.1
2021,8,11,13,30,458,182,617,0.27,161,2.7,39
2021,8,11,14,30,332,228,506,0.27,170,2.5,38.7
2021,8,11,15,30,287,160,384,0.27,178,2.3000000000000003,38.1
2021,8,11,16,30,175,329,314,0.27,185,2.3000000000000003,37
2021,8,11,17,30,93,187,134,0.27,193,2.3000000000000003,35
2021,8,11,18,30,8,33,9,0.27,208,2,32.7
2021,8,11,19,30,0,0,0,0.27,229,1.7000000000000002,31.200000000000003
2021,8,11,20,30,0,0,0,0.27,247,1.6,30.200000000000003
2021,8,11,21,30,0,0,0,0.27,258,1.6,29.400000000000002
2021,8,11,22,30,0,0,0,0.27,264,1.7000000000000002,28.8
2021,8,11,23,30,0,0,0,0.27,269,1.9000000000000001,28.3
2021,8,12,0,30,0,0,0,0.27,273,1.8,27.700000000000003
2021,8,12,1,30,0,0,0,0.27,279,1.5,27.200000000000003
2021,8,12,2,30,0,0,0,0.27,283,1.1,26.700000000000003
2021,8,12,3,30,0,0,0,0.27,287,0.8,26.3
2021,8,12,4,30,0,0,0,0.27,291,0.8,26.6
2021,8,12,5,30,27,112,35,0.27,297,1.1,28.6
2021,8,12,6,30,92,403,204,0.27,174,1.3,31.900000000000002
2021,8,12,7,30,134,568,406,0.27,67,1.3,34.6
2021,8,12,8,30,165,660,597,0.27,91,1.4000000000000001,36.5
2021,8,12,9,30,317,422,653,0.27,97,1.5,38.1
2021,8,12,10,30,321,530,795,0.27,101,1.6,39.6
2021,8,12,11,30,347,484,803,0.27,105,1.8,40.800000000000004
2021,8,12,12,30,184,786,917,0.27,106,2,41.5
2021,8,12,13,30,158,797,852,0.27,105,2.1,41.7
2021,8,12,14,30,150,755,723,0.27,106,2.2,41.300000000000004
2021,8,12,15,30,138,678,548,0.27,115,2.3000000000000003,40.300000000000004
2021,8,12,16,30,115,553,347,0.27,136,2.3000000000000003,38.6
2021,8,12,17,30,72,352,148,0.27,181,2.1,36.1
2021,8,12,18,30,8,33,8,0.27,226,1.8,33.6
2021,8,12,19,30,0,0,0,0.27,253,1.6,31.700000000000003
2021,8,12,20,30,0,0,0,0.27,269,1.7000000000000002,30.5
2021,8,12,21,30,0,0,0,0.27,280,1.8,29.5
2021,8,12,22,30,0,0,0,0.27,287,2.1,28.700000000000003
2021,8,12,23,30,0,0,0,0.27,291,2.3000000000000003,28
2021,8,13,0,30,0,0,0,0.27,291,2.3000000000000003,27.1
2021,8,13,1,30,0,0,0,0.27,291,2.2,26.5
2021,8,13,2,30,0,0,0,0.27,290,1.9000000000000001,26
2021,8,13,3,30,0,0,0,0.27,290,1.6,25.6
2021,8,13,4,30,0,0,0,0.27,289,1.5,25.700000000000003
2021,8,13,5,30,26,154,37,0.27,289,1.8,27.700000000000003
2021,8,13,6,30,82,470,212,0.27,298,2,30.900000000000002
2021,8,13,7,30,119,632,420,0.27,157,1.5,34.1
2021,8,13,8,30,143,722,615,0.27,50,1.2000000000000002,36.7
2021,8,13,9,30,153,788,780,0.27,100,1.5,38.6
2021,8,13,10,30,153,833,897,0.27,109,1.8,40.2
2021,8,13,11,30,157,844,950,0.27,113,2,41.300000000000004
2021,8,13,12,30,162,833,938,0.27,115,2.1,41.900000000000006
2021,8,13,13,30,163,804,861,0.27,114,2.1,41.900000000000006
2021,8,13,14,30,152,764,730,0.27,113,2.1,41.300000000000004
2021,8,13,15,30,135,696,554,0.27,114,2,40.300000000000004
2021,8,13,16,30,109,580,351,0.24,140,1.8,38.5
2021,8,13,17,30,69,371,148,0.24,198,1.7000000000000002,35.800000000000004
2021,8,13,18,30,8,34,8,0.24,245,1.7000000000000002,32.9
2021,8,13,19,30,0,0,0,0.24,266,1.6,31
2021,8,13,20,30,0,0,0,0.24,280,1.6,29.700000000000003
2021,8,13,21,30,0,0,0,0.24,288,1.7000000000000002,28.900000000000002
2021,8,13,22,30,0,0,0,0.24,293,1.8,28.3
2021,8,13,23,30,0,0,0,0.24,296,1.8,27.700000000000003
2021,8,14,0,30,0,0,0,0.24,298,1.5,27.1
2021,8,14,1,30,0,0,0,0.24,299,1.3,26.6
2021,8,14,2,30,0,0,0,0.24,300,1.1,26.3
2021,8,14,3,30,0,0,0,0.24,302,0.9,26.200000000000003
2021,8,14,4,30,0,0,0,0.24,307,0.7000000000000001,26.8
2021,8,14,5,30,27,111,34,0.24,330,0.7000000000000001,28.700000000000003
2021,8,14,6,30,95,377,198,0.24,221,1.3,31.700000000000003
2021,8,14,7,30,221,188,310,0.24,103,2,34.1
2021,8,14,8,30,291,196,419,0.24,126,2,35.7
2021,8,14,9,30,363,250,561,0.24,138,1.7000000000000002,37.1
2021,8,14,10,30,351,42,388,0.24,136,1.4000000000000001,38.6
2021,8,14,11,30,339,225,550,0.24,127,1.2000000000000002,39.800000000000004
2021,8,14,12,30,364,416,750,0.24,116,1.1,40.7
2021,8,14,13,30,155,5,159,0.24,107,1.2000000000000002,41.1
2021,8,14,14,30,274,33,299,0.24,106,1.4000000000000001,40.900000000000006
2021,8,14,15,30,196,507,500,0.24,114,1.6,40.1
2021,8,14,16,30,124,507,334,0.24,129,1.8,38.6
2021,8,14,17,30,77,286,137,0.24,155,1.8,36.6
2021,8,14,18,30,6,16,6,0.24,194,1.7000000000000002,34.4
2021,8,14,19,30,0,0,0,0.24,227,1.7000000000000002,33
2021,8,14,20,30,0,0,0,0.24,246,1.5,31.900000000000002
2021,8,14,21,30,0,0,0,0.24,259,1.2000000000000002,31.1
2021,8,14,22,30,0,0,0,0.24,271,1.1,30.6
2021,8,14,23,30,0,0,0,0.24,281,0.8,30.1
2021,8,15,0,30,0,0,0,0.24,288,0.6000000000000001,29.700000000000003
2021,8,15,1,30,0,0,0,0.24,293,0.6000000000000001,29.3
2021,8,15,2,30,0,0,0,0.24,300,0.6000000000000001,29
2021,8,15,3,30,0,0,0,0.24,321,0.5,29.1
2021,8,15,4,30,0,0,0,0.24,186,0.6000000000000001,29.400000000000002
2021,8,15,5,30,24,88,30,0.24,43,1.2000000000000002,30.6
2021,8,15,6,30,91,385,196,0.24,46,1.9000000000000001,32.5
2021,8,15,7,30,158,461,376,0.24,38,1.9000000000000001,34.800000000000004
2021,8,15,8,30,259,391,513,0.24,54,1.8,37.1
2021,8,15,9,30,274,496,667,0.24,96,1.7000000000000002,39
2021,8,15,10,30,161,810,882,0.24,125,2,40.5
2021,8,15,11,30,185,784,919,0.24,131,2.6,41.7
2021,8,15,12,30,126,872,934,0.24,133,2.8000000000000003,42.300000000000004
2021,8,15,13,30,125,851,860,0.24,134,2.9000000000000004,42.5
2021,8,15,14,30,119,810,728,0.24,136,2.9000000000000004,42.1
2021,8,15,15,30,109,740,551,0.24,140,2.9000000000000004,41
2021,8,15,16,30,92,622,347,0.24,151,2.7,39.300000000000004
2021,8,15,17,30,68,340,138,0.24,170,2.2,36.800000000000004
2021,8,15,18,30,6,28,6,0.24,194,1.5,34.4
2021,8,15,19,30,0,0,0,0.24,212,1.1,33
2021,8,15,20,30,0,0,0,0.24,223,0.9,32.1
2021,8,15,21,30,0,0,0,0.24,230,0.8,31.5
2021,8,15,22,30,0,0,0,0.24,233,0.7000000000000001,31.200000000000003
2021,8,15,23,30,0,0,0,0.24,233,0.7000000000000001,31
2021,8,16,0,30,0,0,0,0.24,233,0.7000000000000001,30.700000000000003
2021,8,16,1,30,0,0,0,0.24,235,0.7000000000000001,30.5
2021,8,16,2,30,0,0,0,0.24,237,0.6000000000000001,30.3
2021,8,16,3,30,0,0,0,0.24,236,0.6000000000000001,30.200000000000003
2021,8,16,4,30,0,0,0,0.24,229,0.5,30.3
2021,8,16,5,30,22,67,26,0.24,192,0.7000000000000001,31.6
2021,8,16,6,30,109,281,185,0.24,149,1.2000000000000002,34
2021,8,16,7,30,190,395,376,0.24,143,1.9000000000000001,36.300000000000004
2021,8,16,8,30,254,474,561,0.24,158,2.6,38.300000000000004
2021,8,16,9,30,290,540,717,0.24,170,3.1,39.900000000000006
2021,8,16,10,30,304,586,824,0.24,172,3.1,41.2
2021,8,16,11,30,325,588,874,0.24,171,3,42.1
2021,8,16,12,30,266,660,877,0.24,170,2.9000000000000004,42.7
2021,8,16,13,30,206,713,821,0.24,174,2.9000000000000004,42.800000000000004
2021,8,16,14,30,188,676,694,0.24,180,3,42.300000000000004
2021,8,16,15,30,162,606,522,0.24,189,3.2,41.2
2021,8,16,16,30,127,487,325,0.24,197,3.4000000000000004,39.400000000000006
2021,8,16,17,30,72,285,130,0.24,206,3.1,36.7
2021,8,16,18,30,4,15,4,0.24,216,2.6,34.2
2021,8,16,19,30,0,0,0,0.24,223,2.1,32.4
2021,8,16,20,30,0,0,0,0.24,230,1.6,31.200000000000003
2021,8,16,21,30,0,0,0,0.24,239,1.4000000000000001,30.3
2021,8,16,22,30,0,0,0,0.24,246,1.3,29.6
2021,8,16,23,30,0,0,0,0.24,252,1.2000000000000002,29
2021,8,17,0,30,0,0,0,0.24,255,1.2000000000000002,28.400000000000002
2021,8,17,1,30,0,0,0,0.24,258,1.2000000000000002,27.900000000000002
2021,8,17,2,30,0,0,0,0.24,261,1.1,27.5
2021,8,17,3,30,0,0,0,0.24,262,0.9,27.200000000000003
2021,8,17,4,30,0,0,0,0.24,259,0.9,27.200000000000003
2021,8,17,5,30,20,66,24,0.24,245,1.2000000000000002,28.700000000000003
2021,8,17,6,30,101,308,184,0.24,208,1.5,31.400000000000002
2021,8,17,7,30,161,472,382,0.24,187,1.9000000000000001,34
2021,8,17,8,30,202,574,573,0.24,192,2.4000000000000004,36.2
2021,8,17,9,30,212,664,736,0.24,197,2.8000000000000003,38.2
2021,8,17,10,30,205,732,854,0.24,200,3.3000000000000003,39.5
2021,8,17,11,30,218,737,905,0.24,203,3.7,40.1
2021,8,17,12,30,223,725,892,0.24,209,4.1000000000000005,40.2
2021,8,17,13,30,217,699,818,0.24,217,4.4,39.900000000000006
2021,8,17,14,30,203,651,689,0.24,227,4.7,38.900000000000006
2021,8,17,15,30,179,573,517,0.24,237,4.800000000000001,37.300000000000004
2021,8,17,16,30,139,447,319,0.24,245,4.7,34.9
2021,8,17,17,30,73,245,122,0.24,252,4.4,32.1
2021,8,17,18,30,3,11,3,0.24,260,4.1000000000000005,29.400000000000002
2021,8,17,19,30,0,0,0,0.24,266,3.9000000000000004,27.6
2021,8,17,20,30,0,0,0,0.24,267,3.8000000000000003,26.5
2021,8,17,21,30,0,0,0,0.24,265,3.6,25.8
2021,8,17,22,30,0,0,0,0.24,264,3.5,25.3
2021,8,17,23,30,0,0,0,0.24,264,3.3000000000000003,24.900000000000002
2021,8,18,0,30,0,0,0,0.24,265,3.2,24.5
2021,8,18,1,30,0,0,0,0.24,265,3.1,24
2021,8,18,2,30,0,0,0,0.24,263,3.1,23.5
2021,8,18,3,30,0,0,0,0.24,261,3,23.1
2021,8,18,4,30,0,0,0,0.24,257,2.9000000000000004,22.8
2021,8,18,5,30,21,98,27,0.24,253,3.3000000000000003,23.5
2021,8,18,6,30,88,401,195,0.24,250,3.8000000000000003,25.6
2021,8,18,7,30,129,584,402,0.24,247,4.1000000000000005,28.1
2021,8,18,8,30,151,699,602,0.24,238,4.2,30.700000000000003
2021,8,18,9,30,154,786,773,0.24,226,4.5,33
2021,8,18,10,30,149,841,893,0.24,220,4.9,34.7
2021,8,18,11,30,151,857,948,0.24,220,5.2,35.6
2021,8,18,12,30,142,867,940,0.24,223,5.5,35.7
2021,8,18,13,30,126,867,869,0.24,225,5.800000000000001,35.2
2021,8,18,14,30,115,838,738,0.24,229,5.9,34.1
2021,8,18,15,30,104,774,559,0.24,234,5.7,32.300000000000004
2021,8,18,16,30,87,657,350,0.25,241,5.300000000000001,29.900000000000002
2021,8,18,17,30,58,424,140,0.25,248,4.6000000000000005,27.3
2021,8,18,18,30,4,24,4,0.25,257,4,25.3
2021,8,18,19,30,0,0,0,0.25,263,3.7,24.1
2021,8,18,20,30,0,0,0,0.25,267,3.4000000000000004,23.400000000000002
2021,8,18,21,30,0,0,0,0.25,268,3.2,23
2021,8,18,22,30,0,0,0,0.25,265,2.8000000000000003,22.6
2021,8,18,23,30,0,0,0,0.25,262,2.3000000000000003,22.200000000000003
2021,8,19,0,30,0,0,0,0.25,262,2,21.8
2021,8,19,1,30,0,0,0,0.25,263,1.8,21.400000000000002
2021,8,19,2,30,0,0,0,0.25,264,1.6,21.1
2021,8,19,3,30,0,0,0,0.25,267,1.5,20.8
2021,8,19,4,30,0,0,0,0.25,270,1.6,20.700000000000003
2021,8,19,5,30,21,111,27,0.25,273,2,21.8
2021,8,19,6,30,83,438,199,0.25,267,2.1,24.1
2021,8,19,7,30,124,619,412,0.25,248,1.9000000000000001,26.8
2021,8,19,8,30,148,724,613,0.25,229,2,29.3
2021,8,19,9,30,156,799,784,0.25,220,2.2,31.5
2021,8,19,10,30,155,850,905,0.25,217,2.4000000000000004,33.4
2021,8,19,11,30,158,864,960,0.25,219,2.6,34.9
2021,8,19,12,30,153,865,948,0.25,224,2.8000000000000003,35.800000000000004
2021,8,19,13,30,145,852,873,0.25,231,2.9000000000000004,36.1
2021,8,19,14,30,137,808,735,0.25,238,2.9000000000000004,35.6
2021,8,19,15,30,122,737,553,0.25,243,2.8000000000000003,34.6
2021,8,19,16,30,99,614,343,0.24,246,2.5,32.9
2021,8,19,17,30,61,384,134,0.24,249,2.1,30.1
2021,8,19,18,30,3,20,3,0.24,254,1.9000000000000001,27.200000000000003
2021,8,19,19,30,0,0,0,0.24,263,1.8,25.5
2021,8,19,20,30,0,0,0,0.24,275,1.7000000000000002,24.400000000000002
2021,8,19,21,30,0,0,0,0.24,286,1.7000000000000002,23.900000000000002
2021,8,19,22,30,0,0,0,0.24,296,1.6,23.5
2021,8,19,23,30,0,0,0,0.24,305,1.7000000000000002,23.200000000000003
2021,8,20,0,30,0,0,0,0.24,313,1.6,22.900000000000002
2021,8,20,1,30,0,0,0,0.24,319,1.4000000000000001,22.5
2021,8,20,2,30,0,0,0,0.24,321,1.1,22.1
2021,8,20,3,30,0,0,0,0.24,322,0.8,21.700000000000003
2021,8,20,4,30,0,0,0,0.24,326,0.7000000000000001,21.700000000000003
2021,8,20,5,30,21,100,26,0.24,337,0.8,23.3
2021,8,20,6,30,86,426,197,0.24,222,1.2000000000000002,26.900000000000002
2021,8,20,7,30,115,640,411,0.24,108,1.9000000000000001,30.6
2021,8,20,8,30,134,747,613,0.24,120,2.4000000000000004,33
2021,8,20,9,30,137,826,784,0.24,126,2.7,34.800000000000004
2021,8,20,10,30,129,879,903,0.24,132,2.8000000000000003,36.2
2021,8,20,11,30,132,890,956,0.24,137,2.9000000000000004,37.2
2021,8,20,12,30,135,880,941,0.24,142,3,37.7
2021,8,20,13,30,134,854,862,0.24,147,3,37.7
2021,8,20,14,30,127,814,727,0.24,151,3,37.2
2021,8,20,15,30,112,746,546,0.24,155,2.9000000000000004,36.1
2021,8,20,16,30,92,627,338,0.24,160,2.8000000000000003,34.300000000000004
2021,8,20,17,30,57,395,131,0.24,169,2.1,31.5
2021,8,20,18,30,2,11,2,0.24,184,1.4000000000000001,28.700000000000003
2021,8,20,19,30,0,0,0,0.24,200,1.2000000000000002,27.200000000000003
2021,8,20,20,30,0,0,0,0.24,210,0.9,26.3
2021,8,20,21,30,0,0,0,0.24,211,0.8,25.700000000000003
2021,8,20,22,30,0,0,0,0.24,212,0.8,25.200000000000003
2021,8,20,23,30,0,0,0,0.24,217,0.8,24.8
2021,8,21,0,30,0,0,0,0.24,230,0.9,24.400000000000002
2021,8,21,1,30,0,0,0,0.24,251,0.9,23.900000000000002
2021,8,21,2,30,0,0,0,0.24,270,0.9,23.3
2021,8,21,3,30,0,0,0,0.24,283,0.9,22.8
2021,8,21,4,30,0,0,0,0.24,291,0.9,22.5
2021,8,21,5,30,21,99,26,0.24,291,0.9,23.700000000000003
2021,8,21,6,30,78,458,197,0.24,218,1.2000000000000002,26.400000000000002
2021,8,21,7,30,110,646,408,0.24,149,1.7000000000000002,29.400000000000002
2021,8,21,8,30,129,753,610,0.24,153,2.3000000000000003,31.8
2021,8,21,9,30,131,829,779,0.24,156,2.9000000000000004,33.800000000000004
2021,8,21,10,30,127,877,898,0.24,159,3.4000000000000004,35.300000000000004
2021,8,21,11,30,129,892,953,0.24,162,3.8000000000000003,36.300000000000004
2021,8,21,12,30,128,892,943,0.24,165,4,36.7
2021,8,21,13,30,122,877,867,0.24,168,4,36.7
2021,8,21,14,30,113,844,733,0.24,172,3.9000000000000004,36.1
2021,8,21,15,30,100,782,552,0.24,176,3.6,34.9
2021,8,21,16,30,83,668,343,0.24,182,3.2,33
2021,8,21,17,30,53,432,132,0.24,194,2.3000000000000003,30.200000000000003
2021,8,21,18,30,2,13,2,0.24,212,1.6,27.6
2021,8,21,19,30,0,0,0,0.24,229,1.5,26.200000000000003
2021,8,21,20,30,0,0,0,0.24,246,1.4000000000000001,25.200000000000003
2021,8,21,21,30,0,0,0,0.24,256,1.3,24.5
2021,8,21,22,30,0,0,0,0.24,263,1.2000000000000002,24
2021,8,21,23,30,0,0,0,0.24,275,1.2000000000000002,23.6
2021,8,22,0,30,0,0,0,0.24,289,1.2000000000000002,23.1
2021,8,22,1,30,0,0,0,0.24,300,1.1,22.5
2021,8,22,2,30,0,0,0,0.24,310,1.1,22
2021,8,22,3,30,0,0,0,0.24,317,1.1,21.6
2021,8,22,4,30,0,0,0,0.24,324,1.1,21.6
2021,8,22,5,30,19,113,25,0.24,338,1.3,22.900000000000002
2021,8,22,6,30,80,462,199,0.24,204,1.4000000000000001,25.900000000000002
2021,8,22,7,30,100,690,417,0.24,77,1.7000000000000002,29.400000000000002
2021,8,22,8,30,116,792,621,0.24,105,2.2,32.4
2021,8,22,9,30,124,858,793,0.24,121,2.5,34.7
2021,8,22,10,30,125,897,912,0.24,132,2.7,36.5
2021,8,22,11,30,127,910,966,0.24,141,3,37.800000000000004
2021,8,22,12,30,125,909,954,0.24,147,3.2,38.400000000000006
2021,8,22,13,30,120,892,875,0.24,152,3.3000000000000003,38.400000000000006
2021,8,22,14,30,112,854,737,0.24,157,3.3000000000000003,37.800000000000004
2021,8,22,15,30,100,786,552,0.24,164,3.1,36.6
2021,8,22,16,30,83,667,340,0.25,173,2.8000000000000003,34.6
2021,8,22,17,30,51,429,128,0.25,189,2.1,31.5
2021,8,22,18,30,2,12,2,0.25,213,1.6,28.5
2021,8,22,19,30,0,0,0,0.25,233,1.4000000000000001,26.900000000000002
2021,8,22,20,30,0,0,0,0.25,249,1.2000000000000002,25.8
2021,8,22,21,30,0,0,0,0.25,264,1.1,25
2021,8,22,22,30,0,0,0,0.25,275,1,24.400000000000002
2021,8,22,23,30,0,0,0,0.25,284,0.9,23.8
2021,8,23,0,30,0,0,0,0.25,290,0.8,23.400000000000002
2021,8,23,1,30,0,0,0,0.25,295,0.9,22.900000000000002
2021,8,23,2,30,0,0,0,0.25,299,0.9,22.6
2021,8,23,3,30,0,0,0,0.25,302,0.9,22.3
2021,8,23,4,30,0,0,0,0.25,305,0.8,22.3
2021,8,23,5,30,18,101,23,0.25,318,0.8,23.6
2021,8,23,6,30,89,410,194,0.25,216,1,26.5
2021,8,23,7,30,123,624,408,0.25,115,1.5,30
2021,8,23,8,30,151,724,611,0.25,134,2.4000000000000004,33.300000000000004
2021,8,23,9,30,182,761,774,0.25,145,3,35.6
2021,8,23,10,30,212,767,883,0.25,155,3.4000000000000004,37.300000000000004
2021,8,23,11,30,216,785,938,0.25,162,3.8000000000000003,38.300000000000004
2021,8,23,12,30,198,807,932,0.25,167,4,38.800000000000004
2021,8,23,13,30,177,809,860,0.25,173,4.1000000000000005,38.7
2021,8,23,14,30,172,750,718,0.25,178,4,38.1
2021,8,23,15,30,154,663,532,0.25,184,3.7,36.800000000000004
2021,8,23,16,30,119,527,320,0.24,189,2.9000000000000004,34.7
2021,8,23,17,30,62,300,114,0.24,192,1.8,31.200000000000003
2021,8,23,18,30,1,6,1,0.24,199,1.1,28.200000000000003
2021,8,23,19,30,0,0,0,0.24,208,0.9,26.700000000000003
2021,8,23,20,30,0,0,0,0.24,212,0.8,25.8
2021,8,23,21,30,0,0,0,0.24,211,0.8,25.200000000000003
2021,8,23,22,30,0,0,0,0.24,212,0.8,24.8
2021,8,23,23,30,0,0,0,0.24,217,0.8,24.6
2021,8,24,0,30,0,0,0,0.24,220,0.8,24.6
2021,8,24,1,30,0,0,0,0.24,218,0.7000000000000001,24.6
2021,8,24,2,30,0,0,0,0.24,204,0.6000000000000001,24.6
2021,8,24,3,30,0,0,0,0.24,162,0.5,24.6
2021,8,24,4,30,0,0,0,0.24,118,0.5,24.700000000000003
2021,8,24,5,30,19,162,26,0.24,104,0.5,26.400000000000002
2021,8,24,6,30,68,551,208,0.24,115,0.9,29.8
2021,8,24,7,30,89,744,428,0.24,138,1.6,33.5
2021,8,24,8,30,105,829,630,0.24,156,2.3000000000000003,36.300000000000004
2021,8,24,9,30,128,852,789,0.24,165,2.9000000000000004,38.300000000000004
2021,8,24,10,30,151,853,896,0.24,171,3.5,39.7
2021,8,24,11,30,148,876,952,0.24,177,3.9000000000000004,40.6
2021,8,24,12,30,157,857,934,0.24,183,4.1000000000000005,40.900000000000006
2021,8,24,13,30,168,807,847,0.24,190,4.1000000000000005,40.7
2021,8,24,14,30,154,765,709,0.24,196,4,40
2021,8,24,15,30,133,693,526,0.24,202,3.7,38.7
2021,8,24,16,30,103,570,318,0.24,208,2.9000000000000004,36.6
2021,8,24,17,30,56,339,114,0.24,215,1.6,33.1
2021,8,24,18,30,0,0,0,0.24,224,1,30.3
2021,8,24,19,30,0,0,0,0.24,236,0.9,29.3
2021,8,24,20,30,0,0,0,0.24,247,0.8,29
2021,8,24,21,30,0,0,0,0.24,257,0.8,28.700000000000003
2021,8,24,22,30,0,0,0,0.24,265,0.8,28.400000000000002
2021,8,24,23,30,0,0,0,0.24,274,0.8,28.1
2021,8,25,0,30,0,0,0,0.24,281,0.8,28.1
2021,8,25,1,30,0,0,0,0.24,283,0.8,28.1
2021,8,25,2,30,0,0,0,0.24,286,0.8,28.200000000000003
2021,8,25,3,30,0,0,0,0.24,292,0.7000000000000001,28.400000000000002
2021,8,25,4,30,0,0,0,0.24,300,0.6000000000000001,28.6
2021,8,25,5,30,17,141,23,0.24,310,0.6000000000000001,30.1
2021,8,25,6,30,58,545,195,0.24,264,0.7000000000000001,33.2
2021,8,25,7,30,80,720,406,0.24,207,1.1,36.2
2021,8,25,8,30,94,810,606,0.24,202,1.6,38.5
2021,8,25,9,30,105,856,768,0.24,200,2,40.400000000000006
2021,8,25,10,30,115,877,879,0.24,198,2.4000000000000004,41.800000000000004
2021,8,25,11,30,118,888,931,0.24,201,2.7,42.6
2021,8,25,12,30,122,878,916,0.24,209,3,42.900000000000006
2021,8,25,13,30,125,848,836,0.24,221,3.3000000000000003,42.7
2021,8,25,14,30,120,803,700,0.24,233,3.5,42
2021,8,25,15,30,107,730,519,0.24,244,3.6,40.6
2021,8,25,16,30,86,607,313,0.24,253,3.5,38.6
2021,8,25,17,30,49,370,111,0.24,260,2.8000000000000003,35.5
2021,8,25,18,30,0,0,0,0.24,267,2.3000000000000003,32.7
2021,8,25,19,30,0,0,0,0.24,275,2.4000000000000004,31.1
2021,8,25,20,30,0,0,0,0.24,281,2.5,30
2021,8,25,21,30,0,0,0,0.24,284,2.4000000000000004,29.400000000000002
2021,8,25,22,30,0,0,0,0.24,285,2.2,29.200000000000003
2021,8,25,23,30,0,0,0,0.24,287,2.1,29.200000000000003
2021,8,26,0,30,0,0,0,0.24,291,1.9000000000000001,29.1
2021,8,26,1,30,0,0,0,0.24,295,1.7000000000000002,28.900000000000002
2021,8,26,2,30,0,0,0,0.24,298,1.5,28.6
2021,8,26,3,30,0,0,0,0.24,300,1.3,28.400000000000002
2021,8,26,4,30,0,0,0,0.24,301,1.1,28.5
2021,8,26,5,30,17,150,23,0.24,300,1.3,30.5
2021,8,26,6,30,55,562,195,0.24,302,1.7000000000000002,34.1
2021,8,26,7,30,75,735,407,0.24,299,1.7000000000000002,37.4
2021,8,26,8,30,89,823,607,0.24,281,1.5,40
2021,8,26,9,30,102,867,771,0.24,253,1.5,41.900000000000006
2021,8,26,10,30,112,888,883,0.24,229,1.8,43.300000000000004
2021,8,26,11,30,115,899,936,0.24,217,2.1,44.2
2021,8,26,12,30,114,899,924,0.24,217,2.5,44.7
2021,8,26,13,30,108,885,847,0.24,224,2.9000000000000004,44.6
2021,8,26,14,30,103,848,712,0.24,232,3.2,44
2021,8,26,15,30,91,785,531,0.24,241,3.4000000000000004,42.800000000000004
2021,8,26,16,30,74,671,322,0.24,249,3.2,40.7
2021,8,26,17,30,45,431,115,0.24,256,2.3000000000000003,37.300000000000004
2021,8,26,18,30,0,0,0,0.24,267,1.6,34.2
2021,8,26,19,30,0,0,0,0.24,281,1.6,32.6
2021,8,26,20,30,0,0,0,0.24,291,1.8,31.6
2021,8,26,21,30,0,0,0,0.24,294,1.8,30.900000000000002
2021,8,26,22,30,0,0,0,0.24,294,1.5,30.400000000000002
2021,8,26,23,30,0,0,0,0.24,294,1.3,30.1
2021,8,27,0,30,0,0,0,0.24,294,1.1,29.8
2021,8,27,1,30,0,0,0,0.24,294,1,29.700000000000003
2021,8,27,2,30,0,0,0,0.24,294,0.9,29.5
2021,8,27,3,30,0,0,0,0.24,295,0.9,29.5
2021,8,27,4,30,0,0,0,0.24,296,0.8,29.700000000000003
2021,8,27,5,30,17,144,22,0.24,298,0.9,31.700000000000003
2021,8,27,6,30,53,594,200,0.24,293,1,35.6
2021,8,27,7,30,73,764,416,0.24,221,1.3,39
2021,8,27,8,30,87,850,620,0.24,159,2,41.6
2021,8,27,9,30,94,900,787,0.24,166,2.6,43.400000000000006
2021,8,27,10,30,99,929,904,0.24,174,3,44.7
2021,8,27,11,30,100,941,957,0.24,183,3.4000000000000004,45.5
2021,8,27,12,30,106,929,941,0.24,192,3.6,45.800000000000004
2021,8,27,13,30,111,899,859,0.24,203,3.7,45.5
2021,8,27,14,30,104,863,721,0.24,215,3.7,44.800000000000004
2021,8,27,15,30,92,799,536,0.24,226,3.8000000000000003,43.400000000000006
2021,8,27,16,30,74,681,323,0.24,237,3.3000000000000003,41.2
2021,8,27,17,30,45,429,113,0.24,248,2.2,37.300000000000004
2021,8,27,18,30,0,0,0,0.24,259,1.6,33.800000000000004
2021,8,27,19,30,0,0,0,0.24,268,1.5,32.2
2021,8,27,20,30,0,0,0,0.24,273,1.4000000000000001,31
2021,8,27,21,30,0,0,0,0.24,273,1.3,30.200000000000003
2021,8,27,22,30,0,0,0,0.24,273,1.2000000000000002,29.700000000000003
2021,8,27,23,30,0,0,0,0.24,275,1.1,29.5
2021,8,28,0,30,0,0,0,0.24,280,1,29.3
2021,8,28,1,30,0,0,0,0.24,287,1,29.200000000000003
2021,8,28,2,30,0,0,0,0.24,295,1,29.3
2021,8,28,3,30,0,0,0,0.24,302,0.9,29.6
2021,8,28,4,30,0,0,0,0.24,309,0.9,29.900000000000002
2021,8,28,5,30,17,151,22,0.24,322,0.9,31.700000000000003
2021,8,28,6,30,57,577,198,0.24,173,0.9,35.300000000000004
2021,8,28,7,30,81,740,412,0.24,59,1.2000000000000002,39
2021,8,28,8,30,102,816,612,0.24,115,1.9000000000000001,41.6
2021,8,28,9,30,128,836,770,0.24,134,2.7,43
2021,8,28,10,30,156,831,874,0.24,141,3.2,43.900000000000006
2021,8,28,11,30,167,830,921,0.24,147,3.5,44.5
2021,8,28,12,30,157,839,909,0.24,153,3.6,44.800000000000004
2021,8,28,13,30,140,837,834,0.24,160,3.5,44.5
2021,8,28,14,30,143,768,690,0.24,167,3.4000000000000004,43.7
2021,8,28,15,30,134,666,502,0.24,175,3.2,42.400000000000006
2021,8,28,16,30,108,512,293,0.24,184,2.6,40.2
2021,8,28,17,30,55,255,94,0.24,195,1.6,36.5
2021,8,28,18,30,0,0,0,0.24,210,1,33.5
2021,8,28,19,30,0,0,0,0.24,226,0.9,32.300000000000004
2021,8,28,20,30,0,0,0,0.24,243,0.8,31.8
2021,8,28,21,30,0,0,0,0.24,258,0.8,31.5
2021,8,28,22,30,0,0,0,0.24,270,0.9,31.3
2021,8,28,23,30,0,0,0,0.24,287,0.9,31.200000000000003
2021,8,29,0,30,0,0,0,0.24,323,0.8,31.200000000000003
2021,8,29,1,30,0,0,0,0.24,186,0.8,31
2021,8,29,2,30,0,0,0,0.24,36,0.9,30.6
2021,8,29,3,30,0,0,0,0.24,49,0.9,30.400000000000002
2021,8,29,4,30,0,0,0,0.24,58,0.8,30.5
2021,8,29,5,30,13,51,15,0.24,119,0.7000000000000001,31.700000000000003
2021,8,29,6,30,85,347,169,0.24,183,1.1,33.800000000000004
2021,8,29,7,30,142,520,373,0.24,195,1.6,36.300000000000004
2021,8,29,8,30,196,581,558,0.24,195,1.6,39
2021,8,29,9,30,259,540,672,0.24,180,1.5,41.5
2021,8,29,10,30,140,834,859,0.24,159,1.7000000000000002,43.2
2021,8,29,11,30,186,776,888,0.24,148,2.2,44.1
2021,8,29,12,30,365,406,728,0.24,147,2.7,44.2
2021,8,29,13,30,363,335,640,0.24,150,3.2,43.5
2021,8,29,14,30,292,28,312,0.24,159,3.6,41.800000000000004
2021,8,29,15,30,203,438,443,0.24,175,3.6,40
2021,8,29,16,30,128,407,274,0.24,198,3.3000000000000003,38.1
2021,8,29,17,30,57,191,85,0.24,226,2.6,36
2021,8,29,18,30,0,0,0,0.24,250,2,34.300000000000004
2021,8,29,19,30,0,0,0,0.24,263,1.6,33.300000000000004
2021,8,29,20,30,0,0,0,0.24,268,1.2000000000000002,32.7
2021,8,29,21,30,0,0,0,0.24,268,0.9,32
2021,8,29,22,30,0,0,0,0.24,267,0.9,31.3
2021,8,29,23,30,0,0,0,0.24,267,0.9,30.8
2021,8,30,0,30,0,0,0,0.24,269,0.9,30.3
2021,8,30,1,30,0,0,0,0.24,272,0.9,29.900000000000002
2021,8,30,2,30,0,0,0,0.24,275,0.9,29.6
2021,8,30,3,30,0,0,0,0.24,278,0.8,29.400000000000002
2021,8,30,4,30,0,0,0,0.24,279,0.7000000000000001,29.700000000000003
2021,8,30,5,30,13,56,15,0.24,270,0.6000000000000001,31.3
2021,8,30,6,30,87,322,164,0.24,205,0.7000000000000001,34.2
2021,8,30,7,30,151,493,369,0.24,145,1.4000000000000001,37.4
2021,8,30,8,30,138,695,570,0.24,146,2,39.900000000000006
2021,8,30,9,30,148,769,735,0.24,149,2.3000000000000003,41.5
2021,8,30,10,30,152,810,848,0.24,150,2.6,42.7
2021,8,30,11,30,162,812,895,0.24,152,2.9000000000000004,43.1
2021,8,30,12,30,239,615,786,0.24,160,3,42.7
2021,8,30,13,30,187,3,189,0.24,174,3,41.900000000000006
2021,8,30,14,30,227,5,231,0.24,197,2.8000000000000003,40.6
2021,8,30,15,30,217,372,420,0.24,228,2.6,39.1
2021,8,30,16,30,141,353,266,0.24,260,2.6,37.2
2021,8,30,17,30,58,131,77,0.24,284,2.6,34.7
2021,8,30,18,30,0,0,0,0.24,296,2.6,32.300000000000004
2021,8,30,19,30,0,0,0,0.24,297,2.5,30.900000000000002
2021,8,30,20,30,0,0,0,0.24,296,2.4000000000000004,30.3
2021,8,30,21,30,0,0,0,0.24,293,2.1,30
2021,8,30,22,30,0,0,0,0.24,290,1.6,29.5
2021,8,30,23,30,0,0,0,0.24,293,1.2000000000000002,28.900000000000002
2021,8,31,0,30,0,0,0,0.24,314,1.1,28.400000000000002
2021,8,31,1,30,0,0,0,0.24,343,1.2000000000000002,28.200000000000003
2021,8,31,2,30,0,0,0,0.24,355,1.4000000000000001,28.1
2021,8,31,3,30,0,0,0,0.24,357,1.4000000000000001,27.900000000000002
2021,8,31,4,30,0,0,0,0.24,184,1.1,27.700000000000003
2021,8,31,5,30,13,43,14,0.24,41,1,27.8
2021,8,31,6,30,63,113,90,0.24,103,1.2000000000000002,28.700000000000003
2021,8,31,7,30,186,287,312,0.24,173,1.6,30.200000000000003
2021,8,31,8,30,238,136,322,0.24,227,2,32.1
2021,8,31,9,30,319,332,572,0.24,249,2.2,34.5
2021,8,31,10,30,167,772,829,0.24,264,2.1,37
2021,8,31,11,30,165,812,896,0.24,295,2,38.800000000000004
2021,8,31,12,30,354,447,751,0.24,322,2.2,39
2021,8,31,13,30,192,727,788,0.24,326,2.3000000000000003,38
2021,8,31,14,30,181,673,653,0.24,315,2.4000000000000004,36.800000000000004
2021,8,31,15,30,147,612,478,0.24,299,2.3000000000000003,36
2021,8,31,16,30,82,597,291,0.24,63,1.2000000000000002,42.6
2021,8,31,17,30,45,328,91,0.24,62,0.7000000000000001,40
2021,8,31,18,30,0,0,0,0.24,47,0.4,38.2
2021,8,31,19,30,0,0,0,0.24,169,0.4,37.4
2021,8,31,20,30,0,0,0,0.24,299,0.5,36.6
2021,8,31,21,30,0,0,0,0.24,296,0.7000000000000001,35.7
2021,8,31,22,30,0,0,0,0.24,302,0.8,34.9
2021,8,31,23,30,0,0,0,0.24,313,0.9,34.300000000000004
2022,9,1,0,30,0,0,0,0.24,323,1,33.800000000000004
2022,9,1,1,30,0,0,0,0.24,328,1,33.300000000000004
2022,9,1,2,30,0,0,0,0.24,333,1,32.800000000000004
2022,9,1,3,30,0,0,0,0.24,339,1,32.5
2022,9,1,4,30,0,0,0,0.24,347,0.9,32.4
2022,9,1,5,30,14,82,16,0.24,189,0.7000000000000001,33.7
2022,9,1,6,30,62,494,179,0.24,71,1.1,36.7
2022,9,1,7,30,88,685,389,0.24,117,1.8,40
2022,9,1,8,30,106,780,588,0.24,120,2.1,42.5
2022,9,1,9,30,111,846,754,0.24,124,2.2,44.1
2022,9,1,10,30,110,888,869,0.24,125,2.3000000000000003,45.300000000000004
2022,9,1,11,30,113,896,918,0.24,124,2.4000000000000004,46
2022,9,1,12,30,118,882,899,0.24,122,2.6,46.2
2022,9,1,13,30,122,848,815,0.24,120,2.8000000000000003,45.800000000000004
2022,9,1,14,30,114,805,676,0.24,120,2.9000000000000004,45
2022,9,1,15,30,101,730,494,0.24,124,2.9000000000000004,43.7
2022,9,1,16,30,80,596,286,0.24,135,2.6,41.7
2022,9,1,17,30,43,320,87,0.24,155,1.7000000000000002,38.6
2022,9,1,18,30,0,0,0,0.24,179,1.1,36.1
2022,9,1,19,30,0,0,0,0.24,197,1,35
2022,9,1,20,30,0,0,0,0.24,207,1,34.5
2022,9,1,21,30,0,0,0,0.24,212,1,33.800000000000004
2022,9,1,22,30,0,0,0,0.24,215,1,33
2022,9,1,23,30,0,0,0,0.24,217,1,32.2
2022,9,2,0,30,0,0,0,0.24,221,1,31.6
2022,9,2,1,30,0,0,0,0.24,228,1,31.200000000000003
2022,9,2,2,30,0,0,0,0.24,238,0.9,31
2022,9,2,3,30,0,0,0,0.24,251,0.8,30.900000000000002
2022,9,2,4,30,0,0,0,0.24,270,0.7000000000000001,30.900000000000002
2022,9,2,5,30,13,79,15,0.24,300,0.7000000000000001,32.300000000000004
2022,9,2,6,30,61,492,176,0.24,199,0.8,35.4
2022,9,2,7,30,87,684,386,0.24,91,1,38.800000000000004
2022,9,2,8,30,104,780,584,0.24,105,1.4000000000000001,41.5
2022,9,2,9,30,111,841,748,0.24,107,1.7000000000000002,43.5
2022,9,2,10,30,111,877,859,0.24,110,2,44.900000000000006
2022,9,2,11,30,116,882,906,0.24,112,2.4000000000000004,45.7
2022,9,2,12,30,121,868,887,0.24,116,2.8000000000000003,45.900000000000006
2022,9,2,13,30,123,838,805,0.24,121,3.1,45.400000000000006
2022,9,2,14,30,153,728,659,0.24,127,3.3000000000000003,44.5
2022,9,2,15,30,156,571,461,0.24,134,3.3000000000000003,43.1
2022,9,2,16,30,128,343,245,0.23,144,3.1,41.2
2022,9,2,17,30,43,312,84,0.23,158,2.1,38.5
2022,9,2,18,30,0,0,0,0.23,173,1.3,36
2022,9,2,19,30,0,0,0,0.23,182,1.2000000000000002,34.800000000000004
2022,9,2,20,30,0,0,0,0.23,184,1.4000000000000001,34
2022,9,2,21,30,0,0,0,0.23,184,1.5,33.2
2022,9,2,22,30,0,0,0,0.23,185,1.5,32.5
2022,9,2,23,30,0,0,0,0.23,192,1.2000000000000002,32.1
2022,9,3,0,30,0,0,0,0.23,202,0.9,31.8
2022,9,3,1,30,0,0,0,0.23,210,0.6000000000000001,31.700000000000003
2022,9,3,2,30,0,0,0,0.23,205,0.5,31.5
2022,9,3,3,30,0,0,0,0.23,183,0.6000000000000001,31.1
2022,9,3,4,30,0,0,0,0.23,165,0.8,30.6
2022,9,3,5,30,12,54,13,0.23,164,1.3,31.6
2022,9,3,6,30,66,444,169,0.23,165,2,34.300000000000004
2022,9,3,7,30,93,651,376,0.23,162,2.3000000000000003,37
2022,9,3,8,30,110,757,574,0.23,152,2.6,39.6
2022,9,3,9,30,116,827,740,0.23,144,2.9000000000000004,41.5
2022,9,3,10,30,112,872,854,0.23,141,3.2,42.800000000000004
2022,9,3,11,30,116,883,904,0.23,140,3.5,43.6
2022,9,3,12,30,114,881,888,0.23,141,3.5,43.900000000000006
2022,9,3,13,30,108,864,808,0.23,143,3.4000000000000004,43.7
2022,9,3,14,30,100,826,671,0.23,144,3.1,43.2
2022,9,3,15,30,89,755,489,0.23,145,2.9000000000000004,42.1
2022,9,3,16,30,72,621,281,0.24,148,2.5,40.400000000000006
2022,9,3,17,30,40,330,82,0.24,160,1.7000000000000002,37.800000000000004
2022,9,3,18,30,0,0,0,0.24,180,1,35.5
2022,9,3,19,30,0,0,0,0.24,193,0.9,34.6
2022,9,3,20,30,0,0,0,0.24,195,0.9,34.1
2022,9,3,21,30,0,0,0,0.24,191,0.9,33.7
2022,9,3,22,30,0,0,0,0.24,184,0.9,33.300000000000004
2022,9,3,23,30,0,0,0,0.24,184,0.9,32.9
2022,9,4,0,30,0,0,0,0.24,190,0.8,32.6
2022,9,4,1,30,0,0,0,0.24,201,0.7000000000000001,32.800000000000004
2022,9,4,2,30,0,0,0,0.24,218,0.5,33
2022,9,4,3,30,0,0,0,0.24,236,0.30000000000000004,32.9
2022,9,4,4,30,0,0,0,0.24,183,0.30000000000000004,32.7
2022,9,4,5,30,10,34,11,0.24,119,0.5,33.7
2022,9,4,6,30,97,118,124,0.24,122,1.3,36
2022,9,4,7,30,186,106,232,0.24,130,2.3000000000000003,38.2
2022,9,4,8,30,255,261,414,0.24,130,3,39.800000000000004
2022,9,4,9,30,235,561,657,0.24,129,3.4000000000000004,40.900000000000006
2022,9,4,10,30,130,835,838,0.24,130,3.6,41.5
2022,9,4,11,30,235,666,828,0.24,132,3.6,41.900000000000006
2022,9,4,12,30,206,717,834,0.24,134,3.3000000000000003,42.1
2022,9,4,13,30,181,730,770,0.24,135,2.8000000000000003,42.2
2022,9,4,14,30,118,785,657,0.24,138,2.5,41.900000000000006
2022,9,4,15,30,103,710,476,0.24,143,2.4000000000000004,41.1
2022,9,4,16,30,80,572,270,0.24,156,2.2,39.6
2022,9,4,17,30,41,282,76,0.24,181,1.8,36.9
2022,9,4,18,30,0,0,0,0.24,210,1.4000000000000001,34.7
2022,9,4,19,30,0,0,0,0.24,232,1.2000000000000002,33.5
2022,9,4,20,30,0,0,0,0.24,247,1.1,32.7
2022,9,4,21,30,0,0,0,0.24,258,0.9,32.2
2022,9,4,22,30,0,0,0,0.24,267,0.8,31.700000000000003
2022,9,4,23,30,0,0,0,0.24,273,0.8,31.400000000000002
2022,9,5,0,30,0,0,0,0.24,279,0.8,31.400000000000002
2022,9,5,1,30,0,0,0,0.24,290,0.6000000000000001,31.8
2022,9,5,2,30,0,0,0,0.24,309,0.5,32.300000000000004
2022,9,5,3,30,0,0,0,0.24,210,0.5,32.6
2022,9,5,4,30,0,0,0,0.24,113,0.8,32.300000000000004
2022,9,5,5,30,11,59,12,0.24,139,1.1,33
2022,9,5,6,30,62,473,169,0.24,154,1.8,35.9
2022,9,5,7,30,87,685,382,0.24,153,2.6,39.1
2022,9,5,8,30,100,795,584,0.24,142,3,41.400000000000006
2022,9,5,9,30,106,861,752,0.24,131,3.2,42.900000000000006
2022,9,5,10,30,107,899,867,0.24,124,3.6,44
2022,9,5,11,30,112,908,917,0.24,119,3.8000000000000003,44.6
2022,9,5,12,30,110,908,902,0.24,116,3.9000000000000004,44.7
2022,9,5,13,30,101,898,822,0.24,113,3.7,44.6
2022,9,5,14,30,92,867,684,0.24,112,3.3000000000000003,44.1
2022,9,5,15,30,81,803,499,0.24,112,2.8000000000000003,43.1
2022,9,5,16,30,65,667,284,0.24,115,1.9000000000000001,41.2
2022,9,5,17,30,36,361,79,0.24,126,0.9,38.5
2022,9,5,18,30,0,0,0,0.24,162,0.6000000000000001,36.800000000000004
2022,9,5,19,30,0,0,0,0.24,214,0.5,36.1
2022,9,5,20,30,0,0,0,0.24,248,0.6000000000000001,35.5
2022,9,5,21,30,0,0,0,0.24,261,0.6000000000000001,35.1
2022,9,5,22,30,0,0,0,0.24,265,0.6000000000000001,34.800000000000004
2022,9,5,23,30,0,0,0,0.24,262,0.5,34.5
2022,9,6,0,30,0,0,0,0.24,255,0.6000000000000001,34.2
2022,9,6,1,30,0,0,0,0.24,248,0.7000000000000001,33.800000000000004
2022,9,6,2,30,0,0,0,0.24,241,0.7000000000000001,33.5
2022,9,6,3,30,0,0,0,0.24,231,0.8,33.2
2022,9,6,4,30,0,0,0,0.24,222,0.8,33
2022,9,6,5,30,9,51,10,0.24,218,0.8,33.800000000000004
2022,9,6,6,30,66,446,166,0.24,210,1.2000000000000002,36.7
2022,9,6,7,30,95,650,373,0.24,190,1.7000000000000002,40.1
2022,9,6,8,30,115,752,571,0.24,165,1.9000000000000001,42.6
2022,9,6,9,30,122,819,735,0.24,146,2.1,44.300000000000004
2022,9,6,10,30,130,848,844,0.24,136,2.4000000000000004,45.5
2022,9,6,11,30,155,820,880,0.24,134,2.7,46.1
2022,9,6,12,30,160,803,858,0.24,136,3,46.300000000000004
2022,9,6,13,30,155,775,775,0.24,138,3.2,46
2022,9,6,14,30,152,704,630,0.24,142,3.2,45.1
2022,9,6,15,30,133,611,449,0.24,147,3.2,43.7
2022,9,6,16,30,97,457,245,0.24,155,2.5,41.400000000000006
2022,9,6,17,30,39,184,60,0.24,169,1.6,38
2022,9,6,18,30,0,0,0,0.24,187,1.1,35.4
2022,9,6,19,30,0,0,0,0.24,204,0.9,34.4
2022,9,6,20,30,0,0,0,0.24,218,0.9,33.9
2022,9,6,21,30,0,0,0,0.24,224,0.9,33.5
2022,9,6,22,30,0,0,0,0.24,225,0.9,33.2
2022,9,6,23,30,0,0,0,0.24,217,0.8,33
2022,9,7,0,30,0,0,0,0.24,202,0.6000000000000001,32.7
2022,9,7,1,30,0,0,0,0.24,188,0.5,32.300000000000004
2022,9,7,2,30,0,0,0,0.24,179,0.6000000000000001,31.8
2022,9,7,3,30,0,0,0,0.24,173,0.7000000000000001,30.900000000000002
2022,9,7,4,30,0,0,0,0.24,171,0.8,30.1
2022,9,7,5,30,8,31,8,0.24,175,1.1,30.700000000000003
2022,9,7,6,30,71,373,154,0.24,177,1.7000000000000002,33.300000000000004
2022,9,7,7,30,109,586,358,0.24,169,2.3000000000000003,36.2
2022,9,7,8,30,174,557,511,0.24,158,2.6,38.800000000000004
2022,9,7,9,30,179,690,693,0.24,147,2.8000000000000003,40.7
2022,9,7,10,30,201,713,800,0.24,141,3.1,41.900000000000006
2022,9,7,11,30,255,644,822,0.24,140,3.4000000000000004,42.400000000000006
2022,9,7,12,30,247,648,808,0.24,142,3.6,42.6
2022,9,7,13,30,211,665,740,0.24,146,3.6,42.5
2022,9,7,14,30,203,579,594,0.24,151,3.5,41.7
2022,9,7,15,30,165,500,421,0.24,156,3.3000000000000003,40.6
2022,9,7,16,30,110,368,227,0.25,162,2.9000000000000004,38.900000000000006
2022,9,7,17,30,37,132,51,0.25,171,2.1,36.2
2022,9,7,18,30,0,0,0,0.25,182,1.6,33.9
2022,9,7,19,30,0,0,0,0.25,194,1.6,32.9
2022,9,7,20,30,0,0,0,0.25,204,1.6,32.1
2022,9,7,21,30,0,0,0,0.25,212,1.4000000000000001,31.6
2022,9,7,22,30,0,0,0,0.25,220,1.2000000000000002,31.3
2022,9,7,23,30,0,0,0,0.25,227,1.1,31
2022,9,8,0,30,0,0,0,0.25,234,1,30.8
2022,9,8,1,30,0,0,0,0.25,239,0.9,30.5
2022,9,8,2,30,0,0,0,0.25,240,0.9,30.3
2022,9,8,3,30,0,0,0,0.25,233,0.9,30.1
2022,9,8,4,30,0,0,0,0.25,218,0.9,29.700000000000003
2022,9,8,5,30,7,12,7,0.25,206,1.2000000000000002,30.400000000000002
2022,9,8,6,30,92,55,104,0.25,208,1.8,32.6
2022,9,8,7,30,177,307,307,0.25,206,2.1,35.300000000000004
2022,9,8,8,30,267,317,458,0.25,187,2.2,37.7
2022,9,8,9,30,305,421,618,0.25,171,2.9000000000000004,39.5
2022,9,8,10,30,364,365,670,0.25,171,4,40.5
2022,9,8,11,30,446,272,685,0.25,176,4.7,40.400000000000006
2022,9,8,12,30,354,507,791,0.25,186,4.5,39.800000000000004
2022,9,8,13,30,378,372,673,0.25,194,3.5,39.400000000000006
2022,9,8,14,30,349,171,464,0.25,194,2.2,39.2
2022,9,8,15,30,222,349,399,0.25,179,1.4000000000000001,38.7
2022,9,8,16,30,160,85,187,0.25,166,1,37.1
2022,9,8,17,30,33,10,34,0.25,169,0.8,35.1
2022,9,8,18,30,0,0,0,0.25,171,0.9,33.7
2022,9,8,19,30,0,0,0,0.25,170,1,32.9
2022,9,8,20,30,0,0,0,0.25,168,1.1,32.2
2022,9,8,21,30,0,0,0,0.25,165,1,31.6
2022,9,8,22,30,0,0,0,0.25,162,1,31
2022,9,8,23,30,0,0,0,0.25,160,1.1,30.3
2022,9,9,0,30,0,0,0,0.25,160,1.1,29.5
2022,9,9,1,30,0,0,0,0.25,167,1,28.6
2022,9,9,2,30,0,0,0,0.25,170,1,27.900000000000002
2022,9,9,3,30,0,0,0,0.25,164,1.1,27.5
2022,9,9,4,30,0,0,0,0.25,154,1.4000000000000001,27.3
2022,9,9,5,30,5,0,5,0.25,142,2.2,27.6
2022,9,9,6,30,91,36,99,0.25,127,3.2,28.200000000000003
2022,9,9,7,30,92,3,93,0.25,116,4,28.6
2022,9,9,8,30,91,2,92,0.25,113,4.6000000000000005,29
2022,9,9,9,30,141,2,142,0.25,113,5,29.5
2022,9,9,10,30,181,1,182,0.25,116,5.2,30
2022,9,9,11,30,168,1,169,0.25,118,5.2,30.400000000000002
2022,9,9,12,30,108,0,108,0.25,117,5.1000000000000005,30.5
2022,9,9,13,30,139,0,139,0.25,115,4.9,30.5
2022,9,9,14,30,73,0,73,0.25,113,4.7,30.3
2022,9,9,15,30,48,0,48,0.25,114,4.3,29.900000000000002
2022,9,9,16,30,76,11,79,0.24,117,3.4000000000000004,29
2022,9,9,17,30,26,36,30,0.24,122,2.4000000000000004,28
2022,9,9,18,30,0,0,0,0.24,131,1.8,27.1
2022,9,9,19,30,0,0,0,0.24,139,1.8,26.400000000000002
2022,9,9,20,30,0,0,0,0.24,145,1.7000000000000002,25.8
2022,9,9,21,30,0,0,0,0.24,150,1.8,25.3
2022,9,9,22,30,0,0,0,0.24,150,1.8,24.900000000000002
2022,9,9,23,30,0,0,0,0.24,147,1.9000000000000001,24.700000000000003
2022,9,10,0,30,0,0,0,0.24,140,2,24.5
2022,9,10,1,30,0,0,0,0.24,132,2,24.400000000000002
2022,9,10,2,30,0,0,0,0.24,126,2,24.3
2022,9,10,3,30,0,0,0,0.24,122,1.9000000000000001,24.1
2022,9,10,4,30,0,0,0,0.24,121,1.9000000000000001,23.900000000000002
2022,9,10,5,30,5,0,5,0.24,121,2.3000000000000003,24.400000000000002
2022,9,10,6,30,83,83,101,0.24,123,2.7,25.6
2022,9,10,7,30,108,36,123,0.24,126,2.9000000000000004,27.3
2022,9,10,8,30,173,12,180,0.24,127,2.8000000000000003,29.200000000000003
2022,9,10,9,30,299,42,330,0.24,127,2.8000000000000003,30.700000000000003
2022,9,10,10,30,390,129,497,0.24,128,2.7,31.8
2022,9,10,11,30,377,33,406,0.24,131,2.6,32.4
2022,9,10,12,30,280,15,293,0.24,135,2.5,32.5
2022,9,10,13,30,362,70,417,0.24,137,2.3000000000000003,32.2
2022,9,10,14,30,230,27,248,0.24,138,2,31.8
2022,9,10,15,30,190,57,218,0.24,137,1.7000000000000002,31.1
2022,9,10,16,30,88,26,96,0.24,139,1.3,30.1
2022,9,10,17,30,14,0,14,0.24,155,0.8,28.8
2022,9,10,18,30,0,0,0,0.24,181,0.5,27.700000000000003
2022,9,10,19,30,0,0,0,0.24,203,0.6000000000000001,27.200000000000003
2022,9,10,20,30,0,0,0,0.24,220,0.6000000000000001,26.900000000000002
2022,9,10,21,30,0,0,0,0.24,233,0.7000000000000001,26.5
2022,9,10,22,30,0,0,0,0.24,244,0.7000000000000001,26.200000000000003
2022,9,10,23,30,0,0,0,0.24,254,0.6000000000000001,26
2022,9,11,0,30,0,0,0,0.24,266,0.6000000000000001,25.8
2022,9,11,1,30,0,0,0,0.24,282,0.4,25.700000000000003
2022,9,11,2,30,0,0,0,0.24,313,0.30000000000000004,25.5
2022,9,11,3,30,0,0,0,0.24,190,0.4,25.3
2022,9,11,4,30,0,0,0,0.24,55,0.4,25.200000000000003
2022,9,11,5,30,9,67,9,0.24,86,0.7000000000000001,26.200000000000003
2022,9,11,6,30,50,527,162,0.24,114,1.6,28.5
2022,9,11,7,30,70,730,374,0.24,123,2.4000000000000004,30.700000000000003
2022,9,11,8,30,96,782,561,0.24,127,2.8000000000000003,32.5
2022,9,11,9,30,89,876,733,0.24,130,3,34
2022,9,11,10,30,257,509,679,0.24,134,3.1,35.1
2022,9,11,11,30,134,829,854,0.24,138,3.2,35.6
2022,9,11,12,30,167,754,810,0.24,140,3.1,35.7
2022,9,11,13,30,253,116,344,0.24,141,2.9000000000000004,35.4
2022,9,11,14,30,114,755,611,0.24,142,2.7,34.800000000000004
2022,9,11,15,30,135,38,154,0.24,145,2.4000000000000004,33.800000000000004
2022,9,11,16,30,63,602,244,0.24,155,2,32.2
2022,9,11,17,30,30,271,54,0.24,185,1.4000000000000001,29.900000000000002
2022,9,11,18,30,0,0,0,0.24,227,1.2000000000000002,28.200000000000003
2022,9,11,19,30,0,0,0,0.24,255,1.2000000000000002,27.3
2022,9,11,20,30,0,0,0,0.24,269,1.2000000000000002,26.5
2022,9,11,21,30,0,0,0,0.24,277,1.1,26
2022,9,11,22,30,0,0,0,0.24,283,1.1,25.6
2022,9,11,23,30,0,0,0,0.24,288,1.1,25.400000000000002
2022,9,12,0,30,0,0,0,0.24,293,0.9,25.200000000000003
2022,9,12,1,30,0,0,0,0.24,305,0.7000000000000001,25.1
2022,9,12,2,30,0,0,0,0.24,336,0.6000000000000001,25
2022,9,12,3,30,0,0,0,0.24,185,0.5,24.700000000000003
2022,9,12,4,30,0,0,0,0.24,17,0.6000000000000001,24.400000000000002
2022,9,12,5,30,4,0,4,0.24,31,0.9,25
2022,9,12,6,30,64,18,68,0.24,65,1.5,27
2022,9,12,7,30,141,79,174,0.24,101,1.8,29.400000000000002
2022,9,12,8,30,200,475,481,0.24,122,1.9000000000000001,31.3
2022,9,12,9,30,286,349,542,0.24,136,2.2,32.7
2022,9,12,10,30,320,398,649,0.24,145,2.3000000000000003,33.6
2022,9,12,11,30,353,336,644,0.24,150,2.4000000000000004,33.800000000000004
2022,9,12,12,30,361,117,460,0.24,156,2.4000000000000004,33.300000000000004
2022,9,12,13,30,265,489,645,0.24,169,2.4000000000000004,32.6
2022,9,12,14,30,254,180,372,0.24,189,2.3000000000000003,31.700000000000003
2022,9,12,15,30,205,109,258,0.24,216,2.3000000000000003,30.6
2022,9,12,16,30,62,1,62,0.24,244,2.3000000000000003,29.400000000000002
2022,9,12,17,30,16,0,16,0.24,264,2.4000000000000004,28.1
2022,9,12,18,30,0,0,0,0.24,275,2.5,27.1
2022,9,12,19,30,0,0,0,0.24,279,2.5,26.5
2022,9,12,20,30,0,0,0,0.24,278,2.3000000000000003,26
2022,9,12,21,30,0,0,0,0.24,273,2.1,25.6
2022,9,12,22,30,0,0,0,0.24,267,2,25.3
2022,9,12,23,30,0,0,0,0.24,266,2,25.1
2022,9,13,0,30,0,0,0,0.24,271,2,24.900000000000002
2022,9,13,1,30,0,0,0,0.24,275,1.8,24.700000000000003
2022,9,13,2,30,0,0,0,0.24,277,1.5,24.5
2022,9,13,3,30,0,0,0,0.24,279,1.3,24.200000000000003
2022,9,13,4,30,0,0,0,0.24,279,1.3,24
2022,9,13,5,30,6,24,6,0.24,282,1.6,24.6
2022,9,13,6,30,66,389,147,0.24,285,2,26.3
2022,9,13,7,30,102,605,351,0.24,276,1.9000000000000001,28.200000000000003
2022,9,13,8,30,124,717,547,0.24,260,1.7000000000000002,30.1
2022,9,13,9,30,152,759,706,0.24,247,1.7000000000000002,31.700000000000003
2022,9,13,10,30,152,803,813,0.24,241,1.7000000000000002,32.9
2022,9,13,11,30,196,706,805,0.24,238,1.8,33.6
2022,9,13,12,30,269,544,729,0.24,238,1.9000000000000001,33.7
2022,9,13,13,30,354,290,578,0.24,245,2.1,33.2
2022,9,13,14,30,303,261,473,0.24,259,2.3000000000000003,32.4
2022,9,13,15,30,117,643,429,0.24,271,2.5,31.400000000000002
2022,9,13,16,30,133,149,176,0.24,277,2.6,30
2022,9,13,17,30,32,156,44,0.24,280,2.5,28.400000000000002
2022,9,13,18,30,0,0,0,0.24,282,2.5,27
2022,9,13,19,30,0,0,0,0.24,285,2.5,26
2022,9,13,20,30,0,0,0,0.24,287,2.5,25.200000000000003
2022,9,13,21,30,0,0,0,0.24,287,2.5,24.6
2022,9,13,22,30,0,0,0,0.24,286,2.3000000000000003,24.1
2022,9,13,23,30,0,0,0,0.24,285,2.1,23.6
2022,9,14,0,30,0,0,0,0.24,283,1.9000000000000001,23.200000000000003
2022,9,14,1,30,0,0,0,0.24,282,1.6,22.8
2022,9,14,2,30,0,0,0,0.24,283,1.3,22.400000000000002
2022,9,14,3,30,0,0,0,0.24,288,1.1,22.1
2022,9,14,4,30,0,0,0,0.24,294,0.9,21.8
2022,9,14,5,30,6,32,6,0.24,305,1.1,22.400000000000002
2022,9,14,6,30,61,446,153,0.24,193,1.1,24.8
2022,9,14,7,30,91,659,361,0.24,95,1.3,27.900000000000002
2022,9,14,8,30,112,763,560,0.24,125,1.9000000000000001,30.200000000000003
2022,9,14,9,30,124,823,722,0.24,143,2.3000000000000003,31.900000000000002
2022,9,14,10,30,130,858,833,0.24,159,2.6,33.1
2022,9,14,11,30,130,875,881,0.24,176,2.8000000000000003,33.9
2022,9,14,12,30,124,880,864,0.24,196,2.9000000000000004,34.300000000000004
2022,9,14,13,30,113,870,782,0.24,215,3.1,34.2
2022,9,14,14,30,100,836,640,0.24,232,3.4000000000000004,33.6
2022,9,14,15,30,84,769,454,0.24,245,3.5,32.4
2022,9,14,16,30,62,630,242,0.25,253,3.1,30.200000000000003
2022,9,14,17,30,27,277,48,0.25,260,2.5,27.200000000000003
2022,9,14,18,30,0,0,0,0.25,267,2.4000000000000004,24.700000000000003
2022,9,14,19,30,0,0,0,0.25,275,2.6,23.1
2022,9,14,20,30,0,0,0,0.25,281,2.5,21.8
2022,9,14,21,30,0,0,0,0.25,284,2.2,21
2022,9,14,22,30,0,0,0,0.25,286,2,20.6
2022,9,14,23,30,0,0,0,0.25,288,1.6,20.200000000000003
2022,9,15,0,30,0,0,0,0.25,289,1.3,19.8
2022,9,15,1,30,0,0,0,0.25,291,1,19.5
2022,9,15,2,30,0,0,0,0.25,293,0.9,19.200000000000003
2022,9,15,3,30,0,0,0,0.25,294,0.9,18.900000000000002
2022,9,15,4,30,0,0,0,0.25,293,0.9,18.6
2022,9,15,5,30,6,57,6,0.25,292,1.2000000000000002,19.8
2022,9,15,6,30,49,580,167,0.25,294,1.7000000000000002,22.700000000000003
2022,9,15,7,30,69,787,389,0.25,280,1.5,26
2022,9,15,8,30,80,886,598,0.25,223,1.3,29.1
2022,9,15,9,30,85,940,766,0.25,185,1.7000000000000002,31.5
2022,9,15,10,30,88,969,879,0.25,189,2.1,33.2
2022,9,15,11,30,89,978,926,0.25,197,2.4000000000000004,34.300000000000004
2022,9,15,12,30,91,970,903,0.25,208,2.6,34.800000000000004
2022,9,15,13,30,89,944,811,0.25,219,2.8000000000000003,34.9
2022,9,15,14,30,82,901,660,0.25,228,3,34.4
2022,9,15,15,30,73,823,465,0.25,238,3.2,33
2022,9,15,16,30,57,670,245,0.26,247,3,30.400000000000002
2022,9,15,17,30,26,290,46,0.26,254,2.7,27
2022,9,15,18,30,0,0,0,0.26,263,2.9000000000000004,24.6
2022,9,15,19,30,0,0,0,0.26,273,3.1,23.1
2022,9,15,20,30,0,0,0,0.26,281,3,22.200000000000003
2022,9,15,21,30,0,0,0,0.26,286,2.6,21.400000000000002
2022,9,15,22,30,0,0,0,0.26,288,2.1,20.700000000000003
2022,9,15,23,30,0,0,0,0.26,289,1.8,20.3
2022,9,16,0,30,0,0,0,0.26,291,1.5,20
2022,9,16,1,30,0,0,0,0.26,292,1.3,19.8
2022,9,16,2,30,0,0,0,0.26,293,1.2000000000000002,19.5
2022,9,16,3,30,0,0,0,0.26,293,1.1,19.200000000000003
2022,9,16,4,30,0,0,0,0.26,291,1,18.900000000000002
2022,9,16,5,30,7,49,6,0.26,289,1,20.200000000000003
2022,9,16,6,30,50,555,162,0.26,284,1,23.200000000000003
2022,9,16,7,30,72,764,381,0.26,207,1.3,26.900000000000002
2022,9,16,8,30,85,861,586,0.26,136,1.9000000000000001,30.200000000000003
2022,9,16,9,30,93,916,754,0.26,142,2.2,32.4
2022,9,16,10,30,96,948,867,0.26,151,2.4000000000000004,33.9
2022,9,16,11,30,97,959,914,0.26,159,2.5,35
2022,9,16,12,30,97,953,892,0.26,169,2.5,35.5
2022,9,16,13,30,96,927,801,0.26,181,2.5,35.4
2022,9,16,14,30,89,886,653,0.26,196,2.5,34.800000000000004
2022,9,16,15,30,77,810,459,0.26,209,2.4000000000000004,33.6
2022,9,16,16,30,59,657,240,0.26,221,2,31
2022,9,16,17,30,24,256,41,0.26,233,1.5,27.5
2022,9,16,18,30,0,0,0,0.26,248,1.5,25
2022,9,16,19,30,0,0,0,0.26,265,1.6,23.5
2022,9,16,20,30,0,0,0,0.26,278,1.5,22.5
2022,9,16,21,30,0,0,0,0.26,286,1.4000000000000001,21.6
2022,9,16,22,30,0,0,0,0.26,291,1.3,20.900000000000002
2022,9,16,23,30,0,0,0,0.26,293,1.1,20.400000000000002
2022,9,17,0,30,0,0,0,0.26,292,1,19.900000000000002
2022,9,17,1,30,0,0,0,0.26,289,0.9,19.6
2022,9,17,2,30,0,0,0,0.26,284,0.9,19.3
2022,9,17,3,30,0,0,0,0.26,281,1,19.1
2022,9,17,4,30,0,0,0,0.26,277,1,18.900000000000002
2022,9,17,5,30,7,50,6,0.26,275,1.2000000000000002,20.1
2022,9,17,6,30,50,570,163,0.26,263,1.4000000000000001,22.900000000000002
2022,9,17,7,30,71,780,384,0.26,214,1.7000000000000002,26.200000000000003
2022,9,17,8,30,83,879,592,0.26,176,2.1,29.1
2022,9,17,9,30,89,934,760,0.26,184,2.6,31.5
2022,9,17,10,30,91,961,870,0.26,198,3,33.2
2022,9,17,11,30,93,970,916,0.26,209,3.4000000000000004,34.2
2022,9,17,12,30,93,965,894,0.26,217,3.7,34.5
2022,9,17,13,30,89,945,804,0.26,223,3.8000000000000003,34.300000000000004
2022,9,17,14,30,82,905,654,0.26,227,3.8000000000000003,33.5
2022,9,17,15,30,72,830,459,0.26,230,3.7,32
2022,9,17,16,30,54,679,238,0.26,234,3,29.3
2022,9,17,17,30,23,265,39,0.26,243,2.2,25.8
2022,9,17,18,30,0,0,0,0.26,254,1.9000000000000001,23.1
2022,9,17,19,30,0,0,0,0.26,264,1.8,21.5
2022,9,17,20,30,0,0,0,0.26,269,1.8,20.400000000000002
2022,9,17,21,30,0,0,0,0.26,271,1.9000000000000001,19.700000000000003
2022,9,17,22,30,0,0,0,0.26,272,2,18.900000000000002
2022,9,17,23,30,0,0,0,0.26,273,2,18.3
2022,9,18,0,30,0,0,0,0.26,275,1.9000000000000001,17.900000000000002
2022,9,18,1,30,0,0,0,0.26,276,1.9000000000000001,17.5
2022,9,18,2,30,0,0,0,0.26,277,1.8,17.2
2022,9,18,3,30,0,0,0,0.26,278,1.8,17.1
2022,9,18,4,30,0,0,0,0.26,278,1.9000000000000001,17.1
2022,9,18,5,30,7,52,6,0.26,278,2.3000000000000003,17.8
2022,9,18,6,30,46,592,162,0.26,277,2.7,20
2022,9,18,7,30,64,804,385,0.26,266,2.4000000000000004,23.3
2022,9,18,8,30,74,896,591,0.26,228,2.2,26.8
2022,9,18,9,30,82,943,757,0.26,198,2.6,29.6
2022,9,18,10,30,86,966,866,0.26,197,3.1,31.5
2022,9,18,11,30,90,971,910,0.26,199,3.5,32.800000000000004
2022,9,18,12,30,89,962,884,0.26,202,3.9000000000000004,33.4
2022,9,18,13,30,87,940,794,0.26,208,4.1000000000000005,33.300000000000004
2022,9,18,14,30,80,901,646,0.26,215,4.2,32.5
2022,9,18,15,30,68,828,451,0.26,221,3.9000000000000004,31.1
2022,9,18,16,30,53,682,234,0.26,230,3,28.5
2022,9,18,17,30,22,268,37,0.26,242,1.9000000000000001,25.200000000000003
2022,9,18,18,30,0,0,0,0.26,254,1.4000000000000001,22.700000000000003
2022,9,18,19,30,0,0,0,0.26,259,1.3,21.400000000000002
2022,9,18,20,30,0,0,0,0.26,259,1.2000000000000002,20.400000000000002
2022,9,18,21,30,0,0,0,0.26,259,1.1,19.6
2022,9,18,22,30,0,0,0,0.26,262,1.1,18.900000000000002
2022,9,18,23,30,0,0,0,0.26,266,1.2000000000000002,18.3
2022,9,19,0,30,0,0,0,0.26,271,1.2000000000000002,17.8
2022,9,19,1,30,0,0,0,0.26,276,1.2000000000000002,17.3
2022,9,19,2,30,0,0,0,0.26,281,1.1,16.8
2022,9,19,3,30,0,0,0,0.26,286,1,16.2
2022,9,19,4,30,0,0,0,0.26,291,1,15.8
2022,9,19,5,30,6,63,5,0.26,299,1.1,17.2
2022,9,19,6,30,42,617,162,0.26,310,1.5,20.700000000000003
2022,9,19,7,30,61,810,382,0.26,168,1.4000000000000001,24.900000000000002
2022,9,19,8,30,72,894,585,0.26,73,1.2000000000000002,28.900000000000002
2022,9,19,9,30,82,935,748,0.26,136,2,31.8
2022,9,19,10,30,89,957,858,0.26,152,2.9000000000000004,33.800000000000004
2022,9,19,11,30,91,965,903,0.26,163,3.6,34.9
2022,9,19,12,30,93,956,879,0.26,173,3.9000000000000004,35.4
2022,9,19,13,30,91,929,786,0.26,183,4,35.300000000000004
2022,9,19,14,30,83,887,636,0.26,192,4,34.5
2022,9,19,15,30,71,811,442,0.26,201,3.7,33.1
2022,9,19,16,30,53,659,225,0.26,212,2.7,30.200000000000003
2022,9,19,17,30,21,223,32,0.26,227,1.7000000000000002,26.5
2022,9,19,18,30,0,0,0,0.26,243,1.4000000000000001,23.900000000000002
2022,9,19,19,30,0,0,0,0.26,254,1.4000000000000001,22.400000000000002
2022,9,19,20,30,0,0,0,0.26,261,1.4000000000000001,21.400000000000002
2022,9,19,21,30,0,0,0,0.26,265,1.3,20.6
2022,9,19,22,30,0,0,0,0.26,268,1.3,20
2022,9,19,23,30,0,0,0,0.26,272,1.3,19.400000000000002
2022,9,20,0,30,0,0,0,0.26,275,1.3,19
2022,9,20,1,30,0,0,0,0.26,276,1.2000000000000002,18.6
2022,9,20,2,30,0,0,0,0.26,277,1.3,18.2
2022,9,20,3,30,0,0,0,0.26,278,1.2000000000000002,17.8
2022,9,20,4,30,0,0,0,0.26,280,1.2000000000000002,17.3
2022,9,20,5,30,5,45,4,0.26,282,1.4000000000000001,18.5
2022,9,20,6,30,43,598,158,0.26,288,1.8,21.700000000000003
2022,9,20,7,30,61,804,378,0.26,281,1.5,25.8
2022,9,20,8,30,72,897,584,0.26,215,1.5,29.8
2022,9,20,9,30,80,942,749,0.26,164,2.9000000000000004,32.9
2022,9,20,10,30,86,964,858,0.26,172,4,34.800000000000004
2022,9,20,11,30,89,972,903,0.26,179,4.6000000000000005,35.6
2022,9,20,12,30,89,964,878,0.26,186,4.800000000000001,35.800000000000004
2022,9,20,13,30,86,942,786,0.26,194,4.800000000000001,35.6
2022,9,20,14,30,78,901,636,0.26,200,4.5,34.800000000000004
2022,9,20,15,30,68,824,441,0.26,205,4.1000000000000005,33.5
2022,9,20,16,30,51,668,222,0.26,212,2.8000000000000003,30.6
2022,9,20,17,30,20,223,30,0.26,225,1.6,27
2022,9,20,18,30,0,0,0,0.26,238,1.2000000000000002,24.6
2022,9,20,19,30,0,0,0,0.26,249,1.2000000000000002,23.3
2022,9,20,20,30,0,0,0,0.26,256,1.1,22.3
2022,9,20,21,30,0,0,0,0.26,261,1.3,21.6
2022,9,20,22,30,0,0,0,0.26,265,1.4000000000000001,21.1
2022,9,20,23,30,0,0,0,0.26,268,1.5,20.6
2022,9,21,0,30,0,0,0,0.26,272,1.5,20.1
2022,9,21,1,30,0,0,0,0.26,273,1.6,19.700000000000003
2022,9,21,2,30,0,0,0,0.26,274,1.7000000000000002,19.400000000000002
2022,9,21,3,30,0,0,0,0.26,276,1.8,19
2022,9,21,4,30,0,0,0,0.26,277,1.7000000000000002,18.7
2022,9,21,5,30,4,27,3,0.26,278,1.8,19.200000000000003
2022,9,21,6,30,46,579,155,0.26,277,2.1,21.6
2022,9,21,7,30,64,798,376,0.26,257,2.1,25.3
2022,9,21,8,30,75,897,585,0.26,216,2.3000000000000003,29
2022,9,21,9,30,82,947,751,0.26,196,3,31.5
2022,9,21,10,30,87,974,864,0.26,201,3.6,33.2
2022,9,21,11,30,90,983,910,0.26,208,4.1000000000000005,34.1
2022,9,21,12,30,90,976,885,0.26,215,4.2,34.5
2022,9,21,13,30,87,956,794,0.26,220,4.2,34.4
2022,9,21,14,30,79,919,643,0.26,226,4.1000000000000005,33.7
2022,9,21,15,30,68,842,445,0.26,231,3.7,32.300000000000004
2022,9,21,16,30,51,686,223,0.27,239,2.7,29.400000000000002
2022,9,21,17,30,19,222,28,0.27,251,1.6,25.6
2022,9,21,18,30,0,0,0,0.27,264,1.3,23
2022,9,21,19,30,0,0,0,0.27,276,1.4000000000000001,21.700000000000003
2022,9,21,20,30,0,0,0,0.27,285,1.5,20.700000000000003
2022,9,21,21,30,0,0,0,0.27,289,1.5,20
2022,9,21,22,30,0,0,0,0.27,290,1.5,19.400000000000002
2022,9,21,23,30,0,0,0,0.27,292,1.4000000000000001,19
2022,9,22,0,30,0,0,0,0.27,294,1.3,18.7
2022,9,22,1,30,0,0,0,0.27,297,1.2000000000000002,18.5
2022,9,22,2,30,0,0,0,0.27,300,1.2000000000000002,18.3
2022,9,22,3,30,0,0,0,0.27,305,1.2000000000000002,18.2
2022,9,22,4,30,0,0,0,0.27,310,1.2000000000000002,18.1
2022,9,22,5,30,4,32,3,0.27,316,1.1,19.3
2022,9,22,6,30,43,620,159,0.27,326,1.3,23
2022,9,22,7,30,62,823,382,0.27,179,1.4000000000000001,27.5
2022,9,22,8,30,74,917,592,0.27,67,1.2000000000000002,31.400000000000002
2022,9,22,9,30,81,963,759,0.27,125,1.7000000000000002,34.2
2022,9,22,10,30,85,986,868,0.27,149,2.3000000000000003,36
2022,9,22,11,30,88,994,913,0.27,162,2.7,37.1
2022,9,22,12,30,88,984,885,0.27,173,2.9000000000000004,37.7
2022,9,22,13,30,84,961,790,0.27,183,2.9000000000000004,37.800000000000004
2022,9,22,14,30,77,917,636,0.27,191,2.9000000000000004,37.2
2022,9,22,15,30,66,837,437,0.27,199,2.7,35.9
2022,9,22,16,30,49,672,215,0.27,205,1.8,32.6
2022,9,22,17,30,19,205,26,0.27,217,1.1,28.400000000000002
2022,9,22,18,30,0,0,0,0.27,237,1.1,26.200000000000003
2022,9,22,19,30,0,0,0,0.27,257,1,25
2022,9,22,20,30,0,0,0,0.27,272,0.9,24.3
2022,9,22,21,30,0,0,0,0.27,280,0.9,23.900000000000002
2022,9,22,22,30,0,0,0,0.27,286,0.9,23.8
2022,9,22,23,30,0,0,0,0.27,291,0.9,23.900000000000002
2022,9,23,0,30,0,0,0,0.27,298,0.9,24.1
2022,9,23,1,30,0,0,0,0.27,306,1,24.5
2022,9,23,2,30,0,0,0,0.27,315,1,24.8
2022,9,23,3,30,0,0,0,0.27,326,1,25.200000000000003
2022,9,23,4,30,0,0,0,0.27,335,1,25.700000000000003
2022,9,23,5,30,3,21,2,0.27,339,1,26.700000000000003
2022,9,23,6,30,44,505,137,0.27,341,1.1,28.8
2022,9,23,7,30,68,710,342,0.27,197,1,31.400000000000002
2022,9,23,8,30,83,806,536,0.27,85,1.1,33.4
2022,9,23,9,30,99,845,691,0.27,124,1.6,34.9
2022,9,23,10,30,115,858,793,0.27,132,1.9000000000000001,36.1
2022,9,23,11,30,117,869,835,0.27,136,2,37.1
2022,9,23,12,30,124,849,808,0.27,140,1.9000000000000001,37.6
2022,9,23,13,30,139,786,713,0.27,142,1.8,37.800000000000004
2022,9,23,14,30,123,741,571,0.27,143,1.8,37.4
2022,9,23,15,30,98,658,386,0.27,144,1.8,36.300000000000004
2022,9,23,16,30,72,453,181,0.27,149,1.4000000000000001,34.4
2022,9,23,17,30,15,65,17,0.27,159,0.9,32.1
2022,9,23,18,30,0,0,0,0.27,175,0.8,30.700000000000003
2022,9,23,19,30,0,0,0,0.27,191,0.6000000000000001,29.900000000000002
2022,9,23,20,30,0,0,0,0.27,193,0.6000000000000001,29.1
2022,9,23,21,30,0,0,0,0.27,190,0.5,28.400000000000002
2022,9,23,22,30,0,0,0,0.27,205,0.5,28
2022,9,23,23,30,0,0,0,0.27,258,0.5,27.700000000000003
2022,9,24,0,30,0,0,0,0.27,305,0.6000000000000001,27.3
2022,9,24,1,30,0,0,0,0.27,318,0.8,26.900000000000002
2022,9,24,2,30,0,0,0,0.27,323,0.9,26.6
2022,9,24,3,30,0,0,0,0.27,328,1,26.400000000000002
2022,9,24,4,30,0,0,0,0.27,331,1,26.3
2022,9,24,5,30,2,14,2,0.27,331,0.9,27.1
2022,9,24,6,30,48,463,132,0.27,337,1,29.8
2022,9,24,7,30,73,686,336,0.27,211,0.9,33.300000000000004
2022,9,24,8,30,90,790,532,0.27,99,1,36
2022,9,24,9,30,96,852,690,0.27,126,1.5,37.800000000000004
2022,9,24,10,30,96,890,797,0.27,136,1.9000000000000001,39
2022,9,24,11,30,102,895,838,0.27,144,2.1,39.7
2022,9,24,12,30,108,875,810,0.27,149,2.2,39.800000000000004
2022,9,24,13,30,112,835,718,0.27,152,2,39.5
2022,9,24,14,30,103,781,572,0.27,158,1.8,38.7
2022,9,24,15,30,143,465,344,0.27,172,1.5,37.7
2022,9,24,16,30,98,81,117,0.27,196,1.1,35.7
2022,9,24,17,30,14,89,16,0.27,243,0.8,33.1
2022,9,24,18,30,0,0,0,0.27,286,0.7000000000000001,31.200000000000003
2022,9,24,19,30,0,0,0,0.27,302,0.8,29.900000000000002
2022,9,24,20,30,0,0,0,0.27,313,0.8,29
2022,9,24,21,30,0,0,0,0.27,321,0.8,28.3
2022,9,24,22,30,0,0,0,0.27,325,0.8,27.8
2022,9,24,23,30,0,0,0,0.27,329,0.8,27.5
2022,9,25,0,30,0,0,0,0.27,332,0.8,27.3
2022,9,25,1,30,0,0,0,0.27,334,0.9,27.1
2022,9,25,2,30,0,0,0,0.27,336,0.9,27
2022,9,25,3,30,0,0,0,0.27,338,1,27
2022,9,25,4,30,0,0,0,0.27,339,1,27
2022,9,25,5,30,2,13,2,0.27,340,1,28
2022,9,25,6,30,49,457,131,0.27,347,1.2000000000000002,31
2022,9,25,7,30,75,685,336,0.27,198,1.6,34.800000000000004
2022,9,25,8,30,91,792,532,0.27,47,1.6,37.5
2022,9,25,9,30,98,855,692,0.27,50,1.5,39.2
2022,9,25,10,30,100,891,798,0.27,49,1.4000000000000001,40.400000000000006
2022,9,25,11,30,105,898,840,0.27,47,1.4000000000000001,41.1
2022,9,25,12,30,150,805,792,0.27,42,1.5,41.400000000000006
2022,9,25,13,30,297,86,359,0.27,37,1.7000000000000002,41.2
2022,9,25,14,30,262,184,372,0.27,32,1.8,40.400000000000006
2022,9,25,15,30,90,686,384,0.27,29,1.8,39.2
2022,9,25,16,30,73,365,157,0.27,28,1.4000000000000001,36.9
2022,9,25,17,30,13,76,15,0.27,26,0.9,34.2
2022,9,25,18,30,0,0,0,0.27,21,0.8,32.4
2022,9,25,19,30,0,0,0,0.27,18,0.7000000000000001,31.400000000000002
2022,9,25,20,30,0,0,0,0.27,15,0.7000000000000001,30.900000000000002
2022,9,25,21,30,0,0,0,0.27,184,0.7000000000000001,30.5
2022,9,25,22,30,0,0,0,0.27,347,0.8,30.1
2022,9,25,23,30,0,0,0,0.27,335,0.8,29.700000000000003
2022,9,26,0,30,0,0,0,0.27,332,0.9,29.3
2022,9,26,1,30,0,0,0,0.27,332,0.9,29.1
2022,9,26,2,30,0,0,0,0.27,334,1,29
2022,9,26,3,30,0,0,0,0.27,339,1.1,28.900000000000002
2022,9,26,4,30,0,0,0,0.27,348,1.1,28.900000000000002
2022,9,26,5,30,2,12,2,0.27,354,1.1,29.200000000000003
2022,9,26,6,30,49,484,134,0.27,354,1.2000000000000002,31.400000000000002
2022,9,26,7,30,75,721,348,0.27,187,1.7000000000000002,34.800000000000004
2022,9,26,8,30,91,831,551,0.27,25,2,37.6
2022,9,26,9,30,98,896,717,0.27,34,2,39.300000000000004
2022,9,26,10,30,99,934,828,0.27,38,1.9000000000000001,40.6
2022,9,26,11,30,102,945,872,0.27,42,2,41.300000000000004
2022,9,26,12,30,100,940,846,0.27,43,2,41.7
2022,9,26,13,30,96,916,753,0.27,42,2,41.6
2022,9,26,14,30,88,869,601,0.27,41,2,40.900000000000006
2022,9,26,15,30,74,779,404,0.27,42,1.8,39.5
2022,9,26,16,30,54,593,188,0.27,50,1.2000000000000002,36.5
2022,9,26,17,30,12,100,14,0.27,63,0.7000000000000001,33.5
2022,9,26,18,30,0,0,0,0.27,75,0.6000000000000001,32.300000000000004
2022,9,26,19,30,0,0,0,0.27,87,0.7000000000000001,31.6
2022,9,26,20,30,0,0,0,0.27,98,0.8,30.900000000000002
2022,9,26,21,30,0,0,0,0.27,105,0.8,30.3
2022,9,26,22,30,0,0,0,0.27,106,0.9,29.900000000000002
2022,9,26,23,30,0,0,0,0.27,99,0.9,29.700000000000003
2022,9,27,0,30,0,0,0,0.27,87,0.9,29.400000000000002
2022,9,27,1,30,0,0,0,0.27,80,0.9,29.200000000000003
2022,9,27,2,30,0,0,0,0.27,77,1,29
2022,9,27,3,30,0,0,0,0.27,72,1,28.700000000000003
2022,9,27,4,30,0,0,0,0.27,70,1.1,28.200000000000003
2022,9,27,5,30,3,17,2,0.27,72,1.1,28.3
2022,9,27,6,30,46,521,136,0.27,77,1.3,30.5
2022,9,27,7,30,70,744,349,0.27,92,1.8,34.2
2022,9,27,8,30,86,841,549,0.27,105,2.2,37.2
2022,9,27,9,30,95,895,710,0.27,108,2.1,39
2022,9,27,10,30,98,922,814,0.27,109,2.1,40.2
2022,9,27,11,30,102,924,852,0.27,112,2.2,40.900000000000006
2022,9,27,12,30,103,909,821,0.27,116,2.2,41.2
2022,9,27,13,30,101,875,725,0.27,119,2.3000000000000003,41.1
2022,9,27,14,30,96,816,574,0.27,123,2.4000000000000004,40.5
2022,9,27,15,30,83,710,380,0.27,128,2.4000000000000004,39.300000000000004
2022,9,27,16,30,60,499,170,0.27,132,1.8,36.6
2022,9,27,17,30,10,59,11,0.27,139,1.1,33.4
2022,9,27,18,30,0,0,0,0.27,152,0.9,32
2022,9,27,19,30,0,0,0,0.27,169,0.7000000000000001,31.6
2022,9,27,20,30,0,0,0,0.27,185,0.6000000000000001,31.5
2022,9,27,21,30,0,0,0,0.27,203,0.4,31.3
2022,9,27,22,30,0,0,0,0.27,221,0.4,31.1
2022,9,27,23,30,0,0,0,0.27,238,0.5,30.900000000000002
2022,9,28,0,30,0,0,0,0.27,256,0.6000000000000001,30.700000000000003
2022,9,28,1,30,0,0,0,0.27,268,0.6000000000000001,30.6
2022,9,28,2,30,0,0,0,0.27,231,0.5,30.6
2022,9,28,3,30,0,0,0,0.27,171,0.6000000000000001,30.400000000000002
2022,9,28,4,30,0,0,0,0.27,144,0.8,30.1
2022,9,28,5,30,0,0,0,0.27,123,0.9,30.1
2022,9,28,6,30,56,319,111,0.27,109,1.4000000000000001,32
2022,9,28,7,30,83,650,325,0.27,110,2.3000000000000003,35.1
2022,9,28,8,30,102,761,519,0.27,115,2.7,37.300000000000004
2022,9,28,9,30,111,828,678,0.27,121,3,38.900000000000006
2022,9,28,10,30,137,807,761,0.27,127,3.1,39.900000000000006
2022,9,28,11,30,261,90,334,0.27,133,3.2,40.400000000000006
2022,9,28,12,30,195,48,233,0.27,139,3.1,40.400000000000006
2022,9,28,13,30,246,448,563,0.27,147,2.9000000000000004,39.800000000000004
2022,9,28,14,30,97,8,102,0.27,158,2.7,38.800000000000004
2022,9,28,15,30,169,94,208,0.27,173,2.3000000000000003,37.5
2022,9,28,16,30,70,22,75,0.27,193,1.5,35.4
2022,9,28,17,30,5,0,5,0.27,221,0.8,33.2
2022,9,28,18,30,0,0,0,0.27,249,0.5,31.900000000000002
2022,9,28,19,30,0,0,0,0.27,231,0.30000000000000004,31.400000000000002
2022,9,28,20,30,0,0,0,0.27,168,0.4,30.8
2022,9,28,21,30,0,0,0,0.27,134,0.6000000000000001,30.1
2022,9,28,22,30,0,0,0,0.27,143,0.7000000000000001,29.5
2022,9,28,23,30,0,0,0,0.27,157,0.6000000000000001,29.1
2022,9,29,0,30,0,0,0,0.27,175,0.5,28.700000000000003
2022,9,29,1,30,0,0,0,0.27,202,0.5,28.3
2022,9,29,2,30,0,0,0,0.27,232,0.4,27.900000000000002
2022,9,29,3,30,0,0,0,0.27,250,0.5,27.5
2022,9,29,4,30,0,0,0,0.27,249,0.5,27.200000000000003
2022,9,29,5,30,0,0,0,0.27,229,0.6000000000000001,27.400000000000002
2022,9,29,6,30,53,383,118,0.27,192,1.1,29.200000000000003
2022,9,29,7,30,86,632,320,0.27,165,1.8,32.1
2022,9,29,8,30,108,748,515,0.27,160,2.2,34.7
2022,9,29,9,30,110,831,676,0.27,161,2.4000000000000004,36.6
2022,9,29,10,30,103,887,785,0.27,163,2.6,37.9
2022,9,29,11,30,106,895,825,0.27,168,2.8000000000000003,38.7
2022,9,29,12,30,109,881,797,0.27,177,2.9000000000000004,39.1
2022,9,29,13,30,110,844,704,0.27,191,3.2,38.900000000000006
2022,9,29,14,30,207,515,504,0.27,202,3.4000000000000004,38.2
2022,9,29,15,30,138,464,328,0.27,210,3.5,36.800000000000004
2022,9,29,16,30,92,178,130,0.27,215,2.9000000000000004,34.300000000000004
2022,9,29,17,30,8,22,8,0.27,220,1.9000000000000001,31.1
2022,9,29,18,30,0,0,0,0.27,227,1.3,28.6
2022,9,29,19,30,0,0,0,0.27,234,1,27.200000000000003
2022,9,29,20,30,0,0,0,0.27,242,0.9,26.1
2022,9,29,21,30,0,0,0,0.27,250,0.8,25.3
2022,9,29,22,30,0,0,0,0.27,258,0.8,24.8
2022,9,29,23,30,0,0,0,0.27,265,0.8,24.400000000000002
2022,9,30,0,30,0,0,0,0.27,270,0.8,24.3
2022,9,30,1,30,0,0,0,0.27,271,0.8,24.3
2022,9,30,2,30,0,0,0,0.27,271,0.9,24.200000000000003
2022,9,30,3,30,0,0,0,0.27,273,0.9,24.200000000000003
2022,9,30,4,30,0,0,0,0.27,275,0.9,24.1
2022,9,30,5,30,0,0,0,0.27,275,0.8,24.700000000000003
2022,9,30,6,30,40,546,130,0.27,266,0.9,27.1
2022,9,30,7,30,60,774,344,0.27,225,1.3,30.8
2022,9,30,8,30,73,873,546,0.27,188,1.9000000000000001,33.7
2022,9,30,9,30,83,923,708,0.27,182,2.4000000000000004,35.6
2022,9,30,10,30,89,947,814,0.27,180,2.7,36.9
2022,9,30,11,30,92,954,854,0.27,181,3,37.800000000000004
2022,9,30,12,30,90,946,825,0.27,186,3.2,38.1
2022,9,30,13,30,87,921,731,0.27,192,3.3000000000000003,37.9
2022,9,30,14,30,80,874,580,0.27,201,3.3000000000000003,37.1
2022,9,30,15,30,68,783,384,0.27,211,3.2,35.6
2022,9,30,16,30,50,620,177,0.27,355,1.9000000000000001,28.8
2022,9,30,17,30,7,64,7,0.27,349,1.2000000000000002,25.5
2022,9,30,18,30,0,0,0,0.27,343,1.2000000000000002,24.3
2022,9,30,19,30,0,0,0,0.27,341,1.2000000000000002,23.5
2022,9,30,20,30,0,0,0,0.27,341,1.3,22.700000000000003
2022,9,30,21,30,0,0,0,0.27,343,1.3,21.900000000000002
2022,9,30,22,30,0,0,0,0.27,344,1.3,21.3
2022,9,30,23,30,0,0,0,0.27,346,1.3,20.8
2021,10,1,0,30,0,0,0,0.27,347,1.3,20.400000000000002
2021,10,1,1,30,0,0,0,0.27,347,1.3,20.200000000000003
2021,10,1,2,30,0,0,0,0.27,347,1.3,20.1
2021,10,1,3,30,0,0,0,0.27,347,1.3,20
2021,10,1,4,30,0,0,0,0.27,348,1.3,19.900000000000002
2021,10,1,5,30,0,0,0,0.27,347,1.3,20.5
2021,10,1,6,30,45,517,129,0.27,350,1.3,23.5
2021,10,1,7,30,70,764,348,0.27,199,1.9000000000000001,27.6
2021,10,1,8,30,86,873,555,0.27,51,2.5,30.3
2021,10,1,9,30,96,927,720,0.27,57,2.7,32.1
2021,10,1,10,30,103,953,828,0.27,57,2.7,33.4
2021,10,1,11,30,106,958,867,0.27,54,2.6,34.300000000000004
2021,10,1,12,30,106,946,836,0.27,49,2.4000000000000004,34.800000000000004
2021,10,1,13,30,103,918,739,0.27,41,2.2,34.9
2021,10,1,14,30,94,866,584,0.27,33,2,34.4
2021,10,1,15,30,79,767,384,0.27,27,1.7000000000000002,33.2
2021,10,1,16,30,54,553,165,0.27,22,1.1,30.3
2021,10,1,17,30,7,46,6,0.27,11,0.9,27.6
2021,10,1,18,30,0,0,0,0.27,173,0.9,26.5
2021,10,1,19,30,0,0,0,0.27,337,0.9,25.900000000000002
2021,10,1,20,30,0,0,0,0.27,328,0.9,25.200000000000003
2021,10,1,21,30,0,0,0,0.27,326,1,24.5
2021,10,1,22,30,0,0,0,0.27,328,1,23.900000000000002
2021,10,1,23,30,0,0,0,0.27,329,1,23.400000000000002
2021,10,2,0,30,0,0,0,0.27,330,1,23
2021,10,2,1,30,0,0,0,0.27,331,1.1,22.6
2021,10,2,2,30,0,0,0,0.27,335,1.1,22.200000000000003
2021,10,2,3,30,0,0,0,0.27,340,1.2000000000000002,21.8
2021,10,2,4,30,0,0,0,0.27,345,1.2000000000000002,21.400000000000002
2021,10,2,5,30,0,0,0,0.27,350,1.2000000000000002,21.5
2021,10,2,6,30,47,474,123,0.27,352,1.4000000000000001,24
2021,10,2,7,30,74,727,336,0.27,203,1.8,28.200000000000003
2021,10,2,8,30,91,837,538,0.27,73,2.3000000000000003,31.200000000000003
2021,10,2,9,30,104,887,698,0.27,96,2.5,33.1
2021,10,2,10,30,114,906,800,0.27,99,2.4000000000000004,34.300000000000004
2021,10,2,11,30,133,885,832,0.27,97,2.2,35.1
2021,10,2,12,30,138,860,797,0.27,92,2,35.5
2021,10,2,13,30,105,882,712,0.27,86,1.8,35.5
2021,10,2,14,30,96,823,558,0.27,81,1.7000000000000002,34.9
2021,10,2,15,30,81,718,363,0.27,78,1.4000000000000001,33.7
2021,10,2,16,30,54,501,152,0.27,78,1,31.1
2021,10,2,17,30,6,34,5,0.27,76,0.6000000000000001,28.8
2021,10,2,18,30,0,0,0,0.27,64,0.5,28
2021,10,2,19,30,0,0,0,0.27,38,0.4,27.700000000000003
2021,10,2,20,30,0,0,0,0.27,180,0.4,27.3
2021,10,2,21,30,0,0,0,0.27,330,0.5,27
2021,10,2,22,30,0,0,0,0.27,318,0.6000000000000001,26.6
2021,10,2,23,30,0,0,0,0.27,316,0.6000000000000001,26.3
2021,10,3,0,30,0,0,0,0.27,323,0.6000000000000001,26
2021,10,3,1,30,0,0,0,0.27,334,0.7000000000000001,25.6
2021,10,3,2,30,0,0,0,0.27,341,0.9,25
2021,10,3,3,30,0,0,0,0.27,343,1,24.5
2021,10,3,4,30,0,0,0,0.27,342,1,24.1
2021,10,3,5,30,0,0,0,0.27,339,1,24.1
2021,10,3,6,30,50,396,112,0.27,341,1.1,26.400000000000002
2021,10,3,7,30,84,650,316,0.27,213,1.6,30.200000000000003
2021,10,3,8,30,104,769,513,0.27,93,2.3000000000000003,32.9
2021,10,3,9,30,110,848,675,0.27,106,2.7,34.6
2021,10,3,10,30,106,897,782,0.27,109,2.8000000000000003,35.800000000000004
2021,10,3,11,30,108,908,822,0.27,111,2.8000000000000003,36.6
2021,10,3,12,30,108,896,791,0.27,112,2.7,37
2021,10,3,13,30,107,863,697,0.27,112,2.4000000000000004,37
2021,10,3,14,30,96,809,546,0.27,110,2.2,36.4
2021,10,3,15,30,79,706,353,0.27,110,1.9000000000000001,35.2
2021,10,3,16,30,52,487,145,0.27,118,1.4000000000000001,32.4
2021,10,3,17,30,5,29,4,0.27,136,1.1,29.3
2021,10,3,18,30,0,0,0,0.27,169,0.9,27.700000000000003
2021,10,3,19,30,0,0,0,0.27,220,0.8,26.700000000000003
2021,10,3,20,30,0,0,0,0.27,264,0.9,26
2021,10,3,21,30,0,0,0,0.27,286,0.9,25.3
2021,10,3,22,30,0,0,0,0.27,298,1,24.900000000000002
2021,10,3,23,30,0,0,0,0.27,308,1,24.6
2021,10,4,0,30,0,0,0,0.27,323,1,24.6
2021,10,4,1,30,0,0,0,0.27,337,1,24.5
2021,10,4,2,30,0,0,0,0.27,340,1,24.400000000000002
2021,10,4,3,30,0,0,0,0.27,337,0.9,24.200000000000003
2021,10,4,4,30,0,0,0,0.27,335,1,24
2021,10,4,5,30,0,0,0,0.27,336,1,24.200000000000003
2021,10,4,6,30,74,31,79,0.27,339,1.1,25.200000000000003
2021,10,4,7,30,151,236,235,0.27,343,1.5,27.1
2021,10,4,8,30,207,436,437,0.27,182,1.7000000000000002,29.900000000000002
2021,10,4,9,30,305,274,487,0.27,64,1.6,32.800000000000004
2021,10,4,10,30,296,423,613,0.27,117,2,34.9
2021,10,4,11,30,315,452,668,0.27,131,2.4000000000000004,36.1
2021,10,4,12,30,195,720,741,0.27,136,2.6,36.4
2021,10,4,13,30,303,378,560,0.27,137,2.8000000000000003,36.300000000000004
2021,10,4,14,30,263,197,372,0.27,135,2.9000000000000004,35.6
2021,10,4,15,30,160,87,193,0.27,135,2.6,34.300000000000004
2021,10,4,16,30,93,53,103,0.27,134,1.7000000000000002,31.5
2021,10,4,17,30,2,0,2,0.27,133,1,28.5
2021,10,4,18,30,0,0,0,0.27,137,0.9,27.200000000000003
2021,10,4,19,30,0,0,0,0.27,149,0.8,26.3
2021,10,4,20,30,0,0,0,0.27,178,1,25.5
2021,10,4,21,30,0,0,0,0.27,217,1.7000000000000002,24.8
2021,10,4,22,30,0,0,0,0.27,246,2.3000000000000003,24
2021,10,4,23,30,0,0,0,0.27,263,2.5,23
2021,10,5,0,30,0,0,0,0.27,271,2.2,22.1
2021,10,5,1,30,0,0,0,0.27,271,1.7000000000000002,21.5
2021,10,5,2,30,0,0,0,0.27,265,1.3,21.3
2021,10,5,3,30,0,0,0,0.27,269,1,21.400000000000002
2021,10,5,4,30,0,0,0,0.27,293,0.8,21.200000000000003
2021,10,5,5,30,0,0,0,0.27,329,0.8,21.5
2021,10,5,6,30,57,192,86,0.27,190,1,23.200000000000003
2021,10,5,7,30,125,426,275,0.27,67,1.4000000000000001,25.6
2021,10,5,8,30,106,740,494,0.27,117,1.9000000000000001,27.400000000000002
2021,10,5,9,30,119,804,649,0.27,142,2.4000000000000004,28.3
2021,10,5,10,30,120,850,754,0.27,156,2.8000000000000003,28.700000000000003
2021,10,5,11,30,118,871,795,0.27,164,2.9000000000000004,28.900000000000002
2021,10,5,12,30,128,844,764,0.27,171,2.8000000000000003,29.200000000000003
2021,10,5,13,30,134,786,664,0.27,178,2.5,29.400000000000002
2021,10,5,14,30,113,740,517,0.27,186,2.3000000000000003,29.3
2021,10,5,15,30,90,636,330,0.27,194,2.1,28.6
2021,10,5,16,30,56,412,130,0.27,200,1.7000000000000002,26.700000000000003
2021,10,5,17,30,2,11,2,0.27,211,1.3,24.400000000000002
2021,10,5,18,30,0,0,0,0.27,228,1.2000000000000002,22.900000000000002
2021,10,5,19,30,0,0,0,0.27,245,1.1,22
2021,10,5,20,30,0,0,0,0.27,259,1.1,21.5
2021,10,5,21,30,0,0,0,0.27,272,1.2000000000000002,21.200000000000003
2021,10,5,22,30,0,0,0,0.27,281,1.2000000000000002,20.8
2021,10,5,23,30,0,0,0,0.27,288,1.1,20.5
2021,10,6,0,30,0,0,0,0.27,293,1,20.200000000000003
2021,10,6,1,30,0,0,0,0.27,296,0.9,19.900000000000002
2021,10,6,2,30,0,0,0,0.27,298,0.8,19.6
2021,10,6,3,30,0,0,0,0.27,299,0.8,19.3
2021,10,6,4,30,0,0,0,0.27,299,0.8,19.1
2021,10,6,5,30,0,0,0,0.27,300,0.8,19.700000000000003
2021,10,6,6,30,49,357,102,0.27,308,0.7000000000000001,21.6
2021,10,6,7,30,84,624,302,0.27,214,1,24.8
2021,10,6,8,30,104,750,495,0.27,118,1.5,27.8
2021,10,6,9,30,117,816,652,0.27,127,2,29.700000000000003
2021,10,6,10,30,125,847,753,0.27,136,2.3000000000000003,31
2021,10,6,11,30,222,626,706,0.27,147,2.5,31.700000000000003
2021,10,6,12,30,282,429,603,0.27,156,2.6,31.700000000000003
2021,10,6,13,30,242,481,564,0.27,163,2.6,31.3
2021,10,6,14,30,248,154,331,0.27,169,2.6,30.8
2021,10,6,15,30,162,44,178,0.27,174,2.4000000000000004,29.8
2021,10,6,16,30,78,115,98,0.27,182,2,28.1
2021,10,6,17,30,1,0,1,0.27,199,1.5,26
2021,10,6,18,30,0,0,0,0.27,220,1.3,24.5
2021,10,6,19,30,0,0,0,0.27,238,1.2000000000000002,23.6
2021,10,6,20,30,0,0,0,0.27,253,1.1,23.3
2021,10,6,21,30,0,0,0,0.27,262,1.2000000000000002,23
2021,10,6,22,30,0,0,0,0.27,268,1.2000000000000002,22.8
2021,10,6,23,30,0,0,0,0.27,277,1,22.5
2021,10,7,0,30,0,0,0,0.27,284,1,22.200000000000003
2021,10,7,1,30,0,0,0,0.27,285,1,21.900000000000002
2021,10,7,2,30,0,0,0,0.27,282,1.1,21.6
2021,10,7,3,30,0,0,0,0.27,280,1.2000000000000002,21.3
2021,10,7,4,30,0,0,0,0.27,283,1.2000000000000002,21
2021,10,7,5,30,0,0,0,0.27,286,1.1,20.900000000000002
2021,10,7,6,30,38,26,42,0.27,291,1.1,21.3
2021,10,7,7,30,137,71,162,0.27,268,1.1,22.200000000000003
2021,10,7,8,30,244,259,378,0.27,200,1.3,23.6
2021,10,7,9,30,271,299,466,0.27,161,1.9000000000000001,25
2021,10,7,10,30,309,349,566,0.27,164,2.2,26.1
2021,10,7,11,30,284,473,648,0.27,175,2.6,26.8
2021,10,7,12,30,267,494,635,0.27,194,3,27.1
2021,10,7,13,30,289,305,492,0.27,213,3.2,26.700000000000003
2021,10,7,14,30,248,113,309,0.27,226,3,25.700000000000003
2021,10,7,15,30,174,128,221,0.27,235,2.5,24.6
2021,10,7,16,30,79,42,86,0.27,242,2,23.200000000000003
2021,10,7,17,30,0,0,0,0.27,247,1.7000000000000002,21.8
2021,10,7,18,30,0,0,0,0.27,251,1.7000000000000002,21
2021,10,7,19,30,0,0,0,0.27,254,1.6,20.400000000000002
2021,10,7,20,30,0,0,0,0.27,255,1.6,20.1
2021,10,7,21,30,0,0,0,0.27,256,1.6,19.8
2021,10,7,22,30,0,0,0,0.27,259,1.7000000000000002,19.6
2021,10,7,23,30,0,0,0,0.27,261,1.9000000000000001,19.3
2021,10,8,0,30,0,0,0,0.27,261,2,19.1
2021,10,8,1,30,0,0,0,0.27,259,2.1,18.900000000000002
2021,10,8,2,30,0,0,0,0.27,258,2.2,18.7
2021,10,8,3,30,0,0,0,0.27,261,2.1,18.6
2021,10,8,4,30,0,0,0,0.27,269,1.9000000000000001,18.400000000000002
2021,10,8,5,30,0,0,0,0.27,273,2.1,18.3
2021,10,8,6,30,57,130,76,0.27,258,3.1,18.7
2021,10,8,7,30,116,56,135,0.27,239,3.9000000000000004,19.5
2021,10,8,8,30,193,393,395,0.27,229,4.2,20.400000000000002
2021,10,8,9,30,248,382,496,0.27,228,4.4,22
2021,10,8,10,30,259,479,610,0.27,235,4.6000000000000005,23.8
2021,10,8,11,30,214,646,708,0.27,242,4.7,25.200000000000003
2021,10,8,12,30,119,860,755,0.27,248,4.800000000000001,25.8
2021,10,8,13,30,163,698,624,0.27,254,4.7,25.700000000000003
2021,10,8,14,30,214,409,432,0.27,260,4.5,24.700000000000003
2021,10,8,15,30,152,286,256,0.27,266,4.3,23.1
2021,10,8,16,30,54,333,109,0.27,273,3.7,21.3
2021,10,8,17,30,0,0,0,0.27,276,3,19.700000000000003
2021,10,8,18,30,0,0,0,0.27,276,2.7,18.8
2021,10,8,19,30,0,0,0,0.27,272,2.7,18.400000000000002
2021,10,8,20,30,0,0,0,0.27,270,2.6,18.1
2021,10,8,21,30,0,0,0,0.27,273,2.5,17.8
2021,10,8,22,30,0,0,0,0.27,276,2.4000000000000004,17.3
2021,10,8,23,30,0,0,0,0.27,278,2.2,16.7
2021,10,9,0,30,0,0,0,0.27,279,2,16.1
2021,10,9,1,30,0,0,0,0.27,278,1.9000000000000001,15.600000000000001
2021,10,9,2,30,0,0,0,0.27,278,1.7000000000000002,15
2021,10,9,3,30,0,0,0,0.27,279,1.6,14.5
2021,10,9,4,30,0,0,0,0.27,282,1.6,14.200000000000001
2021,10,9,5,30,0,0,0,0.27,286,1.8,14.200000000000001
2021,10,9,6,30,54,329,100,0.27,290,2.5,15.600000000000001
2021,10,9,7,30,75,717,318,0.27,299,3.1,18.5
2021,10,9,8,30,89,843,520,0.27,313,3.1,22
2021,10,9,9,30,98,906,682,0.27,326,2.9000000000000004,25.1
2021,10,9,10,30,103,935,785,0.27,331,3,27.3
2021,10,9,11,30,106,941,822,0.27,331,3.3000000000000003,28.5
2021,10,9,12,30,104,929,787,0.27,329,3.6,28.900000000000002
2021,10,9,13,30,98,902,690,0.27,329,3.9000000000000004,28.700000000000003
2021,10,9,14,30,89,839,531,0.27,332,4,27.900000000000002
2021,10,9,15,30,75,720,333,0.27,335,3.9000000000000004,26.5
2021,10,9,16,30,47,463,122,0.27,337,2.9000000000000004,23.700000000000003
2021,10,9,17,30,0,0,0,0.27,336,1.7000000000000002,20.8
2021,10,9,18,30,0,0,0,0.27,330,1.3,19.3
2021,10,9,19,30,0,0,0,0.27,322,1.2000000000000002,18.400000000000002
2021,10,9,20,30,0,0,0,0.27,313,1.3,17.8
2021,10,9,21,30,0,0,0,0.27,308,1.4000000000000001,17.2
2021,10,9,22,30,0,0,0,0.27,307,1.5,16.7
2021,10,9,23,30,0,0,0,0.27,309,1.6,16.1
2021,10,10,0,30,0,0,0,0.27,311,1.8,15.700000000000001
2021,10,10,1,30,0,0,0,0.27,311,2,15.3
2021,10,10,2,30,0,0,0,0.27,311,2.1,15
2021,10,10,3,30,0,0,0,0.27,315,2.2,14.700000000000001
2021,10,10,4,30,0,0,0,0.27,319,2.2,14.600000000000001
2021,10,10,5,30,0,0,0,0.27,322,2.2,15.100000000000001
2021,10,10,6,30,41,457,104,0.27,327,2.7,17.900000000000002
2021,10,10,7,30,67,732,313,0.27,344,3.3000000000000003,22.1
2021,10,10,8,30,82,850,514,0.27,180,3.3000000000000003,25.400000000000002
2021,10,10,9,30,90,910,673,0.27,3,2.9000000000000004,27.700000000000003
2021,10,10,10,30,94,943,778,0.27,3,2.6,29.3
2021,10,10,11,30,94,950,813,0.27,1,2.2,30.5
2021,10,10,12,30,93,942,782,0.27,178,2,31.3
2021,10,10,13,30,89,914,684,0.27,354,1.9000000000000001,31.5
2021,10,10,14,30,80,860,529,0.27,347,1.9000000000000001,31.1
2021,10,10,15,30,66,751,332,0.27,342,1.7000000000000002,29.700000000000003
2021,10,10,16,30,43,498,121,0.27,344,1.2000000000000002,26.5
2021,10,10,17,30,0,0,0,0.27,343,0.9,23.400000000000002
2021,10,10,18,30,0,0,0,0.27,331,0.9,22
2021,10,10,19,30,0,0,0,0.27,312,0.9,21.1
2021,10,10,20,30,0,0,0,0.27,292,0.9,20.3
2021,10,10,21,30,0,0,0,0.27,278,1,19.400000000000002
2021,10,10,22,30,0,0,0,0.27,271,1.1,18.5
2021,10,10,23,30,0,0,0,0.27,267,1.1,17.6
2021,10,11,0,30,0,0,0,0.27,263,1.2000000000000002,16.900000000000002
2021,10,11,1,30,0,0,0,0.27,259,1.2000000000000002,16.2
2021,10,11,2,30,0,0,0,0.27,254,1.2000000000000002,15.5
2021,10,11,3,30,0,0,0,0.27,250,1.3,14.9
2021,10,11,4,30,0,0,0,0.27,250,1.3,14.4
2021,10,11,5,30,0,0,0,0.27,250,1.6,14.700000000000001
2021,10,11,6,30,44,419,100,0.27,251,2.6,16.8
2021,10,11,7,30,71,712,308,0.27,252,3.9000000000000004,19.6
2021,10,11,8,30,91,821,505,0.27,249,4.6000000000000005,22.1
2021,10,11,9,30,101,878,661,0.27,245,5,24.1
2021,10,11,10,30,108,905,761,0.27,244,5.5,25.400000000000002
2021,10,11,11,30,114,906,795,0.27,247,6,25.8
2021,10,11,12,30,117,884,759,0.27,250,6.5,25.1
2021,10,11,13,30,120,834,659,0.27,252,7,23.700000000000003
2021,10,11,14,30,112,759,505,0.27,255,7.2,22.3
2021,10,11,15,30,95,352,218,0.27,263,7.1000000000000005,21
2021,10,11,16,30,51,392,111,0.27,276,6.5,19.200000000000003
2021,10,11,17,30,0,0,0,0.27,288,5.6000000000000005,17.2
2021,10,11,18,30,0,0,0,0.27,292,4.800000000000001,15.700000000000001
2021,10,11,19,30,0,0,0,0.27,290,4.4,14.9
2021,10,11,20,30,0,0,0,0.27,290,4.3,14.5
2021,10,11,21,30,0,0,0,0.27,292,4,14
2021,10,11,22,30,0,0,0,0.27,292,3.6,13.4
2021,10,11,23,30,0,0,0,0.27,290,3.4000000000000004,12.600000000000001
2021,10,12,0,30,0,0,0,0.27,288,3.3000000000000003,12
2021,10,12,1,30,0,0,0,0.27,290,3.1,11.5
2021,10,12,2,30,0,0,0,0.27,295,2.9000000000000004,11
2021,10,12,3,30,0,0,0,0.27,301,2.7,10.600000000000001
2021,10,12,4,30,0,0,0,0.27,307,2.5,10.200000000000001
2021,10,12,5,30,0,0,0,0.27,311,2.5,10.3
2021,10,12,6,30,42,471,104,0.27,314,3.1,12.5
2021,10,12,7,30,59,804,324,0.27,318,4.2,15.4
2021,10,12,8,30,72,913,530,0.27,321,4.5,17.3
2021,10,12,9,30,83,963,693,0.27,325,4.3,18.8
2021,10,12,10,30,91,985,798,0.27,329,4.1000000000000005,20.200000000000003
2021,10,12,11,30,93,993,836,0.27,333,3.9000000000000004,21.400000000000002
2021,10,12,12,30,95,973,798,0.27,336,3.7,22.1
2021,10,12,13,30,96,932,694,0.27,338,3.5,22.3
2021,10,12,14,30,86,876,535,0.27,338,3.3000000000000003,22.1
2021,10,12,15,30,70,765,333,0.27,339,2.9000000000000004,21.1
2021,10,12,16,30,44,502,118,0.27,342,1.9000000000000001,18.400000000000002
2021,10,12,17,30,0,0,0,0.27,343,1.1,15.600000000000001
2021,10,12,18,30,0,0,0,0.27,340,1,14.700000000000001
2021,10,12,19,30,0,0,0,0.27,336,1,14.3
2021,10,12,20,30,0,0,0,0.27,330,1,13.9
2021,10,12,21,30,0,0,0,0.27,323,1,13.4
2021,10,12,22,30,0,0,0,0.27,318,1.1,12.8
2021,10,12,23,30,0,0,0,0.27,317,1.1,12.3
2021,10,13,0,30,0,0,0,0.27,319,1.1,12
2021,10,13,1,30,0,0,0,0.27,320,1.2000000000000002,11.8
2021,10,13,2,30,0,0,0,0.27,321,1.3,11.5
2021,10,13,3,30,0,0,0,0.27,324,1.3,11.200000000000001
2021,10,13,4,30,0,0,0,0.27,330,1.4000000000000001,11
2021,10,13,5,30,0,0,0,0.27,337,1.3,11.200000000000001
2021,10,13,6,30,49,314,89,0.27,340,1.6,13.9
2021,10,13,7,30,67,725,304,0.27,175,1.9000000000000001,18
2021,10,13,8,30,82,845,503,0.27,12,1.7000000000000002,20.700000000000003
2021,10,13,9,30,92,906,663,0.27,14,1.3,22.700000000000003
2021,10,13,10,30,97,934,764,0.27,186,1.2000000000000002,24.400000000000002
2021,10,13,11,30,98,945,801,0.27,350,1.5,25.700000000000003
2021,10,13,12,30,98,935,769,0.27,336,1.8,26.5
2021,10,13,13,30,94,902,669,0.27,329,2,26.8
2021,10,13,14,30,85,839,511,0.27,328,2.2,26.400000000000002
2021,10,13,15,30,70,720,314,0.27,333,2,25.1
2021,10,13,16,30,43,450,107,0.27,348,1.3,21.8
2021,10,13,17,30,0,0,0,0.27,180,0.8,18.7
2021,10,13,18,30,0,0,0,0.27,180,0.8,17.6
2021,10,13,19,30,0,0,0,0.27,354,0.8,16.900000000000002
2021,10,13,20,30,0,0,0,0.27,347,0.8,16.3
2021,10,13,21,30,0,0,0,0.27,339,0.8,15.9
2021,10,13,22,30,0,0,0,0.27,329,0.8,15.700000000000001
2021,10,13,23,30,0,0,0,0.27,322,0.8,15.600000000000001
2021,10,14,0,30,0,0,0,0.27,316,0.8,15.5
2021,10,14,1,30,0,0,0,0.27,311,0.8,15.4
2021,10,14,2,30,0,0,0,0.27,307,0.9,15.3
2021,10,14,3,30,0,0,0,0.27,305,0.9,15.200000000000001
2021,10,14,4,30,0,0,0,0.27,307,0.9,15.3
2021,10,14,5,30,0,0,0,0.27,309,0.8,15.700000000000001
2021,10,14,6,30,46,322,87,0.27,318,0.8,17.400000000000002
2021,10,14,7,30,66,719,299,0.27,172,1,20.700000000000003
2021,10,14,8,30,82,841,498,0.27,32,1.4000000000000001,23.700000000000003
2021,10,14,9,30,93,903,658,0.27,46,1.7000000000000002,25.8
2021,10,14,10,30,98,933,760,0.27,48,2,27.3
2021,10,14,11,30,102,940,797,0.27,47,2.1,28.3
2021,10,14,12,30,100,932,765,0.27,42,2.1,28.900000000000002
2021,10,14,13,30,95,903,666,0.27,38,2.2,29
2021,10,14,14,30,85,842,509,0.27,35,2.2,28.5
2021,10,14,15,30,69,723,311,0.27,33,1.9000000000000001,27.1
2021,10,14,16,30,42,446,104,0.27,30,1.2000000000000002,23.900000000000002
2021,10,14,17,30,0,0,0,0.27,23,1,21.1
2021,10,14,18,30,0,0,0,0.27,15,1.1,20
2021,10,14,19,30,0,0,0,0.27,10,1.2000000000000002,19
2021,10,14,20,30,0,0,0,0.27,10,1.2000000000000002,18.1
2021,10,14,21,30,0,0,0,0.27,12,1.3,17.3
2021,10,14,22,30,0,0,0,0.27,16,1.3,16.5
2021,10,14,23,30,0,0,0,0.27,20,1.4000000000000001,15.8
2021,10,15,0,30,0,0,0,0.27,18,1.4000000000000001,15.3
2021,10,15,1,30,0,0,0,0.27,15,1.4000000000000001,15.200000000000001
2021,10,15,2,30,0,0,0,0.27,22,1.5,14.9
2021,10,15,3,30,0,0,0,0.27,29,1.6,14.5
2021,10,15,4,30,0,0,0,0.27,29,1.6,14.100000000000001
2021,10,15,5,30,0,0,0,0.27,27,1.6,14.3
2021,10,15,6,30,49,307,87,0.27,26,2.1,17.400000000000002
2021,10,15,7,30,70,713,298,0.27,33,3.6,21.5
2021,10,15,8,30,88,842,501,0.27,41,4.7,23.8
2021,10,15,9,30,101,904,663,0.27,42,4.9,25.5
2021,10,15,10,30,110,929,765,0.27,42,4.800000000000001,26.8
2021,10,15,11,30,115,933,801,0.27,41,4.7,27.900000000000002
2021,10,15,12,30,111,928,768,0.27,40,4.6000000000000005,28.5
2021,10,15,13,30,101,906,670,0.27,39,4.4,28.6
2021,10,15,14,30,91,841,511,0.27,37,4.2,28.200000000000003
2021,10,15,15,30,74,713,310,0.27,34,3.3000000000000003,26.700000000000003
2021,10,15,16,30,45,412,100,0.27,27,2,22.900000000000002
2021,10,15,17,30,0,0,0,0.27,17,1.4000000000000001,19.3
2021,10,15,18,30,0,0,0,0.27,8,1.4000000000000001,18.1
2021,10,15,19,30,0,0,0,0.27,181,1.5,17.2
2021,10,15,20,30,0,0,0,0.27,357,1.5,16.5
2021,10,15,21,30,0,0,0,0.27,356,1.5,15.9
2021,10,15,22,30,0,0,0,0.27,358,1.5,15.5
2021,10,15,23,30,0,0,0,0.27,183,1.5,15.100000000000001
2021,10,16,0,30,0,0,0,0.27,9,1.5,14.8
2021,10,16,1,30,0,0,0,0.27,12,1.5,14.700000000000001
2021,10,16,2,30,0,0,0,0.27,13,1.5,14.700000000000001
2021,10,16,3,30,0,0,0,0.27,9,1.5,14.700000000000001
2021,10,16,4,30,0,0,0,0.27,3,1.5,14.700000000000001
2021,10,16,5,30,0,0,0,0.27,179,1.5,15
2021,10,16,6,30,47,340,88,0.27,358,1.6,17.900000000000002
2021,10,16,7,30,68,731,300,0.27,191,2.5,22.5
2021,10,16,8,30,85,859,503,0.27,35,3.3000000000000003,25.8
2021,10,16,9,30,95,922,665,0.27,57,3.2,28.1
2021,10,16,10,30,102,951,769,0.27,73,2.9000000000000004,29.8
2021,10,16,11,30,104,959,805,0.27,84,2.6,30.900000000000002
2021,10,16,12,30,102,950,771,0.27,91,2.3000000000000003,31.5
2021,10,16,13,30,94,919,667,0.27,97,2,31.6
2021,10,16,14,30,84,857,508,0.27,104,1.7000000000000002,31.1
2021,10,16,15,30,69,734,308,0.27,107,1.2000000000000002,29.200000000000003
2021,10,16,16,30,41,440,98,0.27,106,0.9,26
2021,10,16,17,30,0,0,0,0.27,105,0.8,23.8
2021,10,16,18,30,0,0,0,0.27,108,0.7000000000000001,23.400000000000002
2021,10,16,19,30,0,0,0,0.27,150,0.5,23.1
2021,10,16,20,30,0,0,0,0.27,218,0.6000000000000001,22.6
2021,10,16,21,30,0,0,0,0.27,249,0.8,21.8
2021,10,16,22,30,0,0,0,0.27,256,1,21.200000000000003
2021,10,16,23,30,0,0,0,0.27,263,1.1,20.700000000000003
2021,10,17,0,30,0,0,0,0.27,269,1,20.3
2021,10,17,1,30,0,0,0,0.27,276,1,20.1
2021,10,17,2,30,0,0,0,0.27,280,0.8,20.1
2021,10,17,3,30,0,0,0,0.27,280,0.7000000000000001,20.200000000000003
2021,10,17,4,30,0,0,0,0.27,271,0.6000000000000001,20.400000000000002
2021,10,17,5,30,0,0,0,0.27,252,0.6000000000000001,20.5
2021,10,17,6,30,41,352,82,0.27,229,0.7000000000000001,21.6
2021,10,17,7,30,82,644,284,0.27,203,1.1,24.200000000000003
2021,10,17,8,30,90,822,487,0.27,183,2.1,26.8
2021,10,17,9,30,95,898,647,0.27,185,2.9000000000000004,28.6
2021,10,17,10,30,92,946,752,0.27,192,3.4000000000000004,29.900000000000002
2021,10,17,11,30,95,955,788,0.27,201,3.8000000000000003,30.6
2021,10,17,12,30,94,945,755,0.27,211,4.2,30.6
2021,10,17,13,30,88,917,655,0.27,221,4.4,30.1
2021,10,17,14,30,79,856,498,0.27,230,4.5,28.900000000000002
2021,10,17,15,30,65,733,300,0.27,237,4.1000000000000005,26.8
2021,10,17,16,30,38,439,93,0.27,244,3,23.3
2021,10,17,17,30,0,0,0,0.27,252,1.9000000000000001,19.900000000000002
2021,10,17,18,30,0,0,0,0.27,260,1.6,17.8
2021,10,17,19,30,0,0,0,0.27,265,1.6,16.400000000000002
2021,10,17,20,30,0,0,0,0.27,265,1.8,15.600000000000001
2021,10,17,21,30,0,0,0,0.27,262,2,15.200000000000001
2021,10,17,22,30,0,0,0,0.27,260,2.2,14.700000000000001
2021,10,17,23,30,0,0,0,0.27,260,2.6,14.5
2021,10,18,0,30,0,0,0,0.27,261,3.1,14.3
2021,10,18,1,30,0,0,0,0.27,260,3.3000000000000003,13.9
2021,10,18,2,30,0,0,0,0.27,259,3.3000000000000003,13.600000000000001
2021,10,18,3,30,0,0,0,0.27,259,3.2,13.5
2021,10,18,4,30,0,0,0,0.27,258,3.1,13.4
2021,10,18,5,30,0,0,0,0.27,258,3.2,13.700000000000001
2021,10,18,6,30,36,412,83,0.27,258,3.8000000000000003,14.700000000000001
2021,10,18,7,30,62,710,282,0.27,258,4.6000000000000005,16.3
2021,10,18,8,30,77,830,475,0.27,258,5,18.2
2021,10,18,9,30,94,870,625,0.27,258,5.2,19.900000000000002
2021,10,18,10,30,112,877,720,0.27,256,5.300000000000001,20.900000000000002
2021,10,18,11,30,111,893,756,0.27,256,5.300000000000001,21.3
2021,10,18,12,30,127,848,716,0.27,259,5.2,21.1
2021,10,18,13,30,100,859,628,0.27,264,5,20.6
2021,10,18,14,30,92,792,476,0.27,267,4.7,19.8
2021,10,18,15,30,85,580,269,0.27,271,4.2,18.8
2021,10,18,16,30,41,375,86,0.27,274,3.1,17.1
2021,10,18,17,30,0,0,0,0.27,277,1.9000000000000001,15.200000000000001
2021,10,18,18,30,0,0,0,0.27,280,1.5,13.9
2021,10,18,19,30,0,0,0,0.27,286,1.6,13.4
2021,10,18,20,30,0,0,0,0.27,294,1.7000000000000002,13.100000000000001
2021,10,18,21,30,0,0,0,0.27,303,1.5,12.700000000000001
2021,10,18,22,30,0,0,0,0.27,310,1.2000000000000002,12
2021,10,18,23,30,0,0,0,0.27,316,1.1,11.3
2021,10,19,0,30,0,0,0,0.27,321,1.1,10.8
2021,10,19,1,30,0,0,0,0.27,325,1.2000000000000002,10.3
2021,10,19,2,30,0,0,0,0.27,328,1.2000000000000002,10
2021,10,19,3,30,0,0,0,0.27,329,1.2000000000000002,9.9
2021,10,19,4,30,0,0,0,0.27,329,1.2000000000000002,9.8
2021,10,19,5,30,0,0,0,0.27,328,1.2000000000000002,10.200000000000001
2021,10,19,6,30,35,444,84,0.27,325,1.6,12.700000000000001
2021,10,19,7,30,57,763,291,0.27,337,2,16.8
2021,10,19,8,30,71,882,491,0.27,185,2,20.200000000000003
2021,10,19,9,30,80,940,650,0.27,29,1.8,22.6
2021,10,19,10,30,84,969,752,0.27,45,1.7000000000000002,24.200000000000003
2021,10,19,11,30,85,978,787,0.27,56,1.6,25.400000000000002
2021,10,19,12,30,87,965,753,0.27,64,1.4000000000000001,26.200000000000003
2021,10,19,13,30,83,931,651,0.27,68,1.3,26.5
2021,10,19,14,30,74,869,492,0.27,72,1.2000000000000002,26.200000000000003
2021,10,19,15,30,60,747,293,0.27,77,1,24.8
2021,10,19,16,30,35,453,88,0.27,92,0.8,22.1
2021,10,19,17,30,0,0,0,0.27,113,0.7000000000000001,19.5
2021,10,19,18,30,0,0,0,0.27,152,0.7000000000000001,18.2
2021,10,19,19,30,0,0,0,0.27,206,0.7000000000000001,17.1
2021,10,19,20,30,0,0,0,0.27,246,0.8,16.1
2021,10,19,21,30,0,0,0,0.27,269,0.9,15.200000000000001
2021,10,19,22,30,0,0,0,0.27,284,1,14.600000000000001
2021,10,19,23,30,0,0,0,0.27,296,1,14.4
2021,10,20,0,30,0,0,0,0.27,311,0.9,14.5
2021,10,20,1,30,0,0,0,0.27,326,0.9,14.700000000000001
2021,10,20,2,30,0,0,0,0.27,335,0.9,14.9
2021,10,20,3,30,0,0,0,0.27,335,1,15
2021,10,20,4,30,0,0,0,0.27,330,1,15
2021,10,20,5,30,0,0,0,0.27,328,1,15
2021,10,20,6,30,36,390,78,0.27,332,1,16.400000000000002
2021,10,20,7,30,97,575,272,0.27,172,1.2000000000000002,19.3
2021,10,20,8,30,134,677,454,0.27,52,1.6,22.3
2021,10,20,9,30,162,736,606,0.27,103,1.8,24.900000000000002
2021,10,20,10,30,100,926,734,0.27,118,1.9000000000000001,26.700000000000003
2021,10,20,11,30,102,933,767,0.27,125,1.8,28
2021,10,20,12,30,96,931,735,0.27,130,1.7000000000000002,28.8
2021,10,20,13,30,85,912,637,0.27,130,1.6,29.1
2021,10,20,14,30,76,853,482,0.27,128,1.5,28.8
2021,10,20,15,30,61,732,286,0.27,124,1.2000000000000002,27.200000000000003
2021,10,20,16,30,34,434,83,0.27,118,0.8,24.3
2021,10,20,17,30,0,0,0,0.27,109,0.7000000000000001,22
2021,10,20,18,30,0,0,0,0.27,93,0.5,21.200000000000003
2021,10,20,19,30,0,0,0,0.27,63,0.4,20.8
2021,10,20,20,30,0,0,0,0.27,23,0.4,20.5
2021,10,20,21,30,0,0,0,0.27,170,0.6000000000000001,20.200000000000003
2021,10,20,22,30,0,0,0,0.27,330,0.6000000000000001,19.900000000000002
2021,10,20,23,30,0,0,0,0.27,319,0.7000000000000001,19.6
2021,10,21,0,30,0,0,0,0.27,314,0.7000000000000001,19.200000000000003
2021,10,21,1,30,0,0,0,0.27,315,0.9,18.7
2021,10,21,2,30,0,0,0,0.27,320,1,18
2021,10,21,3,30,0,0,0,0.27,327,1.1,17.5
2021,10,21,4,30,0,0,0,0.27,334,1.2000000000000002,17.3
2021,10,21,5,30,0,0,0,0.27,339,1.2000000000000002,17.3
2021,10,21,6,30,35,383,75,0.27,342,1.1,18.900000000000002
2021,10,21,7,30,60,723,277,0.27,185,1.4000000000000001,22.5
2021,10,21,8,30,75,848,473,0.27,45,1.8,26
2021,10,21,9,30,86,908,630,0.27,72,1.8,28.5
2021,10,21,10,30,93,936,730,0.27,86,1.8,30.1
2021,10,21,11,30,96,941,763,0.27,96,1.7000000000000002,31
2021,10,21,12,30,95,931,729,0.27,103,1.7000000000000002,31.200000000000003
2021,10,21,13,30,88,902,630,0.27,108,1.6,31
2021,10,21,14,30,79,842,476,0.27,114,1.5,30.400000000000002
2021,10,21,15,30,62,717,280,0.27,117,1.2000000000000002,28.700000000000003
2021,10,21,16,30,35,409,79,0.27,121,0.9,25.900000000000002
2021,10,21,17,30,0,0,0,0.27,135,0.8,23.8
2021,10,21,18,30,0,0,0,0.27,175,0.6000000000000001,23
2021,10,21,19,30,0,0,0,0.27,239,0.5,22.5
2021,10,21,20,30,0,0,0,0.27,281,0.7000000000000001,21.8
2021,10,21,21,30,0,0,0,0.27,291,0.8,21.1
2021,10,21,22,30,0,0,0,0.27,293,0.9,20.5
2021,10,21,23,30,0,0,0,0.27,292,1.1,19.900000000000002
2021,10,22,0,30,0,0,0,0.27,291,1.1,19.3
2021,10,22,1,30,0,0,0,0.27,291,1.1,18.8
2021,10,22,2,30,0,0,0,0.27,291,1.1,18.400000000000002
2021,10,22,3,30,0,0,0,0.27,292,1,18.1
2021,10,22,4,30,0,0,0,0.27,291,0.9,18
2021,10,22,5,30,0,0,0,0.27,288,0.8,18.2
2021,10,22,6,30,35,349,71,0.27,283,0.7000000000000001,19.700000000000003
2021,10,22,7,30,89,594,265,0.27,257,0.9,22.900000000000002
2021,10,22,8,30,150,611,434,0.27,212,1.7000000000000002,26.200000000000003
2021,10,22,9,30,179,658,570,0.27,197,2.6,28.5
2021,10,22,10,30,180,726,671,0.27,211,2.8000000000000003,29.900000000000002
2021,10,22,11,30,92,962,770,0.27,222,2.8000000000000003,30.900000000000002
2021,10,22,12,30,90,955,737,0.27,226,2.9000000000000004,31.200000000000003
2021,10,22,13,30,199,594,553,0.27,228,3,30.6
2021,10,22,14,30,116,695,441,0.27,234,3.1,29.400000000000002
2021,10,22,15,30,61,738,282,0.27,246,2.7,27.1
2021,10,22,16,30,34,423,78,0.27,258,1.8,23
2021,10,22,17,30,0,0,0,0.27,266,1.3,19.200000000000003
2021,10,22,18,30,0,0,0,0.27,275,1.3,17.2
2021,10,22,19,30,0,0,0,0.27,279,1.3,16
2021,10,22,20,30,0,0,0,0.27,280,1.5,15.4
2021,10,22,21,30,0,0,0,0.27,278,1.6,15.200000000000001
2021,10,22,22,30,0,0,0,0.27,276,1.6,15.100000000000001
2021,10,22,23,30,0,0,0,0.27,275,1.6,15
2021,10,23,0,30,0,0,0,0.27,277,1.7000000000000002,15
2021,10,23,1,30,0,0,0,0.27,277,1.8,15.5
2021,10,23,2,30,0,0,0,0.27,276,2,16.2
2021,10,23,3,30,0,0,0,0.27,275,2,16.5
2021,10,23,4,30,0,0,0,0.27,273,2,16.3
2021,10,23,5,30,0,0,0,0.27,272,2.2,16.2
2021,10,23,6,30,37,123,49,0.27,272,2.9000000000000004,17
2021,10,23,7,30,96,402,214,0.27,270,3.4000000000000004,18.8
2021,10,23,8,30,75,805,447,0.27,263,3.4000000000000004,21
2021,10,23,9,30,84,874,600,0.27,256,3.2,23.5
2021,10,23,10,30,89,905,697,0.27,260,3.2,25.400000000000002
2021,10,23,11,30,132,812,700,0.27,265,3.1,26.700000000000003
2021,10,23,12,30,88,909,699,0.27,267,3,27.200000000000003
2021,10,23,13,30,205,498,500,0.27,275,3.2,27.1
2021,10,23,14,30,74,808,448,0.27,281,3.3000000000000003,26.200000000000003
2021,10,23,15,30,60,675,259,0.27,280,2.9000000000000004,24.400000000000002
2021,10,23,16,30,33,353,68,0.27,276,2.2,21.700000000000003
2021,10,23,17,30,0,0,0,0.27,279,1.8,19.3
2021,10,23,18,30,0,0,0,0.27,288,2.1,18
2021,10,23,19,30,0,0,0,0.27,290,2.3000000000000003,17.400000000000002
2021,10,23,20,30,0,0,0,0.27,288,2.4000000000000004,17
2021,10,23,21,30,0,0,0,0.27,291,2.4000000000000004,16.7
2021,10,23,22,30,0,0,0,0.27,291,2,16.6
2021,10,23,23,30,0,0,0,0.27,282,1.6,16.5
2021,10,24,0,30,0,0,0,0.27,273,1.3,15.8
2021,10,24,1,30,0,0,0,0.27,271,1.2000000000000002,15.200000000000001
2021,10,24,2,30,0,0,0,0.27,271,1.4000000000000001,15.100000000000001
2021,10,24,3,30,0,0,0,0.27,271,1.6,15
2021,10,24,4,30,0,0,0,0.27,273,1.5,14.8
2021,10,24,5,30,0,0,0,0.27,274,1.3,14.700000000000001
2021,10,24,6,30,33,290,61,0.27,274,1.6,15.700000000000001
2021,10,24,7,30,118,283,200,0.27,265,1.7000000000000002,18.1
2021,10,24,8,30,169,426,364,0.27,218,1.4000000000000001,21.5
2021,10,24,9,30,210,472,487,0.27,174,1.6,25
2021,10,24,10,30,101,855,672,0.27,175,2.1,27.6
2021,10,24,11,30,86,910,719,0.27,191,2.5,29.1
2021,10,24,12,30,85,899,686,0.27,208,2.9000000000000004,29.8
2021,10,24,13,30,80,868,590,0.27,217,3,29.700000000000003
2021,10,24,14,30,71,803,439,0.27,219,3.1,28.900000000000002
2021,10,24,15,30,57,671,252,0.27,222,2.9000000000000004,27
2021,10,24,16,30,30,352,64,0.27,231,2.2,24
2021,10,24,17,30,0,0,0,0.27,240,1.7000000000000002,21.1
2021,10,24,18,30,0,0,0,0.27,251,1.5,19.5
2021,10,24,19,30,0,0,0,0.27,260,1.4000000000000001,18.6
2021,10,24,20,30,0,0,0,0.27,263,1.3,17.900000000000002
2021,10,24,21,30,0,0,0,0.27,265,1.2000000000000002,17.2
2021,10,24,22,30,0,0,0,0.27,266,1.1,16.5
2021,10,24,23,30,0,0,0,0.27,266,1.2000000000000002,16.1
2021,10,25,0,30,0,0,0,0.27,266,1.2000000000000002,15.700000000000001
2021,10,25,1,30,0,0,0,0.27,266,1.3,15.200000000000001
2021,10,25,2,30,0,0,0,0.27,267,1.3,14.700000000000001
2021,10,25,3,30,0,0,0,0.27,265,1.4000000000000001,14.3
2021,10,25,4,30,0,0,0,0.27,259,1.4000000000000001,13.9
2021,10,25,5,30,0,0,0,0.27,253,1.6,13.9
2021,10,25,6,30,29,379,64,0.27,249,2.6,15.4
2021,10,25,7,30,61,634,243,0.27,243,3.8000000000000003,17.900000000000002
2021,10,25,8,30,95,633,382,0.27,234,4.5,20.200000000000003
2021,10,25,9,30,153,82,201,0.27,227,5.1000000000000005,22
2021,10,25,10,30,110,2,111,0.27,225,5.7,22.8
2021,10,25,11,30,56,65,101,0.27,226,6.1000000000000005,22.8
2021,10,25,12,30,33,0,33,0.27,228,6.5,22.200000000000003
2021,10,25,13,30,85,244,227,0.27,228,6.6000000000000005,21.3
2021,10,25,14,30,28,111,78,0.27,227,6.5,20.3
2021,10,25,15,30,34,133,72,0.27,232,5.9,19.200000000000003
2021,10,25,16,30,25,57,30,0.27,244,4.9,18
2021,10,25,17,30,0,0,0,0.27,258,4.2,16.7
2021,10,25,18,30,0,0,0,0.27,268,3.9000000000000004,15.8
2021,10,25,19,30,0,0,0,0.27,274,3.5,15
2021,10,25,20,30,0,0,0,0.27,274,3,14.3
2021,10,25,21,30,0,0,0,0.27,273,2.8000000000000003,13.700000000000001
2021,10,25,22,30,0,0,0,0.27,273,2.7,13.100000000000001
2021,10,25,23,30,0,0,0,0.27,274,2.4000000000000004,12.5
2021,10,26,0,30,0,0,0,0.27,278,2.3000000000000003,12.100000000000001
2021,10,26,1,30,0,0,0,0.27,283,2.2,11.700000000000001
2021,10,26,2,30,0,0,0,0.27,287,2.1,11.4
2021,10,26,3,30,0,0,0,0.27,290,2.2,11.3
2021,10,26,4,30,0,0,0,0.27,294,2.2,11.200000000000001
2021,10,26,5,30,0,0,0,0.27,297,2,10.700000000000001
2021,10,26,6,30,31,374,65,0.27,300,2.2,11.8
2021,10,26,7,30,57,724,262,0.27,307,2.6,14.9
2021,10,26,8,30,69,862,457,0.27,319,2.6,18.5
2021,10,26,9,30,77,926,613,0.27,329,2.6,21.400000000000002
2021,10,26,10,30,82,952,710,0.27,336,2.6,23.5
2021,10,26,11,30,84,961,744,0.27,341,2.7,24.8
2021,10,26,12,30,83,948,708,0.27,345,2.8000000000000003,25.6
2021,10,26,13,30,78,916,608,0.27,348,2.9000000000000004,25.8
2021,10,26,14,30,70,849,452,0.27,350,2.9000000000000004,25.3
2021,10,26,15,30,55,719,258,0.27,352,2.4000000000000004,23.6
2021,10,26,16,30,30,386,64,0.27,352,1.6,20.5
2021,10,26,17,30,0,0,0,0.27,349,1.2000000000000002,17.900000000000002
2021,10,26,18,30,0,0,0,0.27,343,1.2000000000000002,17
2021,10,26,19,30,0,0,0,0.27,337,1.2000000000000002,16.2
2021,10,26,20,30,0,0,0,0.27,334,1.3,15.700000000000001
2021,10,26,21,30,0,0,0,0.27,333,1.3,15.200000000000001
2021,10,26,22,30,0,0,0,0.27,333,1.3,14.9
2021,10,26,23,30,0,0,0,0.27,332,1.3,14.700000000000001
2021,10,27,0,30,0,0,0,0.27,329,1.3,14.700000000000001
2021,10,27,1,30,0,0,0,0.27,324,1.3,14.700000000000001
2021,10,27,2,30,0,0,0,0.27,322,1.3,14.700000000000001
2021,10,27,3,30,0,0,0,0.27,323,1.4000000000000001,14.700000000000001
2021,10,27,4,30,0,0,0,0.27,327,1.4000000000000001,14.700000000000001
2021,10,27,5,30,0,0,0,0.27,332,1.5,14.8
2021,10,27,6,30,28,284,53,0.27,336,1.9000000000000001,17.2
2021,10,27,7,30,51,700,247,0.27,346,2.8000000000000003,21.200000000000003
2021,10,27,8,30,64,824,432,0.27,180,3.7,24.5
2021,10,27,9,30,74,883,582,0.27,9,4,26.900000000000002
2021,10,27,10,30,81,910,677,0.27,13,4,28.5
2021,10,27,11,30,83,919,710,0.27,15,3.8000000000000003,29.6
2021,10,27,12,30,81,909,677,0.27,14,3.6,30.1
2021,10,27,13,30,77,880,582,0.27,11,3.3000000000000003,30.200000000000003
2021,10,27,14,30,68,819,433,0.27,7,3,29.700000000000003
2021,10,27,15,30,53,692,246,0.27,182,2.3000000000000003,27.900000000000002
2021,10,27,16,30,28,361,59,0.27,355,1.4000000000000001,24.5
2021,10,27,17,30,0,0,0,0.27,347,1.2000000000000002,21.900000000000002
2021,10,27,18,30,0,0,0,0.27,340,1.3,20.900000000000002
2021,10,27,19,30,0,0,0,0.27,336,1.5,20.1
2021,10,27,20,30,0,0,0,0.27,334,1.5,19.6
2021,10,27,21,30,0,0,0,0.27,334,1.6,19.200000000000003
2021,10,27,22,30,0,0,0,0.27,336,1.6,18.900000000000002
2021,10,27,23,30,0,0,0,0.27,339,1.5,18.6
2021,10,28,0,30,0,0,0,0.27,340,1.5,18.3
2021,10,28,1,30,0,0,0,0.27,340,1.5,18.2
2021,10,28,2,30,0,0,0,0.27,340,1.6,17.900000000000002
2021,10,28,3,30,0,0,0,0.27,341,1.6,17.6
2021,10,28,4,30,0,0,0,0.27,341,1.7000000000000002,17.400000000000002
2021,10,28,5,30,0,0,0,0.27,341,1.8,17.5
2021,10,28,6,30,27,307,53,0.27,339,2.3000000000000003,19.900000000000002
2021,10,28,7,30,52,706,247,0.27,348,3.3000000000000003,24
2021,10,28,8,30,67,834,436,0.27,188,4,27
2021,10,28,9,30,75,897,587,0.27,23,4.2,29
2021,10,28,10,30,80,928,684,0.27,27,3.9000000000000004,30.5
2021,10,28,11,30,82,935,716,0.27,28,3.6,31.700000000000003
2021,10,28,12,30,81,923,682,0.27,27,3.3000000000000003,32.4
2021,10,28,13,30,78,889,585,0.27,25,3.1,32.6
2021,10,28,14,30,70,823,433,0.27,23,2.9000000000000004,32.1
2021,10,28,15,30,55,687,244,0.27,19,1.9000000000000001,30.1
2021,10,28,16,30,28,343,56,0.27,9,1.2000000000000002,26.900000000000002
2021,10,28,17,30,0,0,0,0.27,174,1.2000000000000002,24.8
2021,10,28,18,30,0,0,0,0.27,342,1.3,23.700000000000003
2021,10,28,19,30,0,0,0,0.27,334,1.3,22.6
2021,10,28,20,30,0,0,0,0.27,330,1.4000000000000001,21.700000000000003
2021,10,28,21,30,0,0,0,0.27,327,1.5,21
2021,10,28,22,30,0,0,0,0.27,325,1.6,20.400000000000002
2021,10,28,23,30,0,0,0,0.27,325,1.6,19.900000000000002
2021,10,29,0,30,0,0,0,0.27,325,1.7000000000000002,19.5
2021,10,29,1,30,0,0,0,0.27,327,1.7000000000000002,19.3
2021,10,29,2,30,0,0,0,0.27,329,1.6,19.1
2021,10,29,3,30,0,0,0,0.27,331,1.6,18.900000000000002
2021,10,29,4,30,0,0,0,0.27,333,1.5,18.7
2021,10,29,5,30,0,0,0,0.27,332,1.4000000000000001,18.900000000000002
2021,10,29,6,30,26,321,52,0.27,330,1.3,20.8
2021,10,29,7,30,54,697,244,0.27,164,1.4000000000000001,24.6
2021,10,29,8,30,69,830,433,0.27,36,1.6,28
2021,10,29,9,30,78,894,585,0.27,86,1.5,30.400000000000002
2021,10,29,10,30,84,923,681,0.27,108,1.5,32
2021,10,29,11,30,85,931,713,0.27,117,1.5,33.1
2021,10,29,12,30,83,924,680,0.27,119,1.5,33.6
2021,10,29,13,30,76,896,583,0.27,116,1.6,33.7
2021,10,29,14,30,68,831,432,0.27,116,1.7000000000000002,33
2021,10,29,15,30,55,692,242,0.27,120,1.4000000000000001,30.8
2021,10,29,16,30,28,337,54,0.27,130,1.1,27.1
2021,10,29,17,30,0,0,0,0.27,150,1,24.700000000000003
2021,10,29,18,30,0,0,0,0.27,192,0.9,23.8
2021,10,29,19,30,0,0,0,0.27,241,0.9,23
2021,10,29,20,30,0,0,0,0.27,269,0.9,22.200000000000003
2021,10,29,21,30,0,0,0,0.27,281,0.9,21.5
2021,10,29,22,30,0,0,0,0.27,286,1,21
2021,10,29,23,30,0,0,0,0.27,288,1,20.5
2021,10,30,0,30,0,0,0,0.27,288,1.1,19.900000000000002
2021,10,30,1,30,0,0,0,0.27,287,1.1,19.3
2021,10,30,2,30,0,0,0,0.27,286,1.1,18.8
2021,10,30,3,30,0,0,0,0.27,285,1.1,18.6
2021,10,30,4,30,0,0,0,0.27,285,1,18.5
2021,10,30,5,30,0,0,0,0.27,287,1,18.7
2021,10,30,6,30,28,306,52,0.27,291,0.9,20.6
2021,10,30,7,30,56,681,239,0.27,296,1.1,24
2021,10,30,8,30,73,815,428,0.27,245,1.1,27.5
2021,10,30,9,30,82,886,581,0.27,178,1.1,30.1
2021,10,30,10,30,86,922,679,0.27,165,1.6,31.700000000000003
2021,10,30,11,30,90,929,712,0.27,170,1.9000000000000001,32.5
2021,10,30,12,30,89,917,678,0.27,177,2.2,32.7
2021,10,30,13,30,91,861,575,0.27,187,2.4000000000000004,32.4
2021,10,30,14,30,75,812,427,0.27,200,2.5,31.3
2021,10,30,15,30,60,668,238,0.27,215,2,28.900000000000002
2021,10,30,16,30,29,288,50,0.27,224,1.3,25.200000000000003
2021,10,30,17,30,0,0,0,0.27,235,1,22
2021,10,30,18,30,0,0,0,0.27,252,1,20.5
2021,10,30,19,30,0,0,0,0.27,267,1,19.8
2021,10,30,20,30,0,0,0,0.27,275,1.1,19.400000000000002
2021,10,30,21,30,0,0,0,0.27,278,1.1,18.7
2021,10,30,22,30,0,0,0,0.27,278,1.1,17.7
2021,10,30,23,30,0,0,0,0.27,279,1.1,16.8
2021,10,31,0,30,0,0,0,0.27,280,1.2000000000000002,16.1
2021,10,31,1,30,0,0,0,0.27,280,1.2000000000000002,15.600000000000001
2021,10,31,2,30,0,0,0,0.27,279,1.2000000000000002,15.200000000000001
2021,10,31,3,30,0,0,0,0.27,278,1.2000000000000002,14.700000000000001
2021,10,31,4,30,0,0,0,0.27,278,1.1,14.3
2021,10,31,5,30,0,0,0,0.27,279,1.1,14.3
2021,10,31,6,30,29,301,51,0.27,280,1.2000000000000002,16.400000000000002
2021,10,31,7,30,52,709,241,0.27,278,1.5,20.3
2021,10,31,8,30,66,845,431,0.27,247,1.6,24
2021,10,31,9,30,74,908,582,0.27,204,1.9000000000000001,27
2021,10,31,10,30,81,934,678,0.27,195,2.4000000000000004,28.6
2021,10,31,11,30,82,941,709,0.27,207,2.9000000000000004,29.3
2021,10,31,12,30,82,928,674,0.27,220,3.3000000000000003,29.6
2021,10,31,13,30,77,893,575,0.27,230,3.5,29.3
2021,10,31,14,30,70,820,422,0.27,238,3.6,28.3
2021,10,31,15,30,75,535,216,0.27,244,3.1,26.200000000000003
2021,10,31,16,30,28,270,47,0.27,96,0.7000000000000001,27.1
2021,10,31,17,30,0,0,0,0.27,183,0.5,26.200000000000003
2021,10,31,18,30,0,0,0,0.27,277,0.6000000000000001,25.6
2021,10,31,19,30,0,0,0,0.27,303,0.7000000000000001,25.1
2021,10,31,20,30,0,0,0,0.27,313,0.8,24.6
2021,10,31,21,30,0,0,0,0.27,319,0.9,24
2021,10,31,22,30,0,0,0,0.27,325,1,23.400000000000002
2021,10,31,23,30,0,0,0,0.27,329,1.1,22.900000000000002
2020,11,1,0,30,0,0,0,0.27,331,1.1,22.3
2020,11,1,1,30,0,0,0,0.27,333,1.2000000000000002,21.700000000000003
2020,11,1,2,30,0,0,0,0.27,334,1.2000000000000002,21.400000000000002
2020,11,1,3,30,0,0,0,0.27,336,1.2000000000000002,21.200000000000003
2020,11,1,4,30,0,0,0,0.27,341,1.2000000000000002,21.200000000000003
2020,11,1,5,30,0,0,0,0.27,346,1.1,21.200000000000003
2020,11,1,6,30,28,2,28,0.27,347,1,21.900000000000002
2020,11,1,7,30,118,273,189,0.27,352,1.1,24.5
2020,11,1,8,30,172,276,290,0.27,185,1.4000000000000001,27.700000000000003
2020,11,1,9,30,175,597,506,0.27,50,1.7000000000000002,30
2020,11,1,10,30,101,893,667,0.27,96,2,31.700000000000003
2020,11,1,11,30,263,478,579,0.27,106,2.2,32.7
2020,11,1,12,30,182,739,650,0.27,106,2.2,33.2
2020,11,1,13,30,237,320,414,0.27,101,2.1,33.300000000000004
2020,11,1,14,30,216,99,258,0.27,96,2,32.800000000000004
2020,11,1,15,30,69,520,204,0.27,91,1.4000000000000001,30.5
2020,11,1,16,30,28,60,32,0.27,86,0.8,27.5
2020,11,1,17,30,0,0,0,0.27,70,0.7000000000000001,26.200000000000003
2020,11,1,18,30,0,0,0,0.27,204,0.6000000000000001,25.8
2020,11,1,19,30,0,0,0,0.27,337,0.7000000000000001,25.1
2020,11,1,20,30,0,0,0,0.27,321,0.9,24.400000000000002
2020,11,1,21,30,0,0,0,0.27,319,1,23.8
2020,11,1,22,30,0,0,0,0.27,321,1.1,23.3
2020,11,1,23,30,0,0,0,0.27,324,1.1,22.8
2020,11,2,0,30,0,0,0,0.27,326,1.1,22.5
2020,11,2,1,30,0,0,0,0.27,325,1.1,22.200000000000003
2020,11,2,2,30,0,0,0,0.27,324,1.1,21.8
2020,11,2,3,30,0,0,0,0.27,323,1,21.5
2020,11,2,4,30,0,0,0,0.27,321,1,21.3
2020,11,2,5,30,0,0,0,0.27,316,1,21.3
2020,11,2,6,30,27,275,45,0.27,312,0.8,22.5
2020,11,2,7,30,59,645,225,0.27,318,0.9,25.5
2020,11,2,8,30,75,793,411,0.27,212,1.3,29
2020,11,2,9,30,87,862,561,0.27,111,1.9000000000000001,31.6
2020,11,2,10,30,95,893,657,0.27,125,2.4000000000000004,33.2
2020,11,2,11,30,97,903,690,0.27,131,2.6,34
2020,11,2,12,30,93,898,658,0.27,134,2.7,34.300000000000004
2020,11,2,13,30,86,868,562,0.27,136,2.6,34.2
2020,11,2,14,30,76,796,411,0.27,139,2.4000000000000004,33.4
2020,11,2,15,30,58,646,223,0.27,143,1.8,31.200000000000003
2020,11,2,16,30,25,251,41,0.27,150,1.1,27.8
2020,11,2,17,30,0,0,0,0.27,169,1,25.700000000000003
2020,11,2,18,30,0,0,0,0.27,209,0.9,24.700000000000003
2020,11,2,19,30,0,0,0,0.27,250,0.9,23.8
2020,11,2,20,30,0,0,0,0.27,270,1,23
2020,11,2,21,30,0,0,0,0.27,280,1.1,22.400000000000002
2020,11,2,22,30,0,0,0,0.27,286,1.1,21.8
2020,11,2,23,30,0,0,0,0.27,292,1.1,21.3
2020,11,3,0,30,0,0,0,0.27,299,1.2000000000000002,20.900000000000002
2020,11,3,1,30,0,0,0,0.27,306,1.2000000000000002,20.5
2020,11,3,2,30,0,0,0,0.27,312,1.2000000000000002,20.400000000000002
2020,11,3,3,30,0,0,0,0.27,315,1.2000000000000002,20.3
2020,11,3,4,30,0,0,0,0.27,317,1.2000000000000002,20.200000000000003
2020,11,3,5,30,0,0,0,0.27,318,1.2000000000000002,20.1
2020,11,3,6,30,25,269,42,0.27,318,1,21.3
2020,11,3,7,30,80,516,211,0.27,318,1.3,24.400000000000002
2020,11,3,8,30,74,804,411,0.27,330,1.2000000000000002,28.3
2020,11,3,9,30,85,874,562,0.27,183,0.7000000000000001,31.200000000000003
2020,11,3,10,30,116,862,655,0.27,35,0.7000000000000001,32.6
2020,11,3,11,30,140,820,675,0.27,53,0.8,33.4
2020,11,3,12,30,233,601,609,0.27,65,0.9,33.800000000000004
2020,11,3,13,30,179,582,496,0.27,69,1.1,33.800000000000004
2020,11,3,14,30,128,556,360,0.27,65,1.2000000000000002,33.2
2020,11,3,15,30,61,617,216,0.27,66,1,31.200000000000003
2020,11,3,16,30,24,223,38,0.27,72,0.8,28
2020,11,3,17,30,0,0,0,0.27,60,0.6000000000000001,25.8
2020,11,3,18,30,0,0,0,0.27,194,0.6000000000000001,24.900000000000002
2020,11,3,19,30,0,0,0,0.27,337,0.8,24.1
2020,11,3,20,30,0,0,0,0.27,332,1,23.400000000000002
2020,11,3,21,30,0,0,0,0.27,333,1,23
2020,11,3,22,30,0,0,0,0.27,331,1,22.700000000000003
2020,11,3,23,30,0,0,0,0.27,327,1,22.400000000000002
2020,11,4,0,30,0,0,0,0.27,325,1,22.1
2020,11,4,1,30,0,0,0,0.27,325,1,21.900000000000002
2020,11,4,2,30,0,0,0,0.27,326,1,21.6
2020,11,4,3,30,0,0,0,0.27,328,1.1,21.400000000000002
2020,11,4,4,30,0,0,0,0.27,331,1.2000000000000002,21.1
2020,11,4,5,30,0,0,0,0.27,335,1.3,20.8
2020,11,4,6,30,24,275,41,0.27,335,1.2000000000000002,21.900000000000002
2020,11,4,7,30,54,679,224,0.27,336,1.7000000000000002,25.5
2020,11,4,8,30,70,827,414,0.27,176,2.6,29.400000000000002
2020,11,4,9,30,82,892,566,0.27,27,2.9000000000000004,32.1
2020,11,4,10,30,92,917,662,0.27,48,3,33.7
2020,11,4,11,30,95,928,697,0.27,57,3.1,34.800000000000004
2020,11,4,12,30,92,920,663,0.27,62,3,35.300000000000004
2020,11,4,13,30,85,887,565,0.27,63,2.7,35.2
2020,11,4,14,30,75,812,411,0.27,61,2.3000000000000003,34.5
2020,11,4,15,30,57,655,220,0.27,54,1.5,32.2
2020,11,4,16,30,24,244,38,0.27,37,0.9,29.3
2020,11,4,17,30,0,0,0,0.27,191,1.1,27.1
2020,11,4,18,30,0,0,0,0.27,352,1.3,25.3
2020,11,4,19,30,0,0,0,0.27,343,1.4000000000000001,23.8
2020,11,4,20,30,0,0,0,0.27,337,1.4000000000000001,22.8
2020,11,4,21,30,0,0,0,0.27,332,1.5,21.900000000000002
2020,11,4,22,30,0,0,0,0.27,330,1.5,21.200000000000003
2020,11,4,23,30,0,0,0,0.27,329,1.6,20.6
2020,11,5,0,30,0,0,0,0.27,329,1.6,20.1
2020,11,5,1,30,0,0,0,0.27,331,1.7000000000000002,19.700000000000003
2020,11,5,2,30,0,0,0,0.27,334,1.7000000000000002,19.5
2020,11,5,3,30,0,0,0,0.27,336,1.7000000000000002,19.3
2020,11,5,4,30,0,0,0,0.27,338,1.7000000000000002,19.3
2020,11,5,5,30,0,0,0,0.27,341,1.6,19.400000000000002
2020,11,5,6,30,23,286,40,0.27,342,1.6,21.1
2020,11,5,7,30,70,567,210,0.27,342,2.2,24.900000000000002
2020,11,5,8,30,183,308,310,0.27,184,2.8000000000000003,28.900000000000002
2020,11,5,9,30,208,487,470,0.27,41,2.9000000000000004,31.6
2020,11,5,10,30,268,378,501,0.27,59,2.9000000000000004,33.4
2020,11,5,11,30,226,601,613,0.27,64,2.7,34.2
2020,11,5,12,30,244,525,568,0.27,66,2.5,34.4
2020,11,5,13,30,236,344,421,0.27,67,2.2,33.800000000000004
2020,11,5,14,30,172,413,341,0.27,68,1.4000000000000001,32.5
2020,11,5,15,30,126,129,158,0.27,67,0.8,30.6
2020,11,5,16,30,20,0,20,0.27,59,0.7000000000000001,29.200000000000003
2020,11,5,17,30,0,0,0,0.27,41,0.8,28.5
2020,11,5,18,30,0,0,0,0.27,16,0.8,27.900000000000002
2020,11,5,19,30,0,0,0,0.27,171,0.8,27.200000000000003
2020,11,5,20,30,0,0,0,0.27,333,0.8,26.700000000000003
2020,11,5,21,30,0,0,0,0.27,316,0.8,26.3
2020,11,5,22,30,0,0,0,0.27,300,0.8,26
2020,11,5,23,30,0,0,0,0.27,290,0.8,25.900000000000002
2020,11,6,0,30,0,0,0,0.27,283,0.9,25.400000000000002
2020,11,6,1,30,0,0,0,0.27,279,1.1,24.400000000000002
2020,11,6,2,30,0,0,0,0.27,276,1.2000000000000002,23.3
2020,11,6,3,30,0,0,0,0.27,272,1.2000000000000002,22.400000000000002
2020,11,6,4,30,0,0,0,0.27,266,1.2000000000000002,21.700000000000003
2020,11,6,5,30,0,0,0,0.27,259,1.3,20.900000000000002
2020,11,6,6,30,21,0,21,0.27,251,1.2000000000000002,21.8
2020,11,6,7,30,77,512,202,0.27,239,1.7000000000000002,25.1
2020,11,6,8,30,128,598,372,0.27,228,2.9000000000000004,28.5
2020,11,6,9,30,196,47,221,0.27,224,3.9000000000000004,30.6
2020,11,6,10,30,314,229,455,0.27,224,4.5,31.400000000000002
2020,11,6,11,30,294,258,459,0.27,225,4.9,31.6
2020,11,6,12,30,281,250,434,0.27,227,5.2,31.1
2020,11,6,13,30,227,223,346,0.27,227,5.4,30.1
2020,11,6,14,30,142,562,370,0.27,223,5.300000000000001,28.6
2020,11,6,15,30,115,53,128,0.27,217,4.7,26.400000000000002
2020,11,6,16,30,22,0,22,0.27,214,3.4000000000000004,23.3
2020,11,6,17,30,0,0,0,0.27,216,2.9000000000000004,20.6
2020,11,6,18,30,0,0,0,0.27,224,3.4000000000000004,19.1
2020,11,6,19,30,0,0,0,0.27,232,4.1000000000000005,18.1
2020,11,6,20,30,0,0,0,0.27,237,4.5,17.1
2020,11,6,21,30,0,0,0,0.27,239,4.6000000000000005,16.1
2020,11,6,22,30,0,0,0,0.27,240,4.6000000000000005,15.200000000000001
2020,11,6,23,30,0,0,0,0.27,243,4.6000000000000005,14.4
2020,11,7,0,30,0,0,0,0.27,247,4.6000000000000005,13.600000000000001
2020,11,7,1,30,0,0,0,0.27,253,4.3,12.700000000000001
2020,11,7,2,30,0,0,0,0.27,257,4.1000000000000005,12
2020,11,7,3,30,0,0,0,0.27,259,4,11.600000000000001
2020,11,7,4,30,0,0,0,0.27,261,3.9000000000000004,11.4
2020,11,7,5,30,0,0,0,0.27,260,3.8000000000000003,11.5
2020,11,7,6,30,23,103,28,0.27,257,4.2,12
2020,11,7,7,30,70,561,205,0.27,254,5,12.9
2020,11,7,8,30,89,718,379,0.27,251,5.800000000000001,14
2020,11,7,9,30,240,317,408,0.27,247,6.4,15.100000000000001
2020,11,7,10,30,104,1,105,0.27,243,6.800000000000001,15.8
2020,11,7,11,30,83,17,94,0.27,239,7.2,16.2
2020,11,7,12,30,292,97,351,0.27,238,7.300000000000001,16.3
2020,11,7,13,30,208,98,260,0.27,242,7.300000000000001,15.700000000000001
2020,11,7,14,30,204,185,279,0.27,247,6.9,14.600000000000001
2020,11,7,15,30,93,32,101,0.27,252,6.2,13.200000000000001
2020,11,7,16,30,11,0,11,0.27,255,5.2,11.9
2020,11,7,17,30,0,0,0,0.27,256,4.2,11
2020,11,7,18,30,0,0,0,0.27,254,3.6,10.600000000000001
2020,11,7,19,30,0,0,0,0.27,251,3.3000000000000003,10.4
2020,11,7,20,30,0,0,0,0.27,247,3.3000000000000003,10.4
2020,11,7,21,30,0,0,0,0.27,244,3.5,10.5
2020,11,7,22,30,0,0,0,0.27,242,3.7,10.700000000000001
2020,11,7,23,30,0,0,0,0.27,241,3.7,10.8
2020,11,8,0,30,0,0,0,0.27,243,3.4000000000000004,10.8
2020,11,8,1,30,0,0,0,0.27,247,3.3000000000000003,10.700000000000001
2020,11,8,2,30,0,0,0,0.27,249,3.5,10.700000000000001
2020,11,8,3,30,0,0,0,0.27,249,3.7,10.600000000000001
2020,11,8,4,30,0,0,0,0.27,247,3.6,10.5
2020,11,8,5,30,0,0,0,0.27,243,3.6,10.5
2020,11,8,6,30,23,183,32,0.27,239,4.1000000000000005,11
2020,11,8,7,30,65,582,203,0.27,239,5,11.8
2020,11,8,8,30,89,745,388,0.27,241,5.9,13
2020,11,8,9,30,102,829,539,0.27,243,6.5,14.3
2020,11,8,10,30,114,857,633,0.27,243,7,15.200000000000001
2020,11,8,11,30,139,802,646,0.27,245,7.4,15.700000000000001
2020,11,8,12,30,324,219,457,0.27,247,7.6000000000000005,15.600000000000001
2020,11,8,13,30,120,1,121,0.27,250,7.7,15
2020,11,8,14,30,124,591,360,0.27,252,7.4,14.200000000000001
2020,11,8,15,30,67,409,163,0.27,252,6.7,13
2020,11,8,16,30,15,0,15,0.27,251,5.5,11.700000000000001
2020,11,8,17,30,0,0,0,0.27,250,4.7,10.8
2020,11,8,18,30,0,0,0,0.27,254,4.2,10.4
2020,11,8,19,30,0,0,0,0.27,260,3.6,10
2020,11,8,20,30,0,0,0,0.27,267,3,9.600000000000001
2020,11,8,21,30,0,0,0,0.27,274,2.4000000000000004,9.1
2020,11,8,22,30,0,0,0,0.27,279,1.8,8.5
2020,11,8,23,30,0,0,0,0.27,280,1.4000000000000001,7.9
2020,11,9,0,30,0,0,0,0.27,281,1.3,7.5
2020,11,9,1,30,0,0,0,0.27,280,1.1,6.800000000000001
2020,11,9,2,30,0,0,0,0.27,278,0.9,6.2
2020,11,9,3,30,0,0,0,0.27,277,0.8,5.7
2020,11,9,4,30,0,0,0,0.27,281,0.8,5.1000000000000005
2020,11,9,5,30,0,0,0,0.27,288,0.9,4.9
2020,11,9,6,30,20,217,30,0.27,293,1.1,6.4
2020,11,9,7,30,53,671,210,0.27,312,1.5,9.5
2020,11,9,8,30,69,829,398,0.27,165,1.8,12.5
2020,11,9,9,30,80,901,551,0.27,8,1.7000000000000002,14.600000000000001
2020,11,9,10,30,87,933,649,0.27,17,1.5,16.1
2020,11,9,11,30,87,946,682,0.27,26,1.3,17.1
2020,11,9,12,30,87,937,651,0.27,34,1.1,17.7
2020,11,9,13,30,85,894,552,0.27,41,1.1,17.900000000000002
2020,11,9,14,30,73,820,398,0.27,45,1,17.400000000000002
2020,11,9,15,30,55,661,209,0.27,50,0.8,15.9
2020,11,9,16,30,21,209,30,0.27,63,0.6000000000000001,13.700000000000001
2020,11,9,17,30,0,0,0,0.27,77,0.6000000000000001,12.200000000000001
2020,11,9,18,30,0,0,0,0.27,91,0.5,11.600000000000001
2020,11,9,19,30,0,0,0,0.27,107,0.4,11.200000000000001
2020,11,9,20,30,0,0,0,0.27,156,0.2,10.9
2020,11,9,21,30,0,0,0,0.27,251,0.30000000000000004,10.600000000000001
2020,11,9,22,30,0,0,0,0.27,313,0.5,10.100000000000001
2020,11,9,23,30,0,0,0,0.27,328,0.8,9.600000000000001
2020,11,10,0,30,0,0,0,0.27,335,1,9
2020,11,10,1,30,0,0,0,0.27,340,1.1,8.6
2020,11,10,2,30,0,0,0,0.27,342,1.1,8.1
2020,11,10,3,30,0,0,0,0.27,343,1.2000000000000002,7.5
2020,11,10,4,30,0,0,0,0.27,343,1.2000000000000002,7
2020,11,10,5,30,0,0,0,0.27,342,1.3,6.7
2020,11,10,6,30,20,218,29,0.27,339,1.5,8.1
2020,11,10,7,30,52,674,207,0.27,345,2.3000000000000003,11.5
2020,11,10,8,30,68,831,395,0.27,180,3.2,14.5
2020,11,10,9,30,78,901,546,0.27,9,3.4000000000000004,16.6
2020,11,10,10,30,83,935,642,0.27,12,3.5,18.2
2020,11,10,11,30,85,943,674,0.27,11,3.4000000000000004,19.400000000000002
2020,11,10,12,30,82,933,640,0.27,7,3.3000000000000003,20.200000000000003
2020,11,10,13,30,77,898,543,0.27,3,3.1,20.400000000000002
2020,11,10,14,30,68,822,391,0.27,178,2.9000000000000004,19.900000000000002
2020,11,10,15,30,52,660,204,0.27,354,2,18
2020,11,10,16,30,19,203,28,0.27,351,1.2000000000000002,15.5
2020,11,10,17,30,0,0,0,0.27,344,0.9,14.200000000000001
2020,11,10,18,30,0,0,0,0.27,334,0.8,13.5
2020,11,10,19,30,0,0,0,0.27,328,0.9,12.8
2020,11,10,20,30,0,0,0,0.27,330,1,12.100000000000001
2020,11,10,21,30,0,0,0,0.27,336,1.1,11.5
2020,11,10,22,30,0,0,0,0.27,341,1.1,11
2020,11,10,23,30,0,0,0,0.27,341,1.1,10.8
2020,11,11,0,30,0,0,0,0.27,336,1.1,10.700000000000001
2020,11,11,1,30,0,0,0,0.27,331,1,10.600000000000001
2020,11,11,2,30,0,0,0,0.27,327,1,10.600000000000001
2020,11,11,3,30,0,0,0,0.27,322,0.9,10.5
2020,11,11,4,30,0,0,0,0.27,312,0.9,10.3
2020,11,11,5,30,0,0,0,0.27,302,1,10.100000000000001
2020,11,11,6,30,18,222,27,0.27,295,1,11
2020,11,11,7,30,49,677,202,0.27,297,1,14
2020,11,11,8,30,65,829,388,0.27,311,1,17.6
2020,11,11,9,30,75,898,538,0.27,330,1,20.200000000000003
2020,11,11,10,30,81,928,632,0.27,337,1.2000000000000002,22.1
2020,11,11,11,30,82,938,665,0.27,329,1.3,23.5
2020,11,11,12,30,82,922,630,0.27,313,1.4000000000000001,24.3
2020,11,11,13,30,78,882,533,0.27,297,1.4000000000000001,24.400000000000002
2020,11,11,14,30,69,801,382,0.27,280,1.3,23.8
2020,11,11,15,30,52,639,197,0.27,195,0.9,21.400000000000002
2020,11,11,16,30,18,192,26,0.27,124,0.7000000000000001,18.2
2020,11,11,17,30,0,0,0,0.27,146,0.6000000000000001,16.6
2020,11,11,18,30,0,0,0,0.27,205,0.5,16.1
2020,11,11,19,30,0,0,0,0.27,255,0.4,15.700000000000001
2020,11,11,20,30,0,0,0,0.27,268,0.4,15.200000000000001
2020,11,11,21,30,0,0,0,0.27,276,0.5,14.600000000000001
2020,11,11,22,30,0,0,0,0.27,286,0.6000000000000001,13.9
2020,11,11,23,30,0,0,0,0.27,302,0.7000000000000001,13.4
2020,11,12,0,30,0,0,0,0.27,317,0.7000000000000001,12.9
2020,11,12,1,30,0,0,0,0.27,324,0.8,12.600000000000001
2020,11,12,2,30,0,0,0,0.27,326,0.9,12.4
2020,11,12,3,30,0,0,0,0.27,327,0.9,12.200000000000001
2020,11,12,4,30,0,0,0,0.27,326,0.9,11.9
2020,11,12,5,30,0,0,0,0.27,324,0.9,11.9
2020,11,12,6,30,18,190,25,0.27,327,0.9,12.8
2020,11,12,7,30,51,639,194,0.27,342,0.9,15.5
2020,11,12,8,30,69,804,380,0.27,223,1,18.900000000000002
2020,11,12,9,30,79,884,531,0.27,116,1.1,21.6
2020,11,12,10,30,85,921,629,0.27,148,1.6,23.400000000000002
2020,11,12,11,30,86,934,663,0.27,160,2.1,24.6
2020,11,12,12,30,83,926,630,0.27,167,2.3000000000000003,25.200000000000003
2020,11,12,13,30,76,894,534,0.27,172,2.3000000000000003,25.200000000000003
2020,11,12,14,30,95,728,377,0.27,175,2.2,24.5
2020,11,12,15,30,98,330,172,0.27,169,1.6,21.900000000000002
2020,11,12,16,30,16,13,16,0.27,164,1,18.400000000000002
2020,11,12,17,30,0,0,0,0.27,173,1,16.5
2020,11,12,18,30,0,0,0,0.27,195,0.9,15.9
2020,11,12,19,30,0,0,0,0.27,220,0.8,15.4
2020,11,12,20,30,0,0,0,0.27,240,0.7000000000000001,15
2020,11,12,21,30,0,0,0,0.27,254,0.6000000000000001,14.600000000000001
2020,11,12,22,30,0,0,0,0.27,265,0.6000000000000001,14.200000000000001
2020,11,12,23,30,0,0,0,0.27,275,0.6000000000000001,13.8
2020,11,13,0,30,0,0,0,0.27,282,0.7000000000000001,13.5
2020,11,13,1,30,0,0,0,0.27,287,0.8,13.200000000000001
2020,11,13,2,30,0,0,0,0.27,287,0.8,13
2020,11,13,3,30,0,0,0,0.27,282,0.9,12.700000000000001
2020,11,13,4,30,0,0,0,0.27,278,1,12.4
2020,11,13,5,30,0,0,0,0.27,278,1.1,12
2020,11,13,6,30,18,220,25,0.27,279,1,12.700000000000001
2020,11,13,7,30,46,681,196,0.27,279,1.2000000000000002,15.600000000000001
2020,11,13,8,30,61,838,382,0.27,267,1.7000000000000002,19.3
2020,11,13,9,30,71,903,530,0.27,251,2,21.8
2020,11,13,10,30,79,932,626,0.27,241,2.2,23.400000000000002
2020,11,13,11,30,80,944,660,0.27,231,2.5,24.400000000000002
2020,11,13,12,30,78,930,625,0.27,228,2.8000000000000003,24.900000000000002
2020,11,13,13,30,74,887,526,0.27,235,3.2,24.700000000000003
2020,11,13,14,30,66,803,375,0.27,244,3.4000000000000004,23.700000000000003
2020,11,13,15,30,50,634,191,0.27,250,2.9000000000000004,21.3
2020,11,13,16,30,17,185,24,0.27,253,2,17.8
2020,11,13,17,30,0,0,0,0.27,261,1.8,15.3
2020,11,13,18,30,0,0,0,0.27,271,1.9000000000000001,14.100000000000001
2020,11,13,19,30,0,0,0,0.27,276,2.2,13.3
2020,11,13,20,30,0,0,0,0.27,276,2.4000000000000004,12.9
2020,11,13,21,30,0,0,0,0.27,276,2.2,12.700000000000001
2020,11,13,22,30,0,0,0,0.27,277,2.2,12.5
2020,11,13,23,30,0,0,0,0.27,279,2.4000000000000004,12.5
2020,11,14,0,30,0,0,0,0.27,278,2.9000000000000004,12.5
2020,11,14,1,30,0,0,0,0.27,277,2.9000000000000004,12.100000000000001
2020,11,14,2,30,0,0,0,0.27,281,2.9000000000000004,11.700000000000001
2020,11,14,3,30,0,0,0,0.27,290,2.8000000000000003,11.3
2020,11,14,4,30,0,0,0,0.27,296,2.4000000000000004,10.9
2020,11,14,5,30,0,0,0,0.27,302,2.3000000000000003,10.5
2020,11,14,6,30,16,174,21,0.27,311,2.5,11.600000000000001
2020,11,14,7,30,47,675,193,0.27,326,3.1,15.100000000000001
2020,11,14,8,30,60,840,378,0.27,169,3.5,19.6
2020,11,14,9,30,69,912,529,0.27,11,4,23.5
2020,11,14,10,30,76,941,625,0.27,24,4,25.8
2020,11,14,11,30,79,945,656,0.27,30,3.5,26.900000000000002
2020,11,14,12,30,79,933,624,0.27,33,2.9000000000000004,27.5
2020,11,14,13,30,73,898,528,0.27,34,2.4000000000000004,27.3
2020,11,14,14,30,64,823,378,0.27,34,1.8,26.5
2020,11,14,15,30,49,662,194,0.27,34,1.1,24
2020,11,14,16,30,17,197,24,0.27,32,0.8,21.1
2020,11,14,17,30,0,0,0,0.27,23,1,19.5
2020,11,14,18,30,0,0,0,0.27,14,1.1,18.3
2020,11,14,19,30,0,0,0,0.27,10,1.2000000000000002,17.3
2020,11,14,20,30,0,0,0,0.27,9,1.2000000000000002,16.5
2020,11,14,21,30,0,0,0,0.27,9,1.2000000000000002,16
2020,11,14,22,30,0,0,0,0.27,9,1.2000000000000002,15.700000000000001
2020,11,14,23,30,0,0,0,0.27,184,1.2000000000000002,15.4
2020,11,15,0,30,0,0,0,0.27,357,1.2000000000000002,15.200000000000001
2020,11,15,1,30,0,0,0,0.27,354,1.2000000000000002,15
2020,11,15,2,30,0,0,0,0.27,354,1.2000000000000002,15.100000000000001
2020,11,15,3,30,0,0,0,0.27,352,1.2000000000000002,15.3
2020,11,15,4,30,0,0,0,0.27,349,1.1,15.3
2020,11,15,5,30,0,0,0,0.27,349,1.2000000000000002,15.3
2020,11,15,6,30,15,180,20,0.27,353,1.1,15.9
2020,11,15,7,30,44,675,188,0.27,181,1.4000000000000001,18.8
2020,11,15,8,30,59,837,373,0.27,24,2,22.6
2020,11,15,9,30,68,909,523,0.27,52,2.2,25.400000000000002
2020,11,15,10,30,74,940,619,0.27,68,2.2,27.3
2020,11,15,11,30,76,950,653,0.27,75,2.1,28.5
2020,11,15,12,30,75,939,621,0.27,77,2,29.200000000000003
2020,11,15,13,30,71,902,525,0.27,74,1.8,29.200000000000003
2020,11,15,14,30,63,827,376,0.27,68,1.6,28.5
2020,11,15,15,30,48,664,192,0.27,62,1.1,25.700000000000003
2020,11,15,16,30,15,174,21,0.27,53,1,22.3
2020,11,15,17,30,0,0,0,0.27,37,1.2000000000000002,20.400000000000002
2020,11,15,18,30,0,0,0,0.27,17,1.3,19
2020,11,15,19,30,0,0,0,0.27,181,1.3,18
2020,11,15,20,30,0,0,0,0.27,353,1.4000000000000001,17.2
2020,11,15,21,30,0,0,0,0.27,348,1.4000000000000001,16.5
2020,11,15,22,30,0,0,0,0.27,344,1.4000000000000001,15.9
2020,11,15,23,30,0,0,0,0.27,341,1.5,15.4
2020,11,16,0,30,0,0,0,0.27,338,1.5,15.100000000000001
2020,11,16,1,30,0,0,0,0.27,337,1.6,14.9
2020,11,16,2,30,0,0,0,0.27,337,1.6,14.700000000000001
2020,11,16,3,30,0,0,0,0.27,336,1.6,14.5
2020,11,16,4,30,0,0,0,0.27,336,1.6,14.3
2020,11,16,5,30,0,0,0,0.27,336,1.6,14.100000000000001
2020,11,16,6,30,15,174,19,0.27,337,1.6,15.5
2020,11,16,7,30,45,673,186,0.27,339,2,19.8
2020,11,16,8,30,61,837,372,0.27,182,2.6,24.200000000000003
2020,11,16,9,30,70,911,523,0.27,44,3,27.200000000000003
2020,11,16,10,30,76,945,620,0.27,75,3.4000000000000004,29.400000000000002
2020,11,16,11,30,78,952,653,0.27,89,3.4000000000000004,30.700000000000003
2020,11,16,12,30,77,938,619,0.27,96,3.2,31.200000000000003
2020,11,16,13,30,72,902,523,0.27,100,2.9000000000000004,31
2020,11,16,14,30,64,824,374,0.27,102,2.1,30.1
2020,11,16,15,30,49,658,190,0.27,106,1.3,27.3
2020,11,16,16,30,16,168,21,0.27,114,0.9,24.6
2020,11,16,17,30,0,0,0,0.27,122,0.7000000000000001,23.700000000000003
2020,11,16,18,30,0,0,0,0.27,123,0.6000000000000001,23.1
2020,11,16,19,30,0,0,0,0.27,225,0.5,22.700000000000003
2020,11,16,20,30,0,0,0,0.27,300,0.5,22.5
2020,11,16,21,30,0,0,0,0.27,227,0.6000000000000001,22.3
2020,11,16,22,30,0,0,0,0.27,181,0.7000000000000001,22
2020,11,16,23,30,0,0,0,0.27,182,0.8,21.6
2020,11,17,0,30,0,0,0,0.27,206,1,21
2020,11,17,1,30,0,0,0,0.27,234,1.1,20.200000000000003
2020,11,17,2,30,0,0,0,0.27,248,1.2000000000000002,19.5
2020,11,17,3,30,0,0,0,0.27,251,1.2000000000000002,19.400000000000002
2020,11,17,4,30,0,0,0,0.27,249,1.1,19.400000000000002
2020,11,17,5,30,0,0,0,0.27,244,1,19.6
2020,11,17,6,30,10,26,11,0.27,231,1,20.400000000000002
2020,11,17,7,30,104,55,115,0.27,217,0.9,22.400000000000002
2020,11,17,8,30,113,558,319,0.27,206,1.6,25.6
2020,11,17,9,30,69,884,505,0.27,200,2.9000000000000004,28.400000000000002
2020,11,17,10,30,74,918,600,0.27,198,3.5,30.1
2020,11,17,11,30,77,929,635,0.27,196,3.6,31
2020,11,17,12,30,77,916,603,0.27,194,3.6,31.400000000000002
2020,11,17,13,30,73,876,509,0.27,192,3.5,31.200000000000003
2020,11,17,14,30,62,804,363,0.27,189,3.1,30.3
2020,11,17,15,30,46,647,184,0.27,181,2,27.1
2020,11,17,16,30,15,170,20,0.26,181,1.2000000000000002,22.900000000000002
2020,11,17,17,30,0,0,0,0.26,194,1.2000000000000002,20.700000000000003
2020,11,17,18,30,0,0,0,0.26,209,1.2000000000000002,20
2020,11,17,19,30,0,0,0,0.26,219,1.2000000000000002,19.3
2020,11,17,20,30,0,0,0,0.26,230,1.2000000000000002,18.7
2020,11,17,21,30,0,0,0,0.26,241,1.2000000000000002,18
2020,11,17,22,30,0,0,0,0.26,250,1.3,17.3
2020,11,17,23,30,0,0,0,0.26,257,1.3,16.7
2020,11,18,0,30,0,0,0,0.26,265,1.3,16
2020,11,18,1,30,0,0,0,0.26,272,1.2000000000000002,15.4
2020,11,18,2,30,0,0,0,0.26,277,1.2000000000000002,15
2020,11,18,3,30,0,0,0,0.26,276,1.1,14.600000000000001
2020,11,18,4,30,0,0,0,0.26,274,1.1,14
2020,11,18,5,30,0,0,0,0.26,272,1.2000000000000002,13.5
2020,11,18,6,30,13,154,16,0.26,270,1.2000000000000002,14.700000000000001
2020,11,18,7,30,45,650,177,0.26,267,1.7000000000000002,18
2020,11,18,8,30,60,822,360,0.26,257,2.5,21.6
2020,11,18,9,30,70,897,509,0.26,244,3,24.6
2020,11,18,10,30,76,933,607,0.26,238,3.4000000000000004,26.6
2020,11,18,11,30,76,949,642,0.26,241,3.8000000000000003,27.400000000000002
2020,11,18,12,30,74,940,611,0.26,244,4.1000000000000005,27.5
2020,11,18,13,30,69,908,518,0.26,248,4.1000000000000005,27
2020,11,18,14,30,60,836,370,0.26,253,3.9000000000000004,25.700000000000003
2020,11,18,15,30,44,676,187,0.26,260,2.9000000000000004,22.900000000000002
2020,11,18,16,30,15,181,20,0.26,269,1.6,19.1
2020,11,18,17,30,0,0,0,0.26,277,1.3,16.6
2020,11,18,18,30,0,0,0,0.26,280,1.3,15.5
2020,11,18,19,30,0,0,0,0.26,280,1.4000000000000001,15
2020,11,18,20,30,0,0,0,0.26,280,1.4000000000000001,14.700000000000001
2020,11,18,21,30,0,0,0,0.26,281,1.4000000000000001,14.5
2020,11,18,22,30,0,0,0,0.26,284,1.4000000000000001,14.3
2020,11,18,23,30,0,0,0,0.26,288,1.4000000000000001,14.200000000000001
2020,11,19,0,30,0,0,0,0.26,291,1.3,14
2020,11,19,1,30,0,0,0,0.26,293,1.3,13.9
2020,11,19,2,30,0,0,0,0.26,295,1.2000000000000002,13.8
2020,11,19,3,30,0,0,0,0.26,297,1.2000000000000002,13.700000000000001
2020,11,19,4,30,0,0,0,0.26,300,1.1,13.3
2020,11,19,5,30,0,0,0,0.26,302,1.1,12.700000000000001
2020,11,19,6,30,12,129,14,0.26,305,1.4000000000000001,13.5
2020,11,19,7,30,44,658,175,0.26,310,1.9000000000000001,16.3
2020,11,19,8,30,57,836,359,0.26,322,2.2,20.1
2020,11,19,9,30,65,913,509,0.26,336,2,23.700000000000003
2020,11,19,10,30,70,950,607,0.26,344,1.7000000000000002,26.3
2020,11,19,11,30,72,960,642,0.26,342,1.4000000000000001,27.900000000000002
2020,11,19,12,30,72,944,609,0.26,337,1.4000000000000001,28.700000000000003
2020,11,19,13,30,71,903,515,0.26,333,1.4000000000000001,28.6
2020,11,19,14,30,63,824,367,0.26,339,1.2000000000000002,27.5
2020,11,19,15,30,46,659,184,0.26,173,0.9,24.700000000000003
2020,11,19,16,30,15,171,19,0.26,180,0.8,21.6
2020,11,19,17,30,0,0,0,0.26,355,1,19.700000000000003
2020,11,19,18,30,0,0,0,0.26,348,1,18.6
2020,11,19,19,30,0,0,0,0.26,340,1.1,17.8
2020,11,19,20,30,0,0,0,0.26,330,1,17.3
2020,11,19,21,30,0,0,0,0.26,319,1,17
2020,11,19,22,30,0,0,0,0.26,318,1,17
2020,11,19,23,30,0,0,0,0.26,326,1,17.1
2020,11,20,0,30,0,0,0,0.26,330,1.1,17.1
2020,11,20,1,30,0,0,0,0.26,329,1.1,17.1
2020,11,20,2,30,0,0,0,0.26,327,1.1,17
2020,11,20,3,30,0,0,0,0.26,325,1.1,16.8
2020,11,20,4,30,0,0,0,0.26,327,1.1,16.5
2020,11,20,5,30,0,0,0,0.26,332,1.2000000000000002,16.3
2020,11,20,6,30,11,110,12,0.26,335,1.2000000000000002,17
2020,11,20,7,30,46,620,168,0.26,335,1.5,19.700000000000003
2020,11,20,8,30,62,795,347,0.26,175,1.9000000000000001,23.3
2020,11,20,9,30,76,863,493,0.26,27,1.6,26.1
2020,11,20,10,30,262,288,424,0.26,47,1.2000000000000002,27.8
2020,11,20,11,30,260,393,492,0.26,59,1.1,28.8
2020,11,20,12,30,237,416,472,0.26,67,1,29.3
2020,11,20,13,30,203,402,400,0.26,67,1,29.200000000000003
2020,11,20,14,30,170,250,262,0.26,60,0.9,28.200000000000003
2020,11,20,15,30,103,150,134,0.26,54,0.6000000000000001,25.8
2020,11,20,16,30,11,0,11,0.26,46,0.7000000000000001,23.3
2020,11,20,17,30,0,0,0,0.26,33,0.9,21.6
2020,11,20,18,30,0,0,0,0.26,17,1,20.6
2020,11,20,19,30,0,0,0,0.26,178,1,20
2020,11,20,20,30,0,0,0,0.26,346,1,19.6
2020,11,20,21,30,0,0,0,0.26,339,0.9,19.400000000000002
2020,11,20,22,30,0,0,0,0.26,332,0.9,19.3
2020,11,20,23,30,0,0,0,0.26,328,1,19.1
2020,11,21,0,30,0,0,0,0.26,324,1.1,18.900000000000002
2020,11,21,1,30,0,0,0,0.26,323,1.3,18.2
2020,11,21,2,30,0,0,0,0.26,322,1.6,17.400000000000002
2020,11,21,3,30,0,0,0,0.26,323,1.7000000000000002,16.900000000000002
2020,11,21,4,30,0,0,0,0.26,325,1.7000000000000002,16.5
2020,11,21,5,30,0,0,0,0.26,326,1.7000000000000002,16.3
2020,11,21,6,30,7,26,7,0.26,326,1.7000000000000002,16.900000000000002
2020,11,21,7,30,55,534,158,0.26,326,2.1,19.1
2020,11,21,8,30,72,752,339,0.26,337,2.4000000000000004,22
2020,11,21,9,30,84,839,486,0.26,350,2.2,24.8
2020,11,21,10,30,113,838,581,0.26,354,1.9000000000000001,26.8
2020,11,21,11,30,164,700,575,0.26,353,1.8,27.900000000000002
2020,11,21,12,30,222,553,533,0.26,353,1.9000000000000001,28.400000000000002
2020,11,21,13,30,98,787,481,0.26,356,2,28
2020,11,21,14,30,74,753,349,0.26,181,1.6,26.700000000000003
2020,11,21,15,30,63,515,169,0.26,2,1,24.3
2020,11,21,16,30,12,57,13,0.26,177,0.9,22
2020,11,21,17,30,0,0,0,0.26,350,1,20.700000000000003
2020,11,21,18,30,0,0,0,0.26,344,1,19.8
2020,11,21,19,30,0,0,0,0.26,338,1,19.200000000000003
2020,11,21,20,30,0,0,0,0.26,334,1,19
2020,11,21,21,30,0,0,0,0.26,328,1,18.900000000000002
2020,11,21,22,30,0,0,0,0.26,323,1,19.1
2020,11,21,23,30,0,0,0,0.26,320,0.9,19.3
2020,11,22,0,30,0,0,0,0.26,319,0.8,19.5
2020,11,22,1,30,0,0,0,0.26,323,0.9,19.200000000000003
2020,11,22,2,30,0,0,0,0.26,328,1,18.7
2020,11,22,3,30,0,0,0,0.26,330,1.1,18.3
2020,11,22,4,30,0,0,0,0.26,331,1.2000000000000002,17.8
2020,11,22,5,30,0,0,0,0.26,332,1.2000000000000002,17.6
2020,11,22,6,30,6,9,6,0.26,331,1.2000000000000002,17.8
2020,11,22,7,30,92,130,117,0.26,327,1.5,19.5
2020,11,22,8,30,121,517,303,0.26,332,1.7000000000000002,22.3
2020,11,22,9,30,139,679,462,0.26,337,1.3,24.900000000000002
2020,11,22,10,30,114,831,576,0.26,323,1.2000000000000002,26.6
2020,11,22,11,30,112,870,621,0.26,306,1.5,27.5
2020,11,22,12,30,87,902,592,0.26,303,1.7000000000000002,27.700000000000003
2020,11,22,13,30,81,864,500,0.26,306,1.8,27.3
2020,11,22,14,30,71,776,353,0.26,315,1.4000000000000001,26
2020,11,22,15,30,107,71,121,0.26,169,0.9,23.700000000000003
2020,11,22,16,30,12,18,12,0.26,13,0.6000000000000001,21.400000000000002
2020,11,22,17,30,0,0,0,0.26,165,0.6000000000000001,20.1
2020,11,22,18,30,0,0,0,0.26,308,0.6000000000000001,19.3
2020,11,22,19,30,0,0,0,0.26,292,0.7000000000000001,18.5
2020,11,22,20,30,0,0,0,0.26,287,0.8,17.6
2020,11,22,21,30,0,0,0,0.26,284,0.9,16.6
2020,11,22,22,30,0,0,0,0.26,280,0.9,15.600000000000001
2020,11,22,23,30,0,0,0,0.26,278,0.9,14.8
2020,11,23,0,30,0,0,0,0.26,278,1,14.200000000000001
2020,11,23,1,30,0,0,0,0.26,277,1,13.5
2020,11,23,2,30,0,0,0,0.26,275,1.1,12.8
2020,11,23,3,30,0,0,0,0.26,274,1.1,12.200000000000001
2020,11,23,4,30,0,0,0,0.26,273,1.1,11.700000000000001
2020,11,23,5,30,0,0,0,0.26,273,1.1,11.4
2020,11,23,6,30,9,78,9,0.26,274,1.2000000000000002,12.5
2020,11,23,7,30,48,561,153,0.26,273,2,15.4
2020,11,23,8,30,70,748,330,0.26,272,2.7,18.2
2020,11,23,9,30,80,841,478,0.26,271,2.9000000000000004,20.5
2020,11,23,10,30,83,890,575,0.26,275,3.2,22.400000000000002
2020,11,23,11,30,83,908,611,0.26,281,3.7,23.8
2020,11,23,12,30,82,899,583,0.26,284,4.1000000000000005,24.3
2020,11,23,13,30,103,779,479,0.26,287,4.3,23.900000000000002
2020,11,23,14,30,69,771,347,0.26,292,4.2,22.8
2020,11,23,15,30,106,106,127,0.26,300,3.2,20.6
2020,11,23,16,30,12,68,13,0.26,306,1.9000000000000001,17.400000000000002
2020,11,23,17,30,0,0,0,0.26,308,1.4000000000000001,15.100000000000001
2020,11,23,18,30,0,0,0,0.26,304,1.4000000000000001,14
2020,11,23,19,30,0,0,0,0.26,300,1.4000000000000001,13.200000000000001
2020,11,23,20,30,0,0,0,0.26,298,1.5,13
2020,11,23,21,30,0,0,0,0.26,299,1.7000000000000002,12.9
2020,11,23,22,30,0,0,0,0.26,304,1.8,12.4
2020,11,23,23,30,0,0,0,0.26,310,1.8,11.700000000000001
2020,11,24,0,30,0,0,0,0.26,317,2,11.3
2020,11,24,1,30,0,0,0,0.26,322,2.2,11
2020,11,24,2,30,0,0,0,0.26,324,2.2,10.700000000000001
2020,11,24,3,30,0,0,0,0.26,323,2.2,10.5
2020,11,24,4,30,0,0,0,0.26,319,2.2,10.200000000000001
2020,11,24,5,30,0,0,0,0.26,318,2.1,10
2020,11,24,6,30,7,70,7,0.26,320,2.2,11.100000000000001
2020,11,24,7,30,44,606,155,0.26,332,2.9000000000000004,14.3
2020,11,24,8,30,61,793,334,0.26,174,3.5,17.900000000000002
2020,11,24,9,30,72,875,483,0.26,13,3.5,20.700000000000003
2020,11,24,10,30,77,916,581,0.26,20,2.9000000000000004,22.5
2020,11,24,11,30,79,930,617,0.26,23,2.4000000000000004,23.6
2020,11,24,12,30,78,919,588,0.26,23,1.9000000000000001,24.1
2020,11,24,13,30,73,882,496,0.26,22,1.8,24.1
2020,11,24,14,30,62,804,351,0.26,21,1.7000000000000002,23.3
2020,11,24,15,30,47,629,173,0.26,24,1.3,20.900000000000002
2020,11,24,16,30,13,140,16,0.26,26,0.9,17.8
2020,11,24,17,30,0,0,0,0.26,20,1,16.2
2020,11,24,18,30,0,0,0,0.26,10,1,15.4
2020,11,24,19,30,0,0,0,0.26,180,1,14.700000000000001
2020,11,24,20,30,0,0,0,0.26,352,1,14.200000000000001
2020,11,24,21,30,0,0,0,0.26,343,1,13.9
2020,11,24,22,30,0,0,0,0.26,333,0.9,13.8
2020,11,24,23,30,0,0,0,0.26,325,0.9,13.700000000000001
2020,11,25,0,30,0,0,0,0.26,319,0.8,13.600000000000001
2020,11,25,1,30,0,0,0,0.26,317,0.8,13.5
2020,11,25,2,30,0,0,0,0.26,315,0.8,13.5
2020,11,25,3,30,0,0,0,0.26,311,0.8,13.3
2020,11,25,4,30,0,0,0,0.26,305,0.8,13.200000000000001
2020,11,25,5,30,0,0,0,0.26,296,0.8,13.100000000000001
2020,11,25,6,30,7,69,7,0.26,284,0.8,13.5
2020,11,25,7,30,43,609,153,0.26,248,0.8,15.700000000000001
2020,11,25,8,30,61,799,334,0.26,208,1.4000000000000001,18.900000000000002
2020,11,25,9,30,72,879,482,0.26,207,2.1,21.400000000000002
2020,11,25,10,30,79,913,578,0.26,223,2.6,23.1
2020,11,25,11,30,83,919,612,0.26,231,2.8000000000000003,24.1
2020,11,25,12,30,83,904,582,0.26,234,2.9000000000000004,24.5
2020,11,25,13,30,78,860,489,0.26,236,2.9000000000000004,24.200000000000003
2020,11,25,14,30,69,771,344,0.26,237,2.8000000000000003,23.200000000000003
2020,11,25,15,30,51,581,167,0.26,236,2,20.6
2020,11,25,16,30,13,113,15,0.26,232,1.2000000000000002,17.2
2020,11,25,17,30,0,0,0,0.26,232,1,14.9
2020,11,25,18,30,0,0,0,0.26,239,0.9,14
2020,11,25,19,30,0,0,0,0.26,248,1,13.8
2020,11,25,20,30,0,0,0,0.26,256,1.1,13.700000000000001
2020,11,25,21,30,0,0,0,0.26,266,1.2000000000000002,13.4
2020,11,25,22,30,0,0,0,0.26,277,1.3,12.8
2020,11,25,23,30,0,0,0,0.26,288,1.2000000000000002,12.3
2020,11,26,0,30,0,0,0,0.26,296,0.9,11.700000000000001
2020,11,26,1,30,0,0,0,0.26,300,0.8,10.9
2020,11,26,2,30,0,0,0,0.26,304,0.9,10.200000000000001
2020,11,26,3,30,0,0,0,0.26,309,1.1,9.600000000000001
2020,11,26,4,30,0,0,0,0.26,314,1.2000000000000002,9
2020,11,26,5,30,0,0,0,0.26,317,1.5,8.6
2020,11,26,6,30,6,55,6,0.26,318,2.1,9.700000000000001
2020,11,26,7,30,47,581,150,0.26,327,3.6,12.5
2020,11,26,8,30,67,784,332,0.26,344,4.800000000000001,15.5
2020,11,26,9,30,77,875,483,0.26,178,4.9,17.8
2020,11,26,10,30,84,915,582,0.26,4,4.7,19.5
2020,11,26,11,30,88,919,615,0.26,3,4.5,20.400000000000002
2020,11,26,12,30,88,906,586,0.26,178,4.5,20.6
2020,11,26,13,30,81,872,496,0.26,353,4.800000000000001,20.200000000000003
2020,11,26,14,30,70,789,351,0.26,349,4.9,19.1
2020,11,26,15,30,51,615,173,0.26,346,4.4,16.900000000000002
2020,11,26,16,30,13,119,15,0.26,344,3.3000000000000003,14
2020,11,26,17,30,0,0,0,0.26,345,2.9000000000000004,11.8
2020,11,26,18,30,0,0,0,0.26,349,2.7,10.8
2020,11,26,19,30,0,0,0,0.26,354,2.5,9.9
2020,11,26,20,30,0,0,0,0.26,358,2.4000000000000004,9.3
2020,11,26,21,30,0,0,0,0.26,359,2.8000000000000003,9.3
2020,11,26,22,30,0,0,0,0.26,359,3.3000000000000003,9.4
2020,11,26,23,30,0,0,0,0.26,357,3.6,9.3
2020,11,27,0,30,0,0,0,0.26,354,3.8000000000000003,9.1
2020,11,27,1,30,0,0,0,0.26,351,3.8000000000000003,9
2020,11,27,2,30,0,0,0,0.26,349,3.8000000000000003,8.8
2020,11,27,3,30,0,0,0,0.26,348,3.7,8.3
2020,11,27,4,30,0,0,0,0.26,346,3.6,7.800000000000001
2020,11,27,5,30,0,0,0,0.26,344,3.5,7.4
2020,11,27,6,30,8,85,7,0.26,343,3.8000000000000003,8.200000000000001
2020,11,27,7,30,39,676,157,0.26,348,4.7,10.8
2020,11,27,8,30,55,849,340,0.26,178,5.5,13.8
2020,11,27,9,30,67,922,492,0.26,5,5.800000000000001,16
2020,11,27,10,30,77,952,592,0.26,9,5.6000000000000005,17.6
2020,11,27,11,30,79,962,628,0.26,10,5.300000000000001,18.8
2020,11,27,12,30,80,945,598,0.26,10,4.9,19.400000000000002
2020,11,27,13,30,77,900,504,0.26,11,4.4,19.5
2020,11,27,14,30,68,820,358,0.26,10,3.8000000000000003,18.900000000000002
2020,11,27,15,30,48,644,175,0.26,7,2.4000000000000004,16.3
2020,11,27,16,30,12,122,14,0.26,182,1.3,12.9
2020,11,27,17,30,0,0,0,0.26,357,1.3,11.200000000000001
2020,11,27,18,30,0,0,0,0.26,353,1.4000000000000001,10.4
2020,11,27,19,30,0,0,0,0.26,350,1.4000000000000001,9.8
2020,11,27,20,30,0,0,0,0.26,348,1.4000000000000001,9.4
2020,11,27,21,30,0,0,0,0.26,348,1.5,9
2020,11,27,22,30,0,0,0,0.26,349,1.5,8.700000000000001
2020,11,27,23,30,0,0,0,0.26,349,1.5,8.4
2020,11,28,0,30,0,0,0,0.26,349,1.5,8.1
2020,11,28,1,30,0,0,0,0.26,349,1.5,8.1
2020,11,28,2,30,0,0,0,0.26,349,1.5,8.1
2020,11,28,3,30,0,0,0,0.26,347,1.5,8.1
2020,11,28,4,30,0,0,0,0.26,343,1.5,8.200000000000001
2020,11,28,5,30,0,0,0,0.26,338,1.5,8.200000000000001
2020,11,28,6,30,7,79,6,0.26,336,1.4000000000000001,8.9
2020,11,28,7,30,41,673,156,0.26,337,1.6,12.100000000000001
2020,11,28,8,30,57,863,344,0.26,172,2.2,16.2
2020,11,28,9,30,67,941,498,0.26,14,2.2,18.900000000000002
2020,11,28,10,30,75,973,599,0.26,26,1.9000000000000001,20.8
2020,11,28,11,30,78,985,638,0.26,30,1.6,22
2020,11,28,12,30,77,969,606,0.26,29,1.5,22.700000000000003
2020,11,28,13,30,73,923,509,0.26,25,1.5,22.8
2020,11,28,14,30,64,843,361,0.26,22,1.4000000000000001,21.900000000000002
2020,11,28,15,30,48,666,178,0.26,20,1.1,18.900000000000002
2020,11,28,16,30,12,125,14,0.26,14,1.1,15.5
2020,11,28,17,30,0,0,0,0.26,182,1.2000000000000002,13.600000000000001
2020,11,28,18,30,0,0,0,0.26,350,1.3,12.3
2020,11,28,19,30,0,0,0,0.26,340,1.3,11.4
2020,11,28,20,30,0,0,0,0.26,334,1.3,10.9
2020,11,28,21,30,0,0,0,0.26,330,1.4000000000000001,10.600000000000001
2020,11,28,22,30,0,0,0,0.26,330,1.4000000000000001,10.3
2020,11,28,23,30,0,0,0,0.26,331,1.5,9.9
2020,11,29,0,30,0,0,0,0.26,332,1.6,9.600000000000001
2020,11,29,1,30,0,0,0,0.26,331,1.7000000000000002,9.5
2020,11,29,2,30,0,0,0,0.26,329,1.7000000000000002,9.4
2020,11,29,3,30,0,0,0,0.26,327,1.7000000000000002,9.5
2020,11,29,4,30,0,0,0,0.26,325,1.7000000000000002,9.600000000000001
2020,11,29,5,30,0,0,0,0.26,325,1.7000000000000002,9.5
2020,11,29,6,30,7,70,6,0.26,327,1.6,10.200000000000001
2020,11,29,7,30,42,656,152,0.26,329,2,13.5
2020,11,29,8,30,58,849,338,0.26,341,2.6,17.8
2020,11,29,9,30,67,927,489,0.26,185,2.8000000000000003,21.1
2020,11,29,10,30,74,966,591,0.26,24,2.7,23.3
2020,11,29,11,30,76,977,629,0.26,32,2.6,24.6
2020,11,29,12,30,78,960,600,0.26,34,2.4000000000000004,25.3
2020,11,29,13,30,77,912,506,0.26,32,2.3000000000000003,25.3
2020,11,29,14,30,67,827,358,0.26,28,1.7000000000000002,24.1
2020,11,29,15,30,50,643,175,0.26,21,1.2000000000000002,21
2020,11,29,16,30,11,112,13,0.26,187,1.2000000000000002,17.8
2020,11,29,17,30,0,0,0,0.26,351,1.3,16.1
2020,11,29,18,30,0,0,0,0.26,342,1.4000000000000001,14.600000000000001
2020,11,29,19,30,0,0,0,0.26,340,1.4000000000000001,13.600000000000001
2020,11,29,20,30,0,0,0,0.26,340,1.4000000000000001,13.100000000000001
2020,11,29,21,30,0,0,0,0.26,337,1.4000000000000001,12.9
2020,11,29,22,30,0,0,0,0.26,334,1.4000000000000001,12.8
2020,11,29,23,30,0,0,0,0.26,334,1.4000000000000001,12.8
2020,11,30,0,30,0,0,0,0.26,333,1.4000000000000001,12.8
2020,11,30,1,30,0,0,0,0.26,332,1.4000000000000001,13
2020,11,30,2,30,0,0,0,0.26,331,1.4000000000000001,13.200000000000001
2020,11,30,3,30,0,0,0,0.26,332,1.3,13.4
2020,11,30,4,30,0,0,0,0.26,334,1.3,13.600000000000001
2020,11,30,5,30,0,0,0,0.26,335,1.3,14
2020,11,30,6,30,4,28,3,0.26,339,1.2000000000000002,14.700000000000001
2020,11,30,7,30,62,390,126,0.26,349,1,16.400000000000002
2020,11,30,8,30,64,780,319,0.26,198,1.3,19.3
2020,11,30,9,30,75,878,472,0.26,57,1.9000000000000001,21.900000000000002
2020,11,30,10,30,78,928,573,0.26,80,1.9000000000000001,23.6
2020,11,30,11,30,80,944,612,0.26,81,1.5,24.700000000000003
2020,11,30,12,30,76,937,584,0.26,69,1.1,25.400000000000002
2020,11,30,13,30,71,902,494,0.26,59,1.1,25.5
2020,11,30,14,30,62,823,350,0.26,53,1,24.5
2020,11,30,15,30,45,654,172,0.26,53,0.9,21.400000000000002
2020,11,30,16,30,11,109,13,0.26,184,1.1,23.1
2020,11,30,17,30,0,0,0,0.26,344,1.2000000000000002,21.5
2020,11,30,18,30,0,0,0,0.26,336,1.3,20.1
2020,11,30,19,30,0,0,0,0.26,337,1.4000000000000001,19.1
2020,11,30,20,30,0,0,0,0.26,339,1.4000000000000001,18.3
2020,11,30,21,30,0,0,0,0.26,339,1.4000000000000001,17.7
2020,11,30,22,30,0,0,0,0.26,339,1.5,17.2
2020,11,30,23,30,0,0,0,0.26,341,1.5,16.7
2021,12,1,0,30,0,0,0,0.26,342,1.6,16.400000000000002
2021,12,1,1,30,0,0,0,0.26,343,1.6,16
2021,12,1,2,30,0,0,0,0.26,344,1.6,15.8
2021,12,1,3,30,0,0,0,0.26,342,1.6,15.600000000000001
2021,12,1,4,30,0,0,0,0.26,338,1.6,15.5
2021,12,1,5,30,0,0,0,0.26,334,1.6,15.4
2021,12,1,6,30,4,31,3,0.26,330,1.5,16.2
2021,12,1,7,30,50,516,134,0.26,327,1.9000000000000001,19.700000000000003
2021,12,1,8,30,59,788,315,0.26,340,2.6,24
2021,12,1,9,30,70,879,466,0.26,186,2.8000000000000003,26.8
2021,12,1,10,30,75,928,568,0.26,25,2.8000000000000003,28.700000000000003
2021,12,1,11,30,77,941,606,0.26,34,2.6,29.700000000000003
2021,12,1,12,30,79,923,578,0.26,40,2.4000000000000004,30
2021,12,1,13,30,78,874,487,0.26,43,2.1,29.8
2021,12,1,14,30,121,530,306,0.26,45,1.6,28.5
2021,12,1,15,30,50,598,166,0.26,42,1,25.700000000000003
2021,12,1,16,30,10,99,12,0.26,26,0.9,23
2021,12,1,17,30,0,0,0,0.26,180,1,21.6
2021,12,1,18,30,0,0,0,0.26,342,1.1,20.400000000000002
2021,12,1,19,30,0,0,0,0.26,333,1.2000000000000002,19.6
2021,12,1,20,30,0,0,0,0.26,331,1.1,19.5
2021,12,1,21,30,0,0,0,0.26,331,1.1,19.700000000000003
2021,12,1,22,30,0,0,0,0.26,331,1,19.900000000000002
2021,12,1,23,30,0,0,0,0.26,331,0.9,20
2021,12,2,0,30,0,0,0,0.26,332,0.9,20.1
2021,12,2,1,30,0,0,0,0.26,334,0.9,20.200000000000003
2021,12,2,2,30,0,0,0,0.26,336,0.9,20.200000000000003
2021,12,2,3,30,0,0,0,0.26,337,0.8,20.1
2021,12,2,4,30,0,0,0,0.26,335,0.7000000000000001,20
2021,12,2,5,30,0,0,0,0.26,326,0.5,20.1
2021,12,2,6,30,3,20,2,0.26,306,0.4,20.5
2021,12,2,7,30,46,513,128,0.26,268,0.4,21.900000000000002
2021,12,2,8,30,68,732,303,0.26,213,0.6000000000000001,24.3
2021,12,2,9,30,77,840,453,0.26,176,1.2000000000000002,27
2021,12,2,10,30,79,898,554,0.26,168,1.6,28.900000000000002
2021,12,2,11,30,81,912,592,0.26,168,1.8,29.700000000000003
2021,12,2,12,30,80,900,565,0.26,169,2,29.900000000000002
2021,12,2,13,30,75,862,477,0.26,171,2.1,29.5
2021,12,2,14,30,66,773,335,0.26,174,2,28.400000000000002
2021,12,2,15,30,49,583,161,0.26,174,1.4000000000000001,25.200000000000003
2021,12,2,16,30,11,95,12,0.26,183,1.1,21.5
2021,12,2,17,30,0,0,0,0.26,209,1,19.700000000000003
2021,12,2,18,30,0,0,0,0.26,236,1,18.7
2021,12,2,19,30,0,0,0,0.26,254,0.9,18.2
2021,12,2,20,30,0,0,0,0.26,263,0.8,18
2021,12,2,21,30,0,0,0,0.26,268,0.8,18
2021,12,2,22,30,0,0,0,0.26,271,0.8,18.1
2021,12,2,23,30,0,0,0,0.26,272,0.8,18.3
2021,12,3,0,30,0,0,0,0.26,273,0.7000000000000001,18.5
2021,12,3,1,30,0,0,0,0.26,275,0.7000000000000001,18.5
2021,12,3,2,30,0,0,0,0.26,278,0.8,18.6
2021,12,3,3,30,0,0,0,0.26,281,0.8,18.5
2021,12,3,4,30,0,0,0,0.26,287,0.9,18.2
2021,12,3,5,30,0,0,0,0.26,293,0.9,17.900000000000002
2021,12,3,6,30,2,14,2,0.26,299,0.8,18
2021,12,3,7,30,48,449,119,0.26,308,0.7000000000000001,19.8
2021,12,3,8,30,74,677,290,0.26,324,0.5,22.900000000000002
2021,12,3,9,30,83,802,440,0.26,241,0.5,25.700000000000003
2021,12,3,10,30,82,874,542,0.26,143,1,27.400000000000002
2021,12,3,11,30,87,883,579,0.26,139,1.4000000000000001,28.200000000000003
2021,12,3,12,30,85,874,554,0.26,138,1.6,28.5
2021,12,3,13,30,78,838,468,0.26,138,1.7000000000000002,28.200000000000003
2021,12,3,14,30,68,748,328,0.26,140,1.6,27.200000000000003
2021,12,3,15,30,50,560,158,0.26,141,1.2000000000000002,24.5
2021,12,3,16,30,11,88,12,0.26,148,0.9,21.3
2021,12,3,17,30,0,0,0,0.26,166,0.8,19.8
2021,12,3,18,30,0,0,0,0.26,190,0.7000000000000001,19.1
2021,12,3,19,30,0,0,0,0.26,217,0.6000000000000001,18.7
2021,12,3,20,30,0,0,0,0.26,239,0.5,18.5
2021,12,3,21,30,0,0,0,0.26,255,0.5,18.3
2021,12,3,22,30,0,0,0,0.26,265,0.5,18.2
2021,12,3,23,30,0,0,0,0.26,271,0.5,18
2021,12,4,0,30,0,0,0,0.26,276,0.5,17.900000000000002
2021,12,4,1,30,0,0,0,0.26,284,0.6000000000000001,17.7
2021,12,4,2,30,0,0,0,0.26,295,0.6000000000000001,17.6
2021,12,4,3,30,0,0,0,0.26,309,0.7000000000000001,17.3
2021,12,4,4,30,0,0,0,0.26,325,0.8,17.1
2021,12,4,5,30,0,0,0,0.26,340,0.9,16.8
2021,12,4,6,30,3,20,2,0.26,349,0.9,17
2021,12,4,7,30,43,517,123,0.26,351,0.9,19
2021,12,4,8,30,64,736,297,0.26,205,0.9,22.3
2021,12,4,9,30,75,835,444,0.26,79,0.9,25.1
2021,12,4,10,30,81,882,543,0.26,102,1,26.6
2021,12,4,11,30,84,893,580,0.26,101,1,27.400000000000002
2021,12,4,12,30,83,880,554,0.26,62,1,27.700000000000003
2021,12,4,13,30,78,840,468,0.26,21,1.2000000000000002,27.5
2021,12,4,14,30,67,757,330,0.26,14,1.3,26.700000000000003
2021,12,4,15,30,49,580,160,0.26,19,1,24.1
2021,12,4,16,30,11,99,12,0.26,21,0.9,20.900000000000002
2021,12,4,17,30,0,0,0,0.26,12,1,19.1
2021,12,4,18,30,0,0,0,0.26,4,1.1,18
2021,12,4,19,30,0,0,0,0.26,176,1.1,17.1
2021,12,4,20,30,0,0,0,0.26,346,1.1,16.6
2021,12,4,21,30,0,0,0,0.26,334,1.1,16.1
2021,12,4,22,30,0,0,0,0.26,324,1.1,15.600000000000001
2021,12,4,23,30,0,0,0,0.26,319,1.2000000000000002,15
2021,12,5,0,30,0,0,0,0.26,317,1.3,14.5
2021,12,5,1,30,0,0,0,0.26,317,1.4000000000000001,14.100000000000001
2021,12,5,2,30,0,0,0,0.26,316,1.5,13.8
2021,12,5,3,30,0,0,0,0.26,315,1.6,13.5
2021,12,5,4,30,0,0,0,0.26,314,1.7000000000000002,13.200000000000001
2021,12,5,5,30,0,0,0,0.26,314,1.9000000000000001,13
2021,12,5,6,30,3,27,2,0.26,314,2.1,13.8
2021,12,5,7,30,40,565,126,0.26,315,2.8000000000000003,17
2021,12,5,8,30,57,798,307,0.26,323,3.4000000000000004,21.1
2021,12,5,9,30,66,886,456,0.26,333,3.6,24.400000000000002
2021,12,5,10,30,72,928,556,0.26,342,3.6,27
2021,12,5,11,30,74,942,596,0.26,347,3.6,28.400000000000002
2021,12,5,12,30,74,935,573,0.26,347,3.6,28.8
2021,12,5,13,30,69,901,486,0.26,346,3.7,28.5
2021,12,5,14,30,60,822,345,0.26,341,3.2,27.3
2021,12,5,15,30,44,649,169,0.26,335,2.1,24
2021,12,5,16,30,11,122,13,0.26,328,1.5,20.400000000000002
2021,12,5,17,30,0,0,0,0.26,322,1.6,18.8
2021,12,5,18,30,0,0,0,0.26,318,1.7000000000000002,18
2021,12,5,19,30,0,0,0,0.26,317,1.7000000000000002,17.5
2021,12,5,20,30,0,0,0,0.26,318,1.7000000000000002,17.1
2021,12,5,21,30,0,0,0,0.26,320,1.8,16.8
2021,12,5,22,30,0,0,0,0.26,323,1.8,16.5
2021,12,5,23,30,0,0,0,0.26,325,1.8,16.2
2021,12,6,0,30,0,0,0,0.26,325,1.8,16
2021,12,6,1,30,0,0,0,0.26,323,1.8,15.8
2021,12,6,2,30,0,0,0,0.26,322,1.8,15.600000000000001
2021,12,6,3,30,0,0,0,0.26,321,1.8,15.4
2021,12,6,4,30,0,0,0,0.26,320,1.8,15.200000000000001
2021,12,6,5,30,0,0,0,0.26,318,1.7000000000000002,15.3
2021,12,6,6,30,0,0,0,0.26,314,1.4000000000000001,16.5
2021,12,6,7,30,38,522,116,0.26,311,1.5,19.5
2021,12,6,8,30,53,781,296,0.26,301,1.3,23.3
2021,12,6,9,30,61,875,444,0.26,240,1.5,26.6
2021,12,6,10,30,120,746,508,0.26,192,2.3000000000000003,28.8
2021,12,6,11,30,85,878,570,0.26,200,2.8000000000000003,29.700000000000003
2021,12,6,12,30,205,479,460,0.26,211,2.9000000000000004,29.900000000000002
2021,12,6,13,30,149,554,405,0.26,225,2.9000000000000004,29.400000000000002
2021,12,6,14,30,172,177,233,0.26,229,2.4000000000000004,27.700000000000003
2021,12,6,15,30,96,43,104,0.26,217,1.6,24.3
2021,12,6,16,30,7,0,7,0.26,208,1.1,20.8
2021,12,6,17,30,0,0,0,0.26,210,1.1,18.400000000000002
2021,12,6,18,30,0,0,0,0.26,219,1.1,16.7
2021,12,6,19,30,0,0,0,0.26,246,1.1,15.700000000000001
2021,12,6,20,30,0,0,0,0.26,261,1.1,14.9
2021,12,6,21,30,0,0,0,0.26,253,1.1,14.5
2021,12,6,22,30,0,0,0,0.26,252,1,14.100000000000001
2021,12,6,23,30,0,0,0,0.26,265,1,13.700000000000001
2021,12,7,0,30,0,0,0,0.26,281,0.9,13.4
2021,12,7,1,30,0,0,0,0.26,292,0.9,13
2021,12,7,2,30,0,0,0,0.26,296,1,12.700000000000001
2021,12,7,3,30,0,0,0,0.26,298,1,12.700000000000001
2021,12,7,4,30,0,0,0,0.26,299,1.1,12.9
2021,12,7,5,30,0,0,0,0.26,301,1.3,12.9
2021,12,7,6,30,0,0,0,0.26,305,1.5,13.100000000000001
2021,12,7,7,30,38,4,39,0.26,311,1.7000000000000002,13.8
2021,12,7,8,30,69,4,70,0.26,314,1.6,14.8
2021,12,7,9,30,162,26,173,0.26,316,1.4000000000000001,15.8
2021,12,7,10,30,153,6,156,0.26,319,1.3,17
2021,12,7,11,30,204,14,212,0.26,330,1.3,17.900000000000002
2021,12,7,12,30,223,27,237,0.26,339,1.1,18.1
2021,12,7,13,30,209,70,241,0.26,342,1,17.900000000000002
2021,12,7,14,30,140,55,159,0.26,348,0.7000000000000001,17.6
2021,12,7,15,30,61,3,62,0.26,353,0.6000000000000001,16.8
2021,12,7,16,30,4,0,4,0.26,350,0.6000000000000001,15.700000000000001
2021,12,7,17,30,0,0,0,0.26,349,0.8,14.8
2021,12,7,18,30,0,0,0,0.26,350,0.8,14.200000000000001
2021,12,7,19,30,0,0,0,0.26,347,0.9,13.700000000000001
2021,12,7,20,30,0,0,0,0.26,340,0.9,13.200000000000001
2021,12,7,21,30,0,0,0,0.26,329,0.8,13
2021,12,7,22,30,0,0,0,0.26,315,0.7000000000000001,12.9
2021,12,7,23,30,0,0,0,0.26,300,0.7000000000000001,12.8
2021,12,8,0,30,0,0,0,0.26,291,0.7000000000000001,12.600000000000001
2021,12,8,1,30,0,0,0,0.26,290,0.8,12.3
2021,12,8,2,30,0,0,0,0.26,291,1,12
2021,12,8,3,30,0,0,0,0.26,293,1.1,11.700000000000001
2021,12,8,4,30,0,0,0,0.26,294,1.1,11.5
2021,12,8,5,30,0,0,0,0.26,295,1.2000000000000002,11.3
2021,12,8,6,30,0,0,0,0.26,297,1.1,12
2021,12,8,7,30,39,501,111,0.26,301,1.5,14.3
2021,12,8,8,30,59,729,282,0.26,306,1.7000000000000002,17.7
2021,12,8,9,30,69,834,430,0.26,298,1.4000000000000001,20.700000000000003
2021,12,8,10,30,72,889,531,0.26,279,1.4000000000000001,22.700000000000003
2021,12,8,11,30,75,908,573,0.26,265,1.7000000000000002,23.900000000000002
2021,12,8,12,30,74,902,552,0.26,254,2,24.400000000000002
2021,12,8,13,30,70,862,467,0.26,247,2.2,24.3
2021,12,8,14,30,62,777,330,0.26,244,2.2,23.3
2021,12,8,15,30,47,592,160,0.26,235,1.7000000000000002,20.900000000000002
2021,12,8,16,30,10,100,12,0.26,227,1.2000000000000002,17.900000000000002
2021,12,8,17,30,0,0,0,0.26,230,1.1,15.8
2021,12,8,18,30,0,0,0,0.26,243,1.2000000000000002,14.8
2021,12,8,19,30,0,0,0,0.26,255,1.4000000000000001,14.3
2021,12,8,20,30,0,0,0,0.26,257,1.4000000000000001,13.9
2021,12,8,21,30,0,0,0,0.26,256,1.3,13.5
2021,12,8,22,30,0,0,0,0.26,251,1.4000000000000001,13.200000000000001
2021,12,8,23,30,0,0,0,0.26,246,1.5,12.9
2021,12,9,0,30,0,0,0,0.26,246,1.7000000000000002,12.700000000000001
2021,12,9,1,30,0,0,0,0.26,249,1.9000000000000001,12.600000000000001
2021,12,9,2,30,0,0,0,0.26,249,2.1,12.600000000000001
2021,12,9,3,30,0,0,0,0.26,249,2.3000000000000003,12.600000000000001
2021,12,9,4,30,0,0,0,0.26,250,2.5,12.5
2021,12,9,5,30,0,0,0,0.26,250,2.4000000000000004,12.4
2021,12,9,6,30,0,0,0,0.26,248,2.5,12.700000000000001
2021,12,9,7,30,43,4,44,0.26,245,3,13.700000000000001
2021,12,9,8,30,134,89,161,0.26,243,3.7,14.600000000000001
2021,12,9,9,30,185,152,250,0.26,243,4.2,15.4
2021,12,9,10,30,147,24,159,0.26,244,4.7,16.400000000000002
2021,12,9,11,30,43,4,45,0.26,245,5.1000000000000005,17
2021,12,9,12,30,12,0,12,0.26,246,5.2,16.7
2021,12,9,13,30,147,45,168,0.26,248,5.1000000000000005,15.700000000000001
2021,12,9,14,30,122,117,162,0.26,251,4.6000000000000005,14.600000000000001
2021,12,9,15,30,76,14,79,0.26,253,3.8000000000000003,13.600000000000001
2021,12,9,16,30,5,0,5,0.26,254,3.2,12.8
2021,12,9,17,30,0,0,0,0.26,258,2.9000000000000004,12.3
2021,12,9,18,30,0,0,0,0.26,266,2.7,11.8
2021,12,9,19,30,0,0,0,0.26,274,2.4000000000000004,11.200000000000001
2021,12,9,20,30,0,0,0,0.26,279,2.1,10.600000000000001
2021,12,9,21,30,0,0,0,0.26,281,1.9000000000000001,10
2021,12,9,22,30,0,0,0,0.26,283,1.7000000000000002,9.600000000000001
2021,12,9,23,30,0,0,0,0.26,289,1.7000000000000002,9.200000000000001
2021,12,10,0,30,0,0,0,0.26,297,1.6,8.8
2021,12,10,1,30,0,0,0,0.26,300,1.5,8.3
2021,12,10,2,30,0,0,0,0.26,303,1.5,7.6000000000000005
2021,12,10,3,30,0,0,0,0.26,308,1.6,7.300000000000001
2021,12,10,4,30,0,0,0,0.26,313,1.6,7.1000000000000005
2021,12,10,5,30,0,0,0,0.26,317,1.6,6.9
2021,12,10,6,30,0,0,0,0.26,318,1.7000000000000002,7.6000000000000005
2021,12,10,7,30,50,358,100,0.26,324,2.4000000000000004,9.8
2021,12,10,8,30,132,328,231,0.26,338,3.3000000000000003,12.4
2021,12,10,9,30,175,449,368,0.26,348,3.5,14.4
2021,12,10,10,30,158,636,484,0.26,352,3.4000000000000004,16
2021,12,10,11,30,270,268,416,0.26,354,3.2,17
2021,12,10,12,30,261,52,288,0.26,355,3,17.400000000000002
2021,12,10,13,30,233,74,267,0.26,357,2.8000000000000003,17.2
2021,12,10,14,30,151,90,182,0.26,180,2.5,16.5
2021,12,10,15,30,47,608,164,0.26,3,1.7000000000000002,14.100000000000001
2021,12,10,16,30,11,106,13,0.26,5,1.1,11.100000000000001
2021,12,10,17,30,0,0,0,0.26,8,1.1,9.4
2021,12,10,18,30,0,0,0,0.26,11,1.2000000000000002,8.5
2021,12,10,19,30,0,0,0,0.26,15,1.2000000000000002,7.9
2021,12,10,20,30,0,0,0,0.26,19,1.3,7.300000000000001
2021,12,10,21,30,0,0,0,0.26,20,1.4000000000000001,6.800000000000001
2021,12,10,22,30,0,0,0,0.26,17,1.4000000000000001,6.5
2021,12,10,23,30,0,0,0,0.26,12,1.4000000000000001,6.1000000000000005
2021,12,11,0,30,0,0,0,0.26,6,1.4000000000000001,5.7
2021,12,11,1,30,0,0,0,0.26,181,1.4000000000000001,5.4
2021,12,11,2,30,0,0,0,0.26,180,1.4000000000000001,5.2
2021,12,11,3,30,0,0,0,0.26,1,1.4000000000000001,5.1000000000000005
2021,12,11,4,30,0,0,0,0.26,2,1.4000000000000001,5.1000000000000005
2021,12,11,5,30,0,0,0,0.26,180,1.4000000000000001,5.2
2021,12,11,6,30,0,0,0,0.26,359,1.2000000000000002,6
2021,12,11,7,30,37,565,115,0.26,191,1.6,8.8
2021,12,11,8,30,56,798,295,0.26,37,2.3000000000000003,12.3
2021,12,11,9,30,66,894,448,0.26,56,2.3000000000000003,14.700000000000001
2021,12,11,10,30,74,935,551,0.26,67,2,16.6
2021,12,11,11,30,74,948,591,0.26,80,1.7000000000000002,17.8
2021,12,11,12,30,75,937,569,0.26,87,1.4000000000000001,18.400000000000002
2021,12,11,13,30,72,898,484,0.26,89,1.2000000000000002,18.5
2021,12,11,14,30,63,820,345,0.26,89,1,17.7
2021,12,11,15,30,46,649,171,0.26,92,0.8,15.3
2021,12,11,16,30,12,122,14,0.26,93,0.8,12.700000000000001
2021,12,11,17,30,0,0,0,0.26,86,0.8,11.600000000000001
2021,12,11,18,30,0,0,0,0.26,63,0.7000000000000001,11
2021,12,11,19,30,0,0,0,0.26,24,0.7000000000000001,10.4
2021,12,11,20,30,0,0,0,0.26,170,0.8,9.8
2021,12,11,21,30,0,0,0,0.26,332,0.8,9.4
2021,12,11,22,30,0,0,0,0.26,322,0.8,9.200000000000001
2021,12,11,23,30,0,0,0,0.26,314,0.8,9.1
2021,12,12,0,30,0,0,0,0.26,309,0.8,9
2021,12,12,1,30,0,0,0,0.26,305,0.9,8.9
2021,12,12,2,30,0,0,0,0.26,301,0.9,8.8
2021,12,12,3,30,0,0,0,0.26,298,0.9,8.8
2021,12,12,4,30,0,0,0,0.26,296,0.9,8.9
2021,12,12,5,30,0,0,0,0.26,297,0.8,8.9
2021,12,12,6,30,0,0,0,0.26,299,0.8,9.4
2021,12,12,7,30,41,496,108,0.26,302,0.7000000000000001,11.3
2021,12,12,8,30,62,743,283,0.26,307,0.7000000000000001,14.4
2021,12,12,9,30,66,897,447,0.26,260,0.7000000000000001,17.1
2021,12,12,10,30,71,943,551,0.26,185,1,19
2021,12,12,11,30,73,959,594,0.26,163,1.6,20.3
2021,12,12,12,30,72,950,572,0.26,163,2,20.900000000000002
2021,12,12,13,30,68,914,487,0.26,163,2.3000000000000003,20.8
2021,12,12,14,30,60,830,346,0.26,165,2,19.8
2021,12,12,15,30,44,656,171,0.26,162,1.4000000000000001,16.7
2021,12,12,16,30,13,153,16,0.26,165,1.1,13.5
2021,12,12,17,30,0,0,0,0.26,183,1.1,12.200000000000001
2021,12,12,18,30,0,0,0,0.26,208,1.1,11.4
2021,12,12,19,30,0,0,0,0.26,228,1.2000000000000002,10.5
2021,12,12,20,30,0,0,0,0.26,239,1.2000000000000002,9.9
2021,12,12,21,30,0,0,0,0.26,246,1.2000000000000002,9.5
2021,12,12,22,30,0,0,0,0.26,251,1.2000000000000002,9.3
2021,12,12,23,30,0,0,0,0.26,254,1.1,9.4
2021,12,13,0,30,0,0,0,0.26,255,1.1,9.600000000000001
2021,12,13,1,30,0,0,0,0.26,257,1.3,9.600000000000001
2021,12,13,2,30,0,0,0,0.26,262,1.4000000000000001,9.4
2021,12,13,3,30,0,0,0,0.26,268,1.3,9.1
2021,12,13,4,30,0,0,0,0.26,270,1.4000000000000001,8.9
2021,12,13,5,30,0,0,0,0.26,268,1.4000000000000001,8.8
2021,12,13,6,30,0,0,0,0.26,264,1.4000000000000001,9.1
2021,12,13,7,30,59,19,62,0.26,260,1.9000000000000001,10.5
2021,12,13,8,30,66,705,274,0.26,248,2.5,12.5
2021,12,13,9,30,75,826,425,0.26,231,2.7,14.600000000000001
2021,12,13,10,30,96,825,515,0.26,220,2.9000000000000004,16.400000000000002
2021,12,13,11,30,218,461,468,0.26,214,3.1,17.400000000000002
2021,12,13,12,30,200,471,448,0.26,212,3.3000000000000003,17.5
2021,12,13,13,30,189,379,363,0.26,212,3.2,17.1
2021,12,13,14,30,167,230,246,0.26,215,2.8000000000000003,16
2021,12,13,15,30,99,138,126,0.26,219,2.1,14.3
2021,12,13,16,30,9,1,9,0.26,220,1.6,12.600000000000001
2021,12,13,17,30,0,0,0,0.26,220,1.5,11.9
2021,12,13,18,30,0,0,0,0.26,221,1.6,11.4
2021,12,13,19,30,0,0,0,0.26,223,1.7000000000000002,11.200000000000001
2021,12,13,20,30,0,0,0,0.26,223,1.8,11.200000000000001
2021,12,13,21,30,0,0,0,0.26,220,1.8,11.100000000000001
2021,12,13,22,30,0,0,0,0.26,214,1.9000000000000001,11.100000000000001
2021,12,13,23,30,0,0,0,0.26,208,1.9000000000000001,11
2021,12,14,0,30,0,0,0,0.26,207,1.9000000000000001,10.8
2021,12,14,1,30,0,0,0,0.26,209,2,10.700000000000001
2021,12,14,2,30,0,0,0,0.26,209,2.2,10.700000000000001
2021,12,14,3,30,0,0,0,0.26,203,2.4000000000000004,10.700000000000001
2021,12,14,4,30,0,0,0,0.26,195,2.6,10.8
2021,12,14,5,30,0,0,0,0.26,188,2.9000000000000004,10.9
2021,12,14,6,30,0,0,0,0.26,180,3.5,11.3
2021,12,14,7,30,34,80,44,0.26,174,4.5,12.200000000000001
2021,12,14,8,30,54,165,102,0.26,174,5.6000000000000005,13.3
2021,12,14,9,30,97,69,126,0.26,178,6.300000000000001,14.3
2021,12,14,10,30,81,60,111,0.26,181,6.800000000000001,15.200000000000001
2021,12,14,11,30,170,30,186,0.26,186,7.1000000000000005,15.9
2021,12,14,12,30,104,23,116,0.26,195,7.1000000000000005,16
2021,12,14,13,30,97,17,105,0.26,212,6.9,15
2021,12,14,14,30,74,83,103,0.26,235,6.7,13.100000000000001
2021,12,14,15,30,72,31,78,0.26,251,6.2,11
2021,12,14,16,30,5,0,5,0.26,253,5.6000000000000005,9.5
2021,12,14,17,30,0,0,0,0.26,251,5.300000000000001,8.700000000000001
2021,12,14,18,30,0,0,0,0.26,254,5,8.200000000000001
2021,12,14,19,30,0,0,0,0.26,257,4.7,7.800000000000001
2021,12,14,20,30,0,0,0,0.26,259,4.3,7.300000000000001
2021,12,14,21,30,0,0,0,0.26,262,3.8000000000000003,6.800000000000001
2021,12,14,22,30,0,0,0,0.26,266,3.3000000000000003,6.300000000000001
2021,12,14,23,30,0,0,0,0.26,269,2.7,5.800000000000001
2021,12,15,0,30,0,0,0,0.26,271,2.1,5.2
2021,12,15,1,30,0,0,0,0.26,271,1.7000000000000002,4.800000000000001
2021,12,15,2,30,0,0,0,0.26,272,1.4000000000000001,4.4
2021,12,15,3,30,0,0,0,0.26,276,1.1,4.1000000000000005
2021,12,15,4,30,0,0,0,0.26,283,0.9,3.6
2021,12,15,5,30,0,0,0,0.26,286,0.9,3.2
2021,12,15,6,30,0,0,0,0.26,286,0.8,4
2021,12,15,7,30,33,543,103,0.26,291,1.1,6.5
2021,12,15,8,30,50,776,276,0.26,311,1.3,9.600000000000001
2021,12,15,9,30,57,876,425,0.26,172,1.1,12.100000000000001
2021,12,15,10,30,62,920,527,0.26,30,0.9,13.8
2021,12,15,11,30,66,936,572,0.26,39,0.8,14.9
2021,12,15,12,30,69,924,554,0.26,28,0.9,15.4
2021,12,15,13,30,83,842,469,0.26,20,1,15.4
2021,12,15,14,30,62,816,344,0.26,22,0.9,14.5
2021,12,15,15,30,46,650,173,0.26,34,0.7000000000000001,12.700000000000001
2021,12,15,16,30,12,61,13,0.26,51,0.6000000000000001,11
2021,12,15,17,30,0,0,0,0.26,67,0.5,10.100000000000001
2021,12,15,18,30,0,0,0,0.26,84,0.4,9.700000000000001
2021,12,15,19,30,0,0,0,0.26,135,0.30000000000000004,9.3
2021,12,15,20,30,0,0,0,0.26,229,0.30000000000000004,8.8
2021,12,15,21,30,0,0,0,0.26,282,0.5,8.1
2021,12,15,22,30,0,0,0,0.26,285,0.7000000000000001,7.300000000000001
2021,12,15,23,30,0,0,0,0.26,291,0.8,6.6000000000000005
2021,12,16,0,30,0,0,0,0.26,298,0.9,5.9
2021,12,16,1,30,0,0,0,0.26,302,0.9,5.4
2021,12,16,2,30,0,0,0,0.26,305,0.9,5.2
2021,12,16,3,30,0,0,0,0.26,306,0.9,5.1000000000000005
2021,12,16,4,30,0,0,0,0.26,305,0.9,5.2
2021,12,16,5,30,0,0,0,0.26,304,0.9,5.300000000000001
2021,12,16,6,30,0,0,0,0.26,298,0.8,5.9
2021,12,16,7,30,46,323,87,0.26,291,1,8.3
2021,12,16,8,30,69,679,266,0.26,282,1.4000000000000001,11.600000000000001
2021,12,16,9,30,64,868,427,0.26,275,1.8,14.3
2021,12,16,10,30,75,901,529,0.26,274,2.3000000000000003,16.2
2021,12,16,11,30,84,895,568,0.26,277,2.6,17.2
2021,12,16,12,30,86,879,547,0.26,282,2.8000000000000003,17.3
2021,12,16,13,30,78,847,466,0.26,286,2.7,16.6
2021,12,16,14,30,78,720,327,0.26,284,2.2,15.4
2021,12,16,15,30,52,562,162,0.26,280,1.5,13.700000000000001
2021,12,16,16,30,13,104,15,0.26,282,1,12.100000000000001
2021,12,16,17,30,0,0,0,0.26,289,0.9,11.3
2021,12,16,18,30,0,0,0,0.26,295,0.9,10.8
2021,12,16,19,30,0,0,0,0.26,300,0.8,10.4
2021,12,16,20,30,0,0,0,0.26,306,0.7000000000000001,9.9
2021,12,16,21,30,0,0,0,0.26,313,0.7000000000000001,9.5
2021,12,16,22,30,0,0,0,0.26,319,0.8,9.1
2021,12,16,23,30,0,0,0,0.26,327,0.9,8.8
2021,12,17,0,30,0,0,0,0.26,334,1,8.700000000000001
2021,12,17,1,30,0,0,0,0.26,339,1.2000000000000002,8.700000000000001
2021,12,17,2,30,0,0,0,0.26,341,1.4000000000000001,8.4
2021,12,17,3,30,0,0,0,0.26,340,1.5,8.1
2021,12,17,4,30,0,0,0,0.26,336,1.8,7.9
2021,12,17,5,30,0,0,0,0.26,332,2.3000000000000003,7.800000000000001
2021,12,17,6,30,0,0,0,0.26,325,2.6,7.9
2021,12,17,7,30,36,524,102,0.26,324,3,9.5
2021,12,17,8,30,59,769,281,0.26,339,3.6,12.600000000000001
2021,12,17,9,30,65,896,439,0.26,177,3.8000000000000003,15.4
2021,12,17,10,30,71,945,546,0.26,4,3.8000000000000003,17.3
2021,12,17,11,30,72,963,592,0.26,5,3.8000000000000003,18.400000000000002
2021,12,17,12,30,72,964,578,0.26,3,3.8000000000000003,18.8
2021,12,17,13,30,68,928,494,0.26,181,3.8000000000000003,18.6
2021,12,17,14,30,61,851,356,0.26,357,3.5,17.5
2021,12,17,15,30,45,682,179,0.26,350,2.3000000000000003,14.3
2021,12,17,16,30,13,133,16,0.26,341,1.5,10.700000000000001
2021,12,17,17,30,0,0,0,0.26,335,1.6,9
2021,12,17,18,30,0,0,0,0.26,334,1.8,8.200000000000001
2021,12,17,19,30,0,0,0,0.26,338,1.9000000000000001,7.7
2021,12,17,20,30,0,0,0,0.26,343,2,7.300000000000001
2021,12,17,21,30,0,0,0,0.26,345,2,7
2021,12,17,22,30,0,0,0,0.26,344,2,6.7
2021,12,17,23,30,0,0,0,0.26,344,2.1,6.5
2021,12,18,0,30,0,0,0,0.26,342,2.1,6.300000000000001
2021,12,18,1,30,0,0,0,0.26,340,2.1,6
2021,12,18,2,30,0,0,0,0.26,337,2.1,5.800000000000001
2021,12,18,3,30,0,0,0,0.26,336,2.1,5.5
2021,12,18,4,30,0,0,0,0.26,335,2.1,5.300000000000001
2021,12,18,5,30,0,0,0,0.26,333,2.1,5.2
2021,12,18,6,30,0,0,0,0.26,332,2.1,6
2021,12,18,7,30,42,477,101,0.26,333,2.7,9.3
2021,12,18,8,30,56,810,288,0.26,344,3.3000000000000003,13.3
2021,12,18,9,30,67,906,444,0.26,180,3.3000000000000003,16.3
2021,12,18,10,30,74,946,549,0.26,9,3,18.6
2021,12,18,11,30,77,963,596,0.26,9,2.5,20
2021,12,18,12,30,77,953,577,0.26,10,2.1,20.8
2021,12,18,13,30,74,914,494,0.26,17,1.9000000000000001,20.700000000000003
2021,12,18,14,30,65,827,352,0.26,27,1.4000000000000001,19.400000000000002
2021,12,18,15,30,49,655,178,0.26,36,0.9,16.3
2021,12,18,16,30,14,155,18,0.26,38,1,13.700000000000001
2021,12,18,17,30,0,0,0,0.26,30,1.1,12.4
2021,12,18,18,30,0,0,0,0.26,17,1.2000000000000002,11.3
2021,12,18,19,30,0,0,0,0.26,5,1.2000000000000002,10.600000000000001
2021,12,18,20,30,0,0,0,0.26,178,1.2000000000000002,10
2021,12,18,21,30,0,0,0,0.26,356,1.3,9.600000000000001
2021,12,18,22,30,0,0,0,0.26,354,1.3,9.200000000000001
2021,12,18,23,30,0,0,0,0.26,353,1.3,9
2021,12,19,0,30,0,0,0,0.26,354,1.3,8.700000000000001
2021,12,19,1,30,0,0,0,0.26,357,1.3,8.4
2021,12,19,2,30,0,0,0,0.26,180,1.3,8.1
2021,12,19,3,30,0,0,0,0.26,3,1.3,7.9
2021,12,19,4,30,0,0,0,0.26,5,1.3,7.9
2021,12,19,5,30,0,0,0,0.26,8,1.2000000000000002,7.9
2021,12,19,6,30,0,0,0,0.26,11,1.1,8.4
2021,12,19,7,30,36,498,97,0.26,10,1,10.600000000000001
2021,12,19,8,30,57,757,273,0.26,34,1.2000000000000002,13.9
2021,12,19,9,30,67,869,428,0.26,79,1.4000000000000001,16.5
2021,12,19,10,30,72,924,535,0.26,116,1.5,18.6
2021,12,19,11,30,74,942,582,0.26,142,1.7000000000000002,20.3
2021,12,19,12,30,72,938,564,0.26,149,1.8,21.1
2021,12,19,13,30,68,910,486,0.26,147,1.7000000000000002,21.200000000000003
2021,12,19,14,30,59,840,352,0.26,139,1.3,19.900000000000002
2021,12,19,15,30,45,686,181,0.26,128,1,16.8
2021,12,19,16,30,14,185,19,0.26,123,1,14.200000000000001
2021,12,19,17,30,0,0,0,0.26,121,0.8,13.4
2021,12,19,18,30,0,0,0,0.26,112,0.6000000000000001,13.100000000000001
2021,12,19,19,30,0,0,0,0.26,67,0.6000000000000001,12.5
2021,12,19,20,30,0,0,0,0.26,185,0.6000000000000001,12
2021,12,19,21,30,0,0,0,0.26,335,0.7000000000000001,11.5
2021,12,19,22,30,0,0,0,0.26,324,0.8,11.200000000000001
2021,12,19,23,30,0,0,0,0.26,318,0.8,11
2021,12,20,0,30,0,0,0,0.26,314,0.8,10.9
2021,12,20,1,30,0,0,0,0.26,312,0.8,10.700000000000001
2021,12,20,2,30,0,0,0,0.26,315,0.8,10.5
2021,12,20,3,30,0,0,0,0.26,324,0.9,10.3
2021,12,20,4,30,0,0,0,0.26,338,1,9.8
2021,12,20,5,30,0,0,0,0.26,347,1.1,9.200000000000001
2021,12,20,6,30,0,0,0,0.26,349,1.1,9.1
2021,12,20,7,30,37,543,102,0.26,351,1,10.700000000000001
2021,12,20,8,30,54,826,288,0.26,181,1.2000000000000002,13.8
2021,12,20,9,30,64,925,447,0.26,38,1.7000000000000002,16.7
2021,12,20,10,30,73,956,552,0.26,83,2,18.7
2021,12,20,11,30,77,968,598,0.26,106,2.1,20
2021,12,20,12,30,84,944,579,0.26,120,1.9000000000000001,20.700000000000003
2021,12,20,13,30,215,339,371,0.26,134,1.5,20.1
2021,12,20,14,30,112,627,331,0.26,126,1.1,17.8
2021,12,20,15,30,76,26,81,0.26,107,0.9,15.3
2021,12,20,16,30,12,1,12,0.26,95,0.9,14.100000000000001
2021,12,20,17,30,0,0,0,0.26,76,1,13.4
2021,12,20,18,30,0,0,0,0.26,47,1,12.8
2021,12,20,19,30,0,0,0,0.26,21,1,12.3
2021,12,20,20,30,0,0,0,0.26,7,1,12.100000000000001
2021,12,20,21,30,0,0,0,0.26,180,1.1,12
2021,12,20,22,30,0,0,0,0.26,353,1.1,11.8
2021,12,20,23,30,0,0,0,0.26,350,1.1,11.4
2021,12,21,0,30,0,0,0,0.26,352,1.2000000000000002,11.100000000000001
2021,12,21,1,30,0,0,0,0.26,353,1.2000000000000002,11.100000000000001
2021,12,21,2,30,0,0,0,0.26,349,1.2000000000000002,11.200000000000001
2021,12,21,3,30,0,0,0,0.26,345,1.1,11.3
2021,12,21,4,30,0,0,0,0.26,345,1.1,11.4
2021,12,21,5,30,0,0,0,0.26,346,1.1,11.5
2021,12,21,6,30,0,0,0,0.26,345,1,11.8
2021,12,21,7,30,34,14,36,0.26,342,0.9,12.8
2021,12,21,8,30,89,12,92,0.26,337,0.8,14.5
2021,12,21,9,30,141,11,146,0.26,343,1.1,16.7
2021,12,21,10,30,226,65,259,0.26,188,1.2000000000000002,19
2021,12,21,11,30,253,57,284,0.26,34,1.2000000000000002,20.900000000000002
2021,12,21,12,30,189,349,372,0.26,40,1.1,21.6
2021,12,21,13,30,126,9,130,0.26,37,1,21.200000000000003
2021,12,21,14,30,120,348,242,0.26,40,0.8,20.200000000000003
2021,12,21,15,30,79,158,111,0.26,35,0.6000000000000001,18.2
2021,12,21,16,30,14,116,17,0.26,190,0.6000000000000001,16.400000000000002
2021,12,21,17,30,0,0,0,0.26,340,0.7000000000000001,15.600000000000001
2021,12,21,18,30,0,0,0,0.26,323,0.7000000000000001,15.100000000000001
2021,12,21,19,30,0,0,0,0.26,319,0.7000000000000001,14.5
2021,12,21,20,30,0,0,0,0.26,318,0.8,14
2021,12,21,21,30,0,0,0,0.26,318,0.8,13.700000000000001
2021,12,21,22,30,0,0,0,0.26,316,0.8,13.700000000000001
2021,12,21,23,30,0,0,0,0.26,313,0.7000000000000001,13.700000000000001
2021,12,22,0,30,0,0,0,0.26,308,0.8,13.600000000000001
2021,12,22,1,30,0,0,0,0.26,303,0.8,13.600000000000001
2021,12,22,2,30,0,0,0,0.26,302,0.8,13.700000000000001
2021,12,22,3,30,0,0,0,0.26,302,0.8,13.9
2021,12,22,4,30,0,0,0,0.26,301,0.9,14
2021,12,22,5,30,0,0,0,0.26,298,0.8,14
2021,12,22,6,30,0,0,0,0.26,295,0.8,14.3
2021,12,22,7,30,40,370,83,0.26,294,0.7000000000000001,15.200000000000001
2021,12,22,8,30,93,479,228,0.26,293,0.8,16.900000000000002
2021,12,22,9,30,164,417,336,0.26,289,1,18.8
2021,12,22,10,30,147,609,451,0.26,269,1.1,20.400000000000002
2021,12,22,11,30,193,457,439,0.26,238,1.3,21.700000000000003
2021,12,22,12,30,175,563,471,0.26,215,1.6,22.6
2021,12,22,13,30,176,397,359,0.26,202,1.6,22.900000000000002
2021,12,22,14,30,135,23,143,0.26,189,1.3,21.900000000000002
2021,12,22,15,30,22,0,22,0.26,178,0.9,19.5
2021,12,22,16,30,8,0,8,0.27,192,0.8,17.7
2021,12,22,17,30,0,0,0,0.27,222,0.7000000000000001,17
2021,12,22,18,30,0,0,0,0.27,235,0.6000000000000001,16.7
2021,12,22,19,30,0,0,0,0.27,233,0.6000000000000001,16.400000000000002
2021,12,22,20,30,0,0,0,0.27,231,0.7000000000000001,16.2
2021,12,22,21,30,0,0,0,0.27,235,0.7000000000000001,15.9
2021,12,22,22,30,0,0,0,0.27,243,0.8,15.5
2021,12,22,23,30,0,0,0,0.27,249,0.9,14.9
2021,12,23,0,30,0,0,0,0.27,252,0.9,14.5
2021,12,23,1,30,0,0,0,0.27,249,0.9,14.200000000000001
2021,12,23,2,30,0,0,0,0.27,246,0.9,14.100000000000001
2021,12,23,3,30,0,0,0,0.27,245,0.9,13.700000000000001
2021,12,23,4,30,0,0,0,0.27,241,1,13.3
2021,12,23,5,30,0,0,0,0.27,235,0.9,13
2021,12,23,6,30,0,0,0,0.27,233,1.1,13.200000000000001
2021,12,23,7,30,31,37,35,0.27,236,1.7000000000000002,14.600000000000001
2021,12,23,8,30,108,53,123,0.27,236,2.6,16.3
2021,12,23,9,30,154,152,217,0.27,233,3.3000000000000003,17.6
2021,12,23,10,30,210,185,302,0.27,231,3.9000000000000004,18.7
2021,12,23,11,30,234,102,289,0.27,228,4.4,19.200000000000003
2021,12,23,12,30,164,18,173,0.27,227,4.7,19.400000000000002
2021,12,23,13,30,193,62,222,0.27,227,4.6000000000000005,19
2021,12,23,14,30,131,17,137,0.27,224,3.9000000000000004,18.3
2021,12,23,15,30,72,49,82,0.27,216,2.8000000000000003,17.2
2021,12,23,16,30,8,0,8,0.27,202,2,16
2021,12,23,17,30,0,0,0,0.27,187,1.8,15.5
2021,12,23,18,30,0,0,0,0.27,179,2.1,15.3
2021,12,23,19,30,0,0,0,0.27,185,2.4000000000000004,15.100000000000001
2021,12,23,20,30,0,0,0,0.27,202,2.5,15
2021,12,23,21,30,0,0,0,0.27,217,2.6,14.9
2021,12,23,22,30,0,0,0,0.27,223,2.7,14.9
2021,12,23,23,30,0,0,0,0.27,219,2.9000000000000004,14.8
2021,12,24,0,30,0,0,0,0.27,214,3,14.600000000000001
2021,12,24,1,30,0,0,0,0.27,212,3.1,14.600000000000001
2021,12,24,2,30,0,0,0,0.27,214,3.3000000000000003,14.700000000000001
2021,12,24,3,30,0,0,0,0.27,219,3.6,14.9
2021,12,24,4,30,0,0,0,0.27,229,3.6,14.5
2021,12,24,5,30,0,0,0,0.27,239,3.5,13.8
2021,12,24,6,30,0,0,0,0.27,247,3.6,13.4
2021,12,24,7,30,33,83,43,0.27,253,3.9000000000000004,13.700000000000001
2021,12,24,8,30,82,240,149,0.27,254,4.3,14.3
2021,12,24,9,30,115,159,180,0.27,251,4.800000000000001,15
2021,12,24,10,30,196,96,244,0.27,249,5.2,15.5
2021,12,24,11,30,245,77,286,0.27,249,5.300000000000001,15.8
2021,12,24,12,30,130,15,138,0.27,249,5.2,16
2021,12,24,13,30,240,67,271,0.27,249,4.800000000000001,15.8
2021,12,24,14,30,122,77,149,0.27,248,4.3,15
2021,12,24,15,30,40,138,68,0.27,246,3.1,13.3
2021,12,24,16,30,15,103,18,0.27,243,2,11.700000000000001
2021,12,24,17,30,0,0,0,0.27,240,1.8,11.100000000000001
2021,12,24,18,30,0,0,0,0.27,240,1.8,11
2021,12,24,19,30,0,0,0,0.27,243,1.5,10.8
2021,12,24,20,30,0,0,0,0.27,247,1.4000000000000001,10.600000000000001
2021,12,24,21,30,0,0,0,0.27,251,1.4000000000000001,10.5
2021,12,24,22,30,0,0,0,0.27,253,1.5,10.4
2021,12,24,23,30,0,0,0,0.27,252,1.5,10.3
2021,12,25,0,30,0,0,0,0.27,252,1.5,10.200000000000001
2021,12,25,1,30,0,0,0,0.27,252,1.5,10.200000000000001
2021,12,25,2,30,0,0,0,0.27,254,1.5,10.4
2021,12,25,3,30,0,0,0,0.27,259,1.7000000000000002,10.700000000000001
2021,12,25,4,30,0,0,0,0.27,262,1.8,10.8
2021,12,25,5,30,0,0,0,0.27,259,1.8,10.9
2021,12,25,6,30,0,0,0,0.27,250,1.8,11
2021,12,25,7,30,36,444,86,0.27,240,2.1,11.200000000000001
2021,12,25,8,30,71,656,254,0.27,233,2.6,12
2021,12,25,9,30,105,706,395,0.27,228,3.1,13.3
2021,12,25,10,30,84,873,520,0.27,225,3.5,14.5
2021,12,25,11,30,107,840,560,0.27,222,3.8000000000000003,15.4
2021,12,25,12,30,138,721,518,0.27,222,4.1000000000000005,15.700000000000001
2021,12,25,13,30,228,218,329,0.27,221,4.2,15.4
2021,12,25,14,30,111,8,114,0.27,222,4.3,14.4
2021,12,25,15,30,95,33,102,0.27,224,3.6,12.700000000000001
2021,12,25,16,30,13,0,13,0.27,229,3,11.200000000000001
2021,12,25,17,30,0,0,0,0.27,232,2.9000000000000004,10.4
2021,12,25,18,30,0,0,0,0.27,232,2.8000000000000003,9.9
2021,12,25,19,30,0,0,0,0.27,229,2.9000000000000004,9.600000000000001
2021,12,25,20,30,0,0,0,0.27,227,3,9.4
2021,12,25,21,30,0,0,0,0.27,225,3.1,9.3
2021,12,25,22,30,0,0,0,0.27,222,3.2,9.3
2021,12,25,23,30,0,0,0,0.27,218,3.3000000000000003,9.5
2021,12,26,0,30,0,0,0,0.27,218,3.6,9.700000000000001
2021,12,26,1,30,0,0,0,0.27,222,3.9000000000000004,10.3
2021,12,26,2,30,0,0,0,0.27,229,4.3,11
2021,12,26,3,30,0,0,0,0.27,237,4.4,11.100000000000001
2021,12,26,4,30,0,0,0,0.27,247,4,10.5
2021,12,26,5,30,0,0,0,0.27,257,3.2,9.5
2021,12,26,6,30,0,0,0,0.27,265,2.8000000000000003,9.1
2021,12,26,7,30,34,504,91,0.27,268,3.1,9.700000000000001
2021,12,26,8,30,54,779,270,0.27,268,3.5,11
2021,12,26,9,30,64,892,429,0.27,268,3.6,12.8
2021,12,26,10,30,70,941,540,0.27,266,3.6,14.4
2021,12,26,11,30,74,959,591,0.27,265,3.5,15.4
2021,12,26,12,30,73,948,574,0.27,263,3.4000000000000004,16
2021,12,26,13,30,70,914,496,0.27,261,3.2,15.8
2021,12,26,14,30,62,841,362,0.27,258,2.9000000000000004,15
2021,12,26,15,30,48,677,190,0.27,254,2,12.600000000000001
2021,12,26,16,30,19,208,26,0.26,249,1.3,9.8
2021,12,26,17,30,0,0,0,0.26,249,1.3,8.3
2021,12,26,18,30,0,0,0,0.26,255,1.6,7.800000000000001
2021,12,26,19,30,0,0,0,0.26,262,1.9000000000000001,7.5
2021,12,26,20,30,0,0,0,0.26,267,2.2,7.5
2021,12,26,21,30,0,0,0,0.26,269,2.4000000000000004,7.7
2021,12,26,22,30,0,0,0,0.26,271,2.3000000000000003,7.7
2021,12,26,23,30,0,0,0,0.26,270,2.2,7.4
2021,12,27,0,30,0,0,0,0.26,267,2.1,7.1000000000000005
2021,12,27,1,30,0,0,0,0.26,265,2,6.6000000000000005
2021,12,27,2,30,0,0,0,0.26,264,2,6.4
2021,12,27,3,30,0,0,0,0.26,264,2.2,6.7
2021,12,27,4,30,0,0,0,0.26,264,2.2,6.800000000000001
2021,12,27,5,30,0,0,0,0.26,264,2.2,6.800000000000001
2021,12,27,6,30,0,0,0,0.26,264,2.4000000000000004,7.1000000000000005
2021,12,27,7,30,36,444,86,0.26,263,3.1,8.1
2021,12,27,8,30,93,509,234,0.26,261,3.7,9.700000000000001
2021,12,27,9,30,141,557,369,0.26,258,4.1000000000000005,11.5
2021,12,27,10,30,77,890,521,0.26,255,4.5,13.100000000000001
2021,12,27,11,30,81,903,569,0.26,253,5,13.8
2021,12,27,12,30,85,885,553,0.26,254,5.300000000000001,13.600000000000001
2021,12,27,13,30,97,785,464,0.26,253,5.4,13
2021,12,27,14,30,81,710,336,0.26,251,5.300000000000001,12
2021,12,27,15,30,65,480,166,0.26,248,4.4,10.600000000000001
2021,12,27,16,30,9,24,10,0.26,241,3.2,9.4
2021,12,27,17,30,0,0,0,0.26,236,3,9
2021,12,27,18,30,0,0,0,0.26,235,3.3000000000000003,9.1
2021,12,27,19,30,0,0,0,0.26,236,3.3000000000000003,9.4
2021,12,27,20,30,0,0,0,0.26,237,3.3000000000000003,9.600000000000001
2021,12,27,21,30,0,0,0,0.26,240,3.2,9.8
2021,12,27,22,30,0,0,0,0.26,245,3.2,9.8
2021,12,27,23,30,0,0,0,0.26,252,3.3000000000000003,9.4
2021,12,28,0,30,0,0,0,0.26,256,3.4000000000000004,9
2021,12,28,1,30,0,0,0,0.26,257,3.3000000000000003,8.4
2021,12,28,2,30,0,0,0,0.26,257,3.1,7.800000000000001
2021,12,28,3,30,0,0,0,0.26,258,2.8000000000000003,7.2
2021,12,28,4,30,0,0,0,0.26,260,2.6,6.800000000000001
2021,12,28,5,30,0,0,0,0.26,263,2.3000000000000003,6.4
2021,12,28,6,30,0,0,0,0.26,265,2.2,6.5
2021,12,28,7,30,34,429,82,0.26,265,2.7,7.800000000000001
2021,12,28,8,30,58,708,254,0.26,263,3.3000000000000003,9.5
2021,12,28,9,30,73,819,408,0.26,255,3.5,11.100000000000001
2021,12,28,10,30,85,863,516,0.26,247,3.7,12.5
2021,12,28,11,30,108,786,533,0.26,240,4.2,13.100000000000001
2021,12,28,12,30,105,830,545,0.26,239,4.5,12.9
2021,12,28,13,30,90,820,474,0.26,241,4.7,12.4
2021,12,28,14,30,79,738,345,0.26,246,4.6000000000000005,11.4
2021,12,28,15,30,63,521,174,0.26,251,3.7,10
2021,12,28,16,30,20,136,25,0.27,258,2.5,8.6
2021,12,28,17,30,0,0,0,0.27,266,2,7.800000000000001
2021,12,28,18,30,0,0,0,0.27,274,1.7000000000000002,7.4
2021,12,28,19,30,0,0,0,0.27,280,1.5,7
2021,12,28,20,30,0,0,0,0.27,282,1.4000000000000001,6.7
2021,12,28,21,30,0,0,0,0.27,279,1.4000000000000001,6.6000000000000005
2021,12,28,22,30,0,0,0,0.27,274,1.4000000000000001,6.4
2021,12,28,23,30,0,0,0,0.27,267,1.5,6.300000000000001
2021,12,29,0,30,0,0,0,0.27,261,1.6,6.2
2021,12,29,1,30,0,0,0,0.27,260,1.5,6.2
2021,12,29,2,30,0,0,0,0.27,262,1.4000000000000001,6.1000000000000005
2021,12,29,3,30,0,0,0,0.27,265,1.2000000000000002,5.9
2021,12,29,4,30,0,0,0,0.27,265,1,5.9
2021,12,29,5,30,0,0,0,0.27,261,0.9,6.1000000000000005
2021,12,29,6,30,0,0,0,0.27,251,0.9,6.6000000000000005
2021,12,29,7,30,35,445,84,0.27,237,1.3,7.7
2021,12,29,8,30,76,525,221,0.27,221,1.9000000000000001,9.600000000000001
2021,12,29,9,30,67,848,414,0.27,206,2.4000000000000004,11.700000000000001
2021,12,29,10,30,74,899,523,0.27,195,2.8000000000000003,13.4
2021,12,29,11,30,109,801,543,0.27,190,3.2,14.4
2021,12,29,12,30,203,280,352,0.27,190,3.5,14.700000000000001
2021,12,29,13,30,221,108,272,0.27,193,3.7,14.4
2021,12,29,14,30,42,338,165,0.27,195,3.5,13.700000000000001
2021,12,29,15,30,31,1,31,0.27,190,2.4000000000000004,12.100000000000001
2021,12,29,16,30,8,0,8,0.27,181,1.3,10.3
2021,12,29,17,30,0,0,0,0.27,173,1,9.4
2021,12,29,18,30,0,0,0,0.27,171,1,8.9
2021,12,29,19,30,0,0,0,0.27,173,1,8.6
2021,12,29,20,30,0,0,0,0.27,174,1.1,8.6
2021,12,29,21,30,0,0,0,0.27,172,1.1,8.6
2021,12,29,22,30,0,0,0,0.27,167,1,8.8
2021,12,29,23,30,0,0,0,0.27,162,1,9.1
2021,12,30,0,30,0,0,0,0.27,157,1,9.4
2021,12,30,1,30,0,0,0,0.27,150,1,9.5
2021,12,30,2,30,0,0,0,0.27,140,0.9,9.4
2021,12,30,3,30,0,0,0,0.27,133,0.9,9.3
2021,12,30,4,30,0,0,0,0.27,130,0.9,9.200000000000001
2021,12,30,5,30,0,0,0,0.27,130,1,9.1
2021,12,30,6,30,0,0,0,0.27,133,1.1,9.4
2021,12,30,7,30,24,153,41,0.27,138,1.8,10.700000000000001
2021,12,30,8,30,38,2,39,0.27,143,2.6,12.4
2021,12,30,9,30,46,2,47,0.27,151,3.1,14
2021,12,30,10,30,181,347,354,0.27,159,3.2,15.4
2021,12,30,11,30,201,419,428,0.27,165,3.1,16.3
2021,12,30,12,30,101,823,539,0.27,171,3,16.8
2021,12,30,13,30,219,256,340,0.27,176,2.9000000000000004,16.7
2021,12,30,14,30,98,570,306,0.27,177,2.7,16.1
2021,12,30,15,30,69,177,108,0.27,174,1.8,14.4
2021,12,30,16,30,18,151,25,0.27,171,1,12.4
2021,12,30,17,30,0,0,0,0.27,171,0.9,11.5
2021,12,30,18,30,0,0,0,0.27,172,0.9,11.200000000000001
2021,12,30,19,30,0,0,0,0.27,172,0.8,11.100000000000001
2021,12,30,20,30,0,0,0,0.27,172,0.8,11.100000000000001
2021,12,30,21,30,0,0,0,0.27,169,0.8,10.9
2021,12,30,22,30,0,0,0,0.27,164,0.8,10.700000000000001
2021,12,30,23,30,0,0,0,0.27,164,0.8,10.700000000000001
2021,12,31,0,30,0,0,0,0.27,169,0.7000000000000001,10.8
2021,12,31,1,30,0,0,0,0.27,178,0.7000000000000001,10.9
2021,12,31,2,30,0,0,0,0.27,192,0.7000000000000001,10.9
2021,12,31,3,30,0,0,0,0.27,204,0.7000000000000001,10.9
2021,12,31,4,30,0,0,0,0.27,211,0.7000000000000001,10.9
2021,12,31,5,30,0,0,0,0.27,217,0.8,10.8
2021,12,31,6,30,0,0,0,0.27,227,0.8,11.100000000000001
2021,12,31,7,30,37,369,77,0.27,233,1.3,12.200000000000001
2021,12,31,8,30,70,590,232,0.27,238,2.1,13.600000000000001
2021,12,31,9,30,75,799,402,0.27,246,2.8000000000000003,14.9
2021,12,31,10,30,85,851,511,0.27,252,3.4000000000000004,16.1
2021,12,31,11,30,171,351,362,0.27,256,4,17
2021,12,31,12,30,117,757,521,0.27,259,4.4,17.2
2021,12,31,13,30,94,800,473,0.27,261,4.6000000000000005,16.6
2021,12,31,14,30,81,730,349,0.27,260,4.5,15.5
2021,12,31,15,30,61,571,187,0.27,257,4.1000000000000005,14
2021,12,31,16,30,18,0,18,0.18,313,1.4000000000000001,5.300000000000001
2021,12,31,17,30,0,0,0,0.18,295,1.1,4.4
2021,12,31,18,30,0,0,0,0.18,281,1,3.8000000000000003
2021,12,31,19,30,0,0,0,0.18,276,1.1,3.1
2021,12,31,20,30,0,0,0,0.18,280,1.2000000000000002,2.6
2021,12,31,21,30,0,0,0,0.18,291,1.3,2.3000000000000003
2021,12,31,22,30,0,0,0,0.18,303,1.3,2.2
2021,12,31,23,30,0,0,0,0.18,314,1.4000000000000001,2.1
