Source,Location ID,City,State,Country,Latitude,Longitude,Time Zone,Elevation,Local Time Zone,Clearsky DHI Units,Clearsky DNI Units,Clearsky GHI Units,Dew Point Units,DHI Units,DNI Units,GHI Units,Solar Zenith Angle Units,Temperature Units,Pressure Units,Relative Humidity Units,Precipitable Water Units,Wind Direction Units,Wind Speed Units,Cloud Type -15,Cloud Type 0,Cloud Type 1,Cloud Type 2,Cloud Type 3,Cloud Type 4,Cloud Type 5,Cloud Type 6,Cloud Type 7,Cloud Type 8,Cloud Type 9,Cloud Type 10,Cloud Type 11,Cloud Type 12,Fill Flag 0,Fill Flag 1,Fill Flag 2,Fill Flag 3,Fill Flag 4,Fill Flag 5,Surface Albedo Units,Version
NSRDB,494904,-,-,-,38.17,-104.58,-7,1466,-7,w/m2,w/m2,w/m2,c,w/m2,w/m2,w/m2,Degree,c,mbar,%,cm,Degrees,m/s,N/A,Clear,Probably Clear,Fog,Water,Super-Cooled Water,Mixed,Opaque Ice,Cirrus,Overlapping,Overshooting,Unknown,Dust,Smoke,N/A,Missing Image,Low Irradiance,Exceeds Clearsky,Missing CLoud Properties,Rayleigh Violation,N/A,4.0.1
Year,Month,Day,Hour,Minute,Temperature,DHI,DNI,GHI,Surface Albedo,Wind Direction,Wind Speed
2021,1,1,0,30,-3.3000000000000003,0,0,0,0.19,353,1.9000000000000001
2021,1,1,1,30,-3.4000000000000004,0,0,0,0.19,349,2.1
2021,1,1,2,30,-3.6,0,0,0,0.19,343,2.4000000000000004
2021,1,1,3,30,-3.7,0,0,0,0.19,339,2.7
2021,1,1,4,30,-3.7,0,0,0,0.19,338,2.8000000000000003
2021,1,1,5,30,-3.8000000000000003,0,0,0,0.19,337,2.9000000000000004
2021,1,1,6,30,-3.5,0,0,0,0.19,334,2.9000000000000004
2021,1,1,7,30,-1.8,6,0,6,0.19,333,3.5
2021,1,1,8,30,0.9,111,27,116,0.19,345,4.1000000000000005
2021,1,1,9,30,3.2,162,26,171,0.19,185,4.1000000000000005
2021,1,1,10,30,4.800000000000001,243,99,285,0.19,17,3.7
2021,1,1,11,30,5.7,196,428,400,0.19,20,3.2
2021,1,1,12,30,6.2,65,940,514,0.19,20,2.6
2021,1,1,13,30,6.2,72,874,449,0.19,20,2
2021,1,1,14,30,5.4,111,581,308,0.19,28,1.1
2021,1,1,15,30,3.3000000000000003,45,690,188,0.19,54,0.8
2021,1,1,16,30,1.2000000000000002,21,4,21,0.19,85,1
2021,1,1,17,30,0,0,0,0,0.19,105,1.1
2021,1,1,18,30,-0.7000000000000001,0,0,0,0.19,123,1.1
2021,1,1,19,30,-1.1,0,0,0,0.19,144,1
2021,1,1,20,30,-1.6,0,0,0,0.19,164,1
2021,1,1,21,30,-1.9000000000000001,0,0,0,0.19,181,1
2021,1,1,22,30,-2.2,0,0,0,0.19,196,0.9
2021,1,1,23,30,-2.3000000000000003,0,0,0,0.19,214,0.9
2021,1,2,0,30,-2.4000000000000004,0,0,0,0.19,242,1
2021,1,2,1,30,-2.5,0,0,0,0.19,266,1.3
2021,1,2,2,30,-2.7,0,0,0,0.19,272,1.8
2021,1,2,3,30,-2.9000000000000004,0,0,0,0.19,270,2.5
2021,1,2,4,30,-3.1,0,0,0,0.19,268,3.1
2021,1,2,5,30,-3.5,0,0,0,0.19,266,3.5
2021,1,2,6,30,-3.5,0,0,0,0.19,267,3.9000000000000004
2021,1,2,7,30,-2.2,14,1,14,0.19,269,4.4
2021,1,2,8,30,0.7000000000000001,36,777,188,0.19,275,4.9
2021,1,2,9,30,4.3,45,918,348,0.19,286,4.9
2021,1,2,10,30,7.300000000000001,50,980,468,0.19,294,4.4
2021,1,2,11,30,9.3,53,1019,540,0.19,295,3.7
2021,1,2,12,30,10.4,54,1020,543,0.19,295,2.9000000000000004
2021,1,2,13,30,10.600000000000001,53,979,477,0.19,296,2
2021,1,2,14,30,8.9,49,916,361,0.19,300,1.4000000000000001
2021,1,2,15,30,5.6000000000000005,40,764,200,0.19,300,1.2000000000000002
2021,1,2,16,30,2.8000000000000003,20,343,37,0.19,296,1.7000000000000002
2021,1,2,17,30,1.3,0,0,0,0.19,297,2.5
2021,1,2,18,30,0.30000000000000004,0,0,0,0.19,298,3.2
2021,1,2,19,30,-0.30000000000000004,0,0,0,0.19,297,3.5
2021,1,2,20,30,-0.8,0,0,0,0.19,293,3.5
2021,1,2,21,30,-1.3,0,0,0,0.19,287,3.4000000000000004
2021,1,2,22,30,-1.5,0,0,0,0.19,282,3.6
2021,1,2,23,30,-1.8,0,0,0,0.19,279,3.6
2021,1,3,0,30,-2,0,0,0,0.19,276,3.6
2021,1,3,1,30,-2.2,0,0,0,0.19,271,3.4000000000000004
2021,1,3,2,30,-2.4000000000000004,0,0,0,0.19,267,3.1
2021,1,3,3,30,-2.5,0,0,0,0.19,264,2.9000000000000004
2021,1,3,4,30,-2.5,0,0,0,0.19,263,2.9000000000000004
2021,1,3,5,30,-2.5,0,0,0,0.19,264,3.1
2021,1,3,6,30,-2.1,0,0,0,0.19,266,3.4000000000000004
2021,1,3,7,30,-0.4,17,217,24,0.19,269,4.1000000000000005
2021,1,3,8,30,2.6,38,739,183,0.19,272,4.6000000000000005
2021,1,3,9,30,5.7,49,880,340,0.19,280,4.5
2021,1,3,10,30,8.4,54,942,457,0.19,287,4.2
2021,1,3,11,30,10.4,56,966,519,0.19,292,3.9000000000000004
2021,1,3,12,30,11.600000000000001,57,961,520,0.19,298,3.7
2021,1,3,13,30,11.9,56,926,459,0.19,305,3.3000000000000003
2021,1,3,14,30,10.600000000000001,52,851,344,0.19,311,2.5
2021,1,3,15,30,7.7,57,581,180,0.19,313,2.1
2021,1,3,16,30,5.300000000000001,13,0,13,0.19,307,2.4000000000000004
2021,1,3,17,30,4,0,0,0,0.19,301,2.7
2021,1,3,18,30,2.8000000000000003,0,0,0,0.19,297,2.9000000000000004
2021,1,3,19,30,1.7000000000000002,0,0,0,0.19,292,3.3000000000000003
2021,1,3,20,30,1.3,0,0,0,0.19,287,3.7
2021,1,3,21,30,1.1,0,0,0,0.19,285,3.9000000000000004
2021,1,3,22,30,1,0,0,0,0.19,285,4
2021,1,3,23,30,0.8,0,0,0,0.19,285,4
2021,1,4,0,30,0.6000000000000001,0,0,0,0.19,285,3.9000000000000004
2021,1,4,1,30,0.4,0,0,0,0.19,288,3.8000000000000003
2021,1,4,2,30,0,0,0,0,0.19,291,3.5
2021,1,4,3,30,-0.5,0,0,0,0.19,292,3.3000000000000003
2021,1,4,4,30,-0.9,0,0,0,0.19,292,3.1
2021,1,4,5,30,-1.3,0,0,0,0.19,290,2.9000000000000004
2021,1,4,6,30,-1.2000000000000002,0,0,0,0.19,284,2.8000000000000003
2021,1,4,7,30,0.8,15,1,15,0.19,278,3.4000000000000004
2021,1,4,8,30,4.1000000000000005,90,200,129,0.19,272,3.5
2021,1,4,9,30,6.9,152,46,167,0.19,241,2.5
2021,1,4,10,30,9.200000000000001,170,497,383,0.19,195,2.1
2021,1,4,11,30,10.5,60,980,531,0.19,174,2.6
2021,1,4,12,30,11.200000000000001,61,979,534,0.19,167,2.9000000000000004
2021,1,4,13,30,11.4,59,944,472,0.19,156,3
2021,1,4,14,30,10.100000000000001,54,882,358,0.19,142,2.4000000000000004
2021,1,4,15,30,6.7,43,735,200,0.19,129,1.8
2021,1,4,16,30,3.4000000000000004,21,328,39,0.19,129,1.7000000000000002
2021,1,4,17,30,2,0,0,0,0.21,142,1.7000000000000002
2021,1,4,18,30,1.5,0,0,0,0.21,165,1.6
2021,1,4,19,30,1.4000000000000001,0,0,0,0.21,197,1.5
2021,1,4,20,30,1.4000000000000001,0,0,0,0.21,229,1.7000000000000002
2021,1,4,21,30,1.5,0,0,0,0.21,249,2.1
2021,1,4,22,30,1.6,0,0,0,0.21,258,2.7
2021,1,4,23,30,1.5,0,0,0,0.21,257,3.3000000000000003
2021,1,5,0,30,1.4000000000000001,0,0,0,0.21,256,3.8000000000000003
2021,1,5,1,30,1.3,0,0,0,0.21,255,4
2021,1,5,2,30,1.3,0,0,0,0.21,253,4.1000000000000005
2021,1,5,3,30,1.3,0,0,0,0.21,252,4.2
2021,1,5,4,30,1.3,0,0,0,0.21,252,4.3
2021,1,5,5,30,1.3,0,0,0,0.21,253,4.5
2021,1,5,6,30,1.6,0,0,0,0.21,254,4.800000000000001
2021,1,5,7,30,3.1,15,2,15,0.21,257,5.4
2021,1,5,8,30,6,96,148,125,0.21,260,6.1000000000000005
2021,1,5,9,30,9.200000000000001,69,778,328,0.21,268,7
2021,1,5,10,30,11.700000000000001,54,955,464,0.21,279,8
2021,1,5,11,30,13,102,755,466,0.21,288,8.4
2021,1,5,12,30,13.100000000000001,185,395,377,0.21,294,8.4
2021,1,5,13,30,12.3,54,969,480,0.21,301,7.9
2021,1,5,14,30,10.9,50,897,362,0.21,307,6.7
2021,1,5,15,30,8.200000000000001,42,760,206,0.21,314,4.7
2021,1,5,16,30,5.4,22,311,40,0.21,327,3.5
2021,1,5,17,30,4,0,0,0,0.21,345,3.6
2021,1,5,18,30,3.4000000000000004,0,0,0,0.21,354,3.9000000000000004
2021,1,5,19,30,2.6,0,0,0,0.21,350,3.5
2021,1,5,20,30,1.7000000000000002,0,0,0,0.21,343,2.9000000000000004
2021,1,5,21,30,0.8,0,0,0,0.21,334,2.4000000000000004
2021,1,5,22,30,0,0,0,0,0.21,326,2.2
2021,1,5,23,30,-0.9,0,0,0,0.21,321,2.2
2021,1,6,0,30,-1.7000000000000002,0,0,0,0.21,316,2.2
2021,1,6,1,30,-2.4000000000000004,0,0,0,0.21,312,2.2
2021,1,6,2,30,-2.8000000000000003,0,0,0,0.21,305,2
2021,1,6,3,30,-3.2,0,0,0,0.21,297,1.9000000000000001
2021,1,6,4,30,-3.5,0,0,0,0.21,288,1.9000000000000001
2021,1,6,5,30,-3.6,0,0,0,0.21,282,2.1
2021,1,6,6,30,-3.4000000000000004,0,0,0,0.21,278,2.5
2021,1,6,7,30,-1.7000000000000002,14,0,14,0.21,277,3.4000000000000004
2021,1,6,8,30,1.1,94,186,131,0.21,284,3.6
2021,1,6,9,30,3.7,45,922,352,0.21,295,2.9000000000000004
2021,1,6,10,30,5.6000000000000005,51,981,474,0.21,304,2.5
2021,1,6,11,30,6.9,56,1004,541,0.21,312,2.6
2021,1,6,12,30,7.800000000000001,55,1007,546,0.21,317,2.4000000000000004
2021,1,6,13,30,8.3,52,987,488,0.21,323,2
2021,1,6,14,30,7.800000000000001,46,934,373,0.21,343,1.2000000000000002
2021,1,6,15,30,5.7,37,814,215,0.21,240,0.6000000000000001
2021,1,6,16,30,3.2,21,435,47,0.21,133,0.8
2021,1,6,17,30,2.1,0,0,0,0.21,153,0.9
2021,1,6,18,30,1.3,0,0,0,0.21,168,0.9
2021,1,6,19,30,0.8,0,0,0,0.21,183,0.8
2021,1,6,20,30,0.5,0,0,0,0.21,198,0.6000000000000001
2021,1,6,21,30,0.1,0,0,0,0.21,266,0.4
2021,1,6,22,30,-0.6000000000000001,0,0,0,0.21,337,0.4
2021,1,6,23,30,-1.1,0,0,0,0.21,339,0.5
2021,1,7,0,30,-1.2000000000000002,0,0,0,0.21,318,0.6000000000000001
2021,1,7,1,30,-1.2000000000000002,0,0,0,0.21,299,1
2021,1,7,2,30,-1.2000000000000002,0,0,0,0.21,288,1.3
2021,1,7,3,30,-1.1,0,0,0,0.21,284,1.4000000000000001
2021,1,7,4,30,-0.8,0,0,0,0.21,283,1.5
2021,1,7,5,30,-0.30000000000000004,0,0,0,0.21,282,1.4000000000000001
2021,1,7,6,30,0.4,0,0,0,0.21,281,1.3
2021,1,7,7,30,2.3000000000000003,13,1,13,0.21,278,1.2000000000000002
2021,1,7,8,30,5,65,7,66,0.21,261,1.2000000000000002
2021,1,7,9,30,7.1000000000000005,170,223,245,0.21,200,1.2000000000000002
2021,1,7,10,30,8.6,180,468,382,0.21,137,1.4000000000000001
2021,1,7,11,30,9.3,150,624,453,0.21,112,1.6
2021,1,7,12,30,9.3,230,310,382,0.21,96,1.9000000000000001
2021,1,7,13,30,8.8,164,522,396,0.21,91,2.1
2021,1,7,14,30,7.4,105,662,339,0.21,92,2.1
2021,1,7,15,30,4.4,92,220,141,0.21,99,1.8
2021,1,7,16,30,1.2000000000000002,24,2,24,0.21,109,1.5
2021,1,7,17,30,-0.2,0,0,0,0.22,123,1.3
2021,1,7,18,30,-0.5,0,0,0,0.22,135,1
2021,1,7,19,30,-0.8,0,0,0,0.22,125,0.7000000000000001
2021,1,7,20,30,-1.1,0,0,0,0.22,91,0.6000000000000001
2021,1,7,21,30,-1.6,0,0,0,0.22,57,0.8
2021,1,7,22,30,-2.1,0,0,0,0.22,35,0.9
2021,1,7,23,30,-2.5,0,0,0,0.22,15,1.1
2021,1,8,0,30,-2.7,0,0,0,0.22,178,1.1
2021,1,8,1,30,-2.6,0,0,0,0.22,341,1.2000000000000002
2021,1,8,2,30,-2.4000000000000004,0,0,0,0.22,330,1.4000000000000001
2021,1,8,3,30,-2.5,0,0,0,0.22,327,1.6
2021,1,8,4,30,-2.7,0,0,0,0.22,329,1.6
2021,1,8,5,30,-2.9000000000000004,0,0,0,0.22,335,1.5
2021,1,8,6,30,-2.7,0,0,0,0.22,340,1.4000000000000001
2021,1,8,7,30,-0.7000000000000001,14,1,14,0.22,345,1.7000000000000002
2021,1,8,8,30,2.2,86,14,89,0.22,181,2
2021,1,8,9,30,4.1000000000000005,98,675,324,0.22,27,1.5
2021,1,8,10,30,5.5,57,956,472,0.22,42,1.1
2021,1,8,11,30,6.4,61,984,540,0.22,54,0.9
2021,1,8,12,30,7,61,984,545,0.22,69,1.1
2021,1,8,13,30,7,59,960,488,0.22,82,1.5
2021,1,8,14,30,6.2,54,891,371,0.22,89,1.8
2021,1,8,15,30,3.2,44,759,215,0.22,97,1.8
2021,1,8,16,30,0,29,122,37,0.22,106,1.8
2021,1,8,17,30,-1.3,0,0,0,0.2,115,1.8
2021,1,8,18,30,-1.9000000000000001,0,0,0,0.2,124,1.5
2021,1,8,19,30,-2.2,0,0,0,0.2,133,1.3
2021,1,8,20,30,-1.8,0,0,0,0.2,135,1
2021,1,8,21,30,-1.2000000000000002,0,0,0,0.2,117,0.8
2021,1,8,22,30,-1,0,0,0,0.2,85,0.7000000000000001
2021,1,8,23,30,-1.2000000000000002,0,0,0,0.2,62,0.9
2021,1,9,0,30,-1.5,0,0,0,0.2,52,1.1
2021,1,9,1,30,-1.8,0,0,0,0.2,46,1.2000000000000002
2021,1,9,2,30,-2.1,0,0,0,0.2,37,1.4000000000000001
2021,1,9,3,30,-2.2,0,0,0,0.2,29,1.6
2021,1,9,4,30,-2.1,0,0,0,0.2,27,2
2021,1,9,5,30,-2.2,0,0,0,0.2,30,2.4000000000000004
2021,1,9,6,30,-2.4000000000000004,0,0,0,0.2,36,2.5
2021,1,9,7,30,-2.1,12,0,12,0.2,47,2.8000000000000003
2021,1,9,8,30,-1.1,24,0,24,0.2,66,3
2021,1,9,9,30,0.2,69,0,69,0.2,85,3.2
2021,1,9,10,30,1.2000000000000002,55,0,55,0.2,93,3.2
2021,1,9,11,30,1.8,84,1,84,0.2,93,3.1
2021,1,9,12,30,1.8,72,0,72,0.2,88,3.2
2021,1,9,13,30,1.4000000000000001,107,2,108,0.2,81,3.4000000000000004
2021,1,9,14,30,0.7000000000000001,25,0,25,0.2,77,3.5
2021,1,9,15,30,-0.4,16,0,16,0.2,73,3.3000000000000003
2021,1,9,16,30,-1.5,14,0,14,0.2,69,2.9000000000000004
2021,1,9,17,30,-2,0,0,0,0.74,66,2.7
2021,1,9,18,30,-2.3000000000000003,0,0,0,0.74,64,2.5
2021,1,9,19,30,-2.5,0,0,0,0.74,63,2.2
2021,1,9,20,30,-2.6,0,0,0,0.74,65,1.8
2021,1,9,21,30,-2.6,0,0,0,0.74,68,1.5
2021,1,9,22,30,-2.7,0,0,0,0.74,68,1.2000000000000002
2021,1,9,23,30,-2.9000000000000004,0,0,0,0.74,62,1
2021,1,10,0,30,-3.2,0,0,0,0.74,48,0.9
2021,1,10,1,30,-3.4000000000000004,0,0,0,0.74,29,0.8
2021,1,10,2,30,-3.5,0,0,0,0.74,189,0.9
2021,1,10,3,30,-3.6,0,0,0,0.74,352,1
2021,1,10,4,30,-3.7,0,0,0,0.74,342,1
2021,1,10,5,30,-4,0,0,0,0.74,334,0.9
2021,1,10,6,30,-4.2,0,0,0,0.74,321,0.9
2021,1,10,7,30,-3.3000000000000003,14,0,14,0.74,299,0.9
2021,1,10,8,30,-1.6,20,0,20,0.74,252,1
2021,1,10,9,30,0.30000000000000004,49,0,49,0.74,200,1.2000000000000002
2021,1,10,10,30,1.8,64,0,64,0.74,175,1.4000000000000001
2021,1,10,11,30,2.8000000000000003,114,0,114,0.74,162,1.5
2021,1,10,12,30,3.5,146,0,146,0.74,146,1.5
2021,1,10,13,30,3.8000000000000003,97,456,303,0.74,130,1.7000000000000002
2021,1,10,14,30,3.5,86,145,138,0.74,118,2
2021,1,10,15,30,1.1,69,221,120,0.74,112,1.9000000000000001
2021,1,10,16,30,-2,32,18,33,0.74,115,1.6
2021,1,10,17,30,-3.3000000000000003,0,0,0,0.72,127,1.5
2021,1,10,18,30,-3.6,0,0,0,0.72,146,1.2000000000000002
2021,1,10,19,30,-3.5,0,0,0,0.72,185,0.9
2021,1,10,20,30,-3.6,0,0,0,0.72,247,0.8
2021,1,10,21,30,-4.1000000000000005,0,0,0,0.72,292,1
2021,1,10,22,30,-4.5,0,0,0,0.72,303,1.2000000000000002
2021,1,10,23,30,-4.7,0,0,0,0.72,301,1.3
2021,1,11,0,30,-4.800000000000001,0,0,0,0.72,295,1.4000000000000001
2021,1,11,1,30,-4.800000000000001,0,0,0,0.72,291,1.7000000000000002
2021,1,11,2,30,-4.800000000000001,0,0,0,0.72,290,1.9000000000000001
2021,1,11,3,30,-4.800000000000001,0,0,0,0.72,289,2
2021,1,11,4,30,-4.800000000000001,0,0,0,0.72,288,2
2021,1,11,5,30,-4.7,0,0,0,0.72,287,1.9000000000000001
2021,1,11,6,30,-4.2,0,0,0,0.72,288,1.8
2021,1,11,7,30,-2.1,19,281,29,0.72,288,2.2
2021,1,11,8,30,1.1,42,788,200,0.72,284,2.6
2021,1,11,9,30,3.8000000000000003,54,931,370,0.72,286,2.3000000000000003
2021,1,11,10,30,5.9,62,993,498,0.72,301,1.9000000000000001
2021,1,11,11,30,7.300000000000001,67,1019,570,0.72,321,1.5
2021,1,11,12,30,8.1,66,1024,577,0.72,340,1.1
2021,1,11,13,30,8.200000000000001,62,1004,519,0.72,177,0.7000000000000001
2021,1,11,14,30,7.1000000000000005,55,953,402,0.72,74,0.5
2021,1,11,15,30,4.3,44,840,240,0.72,157,0.7000000000000001
2021,1,11,16,30,1.3,26,494,62,0.72,181,1.2000000000000002
2021,1,11,17,30,-0.6000000000000001,0,0,0,0.65,205,1.4000000000000001
2021,1,11,18,30,-1.5,0,0,0,0.65,229,1.6
2021,1,11,19,30,-1.9000000000000001,0,0,0,0.65,251,1.9000000000000001
2021,1,11,20,30,-2,0,0,0,0.65,267,2.2
2021,1,11,21,30,-2.2,0,0,0,0.65,279,2.3000000000000003
2021,1,11,22,30,-2.4000000000000004,0,0,0,0.65,285,2.4000000000000004
2021,1,11,23,30,-2.6,0,0,0,0.65,286,2.5
2021,1,12,0,30,-2.7,0,0,0,0.65,284,2.7
2021,1,12,1,30,-2.8000000000000003,0,0,0,0.65,282,2.8000000000000003
2021,1,12,2,30,-2.8000000000000003,0,0,0,0.65,279,2.9000000000000004
2021,1,12,3,30,-2.7,0,0,0,0.65,277,2.9000000000000004
2021,1,12,4,30,-2.6,0,0,0,0.65,275,2.8000000000000003
2021,1,12,5,30,-2.4000000000000004,0,0,0,0.65,274,2.6
2021,1,12,6,30,-1.9000000000000001,0,0,0,0.65,275,2.5
2021,1,12,7,30,0.30000000000000004,20,46,22,0.65,277,2.4000000000000004
2021,1,12,8,30,3.8000000000000003,37,834,206,0.65,283,2.7
2021,1,12,9,30,6.6000000000000005,48,969,378,0.65,288,2.3000000000000003
2021,1,12,10,30,8.9,54,1030,508,0.65,287,1.4000000000000001
2021,1,12,11,30,10.8,57,1055,580,0.65,284,0.8
2021,1,12,12,30,11.8,58,1058,588,0.65,201,0.6000000000000001
2021,1,12,13,30,11.600000000000001,55,1038,530,0.65,118,0.6000000000000001
2021,1,12,14,30,9.8,50,989,413,0.65,119,0.7000000000000001
2021,1,12,15,30,6.4,40,878,248,0.65,134,1
2021,1,12,16,30,3.3000000000000003,42,111,50,0.65,163,1.3
2021,1,12,17,30,1.4000000000000001,0,0,0,0.2,195,1.6
2021,1,12,18,30,0.8,0,0,0,0.2,230,1.8
2021,1,12,19,30,0.9,0,0,0,0.2,260,2.4000000000000004
2021,1,12,20,30,1.2000000000000002,0,0,0,0.2,274,3.2
2021,1,12,21,30,1.3,0,0,0,0.2,278,4
2021,1,12,22,30,1.4000000000000001,0,0,0,0.2,278,4.6000000000000005
2021,1,12,23,30,1.4000000000000001,0,0,0,0.2,278,4.800000000000001
2021,1,13,0,30,1.6,0,0,0,0.2,277,4.7
2021,1,13,1,30,1.7000000000000002,0,0,0,0.2,279,4.6000000000000005
2021,1,13,2,30,1.8,0,0,0,0.2,280,4.5
2021,1,13,3,30,1.9000000000000001,0,0,0,0.2,282,4.5
2021,1,13,4,30,1.9000000000000001,0,0,0,0.2,284,4.2
2021,1,13,5,30,1.9000000000000001,0,0,0,0.2,284,4
2021,1,13,6,30,2.2,0,0,0,0.2,281,4
2021,1,13,7,30,4.2,18,4,18,0.2,277,4.4
2021,1,13,8,30,7.4,99,243,148,0.2,277,4.9
2021,1,13,9,30,10.700000000000001,153,310,259,0.2,280,4.7
2021,1,13,10,30,13.700000000000001,57,923,466,0.2,280,4.2
2021,1,13,11,30,16,62,945,532,0.2,281,3.7
2021,1,13,12,30,17.1,77,899,530,0.2,289,3.7
2021,1,13,13,30,16.6,204,314,349,0.2,301,3.6
2021,1,13,14,30,14.100000000000001,181,137,232,0.2,306,3.6
2021,1,13,15,30,11,102,160,140,0.2,300,3.6
2021,1,13,16,30,9.200000000000001,11,0,11,0.2,289,4.1000000000000005
2021,1,13,17,30,8.700000000000001,0,0,0,0.2,282,5.300000000000001
2021,1,13,18,30,7.7,0,0,0,0.2,279,5.800000000000001
2021,1,13,19,30,6.2,0,0,0,0.2,278,5.4
2021,1,13,20,30,4.9,0,0,0,0.2,277,4.6000000000000005
2021,1,13,21,30,4.1000000000000005,0,0,0,0.2,279,4.1000000000000005
2021,1,13,22,30,3.9000000000000004,0,0,0,0.2,287,4.1000000000000005
2021,1,13,23,30,4.2,0,0,0,0.2,296,4.7
2021,1,14,0,30,4.3,0,0,0,0.2,305,5.300000000000001
2021,1,14,1,30,3.7,0,0,0,0.2,314,5.9
2021,1,14,2,30,2.8000000000000003,0,0,0,0.2,323,6.300000000000001
2021,1,14,3,30,1.7000000000000002,0,0,0,0.2,330,6.1000000000000005
2021,1,14,4,30,0.5,0,0,0,0.2,334,5.4
2021,1,14,5,30,-0.6000000000000001,0,0,0,0.2,335,4.7
2021,1,14,6,30,-1.1,0,0,0,0.2,333,4.1000000000000005
2021,1,14,7,30,0.2,18,3,18,0.2,329,4.5
2021,1,14,8,30,2.5,100,45,109,0.2,327,5.300000000000001
2021,1,14,9,30,4.1000000000000005,127,466,287,0.2,327,5.800000000000001
2021,1,14,10,30,5.2,69,940,487,0.2,324,6
2021,1,14,11,30,6.2,253,274,390,0.2,321,6.4
2021,1,14,12,30,6.9,273,174,361,0.2,321,7
2021,1,14,13,30,6.9,218,231,325,0.2,323,7.5
2021,1,14,14,30,6.1000000000000005,47,947,401,0.2,329,7.5
2021,1,14,15,30,4.1000000000000005,39,837,243,0.2,336,6.4
2021,1,14,16,30,1.4000000000000001,24,547,69,0.2,343,4.800000000000001
2021,1,14,17,30,-0.8,0,0,0,0.2,344,3.7
2021,1,14,18,30,-2.1,0,0,0,0.2,339,2.8000000000000003
2021,1,14,19,30,-3.1,0,0,0,0.2,327,2.3000000000000003
2021,1,14,20,30,-3.7,0,0,0,0.2,314,2.2
2021,1,14,21,30,-3.9000000000000004,0,0,0,0.2,304,2.2
2021,1,14,22,30,-4,0,0,0,0.2,298,2.3000000000000003
2021,1,14,23,30,-4.1000000000000005,0,0,0,0.2,295,2.4000000000000004
2021,1,15,0,30,-4.1000000000000005,0,0,0,0.2,297,2.5
2021,1,15,1,30,-4.2,0,0,0,0.2,298,2.5
2021,1,15,2,30,-4.3,0,0,0,0.2,295,2.5
2021,1,15,3,30,-4.2,0,0,0,0.2,291,2.7
2021,1,15,4,30,-4.1000000000000005,0,0,0,0.2,288,3
2021,1,15,5,30,-4,0,0,0,0.2,290,3.2
2021,1,15,6,30,-3.5,0,0,0,0.2,293,3.3000000000000003
2021,1,15,7,30,-1.5,16,0,16,0.2,297,3.8000000000000003
2021,1,15,8,30,1.4000000000000001,101,196,141,0.2,309,4.7
2021,1,15,9,30,3.9000000000000004,42,933,365,0.2,326,5.1000000000000005
2021,1,15,10,30,5.9,47,994,491,0.2,337,5.2
2021,1,15,11,30,7.6000000000000005,49,1011,558,0.2,344,5.1000000000000005
2021,1,15,12,30,8.8,50,1010,565,0.2,351,5
2021,1,15,13,30,9.4,50,990,512,0.2,181,4.7
2021,1,15,14,30,8.6,45,941,400,0.2,16,3.4000000000000004
2021,1,15,15,30,5.300000000000001,38,832,243,0.2,30,1.9000000000000001
2021,1,15,16,30,2,23,536,69,0.2,39,1.1
2021,1,15,17,30,0.6000000000000001,0,0,0,0.2,67,0.7000000000000001
2021,1,15,18,30,-0.30000000000000004,0,0,0,0.2,128,0.6000000000000001
2021,1,15,19,30,-1,0,0,0,0.2,182,0.9
2021,1,15,20,30,-1.3,0,0,0,0.2,211,1.4000000000000001
2021,1,15,21,30,-1.2000000000000002,0,0,0,0.2,232,2
2021,1,15,22,30,-0.9,0,0,0,0.2,248,2.7
2021,1,15,23,30,-0.8,0,0,0,0.2,258,3.4000000000000004
2021,1,16,0,30,-0.9,0,0,0,0.2,264,3.8000000000000003
2021,1,16,1,30,-0.5,0,0,0,0.2,268,3.9000000000000004
2021,1,16,2,30,0.6000000000000001,0,0,0,0.2,271,3.9000000000000004
2021,1,16,3,30,1.4000000000000001,0,0,0,0.2,277,3.6
2021,1,16,4,30,1.7000000000000002,0,0,0,0.2,285,3.1
2021,1,16,5,30,1.6,0,0,0,0.2,293,2.7
2021,1,16,6,30,1.6,0,0,0,0.2,299,2.4000000000000004
2021,1,16,7,30,3.1,9,0,9,0.2,306,2.6
2021,1,16,8,30,5.800000000000001,24,2,24,0.2,326,3.7
2021,1,16,9,30,7.9,136,92,168,0.2,176,5
2021,1,16,10,30,8.9,226,152,294,0.2,15,5.9
2021,1,16,11,30,9.1,97,834,519,0.2,17,5.5
2021,1,16,12,30,9.3,61,970,558,0.2,15,4.4
2021,1,16,13,30,9.700000000000001,58,958,508,0.2,14,3
2021,1,16,14,30,9.4,51,909,397,0.2,30,1.6
2021,1,16,15,30,6.9,42,798,242,0.2,69,1
2021,1,16,16,30,3.8000000000000003,45,30,48,0.2,88,1
2021,1,16,17,30,2,0,0,0,0.2,67,1
2021,1,16,18,30,0.9,0,0,0,0.2,38,1.2000000000000002
2021,1,16,19,30,0,0,0,0,0.2,22,1.5
2021,1,16,20,30,-0.7000000000000001,0,0,0,0.2,18,1.6
2021,1,16,21,30,-1,0,0,0,0.2,16,1.4000000000000001
2021,1,16,22,30,-1.1,0,0,0,0.2,12,1.1
2021,1,16,23,30,-1.2000000000000002,0,0,0,0.2,180,0.8
2021,1,17,0,30,-1.2000000000000002,0,0,0,0.2,332,0.6000000000000001
2021,1,17,1,30,-1.2000000000000002,0,0,0,0.2,294,0.6000000000000001
2021,1,17,2,30,-1.4000000000000001,0,0,0,0.2,271,0.6000000000000001
2021,1,17,3,30,-1.9000000000000001,0,0,0,0.2,266,0.8
2021,1,17,4,30,-2.3000000000000003,0,0,0,0.2,264,1
2021,1,17,5,30,-2.6,0,0,0,0.2,261,1.4000000000000001
2021,1,17,6,30,-2.3000000000000003,0,0,0,0.2,258,1.9000000000000001
2021,1,17,7,30,-0.5,15,31,16,0.2,264,2.6
2021,1,17,8,30,2.4000000000000004,61,510,168,0.2,287,3
2021,1,17,9,30,5.2,72,779,344,0.2,312,2.9000000000000004
2021,1,17,10,30,7.300000000000001,68,899,474,0.2,325,2.7
2021,1,17,11,30,9,175,555,457,0.2,335,2.5
2021,1,17,12,30,10.3,110,783,514,0.2,344,2.3000000000000003
2021,1,17,13,30,11.100000000000001,58,942,504,0.2,348,1.7000000000000002
2021,1,17,14,30,10.9,128,564,344,0.2,261,1
2021,1,17,15,30,8.5,40,794,241,0.2,187,0.6000000000000001
2021,1,17,16,30,5.800000000000001,25,518,73,0.2,218,1
2021,1,17,17,30,4.7,0,0,0,0.2,247,1.6
2021,1,17,18,30,4.2,0,0,0,0.2,262,2.3000000000000003
2021,1,17,19,30,3.7,0,0,0,0.2,265,2.9000000000000004
2021,1,17,20,30,3.4000000000000004,0,0,0,0.2,266,3.2
2021,1,17,21,30,3.2,0,0,0,0.2,266,3.2
2021,1,17,22,30,2.9000000000000004,0,0,0,0.2,266,2.9000000000000004
2021,1,17,23,30,2.4000000000000004,0,0,0,0.2,269,2.7
2021,1,18,0,30,1.8,0,0,0,0.2,278,2.4000000000000004
2021,1,18,1,30,1,0,0,0,0.2,290,2.1
2021,1,18,2,30,0.30000000000000004,0,0,0,0.2,304,2
2021,1,18,3,30,-0.4,0,0,0,0.2,321,1.9000000000000001
2021,1,18,4,30,-0.9,0,0,0,0.2,340,1.8
2021,1,18,5,30,-1.1,0,0,0,0.2,175,1.9000000000000001
2021,1,18,6,30,-0.8,0,0,0,0.2,7,2.2
2021,1,18,7,30,0.6000000000000001,13,0,13,0.2,14,3.1
2021,1,18,8,30,2.4000000000000004,49,672,191,0.2,18,3.9000000000000004
2021,1,18,9,30,3.8000000000000003,92,698,338,0.2,22,4.1000000000000005
2021,1,18,10,30,4.9,190,340,345,0.2,24,3.7
2021,1,18,11,30,5.7,228,52,255,0.2,28,3.3000000000000003
2021,1,18,12,30,6.2,135,4,137,0.2,40,2.9000000000000004
2021,1,18,13,30,6.2,145,7,148,0.2,55,2.9000000000000004
2021,1,18,14,30,5.5,195,81,226,0.2,67,3.3000000000000003
2021,1,18,15,30,3.9000000000000004,49,1,49,0.2,72,3.2
2021,1,18,16,30,1.7000000000000002,23,0,23,0.2,73,2.9000000000000004
2021,1,18,17,30,0.5,0,0,0,0.2,70,3
2021,1,18,18,30,0,0,0,0,0.2,70,2.8000000000000003
2021,1,18,19,30,-0.4,0,0,0,0.2,71,2.2
2021,1,18,20,30,-0.9,0,0,0,0.2,77,1.7000000000000002
2021,1,18,21,30,-1.4000000000000001,0,0,0,0.2,83,1.6
2021,1,18,22,30,-1.8,0,0,0,0.2,82,2
2021,1,18,23,30,-2.2,0,0,0,0.2,78,2.3000000000000003
2021,1,19,0,30,-2.7,0,0,0,0.2,75,2.3000000000000003
2021,1,19,1,30,-3,0,0,0,0.2,71,1.9000000000000001
2021,1,19,2,30,-3.2,0,0,0,0.2,65,1.4000000000000001
2021,1,19,3,30,-3.3000000000000003,0,0,0,0.2,57,1.1
2021,1,19,4,30,-3.4000000000000004,0,0,0,0.2,51,1
2021,1,19,5,30,-3.3000000000000003,0,0,0,0.2,47,0.9
2021,1,19,6,30,-3.1,0,0,0,0.2,43,1
2021,1,19,7,30,-2.3000000000000003,11,0,11,0.2,37,1.4000000000000001
2021,1,19,8,30,-1.3,35,1,35,0.2,33,1.5
2021,1,19,9,30,-0.5,26,0,26,0.2,50,0.8
2021,1,19,10,30,0.2,87,0,87,0.2,133,0.9
2021,1,19,11,30,1,136,1,137,0.2,201,1.9000000000000001
2021,1,19,12,30,1.9000000000000001,89,844,530,0.2,201,2.7
2021,1,19,13,30,2.6,78,899,509,0.2,198,2.8000000000000003
2021,1,19,14,30,2.8000000000000003,68,855,402,0.2,193,2.5
2021,1,19,15,30,1.5,49,480,174,0.2,176,1.6
2021,1,19,16,30,-0.9,39,237,62,0.2,154,1
2021,1,19,17,30,-2.7,0,0,0,0.65,153,1
2021,1,19,18,30,-3.6,0,0,0,0.65,178,1.1
2021,1,19,19,30,-3.9000000000000004,0,0,0,0.65,213,1.3
2021,1,19,20,30,-3.7,0,0,0,0.65,242,1.6
2021,1,19,21,30,-3.4000000000000004,0,0,0,0.65,258,1.9000000000000001
2021,1,19,22,30,-3.3000000000000003,0,0,0,0.65,267,2.1
2021,1,19,23,30,-3.2,0,0,0,0.65,267,2.3000000000000003
2021,1,20,0,30,-3.1,0,0,0,0.65,264,2.5
2021,1,20,1,30,-2.8000000000000003,0,0,0,0.65,263,2.8000000000000003
2021,1,20,2,30,-2.5,0,0,0,0.65,263,3.1
2021,1,20,3,30,-2.3000000000000003,0,0,0,0.65,265,3.5
2021,1,20,4,30,-2,0,0,0,0.65,267,3.8000000000000003
2021,1,20,5,30,-1.6,0,0,0,0.65,269,4
2021,1,20,6,30,-0.9,0,0,0,0.65,269,4.3
2021,1,20,7,30,1.3,20,88,24,0.65,265,4.800000000000001
2021,1,20,8,30,4.5,87,23,92,0.65,259,4.9
2021,1,20,9,30,8,196,124,240,0.65,263,5
2021,1,20,10,30,10.9,290,220,391,0.65,273,5.4
2021,1,20,11,30,12.8,73,969,574,0.65,278,5.300000000000001
2021,1,20,12,30,13.9,74,969,583,0.65,282,4.9
2021,1,20,13,30,14.100000000000001,70,947,528,0.65,287,4.4
2021,1,20,14,30,13,62,899,416,0.65,290,3.4000000000000004
2021,1,20,15,30,9.9,49,800,260,0.65,291,2.4000000000000004
2021,1,20,16,30,6.4,29,533,84,0.65,291,2.1
2021,1,20,17,30,4.6000000000000005,0,0,0,0.2,289,2.4000000000000004
2021,1,20,18,30,3.8000000000000003,0,0,0,0.2,287,2.8000000000000003
2021,1,20,19,30,3.3000000000000003,0,0,0,0.2,286,3.2
2021,1,20,20,30,2.8000000000000003,0,0,0,0.2,288,3.4000000000000004
2021,1,20,21,30,2.2,0,0,0,0.2,289,3.4000000000000004
2021,1,20,22,30,1.5,0,0,0,0.2,288,3.4000000000000004
2021,1,20,23,30,0.9,0,0,0,0.2,285,3.4000000000000004
2021,1,21,0,30,0.4,0,0,0,0.2,282,3.4000000000000004
2021,1,21,1,30,0,0,0,0,0.2,278,3.4000000000000004
2021,1,21,2,30,-0.2,0,0,0,0.2,275,3.6
2021,1,21,3,30,-0.4,0,0,0,0.2,272,3.6
2021,1,21,4,30,-0.5,0,0,0,0.2,270,3.8000000000000003
2021,1,21,5,30,-0.5,0,0,0,0.2,270,4
2021,1,21,6,30,0,0,0,0,0.2,272,4.3
2021,1,21,7,30,2,20,351,37,0.2,278,4.7
2021,1,21,8,30,5.300000000000001,40,759,205,0.2,290,4.6000000000000005
2021,1,21,9,30,8.6,51,892,371,0.2,317,4.3
2021,1,21,10,30,11,57,948,496,0.2,173,4.1000000000000005
2021,1,21,11,30,12,60,975,568,0.2,26,3.9000000000000004
2021,1,21,12,30,12.200000000000001,63,974,578,0.2,49,3.9000000000000004
2021,1,21,13,30,11.9,64,947,525,0.2,64,4
2021,1,21,14,30,10.8,62,885,414,0.2,75,4
2021,1,21,15,30,8.200000000000001,53,757,256,0.2,80,3.3000000000000003
2021,1,21,16,30,4.800000000000001,32,468,82,0.2,81,2.5
2021,1,21,17,30,2.9000000000000004,0,0,0,0.2,84,2.3000000000000003
2021,1,21,18,30,1.8,0,0,0,0.2,92,1.9000000000000001
2021,1,21,19,30,0.9,0,0,0,0.2,107,1.5
2021,1,21,20,30,0.2,0,0,0,0.2,133,1.2000000000000002
2021,1,21,21,30,-0.4,0,0,0,0.2,166,0.9
2021,1,21,22,30,-0.7000000000000001,0,0,0,0.2,200,0.8
2021,1,21,23,30,-0.7000000000000001,0,0,0,0.2,231,0.8
2021,1,22,0,30,-0.8,0,0,0,0.2,257,0.8
2021,1,22,1,30,-1.1,0,0,0,0.2,268,0.9
2021,1,22,2,30,-1.4000000000000001,0,0,0,0.2,266,1.1
2021,1,22,3,30,-1.6,0,0,0,0.2,267,1.4000000000000001
2021,1,22,4,30,-1.7000000000000002,0,0,0,0.2,268,1.8
2021,1,22,5,30,-1.8,0,0,0,0.2,268,2.2
2021,1,22,6,30,-1.4000000000000001,0,0,0,0.2,268,2.6
2021,1,22,7,30,0.1,15,0,15,0.2,271,3
2021,1,22,8,30,2.8000000000000003,126,36,134,0.2,282,2.7
2021,1,22,9,30,6,56,870,371,0.2,305,2
2021,1,22,10,30,8.6,80,873,486,0.2,333,1.4000000000000001
2021,1,22,11,30,10.100000000000001,92,877,551,0.2,210,1
2021,1,22,12,30,10.9,86,911,571,0.2,90,1.1
2021,1,22,13,30,11,70,925,524,0.2,104,1.4000000000000001
2021,1,22,14,30,9.9,186,373,336,0.2,96,1.2000000000000002
2021,1,22,15,30,7.5,151,105,180,0.2,89,1.1
2021,1,22,16,30,5,51,18,53,0.2,94,1.3
2021,1,22,17,30,3.6,0,0,0,0.2,114,1.2000000000000002
2021,1,22,18,30,2.8000000000000003,0,0,0,0.2,149,0.9
2021,1,22,19,30,2.3000000000000003,0,0,0,0.2,202,0.7000000000000001
2021,1,22,20,30,1.8,0,0,0,0.2,245,0.8
2021,1,22,21,30,1,0,0,0,0.2,261,0.9
2021,1,22,22,30,0.2,0,0,0,0.2,264,0.9
2021,1,22,23,30,-0.30000000000000004,0,0,0,0.2,262,0.9
2021,1,23,0,30,-0.7000000000000001,0,0,0,0.2,262,0.9
2021,1,23,1,30,-1.1,0,0,0,0.2,258,1
2021,1,23,2,30,-1.2000000000000002,0,0,0,0.2,250,1.2000000000000002
2021,1,23,3,30,-1.1,0,0,0,0.2,246,1.7000000000000002
2021,1,23,4,30,-0.8,0,0,0,0.2,244,2.3000000000000003
2021,1,23,5,30,-0.6000000000000001,0,0,0,0.2,244,2.8000000000000003
2021,1,23,6,30,0.1,0,0,0,0.2,244,3
2021,1,23,7,30,2.2,14,0,14,0.2,243,3.5
2021,1,23,8,30,5.5,77,454,178,0.2,243,4.3
2021,1,23,9,30,9.1,62,837,367,0.2,250,5.7
2021,1,23,10,30,11.700000000000001,57,954,504,0.2,258,7
2021,1,23,11,30,12.700000000000001,221,456,461,0.2,262,7.300000000000001
2021,1,23,12,30,13,147,691,517,0.2,262,7.1000000000000005
2021,1,23,13,30,13.100000000000001,174,463,403,0.2,261,6.7
2021,1,23,14,30,12.200000000000001,149,298,270,0.2,258,5.9
2021,1,23,15,30,9.700000000000001,56,756,264,0.2,255,4.7
2021,1,23,16,30,6.5,29,553,92,0.2,253,3.6
2021,1,23,17,30,4.6000000000000005,0,0,0,0.22,256,3.2
2021,1,23,18,30,3.4000000000000004,0,0,0,0.22,265,2.9000000000000004
2021,1,23,19,30,2.1,0,0,0,0.22,283,2.5
2021,1,23,20,30,0.8,0,0,0,0.22,309,2.4000000000000004
2021,1,23,21,30,-0.5,0,0,0,0.22,339,2.2
2021,1,23,22,30,-1.5,0,0,0,0.22,187,2
2021,1,23,23,30,-2.1,0,0,0,0.22,35,1.8
2021,1,24,0,30,-2.6,0,0,0,0.22,61,1.8
2021,1,24,1,30,-3.1,0,0,0,0.22,82,1.8
2021,1,24,2,30,-3.3000000000000003,0,0,0,0.22,96,1.6
2021,1,24,3,30,-3.4000000000000004,0,0,0,0.22,105,1.4000000000000001
2021,1,24,4,30,-3.4000000000000004,0,0,0,0.22,109,1.4000000000000001
2021,1,24,5,30,-3.5,0,0,0,0.22,110,1.4000000000000001
2021,1,24,6,30,-3.3000000000000003,0,0,0,0.22,112,1.5
2021,1,24,7,30,-2.5,7,0,7,0.22,113,1.7000000000000002
2021,1,24,8,30,-1.1,7,0,7,0.22,113,2
2021,1,24,9,30,0.30000000000000004,26,0,26,0.22,114,2.5
2021,1,24,10,30,1.5,60,0,60,0.22,116,3.2
2021,1,24,11,30,2.6,90,0,90,0.22,117,3.6
2021,1,24,12,30,3.6,89,3,91,0.22,116,3.7
2021,1,24,13,30,4.3,102,0,102,0.22,112,3.7
2021,1,24,14,30,4.2,109,0,109,0.22,105,3.3000000000000003
2021,1,24,15,30,3.1,46,0,46,0.22,98,2.5
2021,1,24,16,30,1.2000000000000002,17,0,17,0.22,97,1.8
2021,1,24,17,30,0,0,0,0,0.71,90,1.5
2021,1,24,18,30,-0.7000000000000001,0,0,0,0.71,63,1.6
2021,1,24,19,30,-1.5,0,0,0,0.71,35,1.6
2021,1,24,20,30,-2.3000000000000003,0,0,0,0.71,21,1.6
2021,1,24,21,30,-2.9000000000000004,0,0,0,0.71,12,1.6
2021,1,24,22,30,-3.1,0,0,0,0.71,15,1.9000000000000001
2021,1,24,23,30,-3.3000000000000003,0,0,0,0.71,24,2
2021,1,25,0,30,-3.3000000000000003,0,0,0,0.71,192,1.8
2021,1,25,1,30,-2.9000000000000004,0,0,0,0.71,339,1.9000000000000001
2021,1,25,2,30,-2.4000000000000004,0,0,0,0.71,320,2.1
2021,1,25,3,30,-2.1,0,0,0,0.71,323,2.2
2021,1,25,4,30,-1.9000000000000001,0,0,0,0.71,335,2.1
2021,1,25,5,30,-2,0,0,0,0.71,348,1.9000000000000001
2021,1,25,6,30,-2,0,0,0,0.71,351,2
2021,1,25,7,30,-1.1,16,0,16,0.71,346,2.5
2021,1,25,8,30,0.7000000000000001,17,0,17,0.71,343,3.7
2021,1,25,9,30,2.4000000000000004,69,17,75,0.71,347,4.5
2021,1,25,10,30,3.7,81,0,81,0.71,355,4.4
2021,1,25,11,30,4.4,129,132,199,0.71,183,4
2021,1,25,12,30,4.800000000000001,205,14,213,0.71,12,3.4000000000000004
2021,1,25,13,30,4.7,116,843,539,0.71,23,2.9000000000000004
2021,1,25,14,30,4.2,199,193,279,0.71,42,2.5
2021,1,25,15,30,2.6,74,713,276,0.71,63,2.1
2021,1,25,16,30,0.6000000000000001,64,48,70,0.71,79,2
2021,1,25,17,30,-0.9,0,0,0,0.8,88,2.1
2021,1,25,18,30,-2,0,0,0,0.8,94,1.9000000000000001
2021,1,25,19,30,-3.1,0,0,0,0.8,94,1.6
2021,1,25,20,30,-3.9000000000000004,0,0,0,0.8,89,1.4000000000000001
2021,1,25,21,30,-4.5,0,0,0,0.8,85,1.4000000000000001
2021,1,25,22,30,-4.9,0,0,0,0.8,86,1.4000000000000001
2021,1,25,23,30,-5.1000000000000005,0,0,0,0.8,93,1.6
2021,1,26,0,30,-5.300000000000001,0,0,0,0.8,102,1.9000000000000001
2021,1,26,1,30,-5.5,0,0,0,0.8,107,2.2
2021,1,26,2,30,-5.6000000000000005,0,0,0,0.8,103,2.5
2021,1,26,3,30,-5.9,0,0,0,0.8,96,3
2021,1,26,4,30,-6.1000000000000005,0,0,0,0.8,93,3.3000000000000003
2021,1,26,5,30,-6.300000000000001,0,0,0,0.8,102,3.2
2021,1,26,6,30,-6.2,0,0,0,0.8,117,3.2
2021,1,26,7,30,-5.7,15,0,15,0.8,121,3.7
2021,1,26,8,30,-5.1000000000000005,129,41,138,0.8,118,4.2
2021,1,26,9,30,-4.5,190,47,208,0.8,118,4.3
2021,1,26,10,30,-3.9000000000000004,292,69,325,0.8,115,4.1000000000000005
2021,1,26,11,30,-3.3000000000000003,327,193,431,0.8,107,3.5
2021,1,26,12,30,-2.8000000000000003,322,34,341,0.8,90,2.8000000000000003
2021,1,26,13,30,-2.7,368,134,436,0.8,66,2.4000000000000004
2021,1,26,14,30,-3.2,298,137,355,0.8,45,2.3000000000000003
2021,1,26,15,30,-4.3,187,42,199,0.8,36,2.2
2021,1,26,16,30,-5.5,51,3,51,0.8,39,2.1
2021,1,26,17,30,-6.4,0,0,0,0.79,48,1.9000000000000001
2021,1,26,18,30,-6.6000000000000005,0,0,0,0.79,51,1.4000000000000001
2021,1,26,19,30,-6.5,0,0,0,0.79,42,0.9
2021,1,26,20,30,-6.2,0,0,0,0.79,36,0.8
2021,1,26,21,30,-6.1000000000000005,0,0,0,0.79,21,0.7000000000000001
2021,1,26,22,30,-6,0,0,0,0.79,161,0.8
2021,1,26,23,30,-6.1000000000000005,0,0,0,0.79,299,1
2021,1,27,0,30,-6.5,0,0,0,0.79,277,1.4000000000000001
2021,1,27,1,30,-7.1000000000000005,0,0,0,0.79,267,1.7000000000000002
2021,1,27,2,30,-7.4,0,0,0,0.79,257,2
2021,1,27,3,30,-7.5,0,0,0,0.79,247,2.2
2021,1,27,4,30,-7.6000000000000005,0,0,0,0.79,244,2.4000000000000004
2021,1,27,5,30,-7.7,0,0,0,0.79,247,2.6
2021,1,27,6,30,-7.4,0,0,0,0.79,250,3.1
2021,1,27,7,30,-5.5,24,432,50,0.79,251,3.4000000000000004
2021,1,27,8,30,-2.3000000000000003,48,820,238,0.79,252,3.2
2021,1,27,9,30,1,61,951,419,0.79,247,2.9000000000000004
2021,1,27,10,30,3.6,70,1010,556,0.79,237,3
2021,1,27,11,30,5.300000000000001,74,1036,635,0.79,232,3
2021,1,27,12,30,6.5,74,1025,639,0.79,231,3
2021,1,27,13,30,7,72,1009,586,0.79,231,2.9000000000000004
2021,1,27,14,30,6.5,63,956,465,0.79,228,2.4000000000000004
2021,1,27,15,30,3.8000000000000003,50,865,301,0.79,217,1.8
2021,1,27,16,30,0.4,36,589,111,0.79,212,1.9000000000000001
2021,1,27,17,30,-1.6,0,0,0,0.65,222,2.2
2021,1,27,18,30,-2.1,0,0,0,0.65,236,2.5
2021,1,27,19,30,-2.2,0,0,0,0.65,247,2.7
2021,1,27,20,30,-2.3000000000000003,0,0,0,0.65,254,2.9000000000000004
2021,1,27,21,30,-2.3000000000000003,0,0,0,0.65,256,3.3000000000000003
2021,1,27,22,30,-2.3000000000000003,0,0,0,0.65,254,3.8000000000000003
2021,1,27,23,30,-2.4000000000000004,0,0,0,0.65,252,4.2
2021,1,28,0,30,-2.5,0,0,0,0.65,252,4.5
2021,1,28,1,30,-2.5,0,0,0,0.65,252,4.7
2021,1,28,2,30,-2.3000000000000003,0,0,0,0.65,254,4.6000000000000005
2021,1,28,3,30,-2.1,0,0,0,0.65,256,4.4
2021,1,28,4,30,-1.8,0,0,0,0.65,257,4.2
2021,1,28,5,30,-1.4000000000000001,0,0,0,0.65,259,4.1000000000000005
2021,1,28,6,30,-0.6000000000000001,0,0,0,0.65,260,4.1000000000000005
2021,1,28,7,30,1.2000000000000002,31,42,34,0.65,261,4.2
2021,1,28,8,30,3.6,118,276,183,0.65,263,4.2
2021,1,28,9,30,5.9,165,500,355,0.65,266,3.6
2021,1,28,10,30,7.9,119,799,507,0.65,265,2.9000000000000004
2021,1,28,11,30,9.5,177,690,553,0.65,257,2.3000000000000003
2021,1,28,12,30,10.200000000000001,328,210,444,0.65,241,1.6
2021,1,28,13,30,9.9,213,441,440,0.65,214,1
2021,1,28,14,30,8.8,114,1,114,0.65,190,0.9
2021,1,28,15,30,6.9,161,85,186,0.65,189,1.1
2021,1,28,16,30,4.6000000000000005,37,556,110,0.65,206,1.4000000000000001
2021,1,28,17,30,3.4000000000000004,0,0,0,0.21,230,1.8
2021,1,28,18,30,3,0,0,0,0.21,246,2.6
2021,1,28,19,30,2.5,0,0,0,0.21,253,3.3000000000000003
2021,1,28,20,30,1.8,0,0,0,0.21,256,3.9000000000000004
2021,1,28,21,30,1.4000000000000001,0,0,0,0.21,256,4.4
2021,1,28,22,30,1.2000000000000002,0,0,0,0.21,257,4.7
2021,1,28,23,30,0.9,0,0,0,0.21,258,4.9
2021,1,29,0,30,0.7000000000000001,0,0,0,0.21,260,5
2021,1,29,1,30,0.4,0,0,0,0.21,261,4.9
2021,1,29,2,30,0.5,0,0,0,0.21,261,5
2021,1,29,3,30,1.1,0,0,0,0.21,261,5.2
2021,1,29,4,30,2,0,0,0,0.21,261,5.2
2021,1,29,5,30,2.5,0,0,0,0.21,260,4.9
2021,1,29,6,30,3.1,0,0,0,0.21,260,4.800000000000001
2021,1,29,7,30,4.2,22,1,22,0.21,261,4.7
2021,1,29,8,30,6.1000000000000005,112,68,128,0.21,262,4.4
2021,1,29,9,30,8.5,171,409,328,0.21,260,4
2021,1,29,10,30,11.200000000000001,215,182,304,0.21,255,4.2
2021,1,29,11,30,13.4,238,154,323,0.21,249,5.1000000000000005
2021,1,29,12,30,14.5,223,492,498,0.21,246,6.1000000000000005
2021,1,29,13,30,14.4,190,558,479,0.21,248,6.7
2021,1,29,14,30,12.9,210,260,322,0.21,250,6.1000000000000005
2021,1,29,15,30,9.8,142,183,197,0.21,250,4.6000000000000005
2021,1,29,16,30,6,55,10,56,0.21,244,3.4000000000000004
2021,1,29,17,30,3.7,0,0,0,0.21,240,3
2021,1,29,18,30,2.6,0,0,0,0.21,240,2.8000000000000003
2021,1,29,19,30,2,0,0,0,0.21,241,2.8000000000000003
2021,1,29,20,30,2,0,0,0,0.21,241,2.9000000000000004
2021,1,29,21,30,2.3000000000000003,0,0,0,0.21,241,2.9000000000000004
2021,1,29,22,30,2.3000000000000003,0,0,0,0.21,241,2.7
2021,1,29,23,30,1.8,0,0,0,0.21,243,2.4000000000000004
2021,1,30,0,30,1.2000000000000002,0,0,0,0.21,246,2.1
2021,1,30,1,30,1.2000000000000002,0,0,0,0.21,256,1.9000000000000001
2021,1,30,2,30,1.3,0,0,0,0.21,271,2
2021,1,30,3,30,1.3,0,0,0,0.21,282,2.8000000000000003
2021,1,30,4,30,1.9000000000000001,0,0,0,0.21,288,4.2
2021,1,30,5,30,2.9000000000000004,0,0,0,0.21,298,5.800000000000001
2021,1,30,6,30,3.6,0,0,0,0.21,308,6.4
2021,1,30,7,30,4.9,18,0,18,0.21,312,6.4
2021,1,30,8,30,6.9,74,541,204,0.21,314,6.5
2021,1,30,9,30,9,72,827,391,0.21,322,6.7
2021,1,30,10,30,10.600000000000001,74,922,528,0.21,331,6.5
2021,1,30,11,30,11.700000000000001,69,972,606,0.21,336,5.9
2021,1,30,12,30,12.3,68,987,623,0.21,337,5.5
2021,1,30,13,30,12.3,64,973,572,0.21,338,5.2
2021,1,30,14,30,11.600000000000001,62,922,461,0.21,342,4.6000000000000005
2021,1,30,15,30,9.200000000000001,89,499,240,0.21,350,3.2
2021,1,30,16,30,5.9,69,82,80,0.21,181,2.1
2021,1,30,17,30,4.2,0,0,0,0.21,7,2.1
2021,1,30,18,30,3.6,0,0,0,0.21,8,2.3000000000000003
2021,1,30,19,30,2.8000000000000003,0,0,0,0.21,4,2.3000000000000003
2021,1,30,20,30,2,0,0,0,0.21,175,1.9000000000000001
2021,1,30,21,30,1.3,0,0,0,0.21,338,1.4000000000000001
2021,1,30,22,30,0.6000000000000001,0,0,0,0.21,310,1.2000000000000002
2021,1,30,23,30,0,0,0,0,0.21,286,1.2000000000000002
2021,1,31,0,30,-0.5,0,0,0,0.21,279,1.6
2021,1,31,1,30,-1.1,0,0,0,0.21,280,1.9000000000000001
2021,1,31,2,30,-1.8,0,0,0,0.21,283,2.2
2021,1,31,3,30,-2.3000000000000003,0,0,0,0.21,286,2.4000000000000004
2021,1,31,4,30,-2.7,0,0,0,0.21,288,2.5
2021,1,31,5,30,-3,0,0,0,0.21,286,2.5
2021,1,31,6,30,-2.3000000000000003,0,0,0,0.21,283,2.8000000000000003
2021,1,31,7,30,0.1,34,4,34,0.21,281,3.4000000000000004
2021,1,31,8,30,3.3000000000000003,89,504,212,0.21,281,2.8000000000000003
2021,1,31,9,30,6.1000000000000005,50,950,420,0.21,265,1.5
2021,1,31,10,30,7.9,57,1002,554,0.21,258,1
2021,1,31,11,30,9.200000000000001,62,1024,632,0.21,284,0.9
2021,1,31,12,30,10,61,1030,645,0.21,318,0.9
2021,1,31,13,30,10.3,59,1015,593,0.21,174,0.8
2021,1,31,14,30,10.100000000000001,54,974,480,0.21,40,0.7000000000000001
2021,1,31,15,30,8.1,46,887,318,0.21,85,0.8
2021,1,31,16,30,4.6000000000000005,36,625,125,0.21,115,1.1
2021,1,31,17,30,-3.8000000000000003,0,0,0,0.21,103,1.5
2021,1,31,18,30,-4.6000000000000005,0,0,0,0.21,106,1.1
2021,1,31,19,30,-5.2,0,0,0,0.21,112,0.8
2021,1,31,20,30,-5.6000000000000005,0,0,0,0.21,125,0.6000000000000001
2021,1,31,21,30,-6,0,0,0,0.21,143,0.5
2021,1,31,22,30,-6.300000000000001,0,0,0,0.21,217,0.5
2021,1,31,23,30,-6.6000000000000005,0,0,0,0.21,290,0.9
2023,2,1,0,30,-7.1000000000000005,0,0,0,0.21,293,1.5
2023,2,1,1,30,-7.5,0,0,0,0.21,285,2.2
2023,2,1,2,30,-7.5,0,0,0,0.21,281,2.6
2023,2,1,3,30,-7.4,0,0,0,0.21,279,2.8000000000000003
2023,2,1,4,30,-7.300000000000001,0,0,0,0.21,277,2.9000000000000004
2023,2,1,5,30,-7.1000000000000005,0,0,0,0.21,277,2.9000000000000004
2023,2,1,6,30,-6.2,0,0,0,0.21,280,2.8000000000000003
2023,2,1,7,30,-3.4000000000000004,25,376,52,0.21,284,3
2023,2,1,8,30,0.4,41,829,245,0.21,302,2.7
2023,2,1,9,30,3.5,52,947,422,0.21,160,2.3000000000000003
2023,2,1,10,30,5.7,57,1000,555,0.21,9,2.6
2023,2,1,11,30,7,61,1015,628,0.21,26,2.8000000000000003
2023,2,1,12,30,7.7,62,1018,641,0.21,42,3
2023,2,1,13,30,7.800000000000001,60,1002,589,0.21,56,3.1
2023,2,1,14,30,6.9,55,960,477,0.21,68,2.8000000000000003
2023,2,1,15,30,4,47,872,316,0.21,83,2
2023,2,1,16,30,0.4,33,657,128,0.21,100,1.4000000000000001
2023,2,1,17,30,-1,0,0,0,0.21,122,1.2000000000000002
2023,2,1,18,30,-0.9,0,0,0,0.21,158,1.1
2023,2,1,19,30,-1.1,0,0,0,0.21,205,1
2023,2,1,20,30,-1.5,0,0,0,0.21,245,1.1
2023,2,1,21,30,-1.8,0,0,0,0.21,268,1.2000000000000002
2023,2,1,22,30,-2,0,0,0,0.21,280,1.3
2023,2,1,23,30,-2,0,0,0,0.21,285,1.4000000000000001
2023,2,2,0,30,-2.2,0,0,0,0.21,286,1.7000000000000002
2023,2,2,1,30,-2.3000000000000003,0,0,0,0.21,286,2.1
2023,2,2,2,30,-2.4000000000000004,0,0,0,0.21,290,2.5
2023,2,2,3,30,-2.6,0,0,0,0.21,296,2.6
2023,2,2,4,30,-2.9000000000000004,0,0,0,0.21,303,2.5
2023,2,2,5,30,-3.1,0,0,0,0.21,311,2.1
2023,2,2,6,30,-2.4000000000000004,0,0,0,0.21,318,1.8
2023,2,2,7,30,0.5,25,451,59,0.21,325,1.9000000000000001
2023,2,2,8,30,4.1000000000000005,46,779,240,0.21,181,2
2023,2,2,9,30,6.1000000000000005,57,901,413,0.21,49,2
2023,2,2,10,30,7.4,64,960,546,0.21,69,1.9000000000000001
2023,2,2,11,30,8.200000000000001,67,987,622,0.21,78,1.5
2023,2,2,12,30,8.700000000000001,66,994,636,0.21,94,1.4000000000000001
2023,2,2,13,30,8.9,64,979,585,0.21,114,1.7000000000000002
2023,2,2,14,30,8.200000000000001,57,940,474,0.21,127,2
2023,2,2,15,30,5.4,48,856,315,0.21,131,2
2023,2,2,16,30,1.6,33,651,130,0.21,137,1.9000000000000001
2023,2,2,17,30,-0.30000000000000004,0,0,0,0.21,150,1.9000000000000001
2023,2,2,18,30,-0.7000000000000001,0,0,0,0.21,168,1.7000000000000002
2023,2,2,19,30,-0.7000000000000001,0,0,0,0.21,189,1.5
2023,2,2,20,30,-0.5,0,0,0,0.21,210,1.4000000000000001
2023,2,2,21,30,-0.30000000000000004,0,0,0,0.21,233,1.2000000000000002
2023,2,2,22,30,-0.30000000000000004,0,0,0,0.21,256,1.3
2023,2,2,23,30,-0.30000000000000004,0,0,0,0.21,271,1.7000000000000002
2023,2,3,0,30,-0.5,0,0,0,0.21,275,2.4000000000000004
2023,2,3,1,30,-0.9,0,0,0,0.21,274,3
2023,2,3,2,30,-1.1,0,0,0,0.21,272,3.4000000000000004
2023,2,3,3,30,-1.2000000000000002,0,0,0,0.21,270,3.5
2023,2,3,4,30,-1.2000000000000002,0,0,0,0.21,267,3.6
2023,2,3,5,30,-1,0,0,0,0.21,265,3.7
2023,2,3,6,30,-0.1,0,0,0,0.21,264,4.2
2023,2,3,7,30,2.4000000000000004,39,151,51,0.21,264,5
2023,2,3,8,30,5.800000000000001,35,875,256,0.21,266,4.9
2023,2,3,9,30,9.4,44,983,436,0.21,269,3.9000000000000004
2023,2,3,10,30,12.5,51,1032,573,0.21,271,2.8000000000000003
2023,2,3,11,30,14.5,55,1054,652,0.21,259,2.2
2023,2,3,12,30,15.5,83,980,649,0.21,243,2.2
2023,2,3,13,30,15.4,154,749,556,0.21,235,1.8
2023,2,3,14,30,13.5,155,590,419,0.21,209,1.2000000000000002
2023,2,3,15,30,9.700000000000001,171,231,244,0.21,186,1.1
2023,2,3,16,30,5.7,85,94,99,0.21,198,1.4000000000000001
2023,2,3,17,30,3.4000000000000004,1,0,1,0.2,226,1.9000000000000001
2023,2,3,18,30,2.9000000000000004,0,0,0,0.2,249,2.7
2023,2,3,19,30,2.6,0,0,0,0.2,263,3.6
2023,2,3,20,30,2.2,0,0,0,0.2,269,4.1000000000000005
2023,2,3,21,30,2.3000000000000003,0,0,0,0.2,273,4.3
2023,2,3,22,30,2.2,0,0,0,0.2,276,4.2
2023,2,3,23,30,1.9000000000000001,0,0,0,0.2,275,4.2
2023,2,4,0,30,1.7000000000000002,0,0,0,0.2,273,4.3
2023,2,4,1,30,1.7000000000000002,0,0,0,0.2,270,4.4
2023,2,4,2,30,1.8,0,0,0,0.2,269,4.4
2023,2,4,3,30,1.9000000000000001,0,0,0,0.2,269,4.5
2023,2,4,4,30,1.8,0,0,0,0.2,270,4.5
2023,2,4,5,30,1.9000000000000001,0,0,0,0.2,271,4.4
2023,2,4,6,30,2.7,0,0,0,0.2,274,4.5
2023,2,4,7,30,4.6000000000000005,34,3,34,0.2,278,4.7
2023,2,4,8,30,6.6000000000000005,126,172,170,0.2,283,4.4
2023,2,4,9,30,8.6,209,266,316,0.2,288,3.8000000000000003
2023,2,4,10,30,10.5,248,326,414,0.2,294,3.4000000000000004
2023,2,4,11,30,12.4,91,935,625,0.2,306,3.2
2023,2,4,12,30,14.200000000000001,67,1005,651,0.2,331,3
2023,2,4,13,30,15.100000000000001,63,991,599,0.2,186,2.3000000000000003
2023,2,4,14,30,14.200000000000001,60,943,486,0.2,40,1.5
2023,2,4,15,30,11.100000000000001,74,749,314,0.2,81,0.9
2023,2,4,16,30,7.300000000000001,40,608,135,0.2,120,0.8
2023,2,4,17,30,5,3,31,2,0.2,145,0.8
2023,2,4,18,30,4,0,0,0,0.2,183,0.7000000000000001
2023,2,4,19,30,3.2,0,0,0,0.2,233,0.8
2023,2,4,20,30,2.4000000000000004,0,0,0,0.2,259,0.9
2023,2,4,21,30,1.5,0,0,0,0.2,259,1.1
2023,2,4,22,30,0.8,0,0,0,0.2,257,1.2000000000000002
2023,2,4,23,30,0.30000000000000004,0,0,0,0.2,258,1.4000000000000001
2023,2,5,0,30,0.30000000000000004,0,0,0,0.2,263,1.6
2023,2,5,1,30,0.5,0,0,0,0.2,269,1.7000000000000002
2023,2,5,2,30,0.9,0,0,0,0.2,275,1.8
2023,2,5,3,30,1.2000000000000002,0,0,0,0.2,277,1.8
2023,2,5,4,30,1.3,0,0,0,0.2,280,1.8
2023,2,5,5,30,1.4000000000000001,0,0,0,0.2,283,1.8
2023,2,5,6,30,1.9000000000000001,0,0,0,0.2,285,1.8
2023,2,5,7,30,4.1000000000000005,39,8,40,0.2,290,2.2
2023,2,5,8,30,7.300000000000001,107,330,193,0.2,302,2.2
2023,2,5,9,30,10.4,165,477,359,0.2,311,1.8
2023,2,5,10,30,13.100000000000001,165,611,479,0.2,309,1.8
2023,2,5,11,30,15.100000000000001,151,758,587,0.2,302,2
2023,2,5,12,30,16.400000000000002,234,526,542,0.2,293,2.1
2023,2,5,13,30,16.900000000000002,63,997,606,0.2,270,2.1
2023,2,5,14,30,16.2,60,949,493,0.2,234,2
2023,2,5,15,30,13,52,860,331,0.2,209,1.8
2023,2,5,16,30,8.3,37,657,142,0.2,200,1.7000000000000002
2023,2,5,17,30,5.300000000000001,4,37,3,0.2,203,1.9000000000000001
2023,2,5,18,30,4.2,0,0,0,0.2,215,2.2
2023,2,5,19,30,3.5,0,0,0,0.2,228,2.7
2023,2,5,20,30,3.1,0,0,0,0.2,238,3
2023,2,5,21,30,2.7,0,0,0,0.2,245,3.1
2023,2,5,22,30,2.4000000000000004,0,0,0,0.2,249,3.1
2023,2,5,23,30,2.2,0,0,0,0.2,252,3.1
2023,2,6,0,30,2,0,0,0,0.2,255,3.1
2023,2,6,1,30,1.9000000000000001,0,0,0,0.2,253,3.2
2023,2,6,2,30,2.1,0,0,0,0.2,249,3.6
2023,2,6,3,30,2.6,0,0,0,0.2,246,4.3
2023,2,6,4,30,3,0,0,0,0.2,246,5
2023,2,6,5,30,3.3000000000000003,0,0,0,0.2,249,5.4
2023,2,6,6,30,3.9000000000000004,0,0,0,0.2,257,5.5
2023,2,6,7,30,5.9,27,494,71,0.2,267,5.7
2023,2,6,8,30,8,47,809,260,0.2,282,6.2
2023,2,6,9,30,9.3,58,927,438,0.2,301,6
2023,2,6,10,30,10.100000000000001,64,984,574,0.2,317,5.300000000000001
2023,2,6,11,30,10.600000000000001,67,1011,653,0.2,331,4.7
2023,2,6,12,30,10.8,69,1013,667,0.2,343,4.2
2023,2,6,13,30,10.4,68,990,612,0.2,353,4
2023,2,6,14,30,9.4,192,300,330,0.2,183,4.3
2023,2,6,15,30,7.800000000000001,68,4,69,0.2,15,4.2
2023,2,6,16,30,5.5,65,26,69,0.2,24,3.8000000000000003
2023,2,6,17,30,3.6,2,0,2,0.21,25,3.5
2023,2,6,18,30,2.2,0,0,0,0.21,21,3
2023,2,6,19,30,0.6000000000000001,0,0,0,0.21,13,2.3000000000000003
2023,2,6,20,30,-0.8,0,0,0,0.21,183,1.8
2023,2,6,21,30,-1.8,0,0,0,0.21,354,1.5
2023,2,6,22,30,-2.4000000000000004,0,0,0,0.21,347,1.4000000000000001
2023,2,6,23,30,-2.5,0,0,0,0.21,344,1.4000000000000001
2023,2,7,0,30,-2.4000000000000004,0,0,0,0.21,345,1.3
2023,2,7,1,30,-2.3000000000000003,0,0,0,0.21,348,1.2000000000000002
2023,2,7,2,30,-2,0,0,0,0.21,351,1
2023,2,7,3,30,-1.4000000000000001,0,0,0,0.21,343,0.8
2023,2,7,4,30,-1.1,0,0,0,0.21,305,0.6000000000000001
2023,2,7,5,30,-1.3,0,0,0,0.21,266,0.8
2023,2,7,6,30,-0.9,0,0,0,0.21,255,1.1
2023,2,7,7,30,1.3,28,491,73,0.21,244,1.6
2023,2,7,8,30,3.7,48,802,262,0.21,222,1.5
2023,2,7,9,30,5.4,57,922,439,0.21,181,1
2023,2,7,10,30,6.800000000000001,62,980,574,0.21,143,1.3
2023,2,7,11,30,7.800000000000001,65,1011,655,0.21,132,1.9000000000000001
2023,2,7,12,30,8.3,66,1020,672,0.21,130,2.5
2023,2,7,13,30,8.4,63,1006,620,0.21,129,2.8000000000000003
2023,2,7,14,30,8,57,968,507,0.21,128,2.9000000000000004
2023,2,7,15,30,6.2,50,887,345,0.21,125,2.4000000000000004
2023,2,7,16,30,2.6,36,699,153,0.21,122,1.8
2023,2,7,17,30,0,4,47,3,0.21,127,1.9000000000000001
2023,2,7,18,30,-0.8,0,0,0,0.21,137,1.9000000000000001
2023,2,7,19,30,-1.5,0,0,0,0.21,151,1.8
2023,2,7,20,30,-1.9000000000000001,0,0,0,0.21,165,1.8
2023,2,7,21,30,-2.1,0,0,0,0.21,177,1.8
2023,2,7,22,30,-2.3000000000000003,0,0,0,0.21,188,1.7000000000000002
2023,2,7,23,30,-2.3000000000000003,0,0,0,0.21,199,1.6
2023,2,8,0,30,-2.1,0,0,0,0.21,213,1.3
2023,2,8,1,30,-2,0,0,0,0.21,234,1.2000000000000002
2023,2,8,2,30,-2,0,0,0,0.21,267,1.2000000000000002
2023,2,8,3,30,-2.2,0,0,0,0.21,293,1.4000000000000001
2023,2,8,4,30,-2.5,0,0,0,0.21,295,1.6
2023,2,8,5,30,-2.6,0,0,0,0.21,288,1.9000000000000001
2023,2,8,6,30,-1.8,0,0,0,0.21,285,2.5
2023,2,8,7,30,0.5,27,538,78,0.21,288,2.8000000000000003
2023,2,8,8,30,3.6,44,834,270,0.21,303,2
2023,2,8,9,30,6.5,54,942,448,0.21,328,1.3
2023,2,8,10,30,8.4,62,986,581,0.21,346,1.4000000000000001
2023,2,8,11,30,9.9,67,998,654,0.21,176,1.8
2023,2,8,12,30,10.9,71,996,667,0.21,8,2.3000000000000003
2023,2,8,13,30,11.3,72,973,615,0.21,24,2.6
2023,2,8,14,30,10.8,109,793,481,0.21,44,2.5
2023,2,8,15,30,8.3,138,428,282,0.21,71,1.9000000000000001
2023,2,8,16,30,4.4,38,669,153,0.21,95,1.3
2023,2,8,17,30,2,7,78,6,0.21,110,1.1
2023,2,8,18,30,1.9000000000000001,0,0,0,0.21,230,0.7000000000000001
2023,2,8,19,30,1.8,0,0,0,0.21,329,1
2023,2,8,20,30,1.4000000000000001,0,0,0,0.21,320,1.3
2023,2,8,21,30,0.8,0,0,0,0.21,167,1.1
2023,2,8,22,30,-0.2,0,0,0,0.21,22,1.2000000000000002
2023,2,8,23,30,-0.9,0,0,0,0.21,37,2
2023,2,9,0,30,-1,0,0,0,0.21,35,3.1
2023,2,9,1,30,-1.1,0,0,0,0.21,27,3.5
2023,2,9,2,30,-1.5,0,0,0,0.21,16,3.3000000000000003
2023,2,9,3,30,-1.7000000000000002,0,0,0,0.21,8,3.3000000000000003
2023,2,9,4,30,-1.8,0,0,0,0.21,5,3.9000000000000004
2023,2,9,5,30,-1.9000000000000001,0,0,0,0.21,4,4.4
2023,2,9,6,30,-1.7000000000000002,0,0,0,0.21,4,5
2023,2,9,7,30,-1,25,1,25,0.21,4,6.300000000000001
2023,2,9,8,30,-0.1,22,0,22,0.21,3,7.9
2023,2,9,9,30,0.6000000000000001,150,14,156,0.21,181,8.5
2023,2,9,10,30,1.2000000000000002,185,495,448,0.21,359,8.5
2023,2,9,11,30,1.6,156,789,623,0.21,359,8.200000000000001
2023,2,9,12,30,1.9000000000000001,152,833,655,0.21,180,7.800000000000001
2023,2,9,13,30,1.9000000000000001,66,1014,637,0.21,2,7.300000000000001
2023,2,9,14,30,1.6,86,883,504,0.21,6,6.6000000000000005
2023,2,9,15,30,0.7000000000000001,142,463,300,0.21,14,5.5
2023,2,9,16,30,-1.6,67,392,136,0.21,27,3.8000000000000003
2023,2,9,17,30,-3.9000000000000004,3,0,3,0.21,35,2.5
2023,2,9,18,30,-5,0,0,0,0.21,34,2
2023,2,9,19,30,-5.7,0,0,0,0.21,21,1.4000000000000001
2023,2,9,20,30,-5.9,0,0,0,0.21,170,1
2023,2,9,21,30,-6,0,0,0,0.21,317,0.9
2023,2,9,22,30,-6.1000000000000005,0,0,0,0.21,301,0.9
2023,2,9,23,30,-6.2,0,0,0,0.21,293,1
2023,2,10,0,30,-6.300000000000001,0,0,0,0.21,284,1
2023,2,10,1,30,-6.4,0,0,0,0.21,274,1.1
2023,2,10,2,30,-6.4,0,0,0,0.21,263,1.2000000000000002
2023,2,10,3,30,-6.5,0,0,0,0.21,253,1.4000000000000001
2023,2,10,4,30,-6.5,0,0,0,0.21,246,1.7000000000000002
2023,2,10,5,30,-6.6000000000000005,0,0,0,0.21,243,2.1
2023,2,10,6,30,-5.800000000000001,0,0,0,0.21,241,2.6
2023,2,10,7,30,-3.3000000000000003,28,588,88,0.21,234,2.7
2023,2,10,8,30,-0.2,45,870,287,0.21,217,2.2
2023,2,10,9,30,2.5,54,978,471,0.21,187,1.6
2023,2,10,10,30,4.4,58,1031,610,0.21,163,1.6
2023,2,10,11,30,5.800000000000001,60,1055,690,0.21,154,1.7000000000000002
2023,2,10,12,30,6.9,60,1044,695,0.21,151,1.9000000000000001
2023,2,10,13,30,7.5,59,1030,643,0.21,147,2
2023,2,10,14,30,7.4,55,993,529,0.21,141,2.1
2023,2,10,15,30,5.1000000000000005,48,916,364,0.21,135,1.9000000000000001
2023,2,10,16,30,1.1,35,740,168,0.21,141,1.5
2023,2,10,17,30,-1.1,8,105,8,0.2,162,1.3
2023,2,10,18,30,-1.3,0,0,0,0.2,197,1.1
2023,2,10,19,30,-1.1,0,0,0,0.2,241,1
2023,2,10,20,30,-1.1,0,0,0,0.2,271,1.1
2023,2,10,21,30,-1.1,0,0,0,0.2,279,1.3
2023,2,10,22,30,-1.1,0,0,0,0.2,280,1.5
2023,2,10,23,30,-1,0,0,0,0.2,278,1.8
2023,2,11,0,30,-0.9,0,0,0,0.2,275,2.2
2023,2,11,1,30,-0.9,0,0,0,0.2,270,2.5
2023,2,11,2,30,-0.8,0,0,0,0.2,265,2.6
2023,2,11,3,30,-0.6000000000000001,0,0,0,0.2,263,2.6
2023,2,11,4,30,-0.5,0,0,0,0.2,263,2.6
2023,2,11,5,30,-0.30000000000000004,0,0,0,0.2,265,2.6
2023,2,11,6,30,0.8,0,0,0,0.2,265,2.8000000000000003
2023,2,11,7,30,3.8000000000000003,30,545,88,0.2,266,3.2
2023,2,11,8,30,7.1000000000000005,45,860,288,0.2,266,3.1
2023,2,11,9,30,10.200000000000001,53,968,470,0.2,254,2.1
2023,2,11,10,30,13.100000000000001,58,1019,608,0.2,217,1.7000000000000002
2023,2,11,11,30,15.100000000000001,61,1042,688,0.2,182,1.9000000000000001
2023,2,11,12,30,16.1,62,1045,702,0.2,171,2.3000000000000003
2023,2,11,13,30,16.3,180,669,562,0.2,168,2.3000000000000003
2023,2,11,14,30,14.700000000000001,210,454,429,0.2,155,1.6
2023,2,11,15,30,11.3,170,40,184,0.2,143,1.1
2023,2,11,16,30,7.9,65,6,66,0.2,157,1
2023,2,11,17,30,5.9,3,0,3,0.2,196,1.1
2023,2,11,18,30,5.300000000000001,0,0,0,0.2,236,1.6
2023,2,11,19,30,4.9,0,0,0,0.2,255,2.6
2023,2,11,20,30,4.2,0,0,0,0.2,258,3.7
2023,2,11,21,30,3.9000000000000004,0,0,0,0.2,259,4.3
2023,2,11,22,30,4.1000000000000005,0,0,0,0.2,260,4.6000000000000005
2023,2,11,23,30,4.5,0,0,0,0.2,262,4.6000000000000005
2023,2,12,0,30,4.6000000000000005,0,0,0,0.2,264,4.6000000000000005
2023,2,12,1,30,4.4,0,0,0,0.2,266,4.4
2023,2,12,2,30,3.7,0,0,0,0.2,268,4.1000000000000005
2023,2,12,3,30,2.9000000000000004,0,0,0,0.2,272,3.8000000000000003
2023,2,12,4,30,2.3000000000000003,0,0,0,0.2,278,3.3000000000000003
2023,2,12,5,30,2,0,0,0,0.2,286,2.7
2023,2,12,6,30,2.9000000000000004,0,0,0,0.2,291,2.2
2023,2,12,7,30,6.1000000000000005,53,14,55,0.2,294,2.2
2023,2,12,8,30,9.600000000000001,115,452,244,0.2,318,1.9000000000000001
2023,2,12,9,30,12.100000000000001,186,440,377,0.2,345,1.3
2023,2,12,10,30,13.8,69,975,599,0.2,353,1.1
2023,2,12,11,30,14.8,71,1003,679,0.2,180,1.1
2023,2,12,12,30,15.4,72,1005,692,0.2,17,1.2000000000000002
2023,2,12,13,30,15.4,96,923,628,0.2,41,1.4000000000000001
2023,2,12,14,30,14.700000000000001,94,861,512,0.2,59,1.7000000000000002
2023,2,12,15,30,12.4,57,855,359,0.2,72,1.9000000000000001
2023,2,12,16,30,8.6,41,673,167,0.2,81,1.8
2023,2,12,17,30,5.7,10,116,10,0.2,91,1.8
2023,2,12,18,30,4.2,0,0,0,0.2,110,1.5
2023,2,12,19,30,3,0,0,0,0.2,137,1.2000000000000002
2023,2,12,20,30,2.4000000000000004,0,0,0,0.2,166,1
2023,2,12,21,30,2.1,0,0,0,0.2,191,1
2023,2,12,22,30,2,0,0,0,0.2,216,0.9
2023,2,12,23,30,1.9000000000000001,0,0,0,0.2,256,0.7000000000000001
2023,2,13,0,30,1.4000000000000001,0,0,0,0.2,291,0.6000000000000001
2023,2,13,1,30,0.9,0,0,0,0.2,293,0.7000000000000001
2023,2,13,2,30,0.5,0,0,0,0.2,280,0.9
2023,2,13,3,30,0.4,0,0,0,0.2,275,1.3
2023,2,13,4,30,0.30000000000000004,0,0,0,0.2,275,1.6
2023,2,13,5,30,0.2,0,0,0,0.2,277,1.9000000000000001
2023,2,13,6,30,1.7000000000000002,0,0,0,0.2,277,2.1
2023,2,13,7,30,5.300000000000001,31,532,91,0.2,276,2.7
2023,2,13,8,30,9.200000000000001,52,787,281,0.2,260,2.7
2023,2,13,9,30,12.5,104,712,417,0.2,223,2.6
2023,2,13,10,30,14.8,80,923,586,0.2,194,3.3000000000000003
2023,2,13,11,30,15.9,248,509,559,0.2,182,4
2023,2,13,12,30,16.2,278,264,442,0.2,178,4.6000000000000005
2023,2,13,13,30,16,186,585,526,0.2,178,4.9
2023,2,13,14,30,15.100000000000001,211,435,424,0.2,177,4.6000000000000005
2023,2,13,15,30,13.100000000000001,105,638,333,0.2,175,3.6
2023,2,13,16,30,10.100000000000001,86,42,94,0.2,169,2.7
2023,2,13,17,30,7.9,6,0,6,0.2,165,2.5
2023,2,13,18,30,6.800000000000001,0,0,0,0.2,169,2.9000000000000004
2023,2,13,19,30,6,0,0,0,0.2,179,2.9000000000000004
2023,2,13,20,30,5.2,0,0,0,0.2,193,2.3000000000000003
2023,2,13,21,30,4.6000000000000005,0,0,0,0.2,214,2.2
2023,2,13,22,30,4.5,0,0,0,0.2,240,2.5
2023,2,13,23,30,4.6000000000000005,0,0,0,0.2,262,2.7
2023,2,14,0,30,4.5,0,0,0,0.2,280,2.6
2023,2,14,1,30,4.4,0,0,0,0.2,298,2.5
2023,2,14,2,30,4.6000000000000005,0,0,0,0.2,315,3
2023,2,14,3,30,5,0,0,0,0.2,325,4.3
2023,2,14,4,30,5,0,0,0,0.2,323,5.6000000000000005
2023,2,14,5,30,4.9,0,0,0,0.2,316,6.1000000000000005
2023,2,14,6,30,5.1000000000000005,0,0,0,0.2,313,6.2
2023,2,14,7,30,6.300000000000001,57,19,59,0.2,311,6.2
2023,2,14,8,30,8.4,138,59,155,0.2,311,6.5
2023,2,14,9,30,10.600000000000001,219,247,329,0.2,311,6.6000000000000005
2023,2,14,10,30,12.3,275,397,494,0.2,307,6.6000000000000005
2023,2,14,11,30,13.200000000000001,155,800,647,0.2,297,6.6000000000000005
2023,2,14,12,30,13.200000000000001,99,958,699,0.2,287,6.9
2023,2,14,13,30,12.5,224,474,501,0.2,280,7
2023,2,14,14,30,11.4,178,227,290,0.2,275,6.2
2023,2,14,15,30,9.600000000000001,155,361,286,0.2,269,4.4
2023,2,14,16,30,7,53,596,169,0.2,262,2.4000000000000004
2023,2,14,17,30,5,8,1,8,0.2,250,1.5
2023,2,14,18,30,4,0,0,0,0.2,159,1.6
2023,2,14,19,30,2.6,0,0,0,0.2,70,2.7
2023,2,14,20,30,1,0,0,0,0.2,59,4
2023,2,14,21,30,-0.30000000000000004,0,0,0,0.2,54,4.5
2023,2,14,22,30,-1.5,0,0,0,0.2,52,4.3
2023,2,14,23,30,-2.4000000000000004,0,0,0,0.2,45,4.2
2023,2,15,0,30,-3.1,0,0,0,0.2,39,4.5
2023,2,15,1,30,-3.8000000000000003,0,0,0,0.2,45,4.7
2023,2,15,2,30,-4.3,0,0,0,0.2,55,4.6000000000000005
2023,2,15,3,30,-4.7,0,0,0,0.2,61,4.800000000000001
2023,2,15,4,30,-5.1000000000000005,0,0,0,0.2,65,5.300000000000001
2023,2,15,5,30,-5.5,0,0,0,0.2,66,6
2023,2,15,6,30,-5.800000000000001,0,0,0,0.2,65,6.4
2023,2,15,7,30,-6,7,0,7,0.2,61,6.2
2023,2,15,8,30,-6.1000000000000005,6,0,6,0.2,53,6
2023,2,15,9,30,-6.1000000000000005,11,0,11,0.2,45,6.2
2023,2,15,10,30,-6.2,26,0,26,0.2,43,6
2023,2,15,11,30,-6.2,53,0,53,0.2,42,5.9
2023,2,15,12,30,-6.1000000000000005,66,0,66,0.2,38,6.2
2023,2,15,13,30,-6.1000000000000005,29,0,29,0.2,32,6.1000000000000005
2023,2,15,14,30,-6.1000000000000005,37,0,37,0.2,25,5.7
2023,2,15,15,30,-6.300000000000001,25,0,25,0.2,21,5
2023,2,15,16,30,-6.9,23,0,23,0.2,17,4.2
2023,2,15,17,30,-7.300000000000001,6,0,6,0.8,14,3.9000000000000004
2023,2,15,18,30,-7.4,0,0,0,0.8,10,3.7
2023,2,15,19,30,-7.4,0,0,0,0.8,8,3.5
2023,2,15,20,30,-7.4,0,0,0,0.8,8,3.3000000000000003
2023,2,15,21,30,-7.6000000000000005,0,0,0,0.8,9,3
2023,2,15,22,30,-7.800000000000001,0,0,0,0.8,12,2.8000000000000003
2023,2,15,23,30,-7.9,0,0,0,0.8,15,2.6
2023,2,16,0,30,-7.9,0,0,0,0.8,15,2.6
2023,2,16,1,30,-7.9,0,0,0,0.8,14,2.5
2023,2,16,2,30,-8.1,0,0,0,0.8,20,2.3000000000000003
2023,2,16,3,30,-8.6,0,0,0,0.8,32,2
2023,2,16,4,30,-9.1,0,0,0,0.8,44,1.9000000000000001
2023,2,16,5,30,-9.3,0,0,0,0.8,49,1.8
2023,2,16,6,30,-8.700000000000001,0,0,0,0.8,41,1.6
2023,2,16,7,30,-6.7,60,2,60,0.8,19,2
2023,2,16,8,30,-4.1000000000000005,226,58,244,0.8,183,2.8000000000000003
2023,2,16,9,30,-2.2,198,245,309,0.8,181,3.4000000000000004
2023,2,16,10,30,-0.6000000000000001,116,87,165,0.8,5,3.6
2023,2,16,11,30,0.5,107,223,246,0.8,11,3.6
2023,2,16,12,30,1.3,149,450,435,0.8,17,3.4000000000000004
2023,2,16,13,30,1.5,122,416,369,0.8,25,3
2023,2,16,14,30,1.3,159,547,434,0.8,39,2.4000000000000004
2023,2,16,15,30,0.1,142,281,246,0.8,66,1.6
2023,2,16,16,30,-2.7,88,107,110,0.8,102,1.2000000000000002
2023,2,16,17,30,-5.300000000000001,10,1,10,0.73,134,1.2000000000000002
2023,2,16,18,30,-6.4,0,0,0,0.73,165,1.3
2023,2,16,19,30,-7.1000000000000005,0,0,0,0.73,202,1.5
2023,2,16,20,30,-7.300000000000001,0,0,0,0.73,237,1.9000000000000001
2023,2,16,21,30,-7.300000000000001,0,0,0,0.73,258,2.4000000000000004
2023,2,16,22,30,-7.2,0,0,0,0.73,265,3
2023,2,16,23,30,-7.300000000000001,0,0,0,0.73,265,3.4000000000000004
2023,2,17,0,30,-7.4,0,0,0,0.73,266,3.7
2023,2,17,1,30,-7.4,0,0,0,0.73,267,3.9000000000000004
2023,2,17,2,30,-7.2,0,0,0,0.73,267,4.2
2023,2,17,3,30,-6.9,0,0,0,0.73,265,4.4
2023,2,17,4,30,-6.6000000000000005,0,0,0,0.73,263,4.5
2023,2,17,5,30,-6.1000000000000005,0,0,0,0.73,261,4.4
2023,2,17,6,30,-4.6000000000000005,0,0,0,0.73,260,4.6000000000000005
2023,2,17,7,30,-1.2000000000000002,62,7,63,0.73,258,4.6000000000000005
2023,2,17,8,30,2.5,29,6,31,0.73,253,4
2023,2,17,9,30,6,40,0,40,0.73,243,3.2
2023,2,17,10,30,9,75,0,75,0.73,229,2.8000000000000003
2023,2,17,11,30,10.9,147,0,147,0.73,216,2.6
2023,2,17,12,30,12,229,2,230,0.73,205,2.7
2023,2,17,13,30,12.4,204,4,206,0.73,200,2.8000000000000003
2023,2,17,14,30,11.700000000000001,151,72,188,0.73,194,2.2
2023,2,17,15,30,8.6,96,477,274,0.73,188,1.6
2023,2,17,16,30,4.1000000000000005,68,516,174,0.73,195,1.7000000000000002
2023,2,17,17,30,1.5,13,2,13,0.65,214,2
2023,2,17,18,30,1.1,0,0,0,0.65,235,2.6
2023,2,17,19,30,1.3,0,0,0,0.65,249,3.1
2023,2,17,20,30,1.2000000000000002,0,0,0,0.65,256,3.4000000000000004
2023,2,17,21,30,0.9,0,0,0,0.65,260,3.4000000000000004
2023,2,17,22,30,0.5,0,0,0,0.65,262,3.3000000000000003
2023,2,17,23,30,0.2,0,0,0,0.65,263,3.3000000000000003
2023,2,18,0,30,0.2,0,0,0,0.65,264,3.3000000000000003
2023,2,18,1,30,0.30000000000000004,0,0,0,0.65,264,3.3000000000000003
2023,2,18,2,30,0.2,0,0,0,0.65,264,3.2
2023,2,18,3,30,-0.2,0,0,0,0.65,263,3.3000000000000003
2023,2,18,4,30,-0.1,0,0,0,0.65,264,3.6
2023,2,18,5,30,0.1,0,0,0,0.65,265,3.8000000000000003
2023,2,18,6,30,0.9,0,0,0,0.65,267,4.1000000000000005
2023,2,18,7,30,3.1,76,44,82,0.65,267,4.3
2023,2,18,8,30,5.5,125,362,238,0.65,269,4.2
2023,2,18,9,30,7.6000000000000005,235,404,422,0.65,274,3.8000000000000003
2023,2,18,10,30,9.3,239,15,248,0.65,278,3.4000000000000004
2023,2,18,11,30,10.700000000000001,195,2,196,0.65,274,3.2
2023,2,18,12,30,11.8,230,4,233,0.65,265,3.3000000000000003
2023,2,18,13,30,12.5,355,205,479,0.65,259,3.6
2023,2,18,14,30,12.200000000000001,243,73,280,0.65,260,3.5
2023,2,18,15,30,9.9,68,874,399,0.65,261,3.1
2023,2,18,16,30,5.9,45,742,201,0.65,260,3
2023,2,18,17,30,3,15,204,20,0.65,258,3.6
2023,2,18,18,30,2.1,0,0,0,0.65,256,4.4
2023,2,18,19,30,1.7000000000000002,0,0,0,0.65,256,4.800000000000001
2023,2,18,20,30,1.3,0,0,0,0.65,258,5
2023,2,18,21,30,1.1,0,0,0,0.65,259,5
2023,2,18,22,30,0.8,0,0,0,0.65,260,5
2023,2,18,23,30,0.6000000000000001,0,0,0,0.65,260,5
2023,2,19,0,30,0.30000000000000004,0,0,0,0.65,261,4.800000000000001
2023,2,19,1,30,0,0,0,0,0.65,261,4.5
2023,2,19,2,30,-0.30000000000000004,0,0,0,0.65,262,4.1000000000000005
2023,2,19,3,30,-0.5,0,0,0,0.65,261,3.8000000000000003
2023,2,19,4,30,-0.6000000000000001,0,0,0,0.65,258,3.7
2023,2,19,5,30,-0.6000000000000001,0,0,0,0.65,255,3.7
2023,2,19,6,30,1,0,0,0,0.65,255,4.1000000000000005
2023,2,19,7,30,4.3,37,579,117,0.65,254,4.9
2023,2,19,8,30,7.800000000000001,58,821,318,0.65,256,6
2023,2,19,9,30,10.700000000000001,72,922,502,0.65,261,7.1000000000000005
2023,2,19,10,30,12.5,81,974,642,0.65,265,7.5
2023,2,19,11,30,13.5,84,999,722,0.65,268,7.800000000000001
2023,2,19,12,30,13.9,85,1004,737,0.65,270,8.3
2023,2,19,13,30,13.700000000000001,82,985,681,0.65,272,8.6
2023,2,19,14,30,12.9,125,853,566,0.65,273,8.5
2023,2,19,15,30,11.4,141,627,381,0.65,274,7.6000000000000005
2023,2,19,16,30,8.4,108,323,177,0.65,274,5.7
2023,2,19,17,30,5.5,15,65,17,0.21,275,4.2
2023,2,19,18,30,3.9000000000000004,0,0,0,0.21,273,3.7
2023,2,19,19,30,2.9000000000000004,0,0,0,0.21,271,3.3000000000000003
2023,2,19,20,30,2.2,0,0,0,0.21,269,3
2023,2,19,21,30,1.6,0,0,0,0.21,263,2.9000000000000004
2023,2,19,22,30,1.2000000000000002,0,0,0,0.21,259,2.9000000000000004
2023,2,19,23,30,0.9,0,0,0,0.21,259,3
2023,2,20,0,30,0.8,0,0,0,0.21,262,3
2023,2,20,1,30,0.9,0,0,0,0.21,264,3
2023,2,20,2,30,1.1,0,0,0,0.21,267,3
2023,2,20,3,30,1.4000000000000001,0,0,0,0.21,274,2.9000000000000004
2023,2,20,4,30,1.6,0,0,0,0.21,279,2.8000000000000003
2023,2,20,5,30,1.7000000000000002,0,0,0,0.21,277,2.9000000000000004
2023,2,20,6,30,3,0,0,0,0.21,271,3.1
2023,2,20,7,30,6.5,33,631,123,0.21,267,4.4
2023,2,20,8,30,10.100000000000001,48,862,325,0.21,271,6.300000000000001
2023,2,20,9,30,12.8,58,954,507,0.21,283,7.5
2023,2,20,10,30,14.700000000000001,66,993,643,0.21,293,7.800000000000001
2023,2,20,11,30,15.9,224,630,629,0.21,300,7.6000000000000005
2023,2,20,12,30,16.400000000000002,85,984,729,0.21,304,7.1000000000000005
2023,2,20,13,30,16.400000000000002,259,242,407,0.21,307,6.6000000000000005
2023,2,20,14,30,15.9,210,436,437,0.21,311,6.1000000000000005
2023,2,20,15,30,14.100000000000001,141,570,361,0.21,310,4.7
2023,2,20,16,30,10.700000000000001,41,734,201,0.21,304,3
2023,2,20,17,30,8.1,16,215,22,0.21,294,2.4000000000000004
2023,2,20,18,30,7.2,0,0,0,0.21,282,2.4000000000000004
2023,2,20,19,30,6.4,0,0,0,0.21,274,2.4000000000000004
2023,2,20,20,30,5,0,0,0,0.21,272,2.5
2023,2,20,21,30,3.6,0,0,0,0.21,270,2.7
2023,2,20,22,30,2.8000000000000003,0,0,0,0.21,266,3.2
2023,2,20,23,30,2.6,0,0,0,0.21,264,3.9000000000000004
2023,2,21,0,30,2.5,0,0,0,0.21,264,4.5
2023,2,21,1,30,2.3000000000000003,0,0,0,0.21,262,4.7
2023,2,21,2,30,1.9000000000000001,0,0,0,0.21,262,4.4
2023,2,21,3,30,1.4000000000000001,0,0,0,0.21,261,4.2
2023,2,21,4,30,1,0,0,0,0.21,259,4
2023,2,21,5,30,0.7000000000000001,0,0,0,0.21,258,4
2023,2,21,6,30,2,0,0,0,0.21,257,4.3
2023,2,21,7,30,5.4,32,657,129,0.21,259,5.1000000000000005
2023,2,21,8,30,9.4,46,878,332,0.21,262,6.300000000000001
2023,2,21,9,30,13.100000000000001,55,978,520,0.21,265,7.5
2023,2,21,10,30,15.600000000000001,60,1020,658,0.21,264,8.200000000000001
2023,2,21,11,30,17,67,1035,738,0.21,264,8.4
2023,2,21,12,30,17.6,70,1025,745,0.21,262,8.4
2023,2,21,13,30,17.5,68,1003,687,0.21,257,8.3
2023,2,21,14,30,16.8,63,961,568,0.21,253,8.200000000000001
2023,2,21,15,30,15.200000000000001,55,890,403,0.21,248,7.5
2023,2,21,16,30,12.100000000000001,42,738,206,0.21,244,6
2023,2,21,17,30,9.200000000000001,18,252,26,0.21,243,4.9
2023,2,21,18,30,7.6000000000000005,0,0,0,0.21,244,4.6000000000000005
2023,2,21,19,30,6.5,0,0,0,0.21,247,4.1000000000000005
2023,2,21,20,30,5.4,0,0,0,0.21,250,3.4000000000000004
2023,2,21,21,30,4.5,0,0,0,0.21,251,2.8000000000000003
2023,2,21,22,30,3.7,0,0,0,0.21,250,2.3000000000000003
2023,2,21,23,30,3.4000000000000004,0,0,0,0.21,254,2
2023,2,22,0,30,3.1,0,0,0,0.21,265,1.6
2023,2,22,1,30,2.8000000000000003,0,0,0,0.21,292,1.4000000000000001
2023,2,22,2,30,2.3000000000000003,0,0,0,0.21,166,1.8
2023,2,22,3,30,1.5,0,0,0,0.21,29,2.8000000000000003
2023,2,22,4,30,0.4,0,0,0,0.21,41,3.7
2023,2,22,5,30,-0.7000000000000001,0,0,0,0.21,50,4.2
2023,2,22,6,30,-1.1,0,0,0,0.21,60,4.3
2023,2,22,7,30,-0.4,48,73,59,0.21,67,4.2
2023,2,22,8,30,0.9,28,54,46,0.21,79,4
2023,2,22,9,30,2.4000000000000004,42,0,42,0.21,97,4.3
2023,2,22,10,30,3.9000000000000004,94,0,94,0.21,110,5.1000000000000005
2023,2,22,11,30,4.9,120,0,120,0.21,117,5.9
2023,2,22,12,30,5.2,101,2,102,0.21,123,5.5
2023,2,22,13,30,5,136,3,138,0.21,163,3.8000000000000003
2023,2,22,14,30,4.4,73,0,73,0.21,229,3.3000000000000003
2023,2,22,15,30,3.2,83,7,86,0.21,256,4.2
2023,2,22,16,30,1.2000000000000002,22,266,82,0.21,244,4.2
2023,2,22,17,30,-0.6000000000000001,14,18,15,0.74,236,4.1000000000000005
2023,2,22,18,30,-1.6,0,0,0,0.74,240,4.6000000000000005
2023,2,22,19,30,-2.3000000000000003,0,0,0,0.74,248,4.800000000000001
2023,2,22,20,30,-3.2,0,0,0,0.74,253,4.7
2023,2,22,21,30,-4,0,0,0,0.74,255,4.800000000000001
2023,2,22,22,30,-4.800000000000001,0,0,0,0.74,257,4.800000000000001
2023,2,22,23,30,-5.5,0,0,0,0.74,260,4.7
2023,2,23,0,30,-6,0,0,0,0.74,264,4.6000000000000005
2023,2,23,1,30,-6.300000000000001,0,0,0,0.74,268,4.2
2023,2,23,2,30,-6.4,0,0,0,0.74,273,3.4000000000000004
2023,2,23,3,30,-6.5,0,0,0,0.74,277,2.5
2023,2,23,4,30,-6.5,0,0,0,0.74,279,1.8
2023,2,23,5,30,-6.300000000000001,0,0,0,0.74,269,1.2000000000000002
2023,2,23,6,30,-5.2,0,0,0,0.74,223,1
2023,2,23,7,30,-2.7,32,0,32,0.74,191,1.5
2023,2,23,8,30,-0.1,99,0,99,0.74,207,2.2
2023,2,23,9,30,2,200,0,200,0.74,223,2.8000000000000003
2023,2,23,10,30,3.6,328,2,329,0.74,227,3.5
2023,2,23,11,30,5,466,24,482,0.74,226,4.3
2023,2,23,12,30,6,528,201,662,0.74,225,4.9
2023,2,23,13,30,6.5,353,4,356,0.74,225,5.300000000000001
2023,2,23,14,30,6.6000000000000005,242,1,243,0.74,227,5.2
2023,2,23,15,30,5.7,122,0,122,0.74,234,4.1000000000000005
2023,2,23,16,30,3.4000000000000004,53,720,218,0.74,241,2.5
2023,2,23,17,30,1.2000000000000002,20,238,30,0.7000000000000001,250,1.7000000000000002
2023,2,23,18,30,0,0,0,0,0.7000000000000001,259,1.5
2023,2,23,19,30,-1.1,0,0,0,0.7000000000000001,269,1.3
2023,2,23,20,30,-2.2,0,0,0,0.7000000000000001,287,1
2023,2,23,21,30,-3.3000000000000003,0,0,0,0.7000000000000001,167,1
2023,2,23,22,30,-4.5,0,0,0,0.7000000000000001,48,1.5
2023,2,23,23,30,-5.7,0,0,0,0.7000000000000001,61,1.9000000000000001
2023,2,24,0,30,-6.800000000000001,0,0,0,0.7000000000000001,57,2
2023,2,24,1,30,-7.4,0,0,0,0.7000000000000001,49,2
2023,2,24,2,30,-7.6000000000000005,0,0,0,0.7000000000000001,47,1.8
2023,2,24,3,30,-7.6000000000000005,0,0,0,0.7000000000000001,56,1.7000000000000002
2023,2,24,4,30,-7.4,0,0,0,0.7000000000000001,74,1.6
2023,2,24,5,30,-7,0,0,0,0.7000000000000001,93,1.6
2023,2,24,6,30,-5.7,3,24,2,0.7000000000000001,113,1.6
2023,2,24,7,30,-2.9000000000000004,43,618,142,0.7000000000000001,137,1.7000000000000002
2023,2,24,8,30,1,63,853,353,0.7000000000000001,185,2.2
2023,2,24,9,30,5.1000000000000005,75,952,542,0.7000000000000001,232,3.7
2023,2,24,10,30,8.6,82,1010,688,0.7000000000000001,251,6
2023,2,24,11,30,10.700000000000001,85,1034,770,0.7000000000000001,256,7.7
2023,2,24,12,30,11.4,87,1036,784,0.7000000000000001,259,8.3
2023,2,24,13,30,11.4,86,1018,728,0.7000000000000001,261,8
2023,2,24,14,30,10.9,81,979,608,0.7000000000000001,262,7.1000000000000005
2023,2,24,15,30,9.4,66,918,436,0.7000000000000001,262,5.300000000000001
2023,2,24,16,30,5.7,48,775,229,0.7000000000000001,262,3.1
2023,2,24,17,30,2.5,20,284,32,0.22,262,2.1
2023,2,24,18,30,1.6,0,0,0,0.22,259,1.8
2023,2,24,19,30,1.3,0,0,0,0.22,252,1.8
2023,2,24,20,30,0.7000000000000001,0,0,0,0.22,245,1.8
2023,2,24,21,30,-0.2,0,0,0,0.22,242,2
2023,2,24,22,30,-0.9,0,0,0,0.22,244,2.2
2023,2,24,23,30,-1.2000000000000002,0,0,0,0.22,248,2.4000000000000004
2023,2,25,0,30,-1.3,0,0,0,0.22,255,2.5
2023,2,25,1,30,-1.3,0,0,0,0.22,262,2.7
2023,2,25,2,30,-1.2000000000000002,0,0,0,0.22,266,2.9000000000000004
2023,2,25,3,30,-1,0,0,0,0.22,268,3.1
2023,2,25,4,30,-0.4,0,0,0,0.22,265,3.2
2023,2,25,5,30,0.30000000000000004,0,0,0,0.22,260,3.2
2023,2,25,6,30,1.6,1,0,1,0.22,261,3.2
2023,2,25,7,30,4.1000000000000005,60,281,107,0.22,267,3.5
2023,2,25,8,30,7,73,684,309,0.22,270,3.6
2023,2,25,9,30,10,231,334,396,0.22,269,3.7
2023,2,25,10,30,12.600000000000001,258,425,515,0.22,266,4
2023,2,25,11,30,14.600000000000001,269,506,607,0.22,263,4
2023,2,25,12,30,15.8,244,577,635,0.22,257,3.6
2023,2,25,13,30,16,219,594,596,0.22,250,3.1
2023,2,25,14,30,15,216,486,480,0.22,241,2.5
2023,2,25,15,30,13,207,98,247,0.22,235,2
2023,2,25,16,30,9.9,85,23,90,0.22,232,1.8
2023,2,25,17,30,7.5,19,2,19,0.21,232,1.8
2023,2,25,18,30,6.800000000000001,0,0,0,0.21,237,1.9000000000000001
2023,2,25,19,30,6.5,0,0,0,0.21,242,1.8
2023,2,25,20,30,5.6000000000000005,0,0,0,0.21,245,1.7000000000000002
2023,2,25,21,30,4.6000000000000005,0,0,0,0.21,249,1.7000000000000002
2023,2,25,22,30,4.1000000000000005,0,0,0,0.21,254,1.8
2023,2,25,23,30,3.9000000000000004,0,0,0,0.21,259,2
2023,2,26,0,30,3.6,0,0,0,0.21,260,2.2
2023,2,26,1,30,3.5,0,0,0,0.21,258,2.5
2023,2,26,2,30,3.5,0,0,0,0.21,252,2.8000000000000003
2023,2,26,3,30,3.5,0,0,0,0.21,247,3
2023,2,26,4,30,3.5,0,0,0,0.21,243,3.2
2023,2,26,5,30,3.5,0,0,0,0.21,239,3.2
2023,2,26,6,30,5.5,4,35,3,0.21,234,3.4000000000000004
2023,2,26,7,30,9.600000000000001,42,607,145,0.21,228,3.9000000000000004
2023,2,26,8,30,13.600000000000001,53,855,352,0.21,215,5
2023,2,26,9,30,16.7,62,947,536,0.21,202,6.5
2023,2,26,10,30,18.5,68,984,669,0.21,196,7.6000000000000005
2023,2,26,11,30,19.1,293,258,466,0.21,197,8
2023,2,26,12,30,18.2,114,1,115,0.21,205,8
2023,2,26,13,30,16.5,80,1,81,0.21,219,7.2
2023,2,26,14,30,14.8,213,20,224,0.21,239,6.4
2023,2,26,15,30,12.600000000000001,117,624,373,0.21,258,7.1000000000000005
2023,2,26,16,30,10.100000000000001,63,458,173,0.21,275,8.9
2023,2,26,17,30,8,22,195,32,0.22,288,11
2023,2,26,18,30,6.5,0,0,0,0.22,294,11.8
2023,2,26,19,30,5.5,0,0,0,0.22,296,10.5
2023,2,26,20,30,4.4,0,0,0,0.22,292,8.200000000000001
2023,2,26,21,30,3.3000000000000003,0,0,0,0.22,281,6.6000000000000005
2023,2,26,22,30,2.5,0,0,0,0.22,272,6.4
2023,2,26,23,30,2.2,0,0,0,0.22,270,6.7
2023,2,27,0,30,1.7000000000000002,0,0,0,0.22,270,6.6000000000000005
2023,2,27,1,30,1.1,0,0,0,0.22,271,6.2
2023,2,27,2,30,0.5,0,0,0,0.22,273,5.800000000000001
2023,2,27,3,30,-0.1,0,0,0,0.22,274,5.300000000000001
2023,2,27,4,30,-0.7000000000000001,0,0,0,0.22,273,4.7
2023,2,27,5,30,-1.1,0,0,0,0.22,271,4.3
2023,2,27,6,30,0.2,4,50,3,0.22,270,4.4
2023,2,27,7,30,3.7,34,735,163,0.22,273,4.800000000000001
2023,2,27,8,30,7.6000000000000005,47,923,375,0.22,281,4.6000000000000005
2023,2,27,9,30,10.700000000000001,55,1004,562,0.22,279,4
2023,2,27,10,30,12.600000000000001,61,1031,695,0.22,272,4.1000000000000005
2023,2,27,11,30,13.9,67,1046,775,0.22,268,4.7
2023,2,27,12,30,14.600000000000001,65,1051,787,0.22,267,5.4
2023,2,27,13,30,14.600000000000001,62,1040,732,0.22,267,6
2023,2,27,14,30,13.9,58,1008,614,0.22,269,6.5
2023,2,27,15,30,12.4,52,943,444,0.22,271,6.300000000000001
2023,2,27,16,30,9.3,43,806,240,0.22,271,5
2023,2,27,17,30,6,22,376,42,0.22,269,4
2023,2,27,18,30,4.3,0,0,0,0.22,264,4.1000000000000005
2023,2,27,19,30,3.2,0,0,0,0.22,259,4.2
2023,2,27,20,30,2.4000000000000004,0,0,0,0.22,256,4.4
2023,2,27,21,30,1.8,0,0,0,0.22,254,4.4
2023,2,27,22,30,1.2000000000000002,0,0,0,0.22,253,4.3
2023,2,27,23,30,0.7000000000000001,0,0,0,0.22,251,4
2023,2,28,0,30,0.4,0,0,0,0.22,249,3.9000000000000004
2023,2,28,1,30,0.1,0,0,0,0.22,248,3.6
2023,2,28,2,30,-0.30000000000000004,0,0,0,0.22,247,3.3000000000000003
2023,2,28,3,30,-0.6000000000000001,0,0,0,0.22,243,3.3000000000000003
2023,2,28,4,30,-0.8,0,0,0,0.22,238,3.4000000000000004
2023,2,28,5,30,-0.7000000000000001,0,0,0,0.22,236,3.8000000000000003
2023,2,28,6,30,1,8,80,6,0.22,236,4.7
2023,2,28,7,30,4.2,38,704,165,0.22,244,6.5
2023,2,28,8,30,6.800000000000001,52,897,375,0.22,258,8.3
2023,2,28,9,30,8.5,60,983,562,0.22,267,9.200000000000001
2023,2,28,10,30,9.700000000000001,63,1028,701,0.22,268,9.5
2023,2,28,11,30,10.600000000000001,64,1049,780,0.22,268,9.700000000000001
2023,2,28,12,30,11.100000000000001,66,1050,792,0.22,266,9.700000000000001
2023,2,28,13,30,11.100000000000001,65,1036,737,0.22,265,9.600000000000001
2023,2,28,14,30,10.600000000000001,61,1004,619,0.22,264,9.1
2023,2,28,15,30,9.600000000000001,54,941,448,0.22,264,8.200000000000001
2023,2,28,16,30,7.5,42,807,243,0.22,263,6.300000000000001
2023,2,28,17,30,9.700000000000001,19,1,19,0.22,340,1
2023,2,28,18,30,8.6,0,0,0,0.22,321,1.2000000000000002
2023,2,28,19,30,7.6000000000000005,0,0,0,0.22,307,1.4000000000000001
2023,2,28,20,30,6.9,0,0,0,0.22,301,1.7000000000000002
2023,2,28,21,30,6.4,0,0,0,0.22,294,2
2023,2,28,22,30,5.800000000000001,0,0,0,0.22,289,2.2
2023,2,28,23,30,5,0,0,0,0.22,286,2.4000000000000004
2020,3,1,0,30,4.2,0,0,0,0.22,285,2.5
2020,3,1,1,30,3.7,0,0,0,0.22,283,2.7
2020,3,1,2,30,3.4000000000000004,0,0,0,0.22,281,2.8000000000000003
2020,3,1,3,30,3.2,0,0,0,0.22,278,2.7
2020,3,1,4,30,3.1,0,0,0,0.22,279,2.6
2020,3,1,5,30,3.2,0,0,0,0.22,280,2.4000000000000004
2020,3,1,6,30,5.300000000000001,4,0,4,0.22,279,2.7
2020,3,1,7,30,9.3,73,7,74,0.22,281,3.4000000000000004
2020,3,1,8,30,12.5,187,151,243,0.22,289,3.4000000000000004
2020,3,1,9,30,14.4,294,90,341,0.22,289,2.4000000000000004
2020,3,1,10,30,15.5,288,451,572,0.22,259,1.6
2020,3,1,11,30,16.1,218,692,696,0.22,220,1.7000000000000002
2020,3,1,12,30,16.1,325,457,645,0.22,206,2.2
2020,3,1,13,30,15.700000000000001,101,936,715,0.22,208,2.4000000000000004
2020,3,1,14,30,15.100000000000001,232,469,496,0.22,218,2.3000000000000003
2020,3,1,15,30,14,86,802,428,0.22,238,1.8
2020,3,1,16,30,11.700000000000001,95,472,215,0.22,283,1.1
2020,3,1,17,30,9,29,130,37,0.22,165,1
2020,3,1,18,30,7.300000000000001,0,0,0,0.22,31,1.9000000000000001
2020,3,1,19,30,6,0,0,0,0.22,55,3.4000000000000004
2020,3,1,20,30,4.7,0,0,0,0.22,61,4
2020,3,1,21,30,3.5,0,0,0,0.22,59,3.4000000000000004
2020,3,1,22,30,2.3000000000000003,0,0,0,0.22,55,2.6
2020,3,1,23,30,1.3,0,0,0,0.22,56,2.2
2020,3,2,0,30,0.5,0,0,0,0.22,64,1.9000000000000001
2020,3,2,1,30,0.1,0,0,0,0.22,64,1.6
2020,3,2,2,30,-0.30000000000000004,0,0,0,0.22,63,1.5
2020,3,2,3,30,-0.9,0,0,0,0.22,73,1.2000000000000002
2020,3,2,4,30,-1.6,0,0,0,0.22,88,1
2020,3,2,5,30,-2,0,0,0,0.22,107,1
2020,3,2,6,30,-0.7000000000000001,7,66,7,0.22,135,1.6
2020,3,2,7,30,2.5,46,638,169,0.22,176,2.3000000000000003
2020,3,2,8,30,6.1000000000000005,192,28,202,0.22,226,2.8000000000000003
2020,3,2,9,30,9.5,107,828,541,0.22,263,3.6
2020,3,2,10,30,12.100000000000001,76,986,701,0.22,275,4.6000000000000005
2020,3,2,11,30,13.700000000000001,83,1004,781,0.22,276,5.5
2020,3,2,12,30,14.600000000000001,86,1005,794,0.22,278,6.300000000000001
2020,3,2,13,30,14.700000000000001,86,985,737,0.22,282,7
2020,3,2,14,30,14.100000000000001,82,945,618,0.22,285,7.4
2020,3,2,15,30,12.8,73,870,447,0.22,288,7
2020,3,2,16,30,10,87,559,232,0.22,292,5.300000000000001
2020,3,2,17,30,6.800000000000001,28,295,48,0.22,295,3.8000000000000003
2020,3,2,18,30,4.800000000000001,0,0,0,0.22,295,3.2
2020,3,2,19,30,3.6,0,0,0,0.22,293,2.9000000000000004
2020,3,2,20,30,2.7,0,0,0,0.22,290,2.5
2020,3,2,21,30,2.1,0,0,0,0.22,289,2.2
2020,3,2,22,30,1.7000000000000002,0,0,0,0.22,290,2
2020,3,2,23,30,1.3,0,0,0,0.22,289,1.9000000000000001
2020,3,3,0,30,0.8,0,0,0,0.22,292,1.8
2020,3,3,1,30,0.30000000000000004,0,0,0,0.22,302,1.7000000000000002
2020,3,3,2,30,0,0,0,0,0.22,309,1.5
2020,3,3,3,30,-0.1,0,0,0,0.22,310,1.4000000000000001
2020,3,3,4,30,-0.1,0,0,0,0.22,307,1.4000000000000001
2020,3,3,5,30,0,0,0,0,0.22,304,1.4000000000000001
2020,3,3,6,30,2.2,9,97,10,0.22,301,1.7000000000000002
2020,3,3,7,30,6.1000000000000005,46,658,176,0.22,284,1.5
2020,3,3,8,30,9.5,63,854,386,0.22,226,1.1
2020,3,3,9,30,12.3,73,943,572,0.22,170,1.3
2020,3,3,10,30,14.600000000000001,78,989,710,0.22,142,1.3
2020,3,3,11,30,16.2,82,1010,789,0.22,110,1.5
2020,3,3,12,30,17.3,82,1007,796,0.22,84,2
2020,3,3,13,30,17.7,82,988,739,0.22,69,2.7
2020,3,3,14,30,17.6,80,945,620,0.22,62,3.4000000000000004
2020,3,3,15,30,16.3,70,866,446,0.22,58,3.5
2020,3,3,16,30,12.8,55,719,244,0.22,57,2.8000000000000003
2020,3,3,17,30,9.3,27,329,50,0.22,56,2.6
2020,3,3,18,30,7.9,0,0,0,0.22,49,3.5
2020,3,3,19,30,7,0,0,0,0.22,44,4.6000000000000005
2020,3,3,20,30,5.7,0,0,0,0.22,45,4.7
2020,3,3,21,30,4,0,0,0,0.22,53,3.2
2020,3,3,22,30,2.6,0,0,0,0.22,66,1.6
2020,3,3,23,30,1.9000000000000001,0,0,0,0.22,92,0.8
2020,3,4,0,30,1.3,0,0,0,0.22,204,0.5
2020,3,4,1,30,0.9,0,0,0,0.22,296,0.8
2020,3,4,2,30,0.5,0,0,0,0.22,294,1.1
2020,3,4,3,30,0.30000000000000004,0,0,0,0.22,296,1.4000000000000001
2020,3,4,4,30,0.4,0,0,0,0.22,296,1.5
2020,3,4,5,30,0.8,0,0,0,0.22,294,1.5
2020,3,4,6,30,3.5,11,108,12,0.22,282,1.4000000000000001
2020,3,4,7,30,7.9,48,685,187,0.22,248,1.8
2020,3,4,8,30,11.4,64,868,397,0.22,220,2.5
2020,3,4,9,30,14.200000000000001,75,952,583,0.22,222,2.7
2020,3,4,10,30,16.5,81,996,722,0.22,229,2.6
2020,3,4,11,30,18.3,83,1010,795,0.22,231,2.2
2020,3,4,12,30,19.400000000000002,84,1012,807,0.22,240,2.1
2020,3,4,13,30,20,83,990,746,0.22,261,2.5
2020,3,4,14,30,19.8,78,951,626,0.22,283,3.3000000000000003
2020,3,4,15,30,18.5,71,877,455,0.22,296,3.6
2020,3,4,16,30,14.9,56,727,250,0.22,303,3.2
2020,3,4,17,30,11.200000000000001,28,337,53,0.22,305,3.3000000000000003
2020,3,4,18,30,9.5,0,0,0,0.22,301,3.7
2020,3,4,19,30,8.200000000000001,0,0,0,0.22,291,3.4000000000000004
2020,3,4,20,30,7.1000000000000005,0,0,0,0.22,282,3
2020,3,4,21,30,6.300000000000001,0,0,0,0.22,283,2.9000000000000004
2020,3,4,22,30,5.4,0,0,0,0.22,289,2.8000000000000003
2020,3,4,23,30,4.5,0,0,0,0.22,296,2.6
2020,3,5,0,30,3.7,0,0,0,0.22,299,2.3000000000000003
2020,3,5,1,30,3.1,0,0,0,0.22,302,2.2
2020,3,5,2,30,2.5,0,0,0,0.22,309,2
2020,3,5,3,30,1.8,0,0,0,0.22,317,1.9000000000000001
2020,3,5,4,30,1.1,0,0,0,0.22,323,1.6
2020,3,5,5,30,1,0,0,0,0.22,333,1.1
2020,3,5,6,30,2.8000000000000003,12,98,13,0.22,217,1.3
2020,3,5,7,30,5.300000000000001,50,644,184,0.22,106,2.5
2020,3,5,8,30,7.2,68,840,395,0.22,126,3.1
2020,3,5,9,30,9.600000000000001,79,931,581,0.22,134,3
2020,3,5,10,30,12,82,985,721,0.22,129,2.8000000000000003
2020,3,5,11,30,14.200000000000001,82,1013,801,0.22,115,2.8000000000000003
2020,3,5,12,30,15.5,84,1013,812,0.22,103,3.1
2020,3,5,13,30,16,85,991,753,0.22,97,3.5
2020,3,5,14,30,15.600000000000001,82,942,628,0.22,93,4
2020,3,5,15,30,14.100000000000001,73,871,458,0.22,93,4.5
2020,3,5,16,30,10.9,57,726,253,0.22,93,4.1000000000000005
2020,3,5,17,30,7.2,28,345,55,0.22,94,3
2020,3,5,18,30,4.800000000000001,0,0,0,0.22,101,2.1
2020,3,5,19,30,3.6,0,0,0,0.22,106,1.5
2020,3,5,20,30,3,0,0,0,0.22,106,1.1
2020,3,5,21,30,2.5,0,0,0,0.22,101,0.6000000000000001
2020,3,5,22,30,1.8,0,0,0,0.22,201,0.4
2020,3,5,23,30,1.3,0,0,0,0.22,309,0.6000000000000001
2020,3,6,0,30,1,0,0,0,0.22,308,1.1
2020,3,6,1,30,0.8,0,0,0,0.22,295,1.3
2020,3,6,2,30,0.9,0,0,0,0.22,276,1.3
2020,3,6,3,30,1.1,0,0,0,0.22,257,1.4000000000000001
2020,3,6,4,30,1.4000000000000001,0,0,0,0.22,247,1.8
2020,3,6,5,30,2,0,0,0,0.22,247,2.2
2020,3,6,6,30,4.7,14,151,17,0.22,250,2.8000000000000003
2020,3,6,7,30,9,47,687,193,0.22,252,3.2
2020,3,6,8,30,13.5,62,867,403,0.22,252,3.5
2020,3,6,9,30,17.400000000000002,268,288,425,0.22,251,3.8000000000000003
2020,3,6,10,30,19.8,326,424,603,0.22,247,3.5
2020,3,6,11,30,21.1,270,618,712,0.22,240,3.2
2020,3,6,12,30,21.6,245,680,737,0.22,233,3
2020,3,6,13,30,21.8,84,985,752,0.22,228,2.8000000000000003
2020,3,6,14,30,21.400000000000002,112,871,621,0.22,226,2.7
2020,3,6,15,30,20.1,69,877,460,0.22,225,2.2
2020,3,6,16,30,16.7,120,351,216,0.22,217,1.5
2020,3,6,17,30,13,41,13,42,0.22,212,1.5
2020,3,6,18,30,11.200000000000001,0,0,0,0.22,222,2.1
2020,3,6,19,30,10.5,0,0,0,0.22,231,3.1
2020,3,6,20,30,10.100000000000001,0,0,0,0.22,235,4
2020,3,6,21,30,9.700000000000001,0,0,0,0.22,235,4.6000000000000005
2020,3,6,22,30,9.200000000000001,0,0,0,0.22,236,4.9
2020,3,6,23,30,8.700000000000001,0,0,0,0.22,238,5
2020,3,7,0,30,8.200000000000001,0,0,0,0.22,241,5.1000000000000005
2020,3,7,1,30,7.800000000000001,0,0,0,0.22,245,5.300000000000001
2020,3,7,2,30,7.5,0,0,0,0.22,250,5.300000000000001
2020,3,7,3,30,7.2,0,0,0,0.22,254,5.4
2020,3,7,4,30,6.800000000000001,0,0,0,0.22,258,5.5
2020,3,7,5,30,6.7,0,0,0,0.22,262,5.6000000000000005
2020,3,7,6,30,8.5,14,165,18,0.22,264,6
2020,3,7,7,30,12.200000000000001,46,692,197,0.22,268,6.300000000000001
2020,3,7,8,30,16.1,62,861,405,0.22,277,6.1000000000000005
2020,3,7,9,30,18.8,71,942,588,0.22,286,5.4
2020,3,7,10,30,20.3,76,986,725,0.22,287,4.5
2020,3,7,11,30,21.3,76,1005,799,0.22,280,3.8000000000000003
2020,3,7,12,30,21.900000000000002,78,1005,809,0.22,269,3.4000000000000004
2020,3,7,13,30,22.1,78,987,752,0.22,256,3.4000000000000004
2020,3,7,14,30,21.900000000000002,77,946,633,0.22,246,3.5
2020,3,7,15,30,20.900000000000002,98,780,449,0.22,241,3.4000000000000004
2020,3,7,16,30,17.6,89,585,251,0.22,236,2.6
2020,3,7,17,30,13.9,32,314,58,0.22,235,2.2
2020,3,7,18,30,12.3,0,0,0,0.22,238,2.9000000000000004
2020,3,7,19,30,11.600000000000001,0,0,0,0.22,239,3.4000000000000004
2020,3,7,20,30,10.700000000000001,0,0,0,0.22,237,3.4000000000000004
2020,3,7,21,30,9.8,0,0,0,0.22,233,3.2
2020,3,7,22,30,9.200000000000001,0,0,0,0.22,232,3.3000000000000003
2020,3,7,23,30,8.8,0,0,0,0.22,235,3.4000000000000004
2020,3,8,0,30,8.200000000000001,0,0,0,0.22,241,3.1
2020,3,8,1,30,7.6000000000000005,0,0,0,0.22,246,2.9000000000000004
2020,3,8,2,30,7.1000000000000005,0,0,0,0.22,248,3
2020,3,8,3,30,6.6000000000000005,0,0,0,0.22,248,3.3000000000000003
2020,3,8,4,30,6.300000000000001,0,0,0,0.22,248,3.6
2020,3,8,5,30,6.7,0,0,0,0.22,249,4
2020,3,8,6,30,9.1,12,1,12,0.22,252,4.9
2020,3,8,7,30,13.100000000000001,58,614,195,0.22,257,5.6000000000000005
2020,3,8,8,30,16.5,61,863,410,0.22,266,5.9
2020,3,8,9,30,18.3,70,943,593,0.22,273,5.800000000000001
2020,3,8,10,30,19,78,977,726,0.22,269,5.300000000000001
2020,3,8,11,30,19.3,139,848,753,0.22,258,4.9
2020,3,8,12,30,19.6,226,530,614,0.22,247,4.5
2020,3,8,13,30,19.900000000000002,253,518,609,0.22,241,4.3
2020,3,8,14,30,19.900000000000002,297,148,385,0.22,241,4.3
2020,3,8,15,30,18.6,216,188,301,0.22,243,3.8000000000000003
2020,3,8,16,30,16.2,95,13,99,0.22,246,3.6
2020,3,8,17,30,14.3,31,2,31,0.22,247,4.800000000000001
2020,3,8,18,30,13,0,0,0,0.22,253,5.6000000000000005
2020,3,8,19,30,11.600000000000001,0,0,0,0.22,266,5.5
2020,3,8,20,30,10.100000000000001,0,0,0,0.22,283,5
2020,3,8,21,30,8.700000000000001,0,0,0,0.22,296,4.5
2020,3,8,22,30,7.5,0,0,0,0.22,303,4.1000000000000005
2020,3,8,23,30,6.5,0,0,0,0.22,310,3.7
2020,3,9,0,30,5.5,0,0,0,0.22,316,3.3000000000000003
2020,3,9,1,30,4.6000000000000005,0,0,0,0.22,309,2.6
2020,3,9,2,30,3.9000000000000004,0,0,0,0.22,296,2.1
2020,3,9,3,30,3.4000000000000004,0,0,0,0.22,288,1.9000000000000001
2020,3,9,4,30,3,0,0,0,0.22,284,1.8
2020,3,9,5,30,3,0,0,0,0.22,281,1.9000000000000001
2020,3,9,6,30,5,16,173,22,0.22,281,2.5
2020,3,9,7,30,8.6,48,697,207,0.22,292,3.4000000000000004
2020,3,9,8,30,11.700000000000001,62,877,421,0.22,305,3.7
2020,3,9,9,30,14.100000000000001,71,959,607,0.22,314,3.3000000000000003
2020,3,9,10,30,15.9,75,1000,743,0.22,319,2.6
2020,3,9,11,30,17.3,92,986,811,0.22,319,1.6
2020,3,9,12,30,18.2,198,749,750,0.22,220,0.9
2020,3,9,13,30,18.7,321,222,475,0.22,133,1.2000000000000002
2020,3,9,14,30,18.6,248,363,464,0.22,154,2
2020,3,9,15,30,17.7,107,760,455,0.22,167,2.2
2020,3,9,16,30,15.200000000000001,115,437,239,0.22,164,1.8
2020,3,9,17,30,12.200000000000001,48,28,51,0.22,179,1.5
2020,3,9,18,30,10.100000000000001,0,0,0,0.22,215,1.9000000000000001
2020,3,9,19,30,8.5,0,0,0,0.22,237,2.5
2020,3,9,20,30,7.300000000000001,0,0,0,0.22,248,2.9000000000000004
2020,3,9,21,30,6.300000000000001,0,0,0,0.22,255,3.1
2020,3,9,22,30,5.5,0,0,0,0.22,259,3.2
2020,3,9,23,30,4.7,0,0,0,0.22,260,3.2
2020,3,10,0,30,4.1000000000000005,0,0,0,0.22,260,3.1
2020,3,10,1,30,3.6,0,0,0,0.22,261,3
2020,3,10,2,30,3.2,0,0,0,0.22,262,2.7
2020,3,10,3,30,3.3000000000000003,0,0,0,0.22,262,2.6
2020,3,10,4,30,3.8000000000000003,0,0,0,0.22,261,2.6
2020,3,10,5,30,4.6000000000000005,0,0,0,0.22,258,2.5
2020,3,10,6,30,6.7,18,231,27,0.22,256,2.8000000000000003
2020,3,10,7,30,10.3,46,719,214,0.22,259,3.3000000000000003
2020,3,10,8,30,14,158,452,345,0.22,265,3.1
2020,3,10,9,30,16.7,66,959,607,0.22,268,2.7
2020,3,10,10,30,18.400000000000002,74,988,739,0.22,262,2.5
2020,3,10,11,30,19.6,82,992,810,0.22,254,2.7
2020,3,10,12,30,20.1,187,758,749,0.22,254,3.2
2020,3,10,13,30,20.1,136,851,728,0.22,263,3.8000000000000003
2020,3,10,14,30,19.900000000000002,76,941,641,0.22,272,4.4
2020,3,10,15,30,19.200000000000003,124,698,446,0.22,280,4.5
2020,3,10,16,30,16.6,76,613,252,0.22,293,3.3000000000000003
2020,3,10,17,30,13.100000000000001,28,445,70,0.22,310,2.2
2020,3,10,18,30,11,0,0,0,0.22,326,2.3000000000000003
2020,3,10,19,30,9.700000000000001,0,0,0,0.22,336,2.5
2020,3,10,20,30,8.3,0,0,0,0.22,336,2.3000000000000003
2020,3,10,21,30,7.1000000000000005,0,0,0,0.22,325,1.9000000000000001
2020,3,10,22,30,6.1000000000000005,0,0,0,0.22,315,1.5
2020,3,10,23,30,5.5,0,0,0,0.22,309,1.3
2020,3,11,0,30,5.1000000000000005,0,0,0,0.22,298,1.3
2020,3,11,1,30,4.9,0,0,0,0.22,277,1.6
2020,3,11,2,30,4.3,0,0,0,0.22,259,2.1
2020,3,11,3,30,3.8000000000000003,0,0,0,0.22,254,2.6
2020,3,11,4,30,3.7,0,0,0,0.22,255,3
2020,3,11,5,30,4.1000000000000005,0,0,0,0.22,258,3.3000000000000003
2020,3,11,6,30,6.5,14,0,14,0.22,263,3.8000000000000003
2020,3,11,7,30,10.600000000000001,45,736,221,0.22,277,4.2
2020,3,11,8,30,14.600000000000001,59,891,433,0.22,300,4.3
2020,3,11,9,30,17.6,66,962,614,0.22,321,3.6
2020,3,11,10,30,19.8,72,996,747,0.22,335,2.4000000000000004
2020,3,11,11,30,21.3,77,1005,819,0.22,303,1.3
2020,3,11,12,30,22.3,85,992,825,0.22,229,1.4000000000000001
2020,3,11,13,30,22.700000000000003,88,964,763,0.22,200,2.3000000000000003
2020,3,11,14,30,22.6,81,930,643,0.22,220,3
2020,3,11,15,30,21.700000000000003,156,552,413,0.22,240,3.5
2020,3,11,16,30,18.8,115,464,250,0.22,251,3.1
2020,3,11,17,30,15.200000000000001,30,419,71,0.22,253,2.7
2020,3,11,18,30,13.100000000000001,0,0,0,0.22,255,3.2
2020,3,11,19,30,12.100000000000001,0,0,0,0.22,260,4.2
2020,3,11,20,30,11.4,0,0,0,0.22,266,5.1000000000000005
2020,3,11,21,30,10.700000000000001,0,0,0,0.22,269,5.6000000000000005
2020,3,11,22,30,9.9,0,0,0,0.22,269,5.7
2020,3,11,23,30,9.1,0,0,0,0.22,268,5.7
2020,3,12,0,30,8.5,0,0,0,0.22,268,5.300000000000001
2020,3,12,1,30,7.9,0,0,0,0.22,270,4.7
2020,3,12,2,30,7.4,0,0,0,0.22,271,4
2020,3,12,3,30,6.9,0,0,0,0.22,273,3.4000000000000004
2020,3,12,4,30,6.5,0,0,0,0.22,274,3
2020,3,12,5,30,6.7,0,0,0,0.22,275,2.9000000000000004
2020,3,12,6,30,8.6,18,1,18,0.22,281,3.4000000000000004
2020,3,12,7,30,11.700000000000001,109,78,128,0.22,294,4.3
2020,3,12,8,30,14.100000000000001,183,376,343,0.22,315,4.6000000000000005
2020,3,12,9,30,15.8,274,340,469,0.22,339,4
2020,3,12,10,30,17.1,221,672,680,0.22,189,3.4000000000000004
2020,3,12,11,30,17.900000000000002,341,373,618,0.22,38,3.2
2020,3,12,12,30,18.3,343,309,575,0.22,60,3.3000000000000003
2020,3,12,13,30,18.3,236,567,635,0.22,72,3.5
2020,3,12,14,30,17.8,153,694,575,0.22,79,4.1000000000000005
2020,3,12,15,30,16.5,252,167,330,0.22,85,5
2020,3,12,16,30,14.3,142,266,220,0.22,86,5.4
2020,3,12,17,30,11.600000000000001,52,32,55,0.22,85,5.4
2020,3,12,18,30,9.4,0,0,0,0.22,85,4.9
2020,3,12,19,30,7.6000000000000005,0,0,0,0.22,86,4.3
2020,3,12,20,30,5.9,0,0,0,0.22,87,3.9000000000000004
2020,3,12,21,30,4.7,0,0,0,0.22,88,3.9000000000000004
2020,3,12,22,30,3.7,0,0,0,0.22,88,3.8000000000000003
2020,3,12,23,30,2.9000000000000004,0,0,0,0.22,92,3.8000000000000003
2020,3,13,0,30,2.2,0,0,0,0.22,99,3.6
2020,3,13,1,30,1.8,0,0,0,0.22,104,3.4000000000000004
2020,3,13,2,30,1.6,0,0,0,0.22,104,3.3000000000000003
2020,3,13,3,30,1.4000000000000001,0,0,0,0.22,104,3.7
2020,3,13,4,30,1.1,0,0,0,0.22,106,4.1000000000000005
2020,3,13,5,30,0.8,0,0,0,0.22,108,4.3
2020,3,13,6,30,1.3,5,0,5,0.22,114,4.9
2020,3,13,7,30,2.7,25,0,25,0.22,125,6
2020,3,13,8,30,4.9,27,0,27,0.22,133,6.9
2020,3,13,9,30,7.4,81,0,81,0.22,135,7.5
2020,3,13,10,30,9.700000000000001,71,0,71,0.22,138,7.7
2020,3,13,11,30,11.600000000000001,70,0,70,0.22,140,7.6000000000000005
2020,3,13,12,30,12.700000000000001,93,0,93,0.22,145,7.5
2020,3,13,13,30,13.200000000000001,93,0,93,0.22,153,7
2020,3,13,14,30,12.700000000000001,115,4,117,0.22,158,6.2
2020,3,13,15,30,11.100000000000001,66,347,230,0.22,160,5.7
2020,3,13,16,30,8.5,77,7,79,0.22,160,5.300000000000001
2020,3,13,17,30,5.9,17,148,32,0.22,154,4.7
2020,3,13,18,30,4.4,0,0,0,0.22,145,4.4
2020,3,13,19,30,3.5,0,0,0,0.22,144,4.2
2020,3,13,20,30,2.9000000000000004,0,0,0,0.22,148,3.6
2020,3,13,21,30,2.5,0,0,0,0.22,159,2.8000000000000003
2020,3,13,22,30,2.1,0,0,0,0.22,181,2.1
2020,3,13,23,30,1.7000000000000002,0,0,0,0.22,212,1.5
2020,3,14,0,30,1.1,0,0,0,0.22,237,1.3
2020,3,14,1,30,0.7000000000000001,0,0,0,0.22,251,1.3
2020,3,14,2,30,0.30000000000000004,0,0,0,0.22,263,1.2000000000000002
2020,3,14,3,30,0.1,0,0,0,0.22,267,1.2000000000000002
2020,3,14,4,30,-0.1,0,0,0,0.22,265,1.2000000000000002
2020,3,14,5,30,0.2,0,0,0,0.22,265,1.2000000000000002
2020,3,14,6,30,2.3000000000000003,22,326,41,0.22,268,1.6
2020,3,14,7,30,5.800000000000001,52,415,158,0.22,277,2.2
2020,3,14,8,30,9.200000000000001,128,0,128,0.22,296,2
2020,3,14,9,30,11.9,199,1,200,0.22,174,1.4000000000000001
2020,3,14,10,30,13.9,265,1,266,0.22,63,1.6
2020,3,14,11,30,15.4,276,1,277,0.22,92,2.4000000000000004
2020,3,14,12,30,16.3,372,16,384,0.22,97,3.2
2020,3,14,13,30,16.6,406,93,472,0.22,95,3.8000000000000003
2020,3,14,14,30,16.2,161,732,612,0.22,89,4.1000000000000005
2020,3,14,15,30,15,184,406,377,0.22,82,4.4
2020,3,14,16,30,12.3,60,744,285,0.22,74,4.6000000000000005
2020,3,14,17,30,8.700000000000001,34,416,79,0.22,67,4.2
2020,3,14,18,30,5.9,0,0,0,0.22,58,3.6
2020,3,14,19,30,4.1000000000000005,0,0,0,0.22,46,2.9000000000000004
2020,3,14,20,30,2.7,0,0,0,0.22,37,2.4000000000000004
2020,3,14,21,30,1.6,0,0,0,0.22,37,2.3000000000000003
2020,3,14,22,30,0.9,0,0,0,0.22,49,2.2
2020,3,14,23,30,0.6000000000000001,0,0,0,0.22,60,2
2020,3,15,0,30,0.30000000000000004,0,0,0,0.22,65,1.7000000000000002
2020,3,15,1,30,0,0,0,0,0.22,68,1.6
2020,3,15,2,30,-0.2,0,0,0,0.22,71,1.6
2020,3,15,3,30,-0.4,0,0,0,0.22,73,1.5
2020,3,15,4,30,-0.5,0,0,0,0.22,74,1.3
2020,3,15,5,30,-0.2,0,0,0,0.22,69,1.1
2020,3,15,6,30,1.3,9,0,9,0.22,56,0.9
2020,3,15,7,30,4.1000000000000005,26,0,26,0.22,85,0.8
2020,3,15,8,30,7.5,71,1,71,0.22,145,1.1
2020,3,15,9,30,10.9,160,4,162,0.22,166,1.6
2020,3,15,10,30,13.8,247,16,258,0.22,166,2.1
2020,3,15,11,30,16.3,289,14,300,0.22,169,2.5
2020,3,15,12,30,18.3,362,247,551,0.22,175,2.8000000000000003
2020,3,15,13,30,19.200000000000003,293,458,621,0.22,184,2.9000000000000004
2020,3,15,14,30,19.3,253,368,481,0.22,192,2.8000000000000003
2020,3,15,15,30,18.7,201,254,323,0.22,200,2.5
2020,3,15,16,30,16.2,96,566,269,0.22,197,1.8
2020,3,15,17,30,12.8,40,239,66,0.22,197,1.4000000000000001
2020,3,15,18,30,10.8,0,0,0,0.22,212,1.7000000000000002
2020,3,15,19,30,9.3,0,0,0,0.22,225,2.1
2020,3,15,20,30,8.200000000000001,0,0,0,0.22,233,2.2
2020,3,15,21,30,7.2,0,0,0,0.22,241,2.3000000000000003
2020,3,15,22,30,6.300000000000001,0,0,0,0.22,250,2.4000000000000004
2020,3,15,23,30,5.5,0,0,0,0.22,260,2.4000000000000004
2020,3,16,0,30,4.9,0,0,0,0.22,269,2.4000000000000004
2020,3,16,1,30,4.4,0,0,0,0.22,278,2.4000000000000004
2020,3,16,2,30,4.1000000000000005,0,0,0,0.22,282,2.3000000000000003
2020,3,16,3,30,3.7,0,0,0,0.22,285,2.2
2020,3,16,4,30,3.4000000000000004,0,0,0,0.22,288,2
2020,3,16,5,30,3.9000000000000004,0,0,0,0.22,291,1.9000000000000001
2020,3,16,6,30,7.300000000000001,27,28,29,0.22,295,2.3000000000000003
2020,3,16,7,30,12,73,622,238,0.22,321,2.3000000000000003
2020,3,16,8,30,15.100000000000001,72,880,464,0.22,194,1.7000000000000002
2020,3,16,9,30,16.900000000000002,290,286,460,0.22,61,1.7000000000000002
2020,3,16,10,30,18,329,352,576,0.22,91,1.9000000000000001
2020,3,16,11,30,18.900000000000002,407,152,523,0.22,107,2.2
2020,3,16,12,30,19.400000000000002,93,998,859,0.22,112,2.6
2020,3,16,13,30,19.6,86,995,803,0.22,109,2.9000000000000004
2020,3,16,14,30,19.3,77,973,684,0.22,101,3.2
2020,3,16,15,30,18.400000000000002,72,894,504,0.22,95,3.6
2020,3,16,16,30,16,85,657,288,0.22,89,4
2020,3,16,17,30,12.5,61,49,67,0.22,87,4.3
2020,3,16,18,30,9.9,0,0,0,0.22,91,4.4
2020,3,16,19,30,8.1,0,0,0,0.22,95,4
2020,3,16,20,30,6.300000000000001,0,0,0,0.22,94,3.4000000000000004
2020,3,16,21,30,4.800000000000001,0,0,0,0.22,88,3.2
2020,3,16,22,30,3.9000000000000004,0,0,0,0.22,83,3.2
2020,3,16,23,30,3.5,0,0,0,0.22,82,3.2
2020,3,17,0,30,3.3000000000000003,0,0,0,0.22,87,3.2
2020,3,17,1,30,3,0,0,0,0.22,92,3.1
2020,3,17,2,30,2.9000000000000004,0,0,0,0.22,96,2.8000000000000003
2020,3,17,3,30,2.7,0,0,0,0.22,100,2.7
2020,3,17,4,30,2.6,0,0,0,0.22,105,2.6
2020,3,17,5,30,2.8000000000000003,0,0,0,0.22,110,2.6
2020,3,17,6,30,3.7,18,0,18,0.22,119,2.9000000000000004
2020,3,17,7,30,6,76,5,77,0.22,133,3.1
2020,3,17,8,30,9.5,24,0,24,0.22,141,3
2020,3,17,9,30,13.100000000000001,171,5,174,0.22,144,2.9000000000000004
2020,3,17,10,30,16.3,222,9,228,0.22,147,3.1
2020,3,17,11,30,18.8,290,13,300,0.22,157,3.5
2020,3,17,12,30,20.3,289,17,302,0.22,176,3.9000000000000004
2020,3,17,13,30,20.8,174,3,176,0.22,198,4.3
2020,3,17,14,30,20.400000000000002,233,51,265,0.22,220,4.7
2020,3,17,15,30,19,177,93,222,0.22,236,4.5
2020,3,17,16,30,16.7,78,57,96,0.22,245,3.6
2020,3,17,17,30,14,58,14,60,0.22,249,2.9000000000000004
2020,3,17,18,30,11.9,0,0,0,0.22,251,2.6
2020,3,17,19,30,10.3,0,0,0,0.22,251,2.5
2020,3,17,20,30,8.9,0,0,0,0.22,252,2.5
2020,3,17,21,30,7.9,0,0,0,0.22,253,2.6
2020,3,17,22,30,7.2,0,0,0,0.22,254,2.8000000000000003
2020,3,17,23,30,6.5,0,0,0,0.22,256,2.9000000000000004
2020,3,18,0,30,5.9,0,0,0,0.22,258,3
2020,3,18,1,30,5.5,0,0,0,0.22,260,3.1
2020,3,18,2,30,5.2,0,0,0,0.22,260,3.2
2020,3,18,3,30,4.9,0,0,0,0.22,259,3.2
2020,3,18,4,30,4.7,0,0,0,0.22,258,3.1
2020,3,18,5,30,5.4,0,0,0,0.22,256,3.3000000000000003
2020,3,18,6,30,8.5,26,400,57,0.22,256,4.1000000000000005
2020,3,18,7,30,13,49,761,259,0.22,257,4.800000000000001
2020,3,18,8,30,16.5,63,896,471,0.22,259,5
2020,3,18,9,30,18.400000000000002,72,961,653,0.22,255,4.7
2020,3,18,10,30,19.6,83,988,786,0.22,241,4.6000000000000005
2020,3,18,11,30,20.3,194,806,815,0.22,224,4.9
2020,3,18,12,30,20.5,335,449,683,0.22,213,5.4
2020,3,18,13,30,20.6,368,123,458,0.22,206,5.7
2020,3,18,14,30,20.3,327,93,386,0.22,202,5.800000000000001
2020,3,18,15,30,19.200000000000003,243,258,369,0.22,202,5.4
2020,3,18,16,30,16.900000000000002,135,28,144,0.22,208,4.4
2020,3,18,17,30,14.5,47,5,48,0.22,220,3.3000000000000003
2020,3,18,18,30,12.3,0,0,0,0.22,231,2.7
2020,3,18,19,30,11.100000000000001,0,0,0,0.22,234,2.5
2020,3,18,20,30,10.200000000000001,0,0,0,0.22,233,2.1
2020,3,18,21,30,9,0,0,0,0.22,231,1.5
2020,3,18,22,30,8,0,0,0,0.22,224,1.2000000000000002
2020,3,18,23,30,6.9,0,0,0,0.22,223,1
2020,3,19,0,30,5.800000000000001,0,0,0,0.22,235,1.1
2020,3,19,1,30,5.1000000000000005,0,0,0,0.22,259,1.3
2020,3,19,2,30,4.7,0,0,0,0.22,293,1.4000000000000001
2020,3,19,3,30,4.5,0,0,0,0.22,300,1.5
2020,3,19,4,30,4.1000000000000005,0,0,0,0.22,272,2.1
2020,3,19,5,30,4.1000000000000005,0,0,0,0.22,260,3
2020,3,19,6,30,5,32,1,32,0.22,266,4
2020,3,19,7,30,6.6000000000000005,49,1,49,0.22,267,6
2020,3,19,8,30,8.200000000000001,71,1,71,0.22,270,8.3
2020,3,19,9,30,9.600000000000001,76,0,76,0.22,277,9.600000000000001
2020,3,19,10,30,10.5,257,9,263,0.22,282,10.100000000000001
2020,3,19,11,30,11.100000000000001,304,12,313,0.22,289,10.3
2020,3,19,12,30,11.3,366,42,399,0.22,300,10.100000000000001
2020,3,19,13,30,11.100000000000001,215,4,218,0.22,315,9.5
2020,3,19,14,30,10.3,245,15,255,0.22,332,9.1
2020,3,19,15,30,8.5,252,84,293,0.22,348,8.8
2020,3,19,16,30,6.2,65,0,65,0.22,180,8.3
2020,3,19,17,30,4,36,0,36,0.22,6,7.6000000000000005
2020,3,19,18,30,2.4000000000000004,0,0,0,0.22,9,6.7
2020,3,19,19,30,1.3,0,0,0,0.22,11,5.7
2020,3,19,20,30,0.6000000000000001,0,0,0,0.22,14,4.4
2020,3,19,21,30,0.1,0,0,0,0.22,20,3.1
2020,3,19,22,30,-0.5,0,0,0,0.22,32,2.1
2020,3,19,23,30,-1.1,0,0,0,0.22,53,1.3
2020,3,20,0,30,-1.7000000000000002,0,0,0,0.22,74,1.1
2020,3,20,1,30,-2.3000000000000003,0,0,0,0.22,87,1.3
2020,3,20,2,30,-2.9000000000000004,0,0,0,0.22,94,1.6
2020,3,20,3,30,-3.5,0,0,0,0.22,97,1.9000000000000001
2020,3,20,4,30,-3.9000000000000004,0,0,0,0.22,98,2.1
2020,3,20,5,30,-4,0,0,0,0.22,97,2.7
2020,3,20,6,30,-2.9000000000000004,33,356,64,0.22,98,3.5
2020,3,20,7,30,-1.1,49,193,104,0.22,103,3.7
2020,3,20,8,30,0.9,154,0,154,0.22,111,3.7
2020,3,20,9,30,2.8000000000000003,243,1,244,0.22,117,3.8000000000000003
2020,3,20,10,30,4.800000000000001,253,1,254,0.22,117,4.2
2020,3,20,11,30,6.6000000000000005,338,2,340,0.22,117,4.5
2020,3,20,12,30,8.200000000000001,383,9,390,0.22,120,4.6000000000000005
2020,3,20,13,30,9.3,402,276,605,0.22,126,4.2
2020,3,20,14,30,10,216,589,592,0.22,131,3.6
2020,3,20,15,30,10,84,859,511,0.22,137,2.7
2020,3,20,16,30,8.8,67,738,305,0.22,121,1.9000000000000001
2020,3,20,17,30,6.1000000000000005,48,320,88,0.22,104,1.5
2020,3,20,18,30,4,0,0,0,0.22,117,1.1
2020,3,20,19,30,2.6,0,0,0,0.22,166,0.8
2020,3,20,20,30,1.8,0,0,0,0.22,221,0.9
2020,3,20,21,30,1.4000000000000001,0,0,0,0.22,252,1
2020,3,20,22,30,0.6000000000000001,0,0,0,0.22,272,0.9
2020,3,20,23,30,-0.1,0,0,0,0.22,277,0.9
2020,3,21,0,30,-0.5,0,0,0,0.22,278,0.9
2020,3,21,1,30,-0.7000000000000001,0,0,0,0.22,278,1
2020,3,21,2,30,-0.7000000000000001,0,0,0,0.22,274,1
2020,3,21,3,30,-0.4,0,0,0,0.22,271,0.9
2020,3,21,4,30,0.30000000000000004,0,0,0,0.22,269,0.9
2020,3,21,5,30,1.2000000000000002,0,0,0,0.22,265,0.8
2020,3,21,6,30,3,25,24,27,0.22,244,0.9
2020,3,21,7,30,5.7,94,531,248,0.22,233,1.4000000000000001
2020,3,21,8,30,8.8,147,603,431,0.22,244,1.8
2020,3,21,9,30,11.4,292,295,475,0.22,239,1.8
2020,3,21,10,30,12.8,100,949,789,0.22,214,1.8
2020,3,21,11,30,13.600000000000001,204,735,780,0.22,190,2.1
2020,3,21,12,30,13.8,265,604,741,0.22,183,2.5
2020,3,21,13,30,13.4,238,619,696,0.22,193,2.6
2020,3,21,14,30,12.8,269,310,468,0.22,222,2.1
2020,3,21,15,30,12.200000000000001,76,0,76,0.22,277,1.4000000000000001
2020,3,21,16,30,10.9,50,1,50,0.22,163,0.9
2020,3,21,17,30,9.1,34,1,34,0.23,34,0.7000000000000001
2020,3,21,18,30,7.6000000000000005,0,0,0,0.23,80,0.7000000000000001
2020,3,21,19,30,6.6000000000000005,0,0,0,0.23,130,0.6000000000000001
2020,3,21,20,30,5.9,0,0,0,0.23,168,0.9
2020,3,21,21,30,5.2,0,0,0,0.23,205,1.1
2020,3,21,22,30,4.5,0,0,0,0.23,240,1.3
2020,3,21,23,30,4,0,0,0,0.23,256,1.7000000000000002
2020,3,22,0,30,3.6,0,0,0,0.23,263,2
2020,3,22,1,30,3.2,0,0,0,0.23,267,2.3000000000000003
2020,3,22,2,30,2.8000000000000003,0,0,0,0.23,267,2.4000000000000004
2020,3,22,3,30,2.4000000000000004,0,0,0,0.23,264,2.5
2020,3,22,4,30,2.1,0,0,0,0.23,261,2.6
2020,3,22,5,30,2.6,0,0,0,0.23,259,2.8000000000000003
2020,3,22,6,30,5.2,30,469,76,0.23,257,3.6
2020,3,22,7,30,9.1,52,791,286,0.23,262,4.9
2020,3,22,8,30,12.200000000000001,65,917,501,0.23,271,6.1000000000000005
2020,3,22,9,30,13.8,72,980,684,0.23,276,7
2020,3,22,10,30,14.8,81,1008,817,0.23,280,7.4
2020,3,22,11,30,15.4,90,1011,887,0.23,287,7.6000000000000005
2020,3,22,12,30,15.700000000000001,98,1001,891,0.23,292,7.7
2020,3,22,13,30,15.700000000000001,97,990,834,0.23,296,7.4
2020,3,22,14,30,15.600000000000001,91,958,709,0.23,300,6.7
2020,3,22,15,30,15,142,733,511,0.23,307,5.6000000000000005
2020,3,22,16,30,12.8,87,702,318,0.23,321,3.6
2020,3,22,17,30,9.3,58,276,95,0.23,344,1.9000000000000001
2020,3,22,18,30,7.2,0,0,0,0.23,187,1.8
2020,3,22,19,30,6.7,0,0,0,0.23,23,1.9000000000000001
2020,3,22,20,30,6.1000000000000005,0,0,0,0.23,33,1.7000000000000002
2020,3,22,21,30,5.4,0,0,0,0.23,41,1.3
2020,3,22,22,30,4.9,0,0,0,0.23,54,1
2020,3,22,23,30,4.6000000000000005,0,0,0,0.23,78,0.8
2020,3,23,0,30,4.3,0,0,0,0.23,107,0.7000000000000001
2020,3,23,1,30,3.9000000000000004,0,0,0,0.23,132,0.7000000000000001
2020,3,23,2,30,3.5,0,0,0,0.23,149,0.7000000000000001
2020,3,23,3,30,3.2,0,0,0,0.23,159,0.7000000000000001
2020,3,23,4,30,2.8000000000000003,0,0,0,0.23,160,0.7000000000000001
2020,3,23,5,30,3,0,0,0,0.23,157,0.7000000000000001
2020,3,23,6,30,5.2,41,191,61,0.23,153,1.2000000000000002
2020,3,23,7,30,8.700000000000001,57,762,287,0.23,154,2.1
2020,3,23,8,30,11.700000000000001,73,889,500,0.23,165,2.3000000000000003
2020,3,23,9,30,14,83,953,682,0.23,176,2
2020,3,23,10,30,15.8,88,983,811,0.23,178,1.7000000000000002
2020,3,23,11,30,17,93,999,884,0.23,184,1.3
2020,3,23,12,30,17.900000000000002,95,997,889,0.23,221,1.3
2020,3,23,13,30,18.3,96,975,825,0.23,258,1.6
2020,3,23,14,30,18.1,234,592,618,0.23,269,2.4000000000000004
2020,3,23,15,30,17.2,186,303,340,0.23,275,3.5
2020,3,23,16,30,15.3,129,192,193,0.23,280,3.9000000000000004
2020,3,23,17,30,12.600000000000001,69,56,77,0.23,285,3.1
2020,3,23,18,30,10.600000000000001,0,0,0,0.23,288,2.3000000000000003
2020,3,23,19,30,9.4,0,0,0,0.23,286,2.1
2020,3,23,20,30,8.200000000000001,0,0,0,0.23,283,2.2
2020,3,23,21,30,7.1000000000000005,0,0,0,0.23,281,2.2
2020,3,23,22,30,5.9,0,0,0,0.23,277,2.2
2020,3,23,23,30,4.800000000000001,0,0,0,0.23,271,2.4000000000000004
2020,3,24,0,30,4,0,0,0,0.23,268,2.6
2020,3,24,1,30,3.4000000000000004,0,0,0,0.23,266,2.8000000000000003
2020,3,24,2,30,3.1,0,0,0,0.23,267,2.9000000000000004
2020,3,24,3,30,2.8000000000000003,0,0,0,0.23,269,3.1
2020,3,24,4,30,2.6,0,0,0,0.23,271,3.1
2020,3,24,5,30,3.5,0,0,0,0.23,271,3.5
2020,3,24,6,30,6.5,31,495,85,0.23,272,4.3
2020,3,24,7,30,10.4,52,804,298,0.23,284,5.1000000000000005
2020,3,24,8,30,13.600000000000001,64,925,513,0.23,298,5.2
2020,3,24,9,30,15.8,70,986,695,0.23,304,4.7
2020,3,24,10,30,17.6,76,1018,829,0.23,305,4.1000000000000005
2020,3,24,11,30,19,79,1032,901,0.23,302,3.5
2020,3,24,12,30,20,78,1034,906,0.23,293,3.3000000000000003
2020,3,24,13,30,20.700000000000003,77,1021,844,0.23,282,3.3000000000000003
2020,3,24,14,30,20.900000000000002,73,989,718,0.23,273,3.6
2020,3,24,15,30,20.5,65,931,540,0.23,266,3.8000000000000003
2020,3,24,16,30,18.400000000000002,54,823,330,0.23,260,3.1
2020,3,24,17,30,14.5,36,561,114,0.23,253,2.5
2020,3,24,18,30,11.700000000000001,0,0,0,0.23,250,3.1
2020,3,24,19,30,10.600000000000001,0,0,0,0.23,252,3.9000000000000004
2020,3,24,20,30,9.600000000000001,0,0,0,0.23,256,4.3
2020,3,24,21,30,8.6,0,0,0,0.23,259,4.3
2020,3,24,22,30,7.7,0,0,0,0.23,261,4.1000000000000005
2020,3,24,23,30,6.800000000000001,0,0,0,0.23,262,3.8000000000000003
2020,3,25,0,30,6.1000000000000005,0,0,0,0.23,262,3.6
2020,3,25,1,30,5.7,0,0,0,0.23,261,3.6
2020,3,25,2,30,5.4,0,0,0,0.23,258,3.6
2020,3,25,3,30,5.300000000000001,0,0,0,0.23,256,3.6
2020,3,25,4,30,5.300000000000001,0,0,0,0.23,256,3.7
2020,3,25,5,30,6.4,0,0,0,0.23,257,4.4
2020,3,25,6,30,9.5,31,508,89,0.23,257,5.6000000000000005
2020,3,25,7,30,13.200000000000001,52,802,302,0.23,261,7
2020,3,25,8,30,16.1,65,918,516,0.23,266,7.800000000000001
2020,3,25,9,30,18.3,100,904,677,0.23,268,7.7
2020,3,25,10,30,20,79,1005,827,0.23,266,7.6000000000000005
2020,3,25,11,30,21.3,82,1014,894,0.23,264,7.5
2020,3,25,12,30,22,84,1012,898,0.23,262,7.5
2020,3,25,13,30,22.200000000000003,200,737,757,0.23,260,7.4
2020,3,25,14,30,21.8,184,702,644,0.23,258,7.5
2020,3,25,15,30,20.700000000000003,83,864,527,0.23,256,7.5
2020,3,25,16,30,18.8,66,775,328,0.23,256,6.800000000000001
2020,3,25,17,30,15.8,52,381,106,0.26,254,5.2
2020,3,25,18,30,13.4,0,0,0,0.26,252,3.9000000000000004
2020,3,25,19,30,12,0,0,0,0.26,250,3.4000000000000004
2020,3,25,20,30,10.9,0,0,0,0.26,247,3.1
2020,3,25,21,30,10.100000000000001,0,0,0,0.26,242,3.1
2020,3,25,22,30,9.8,0,0,0,0.26,240,3.4000000000000004
2020,3,25,23,30,9.5,0,0,0,0.26,238,3.8000000000000003
2020,3,26,0,30,9.4,0,0,0,0.26,236,4.2
2020,3,26,1,30,9.4,0,0,0,0.26,236,4.6000000000000005
2020,3,26,2,30,9.200000000000001,0,0,0,0.26,238,4.7
2020,3,26,3,30,8.5,0,0,0,0.26,239,4.3
2020,3,26,4,30,7.7,0,0,0,0.26,241,3.7
2020,3,26,5,30,8.3,0,0,0,0.26,240,3.6
2020,3,26,6,30,11,32,504,92,0.26,239,4.4
2020,3,26,7,30,14.8,53,785,301,0.26,241,6.1000000000000005
2020,3,26,8,30,17.8,65,904,513,0.26,246,7.800000000000001
2020,3,26,9,30,19.900000000000002,73,968,695,0.26,247,9.1
2020,3,26,10,30,21.3,77,1002,827,0.26,245,9.5
2020,3,26,11,30,22.3,79,1020,900,0.26,243,9.5
2020,3,26,12,30,22.8,78,1022,904,0.26,241,9.5
2020,3,26,13,30,22.8,78,1008,843,0.26,241,9.4
2020,3,26,14,30,22.200000000000003,77,977,721,0.26,242,9.1
2020,3,26,15,30,21.1,69,918,544,0.26,242,8.4
2020,3,26,16,30,19.200000000000003,58,817,337,0.26,242,6.800000000000001
2020,3,26,17,30,15.8,38,563,120,0.26,241,4.5
2020,3,26,18,30,12.8,0,0,0,0.26,241,3.3000000000000003
2020,3,26,19,30,11.3,0,0,0,0.26,242,3.3000000000000003
2020,3,26,20,30,10.4,0,0,0,0.26,243,3.5
2020,3,26,21,30,9.600000000000001,0,0,0,0.26,245,3.7
2020,3,26,22,30,8.9,0,0,0,0.26,246,3.8000000000000003
2020,3,26,23,30,8.4,0,0,0,0.26,248,3.9000000000000004
2020,3,27,0,30,7.9,0,0,0,0.26,249,3.9000000000000004
2020,3,27,1,30,7.1000000000000005,0,0,0,0.26,250,3.6
2020,3,27,2,30,5.9,0,0,0,0.26,253,3.2
2020,3,27,3,30,4.6000000000000005,0,0,0,0.26,257,2.6
2020,3,27,4,30,3.6,0,0,0,0.26,263,2.2
2020,3,27,5,30,4.1000000000000005,0,0,0,0.26,272,2
2020,3,27,6,30,6.7,38,469,96,0.26,277,2.5
2020,3,27,7,30,9.9,99,0,99,0.26,271,3.1
2020,3,27,8,30,12.5,171,0,171,0.26,253,3.2
2020,3,27,9,30,14.600000000000001,337,94,398,0.26,224,3.1
2020,3,27,10,30,16.3,316,429,639,0.26,200,3.4000000000000004
2020,3,27,11,30,17.6,104,978,895,0.26,194,3.8000000000000003
2020,3,27,12,30,18.1,359,478,747,0.26,204,4.1000000000000005
2020,3,27,13,30,18.1,202,756,778,0.26,223,4.4
2020,3,27,14,30,17.6,275,284,463,0.26,241,4.800000000000001
2020,3,27,15,30,16.400000000000002,150,501,411,0.26,252,5.1000000000000005
2020,3,27,16,30,14.5,156,410,297,0.26,263,4.7
2020,3,27,17,30,12,74,176,100,0.26,277,3.6
2020,3,27,18,30,9.8,0,0,0,0.26,289,2.9000000000000004
2020,3,27,19,30,8.1,0,0,0,0.26,300,2.3000000000000003
2020,3,27,20,30,6.6000000000000005,0,0,0,0.26,316,2.1
2020,3,27,21,30,5.5,0,0,0,0.26,333,2.6
2020,3,27,22,30,4.6000000000000005,0,0,0,0.26,336,3.6
2020,3,27,23,30,3.7,0,0,0,0.26,326,4.7
2020,3,28,0,30,3.2,0,0,0,0.26,314,5.2
2020,3,28,1,30,3.1,0,0,0,0.26,307,4.9
2020,3,28,2,30,3.3000000000000003,0,0,0,0.26,303,4.7
2020,3,28,3,30,3.3000000000000003,0,0,0,0.26,300,4.9
2020,3,28,4,30,3,0,0,0,0.26,299,5.2
2020,3,28,5,30,3,0,0,0,0.26,297,5.6000000000000005
2020,3,28,6,30,4.3,64,95,76,0.26,298,6.5
2020,3,28,7,30,6.1000000000000005,69,756,316,0.26,306,7.300000000000001
2020,3,28,8,30,7.7,83,898,537,0.26,315,7.4
2020,3,28,9,30,9.4,91,969,723,0.26,322,6.800000000000001
2020,3,28,10,30,10.9,95,1008,858,0.26,328,5.9
2020,3,28,11,30,12.200000000000001,96,1026,930,0.26,332,5
2020,3,28,12,30,12.9,95,1027,933,0.26,334,4.1000000000000005
2020,3,28,13,30,13.3,142,925,850,0.26,333,3.4000000000000004
2020,3,28,14,30,13.100000000000001,90,977,741,0.26,329,3
2020,3,28,15,30,12.5,207,566,503,0.26,325,2.8000000000000003
2020,3,28,16,30,11.100000000000001,92,689,332,0.26,324,2.4000000000000004
2020,3,28,17,30,8.5,42,557,127,0.28,331,1.6
2020,3,28,18,30,6.2,0,0,0,0.28,337,1.3
2020,3,28,19,30,5.1000000000000005,0,0,0,0.28,326,1.3
2020,3,28,20,30,4.3,0,0,0,0.28,300,1.4000000000000001
2020,3,28,21,30,3.2,0,0,0,0.28,275,1.7000000000000002
2020,3,28,22,30,2.1,0,0,0,0.28,269,2
2020,3,28,23,30,1.4000000000000001,0,0,0,0.28,272,2.2
2020,3,29,0,30,0.9,0,0,0,0.28,275,2.3000000000000003
2020,3,29,1,30,0.5,0,0,0,0.28,277,2.3000000000000003
2020,3,29,2,30,0,0,0,0,0.28,276,2.2
2020,3,29,3,30,-0.30000000000000004,0,0,0,0.28,276,2
2020,3,29,4,30,-0.6000000000000001,0,0,0,0.28,278,1.9000000000000001
2020,3,29,5,30,0.6000000000000001,0,0,0,0.28,279,2
2020,3,29,6,30,3.9000000000000004,52,5,53,0.28,292,2.4000000000000004
2020,3,29,7,30,7.4,161,275,252,0.28,330,2
2020,3,29,8,30,9.8,105,823,525,0.28,357,1.3
2020,3,29,9,30,11.5,200,683,649,0.28,353,1
2020,3,29,10,30,12.9,283,590,732,0.28,319,0.7000000000000001
2020,3,29,11,30,13.9,387,173,528,0.28,254,0.9
2020,3,29,12,30,14.5,130,941,901,0.28,216,1.4000000000000001
2020,3,29,13,30,14.700000000000001,416,241,601,0.28,218,2.1
2020,3,29,14,30,14.4,371,258,544,0.28,224,2.5
2020,3,29,15,30,14,279,337,456,0.28,231,2.4000000000000004
2020,3,29,16,30,13,163,191,230,0.28,249,1.5
2020,3,29,17,30,11.3,69,6,70,0.27,144,0.7000000000000001
2020,3,29,18,30,9.8,0,0,0,0.27,43,0.9
2020,3,29,19,30,8.9,0,0,0,0.27,72,1.5
2020,3,29,20,30,8.200000000000001,0,0,0,0.27,99,1.9000000000000001
2020,3,29,21,30,7.7,0,0,0,0.27,130,1.9000000000000001
2020,3,29,22,30,7.1000000000000005,0,0,0,0.27,167,1.6
2020,3,29,23,30,6.1000000000000005,0,0,0,0.27,196,1.6
2020,3,30,0,30,5.4,0,0,0,0.27,213,1.6
2020,3,30,1,30,5.1000000000000005,0,0,0,0.27,224,1.6
2020,3,30,2,30,4.800000000000001,0,0,0,0.27,239,1.4000000000000001
2020,3,30,3,30,4.3,0,0,0,0.27,256,1.3
2020,3,30,4,30,4,0,0,0,0.27,265,1.4000000000000001
2020,3,30,5,30,5,0,0,0,0.27,267,1.8
2020,3,30,6,30,7.7,69,14,71,0.27,273,2.5
2020,3,30,7,30,10.9,118,525,295,0.27,281,3.3000000000000003
2020,3,30,8,30,13.600000000000001,141,699,501,0.27,284,3.7
2020,3,30,9,30,15.4,109,908,709,0.27,288,3.8000000000000003
2020,3,30,10,30,16.6,246,659,751,0.27,295,3.6
2020,3,30,11,30,17.1,338,509,756,0.27,304,3.7
2020,3,30,12,30,16.8,221,39,253,0.27,315,4.4
2020,3,30,13,30,15.9,213,757,798,0.27,326,5.4
2020,3,30,14,30,14.700000000000001,252,571,636,0.27,336,6
2020,3,30,15,30,13.600000000000001,166,603,485,0.27,347,5.9
2020,3,30,16,30,12.5,105,5,107,0.27,181,4.6000000000000005
2020,3,30,17,30,10.200000000000001,82,29,87,0.26,17,2.5
2020,3,30,18,30,8.200000000000001,0,0,0,0.26,22,1.1
2020,3,30,19,30,7.5,0,0,0,0.26,153,0.8
2020,3,30,20,30,6.6000000000000005,0,0,0,0.26,275,1.1
2020,3,30,21,30,5.6000000000000005,0,0,0,0.26,266,1.8
2020,3,30,22,30,5,0,0,0,0.26,272,2.5
2020,3,30,23,30,4.7,0,0,0,0.26,274,3.1
2020,3,31,0,30,4.3,0,0,0,0.26,273,3.5
2020,3,31,1,30,3.8000000000000003,0,0,0,0.26,272,3.5
2020,3,31,2,30,3.4000000000000004,0,0,0,0.26,271,3.2
2020,3,31,3,30,3,0,0,0,0.26,269,3
2020,3,31,4,30,2.8000000000000003,0,0,0,0.26,268,3
2020,3,31,5,30,4.1000000000000005,0,0,0,0.26,268,3.4000000000000004
2020,3,31,6,30,7.5,42,487,112,0.26,271,4.1000000000000005
2020,3,31,7,30,11.700000000000001,66,763,327,0.26,287,4.5
2020,3,31,8,30,14.9,81,883,540,0.26,305,4.1000000000000005
2020,3,31,9,30,17.2,91,944,719,0.26,309,3.4000000000000004
2020,3,31,10,30,19.1,95,978,848,0.26,304,2.8000000000000003
2020,3,31,11,30,20.700000000000003,96,997,918,0.26,291,2.6
2020,3,31,12,30,21.900000000000002,95,997,920,0.26,277,2.6
2020,3,31,13,30,22.700000000000003,92,985,857,0.26,265,2.7
2020,3,31,14,30,22.900000000000002,83,962,733,0.26,258,2.7
2020,3,31,15,30,22.400000000000002,72,912,558,0.26,253,2.4000000000000004
2020,3,31,16,30,20.400000000000002,59,812,349,0.26,239,1.5
2020,3,31,17,30,9,48,510,130,0.26,110,3.1
2020,3,31,18,30,5.6000000000000005,0,0,0,0.26,112,2.8000000000000003
2020,3,31,19,30,3.9000000000000004,0,0,0,0.26,119,2.4000000000000004
2020,3,31,20,30,2.8000000000000003,0,0,0,0.26,129,1.9000000000000001
2020,3,31,21,30,2.2,0,0,0,0.26,140,1.4000000000000001
2020,3,31,22,30,1.3,0,0,0,0.26,148,0.9
2020,3,31,23,30,0.4,0,0,0,0.26,227,0.4
2021,4,1,0,30,-0.1,0,0,0,0.26,305,0.5
2021,4,1,1,30,-0.30000000000000004,0,0,0,0.26,307,1
2021,4,1,2,30,-0.8,0,0,0,0.26,299,1.1
2021,4,1,3,30,-1.3,0,0,0,0.26,282,1.1
2021,4,1,4,30,-1.5,0,0,0,0.26,270,1.3
2021,4,1,5,30,-0.30000000000000004,0,0,0,0.26,267,1.7000000000000002
2021,4,1,6,30,3,44,519,121,0.26,270,2.2
2021,4,1,7,30,7.6000000000000005,69,796,344,0.26,284,2.4000000000000004
2021,4,1,8,30,12.100000000000001,83,915,562,0.26,307,2
2021,4,1,9,30,15.3,94,975,746,0.26,165,1.4000000000000001
2021,4,1,10,30,17.5,101,1006,879,0.26,36,1.1
2021,4,1,11,30,19.200000000000003,106,1018,949,0.26,72,1.4000000000000001
2021,4,1,12,30,20.400000000000002,107,1017,951,0.26,84,1.8
2021,4,1,13,30,21.1,105,1002,885,0.26,88,2.1
2021,4,1,14,30,21.3,98,970,756,0.26,89,2.4000000000000004
2021,4,1,15,30,20.700000000000003,89,910,576,0.26,92,2.7
2021,4,1,16,30,18.1,73,789,357,0.26,94,2.5
2021,4,1,17,30,13.5,47,531,134,0.24,97,1.9000000000000001
2021,4,1,18,30,10.4,0,0,0,0.24,111,1.6
2021,4,1,19,30,9.4,0,0,0,0.24,142,1.2000000000000002
2021,4,1,20,30,8.8,0,0,0,0.24,203,0.9
2021,4,1,21,30,7.9,0,0,0,0.24,260,1.2000000000000002
2021,4,1,22,30,6.9,0,0,0,0.24,275,1.9000000000000001
2021,4,1,23,30,6.2,0,0,0,0.24,271,2.4000000000000004
2021,4,2,0,30,5.800000000000001,0,0,0,0.24,266,2.7
2021,4,2,1,30,5.9,0,0,0,0.24,265,3
2021,4,2,2,30,6.2,0,0,0,0.24,266,3.3000000000000003
2021,4,2,3,30,6.300000000000001,0,0,0,0.24,266,3.5
2021,4,2,4,30,6.2,0,0,0,0.24,266,3.6
2021,4,2,5,30,7.4,0,0,0,0.24,267,3.9000000000000004
2021,4,2,6,30,10.8,60,89,74,0.24,270,4.4
2021,4,2,7,30,14.9,165,89,196,0.24,275,4.3
2021,4,2,8,30,18.900000000000002,257,247,387,0.24,293,3.7
2021,4,2,9,30,22.200000000000003,341,300,543,0.24,325,3.3000000000000003
2021,4,2,10,30,24.1,290,562,727,0.24,175,2.6
2021,4,2,11,30,25.1,97,995,925,0.24,23,2
2021,4,2,12,30,25.700000000000003,98,993,925,0.24,48,1.7000000000000002
2021,4,2,13,30,25.900000000000002,95,978,860,0.24,66,1.7000000000000002
2021,4,2,14,30,25.5,129,859,714,0.24,75,1.9000000000000001
2021,4,2,15,30,24.6,83,881,557,0.24,81,2.1
2021,4,2,16,30,22.200000000000003,79,727,342,0.24,89,1.6
2021,4,2,17,30,18.400000000000002,58,417,127,0.22,100,1.3
2021,4,2,18,30,15.700000000000001,0,0,0,0.22,108,1.5
2021,4,2,19,30,14.4,0,0,0,0.22,114,1.5
2021,4,2,20,30,13.5,0,0,0,0.22,121,1.3
2021,4,2,21,30,13.200000000000001,0,0,0,0.22,135,1
2021,4,2,22,30,12.600000000000001,0,0,0,0.22,198,0.7000000000000001
2021,4,2,23,30,11.100000000000001,0,0,0,0.22,273,0.9
2021,4,3,0,30,9.4,0,0,0,0.22,298,1.3
2021,4,3,1,30,8.3,0,0,0,0.22,309,1.6
2021,4,3,2,30,7.6000000000000005,0,0,0,0.22,315,1.8
2021,4,3,3,30,7.1000000000000005,0,0,0,0.22,316,1.9000000000000001
2021,4,3,4,30,6.800000000000001,0,0,0,0.22,313,1.9000000000000001
2021,4,3,5,30,8.3,0,0,0,0.22,308,1.9000000000000001
2021,4,3,6,30,12.700000000000001,43,539,128,0.22,305,2.6
2021,4,3,7,30,17.7,64,792,345,0.22,310,2.4000000000000004
2021,4,3,8,30,21.400000000000002,78,902,558,0.22,281,1
2021,4,3,9,30,23.900000000000002,86,960,737,0.22,198,0.7000000000000001
2021,4,3,10,30,25.5,93,991,867,0.22,146,1.4000000000000001
2021,4,3,11,30,26.400000000000002,94,1004,933,0.22,144,1.8
2021,4,3,12,30,27,96,1000,933,0.22,142,2.1
2021,4,3,13,30,27.200000000000003,92,990,869,0.22,140,2.3000000000000003
2021,4,3,14,30,27,83,965,744,0.22,138,2.6
2021,4,3,15,30,26.3,76,904,565,0.22,138,3
2021,4,3,16,30,24,65,795,355,0.22,137,2.6
2021,4,3,17,30,20,45,552,138,0.22,140,2.1
2021,4,3,18,30,17.2,3,17,2,0.22,155,2.5
2021,4,3,19,30,16.1,0,0,0,0.22,174,3.1
2021,4,3,20,30,15.200000000000001,0,0,0,0.22,189,3.5
2021,4,3,21,30,14.5,0,0,0,0.22,200,3.8000000000000003
2021,4,3,22,30,13.700000000000001,0,0,0,0.22,207,3.8000000000000003
2021,4,3,23,30,12.8,0,0,0,0.22,215,3.7
2021,4,4,0,30,12.100000000000001,0,0,0,0.22,225,3.5
2021,4,4,1,30,11.5,0,0,0,0.22,236,3.5
2021,4,4,2,30,11.100000000000001,0,0,0,0.22,247,3.7
2021,4,4,3,30,10.8,0,0,0,0.22,256,3.7
2021,4,4,4,30,10.4,0,0,0,0.22,263,3.7
2021,4,4,5,30,11.5,0,0,0,0.22,269,3.9000000000000004
2021,4,4,6,30,15.100000000000001,45,521,130,0.22,275,4.4
2021,4,4,7,30,19.700000000000003,63,800,351,0.22,282,4.2
2021,4,4,8,30,23.8,76,911,565,0.22,291,3.9000000000000004
2021,4,4,9,30,26.200000000000003,85,966,744,0.22,295,3.6
2021,4,4,10,30,27.3,90,995,871,0.22,291,3.1
2021,4,4,11,30,28,109,971,924,0.22,283,2.7
2021,4,4,12,30,28.3,133,919,905,0.22,274,2.5
2021,4,4,13,30,28.3,299,556,737,0.22,266,2.4000000000000004
2021,4,4,14,30,27.8,284,362,533,0.22,260,2.4000000000000004
2021,4,4,15,30,26.900000000000002,255,180,353,0.22,256,2.2
2021,4,4,16,30,24.900000000000002,105,288,211,0.22,253,1.5
2021,4,4,17,30,22.200000000000003,63,391,130,0.22,264,0.9
2021,4,4,18,30,20.1,1,0,1,0.22,289,1.1
2021,4,4,19,30,18.400000000000002,0,0,0,0.22,311,1.2000000000000002
2021,4,4,20,30,16.900000000000002,0,0,0,0.22,322,1.3
2021,4,4,21,30,15.4,0,0,0,0.22,324,1.4000000000000001
2021,4,4,22,30,14,0,0,0,0.22,318,1.5
2021,4,4,23,30,12.9,0,0,0,0.22,310,1.6
2021,4,5,0,30,12.100000000000001,0,0,0,0.22,304,1.9000000000000001
2021,4,5,1,30,11.3,0,0,0,0.22,300,2
2021,4,5,2,30,10.700000000000001,0,0,0,0.22,292,2.1
2021,4,5,3,30,10.200000000000001,0,0,0,0.22,281,2.4000000000000004
2021,4,5,4,30,9.9,0,0,0,0.22,273,2.8000000000000003
2021,4,5,5,30,11.3,3,16,2,0.22,269,3.5
2021,4,5,6,30,14.9,57,384,122,0.22,266,4.4
2021,4,5,7,30,19.400000000000002,69,782,354,0.22,261,4.4
2021,4,5,8,30,23.400000000000002,85,881,562,0.22,251,3.9000000000000004
2021,4,5,9,30,25.8,149,822,713,0.22,240,3.9000000000000004
2021,4,5,10,30,26.700000000000003,360,350,636,0.22,233,4.4
2021,4,5,11,30,26.900000000000002,320,13,331,0.22,232,4.800000000000001
2021,4,5,12,30,26.8,291,8,298,0.22,233,5.1000000000000005
2021,4,5,13,30,27,405,159,531,0.22,233,5.4
2021,4,5,14,30,27,296,195,431,0.22,230,5.7
2021,4,5,15,30,26.200000000000003,190,201,300,0.22,226,6.1000000000000005
2021,4,5,16,30,24.3,121,246,212,0.22,224,5.800000000000001
2021,4,5,17,30,21,46,318,102,0.22,223,5.1000000000000005
2021,4,5,18,30,18.2,2,16,2,0.22,226,4.9
2021,4,5,19,30,16.400000000000002,0,0,0,0.22,232,5.1000000000000005
2021,4,5,20,30,15.200000000000001,0,0,0,0.22,239,5.1000000000000005
2021,4,5,21,30,14.200000000000001,0,0,0,0.22,246,4.7
2021,4,5,22,30,13.100000000000001,0,0,0,0.22,251,4.1000000000000005
2021,4,5,23,30,12.200000000000001,0,0,0,0.22,252,3.8000000000000003
2021,4,6,0,30,11.700000000000001,0,0,0,0.22,252,4.3
2021,4,6,1,30,11.200000000000001,0,0,0,0.22,254,4.800000000000001
2021,4,6,2,30,10.700000000000001,0,0,0,0.22,258,5.2
2021,4,6,3,30,10,0,0,0,0.22,263,5.6000000000000005
2021,4,6,4,30,9.1,0,0,0,0.22,265,5.6000000000000005
2021,4,6,5,30,9.4,2,9,2,0.22,266,5.7
2021,4,6,6,30,11.8,52,491,137,0.22,267,6.1000000000000005
2021,4,6,7,30,15.700000000000001,78,748,354,0.22,272,6.300000000000001
2021,4,6,8,30,19.3,92,871,568,0.22,279,6.5
2021,4,6,9,30,21.700000000000003,99,940,748,0.22,282,6.4
2021,4,6,10,30,23.1,103,979,879,0.22,277,6
2021,4,6,11,30,24,107,994,948,0.22,266,5.9
2021,4,6,12,30,24.400000000000002,136,941,933,0.22,254,6.300000000000001
2021,4,6,13,30,23.900000000000002,114,969,884,0.22,249,7.2
2021,4,6,14,30,22.3,158,805,716,0.22,256,7.800000000000001
2021,4,6,15,30,19.700000000000003,208,133,281,0.22,275,8
2021,4,6,16,30,16.3,105,128,153,0.22,304,7.800000000000001
2021,4,6,17,30,12.4,43,89,59,0.22,332,7.2
2021,4,6,18,30,9.1,2,0,2,0.22,350,6.300000000000001
2021,4,6,19,30,7.1000000000000005,0,0,0,0.22,355,5.2
2021,4,6,20,30,6,0,0,0,0.22,350,3.7
2021,4,6,21,30,5.2,0,0,0,0.22,332,2.3000000000000003
2021,4,6,22,30,4.5,0,0,0,0.22,307,1.8
2021,4,6,23,30,4.2,0,0,0,0.22,293,1.9000000000000001
2021,4,7,0,30,4,0,0,0,0.22,287,2.1
2021,4,7,1,30,3.7,0,0,0,0.22,284,2.2
2021,4,7,2,30,3.5,0,0,0,0.22,285,2.2
2021,4,7,3,30,3.1,0,0,0,0.22,288,2.2
2021,4,7,4,30,2.7,0,0,0,0.22,289,2.2
2021,4,7,5,30,4.1000000000000005,2,0,2,0.22,289,2.5
2021,4,7,6,30,7.5,58,431,135,0.22,300,3.2
2021,4,7,7,30,11.100000000000001,75,758,358,0.22,323,4.1000000000000005
2021,4,7,8,30,13.9,94,860,567,0.22,341,4.800000000000001
2021,4,7,9,30,16.1,108,910,740,0.22,349,5.2
2021,4,7,10,30,18,115,943,866,0.22,177,5.2
2021,4,7,11,30,19.400000000000002,116,963,934,0.22,5,5.2
2021,4,7,12,30,20.400000000000002,115,964,935,0.22,13,5.2
2021,4,7,13,30,20.900000000000002,110,953,870,0.22,19,5.2
2021,4,7,14,30,20.8,101,924,745,0.22,25,5.2
2021,4,7,15,30,20,91,864,569,0.22,33,4.9
2021,4,7,16,30,18.3,77,754,361,0.22,45,4.2
2021,4,7,17,30,14.8,52,506,144,0.22,61,2.9000000000000004
2021,4,7,18,30,11.5,3,14,3,0.22,77,1.8
2021,4,7,19,30,9.9,0,0,0,0.22,108,1
2021,4,7,20,30,8.8,0,0,0,0.22,177,0.9
2021,4,7,21,30,8.1,0,0,0,0.22,242,1.4000000000000001
2021,4,7,22,30,7.5,0,0,0,0.22,267,2.1
2021,4,7,23,30,7.1000000000000005,0,0,0,0.22,278,2.7
2021,4,8,0,30,6.9,0,0,0,0.22,279,3.3000000000000003
2021,4,8,1,30,6.800000000000001,0,0,0,0.22,276,3.7
2021,4,8,2,30,6.7,0,0,0,0.22,272,3.8000000000000003
2021,4,8,3,30,6.4,0,0,0,0.22,269,3.7
2021,4,8,4,30,5.9,0,0,0,0.22,267,3.6
2021,4,8,5,30,7,2,12,2,0.22,266,4.1000000000000005
2021,4,8,6,30,10.5,50,540,149,0.22,268,4.6000000000000005
2021,4,8,7,30,14.9,69,795,370,0.22,283,4.7
2021,4,8,8,30,18.5,84,895,581,0.22,304,4.800000000000001
2021,4,8,9,30,20.5,95,949,758,0.22,312,4.5
2021,4,8,10,30,22,102,976,883,0.22,312,4.1000000000000005
2021,4,8,11,30,23.1,107,983,946,0.22,310,3.9000000000000004
2021,4,8,12,30,23.8,110,979,946,0.22,307,3.8000000000000003
2021,4,8,13,30,24.1,224,726,805,0.22,305,3.9000000000000004
2021,4,8,14,30,23.900000000000002,206,648,659,0.22,304,4.1000000000000005
2021,4,8,15,30,23.3,224,216,344,0.22,306,4.2
2021,4,8,16,30,21.6,78,169,142,0.22,307,3.6
2021,4,8,17,30,18.5,55,52,65,0.22,312,2.5
2021,4,8,18,30,15.9,2,0,2,0.22,317,2.3000000000000003
2021,4,8,19,30,14.3,0,0,0,0.22,316,2.5
2021,4,8,20,30,12.9,0,0,0,0.22,312,2.7
2021,4,8,21,30,11.8,0,0,0,0.22,305,3
2021,4,8,22,30,10.8,0,0,0,0.22,299,3.3000000000000003
2021,4,8,23,30,10,0,0,0,0.22,294,3.7
2021,4,9,0,30,9.600000000000001,0,0,0,0.22,293,4.3
2021,4,9,1,30,9.200000000000001,0,0,0,0.22,295,4.800000000000001
2021,4,9,2,30,8.3,0,0,0,0.22,300,4.7
2021,4,9,3,30,7.1000000000000005,0,0,0,0.22,307,4.1000000000000005
2021,4,9,4,30,6,0,0,0,0.22,314,3.3000000000000003
2021,4,9,5,30,6.5,6,38,5,0.22,326,3.4000000000000004
2021,4,9,6,30,8.4,51,573,158,0.22,169,5
2021,4,9,7,30,10.100000000000001,74,802,381,0.22,8,6.7
2021,4,9,8,30,11.600000000000001,87,908,595,0.22,12,7.300000000000001
2021,4,9,9,30,13.200000000000001,97,961,772,0.22,14,7.300000000000001
2021,4,9,10,30,14.5,102,994,901,0.22,18,7.300000000000001
2021,4,9,11,30,15.4,103,1006,965,0.22,24,7.1000000000000005
2021,4,9,12,30,16,104,1006,966,0.22,31,6.800000000000001
2021,4,9,13,30,16.2,102,991,899,0.22,40,6.300000000000001
2021,4,9,14,30,15.9,98,957,770,0.22,50,5.800000000000001
2021,4,9,15,30,14.9,89,899,591,0.22,59,5.300000000000001
2021,4,9,16,30,13.200000000000001,74,791,377,0.22,66,4.7
2021,4,9,17,30,10.4,51,564,157,0.22,71,3.8000000000000003
2021,4,9,18,30,7.5,4,7,4,0.22,74,2.9000000000000004
2021,4,9,19,30,5.6000000000000005,0,0,0,0.22,75,2.2
2021,4,9,20,30,4.2,0,0,0,0.22,85,1.4000000000000001
2021,4,9,21,30,3.4000000000000004,0,0,0,0.22,105,0.9
2021,4,9,22,30,2.9000000000000004,0,0,0,0.22,133,0.8
2021,4,9,23,30,2.5,0,0,0,0.22,155,0.8
2021,4,10,0,30,2.1,0,0,0,0.22,168,0.9
2021,4,10,1,30,1.7000000000000002,0,0,0,0.22,176,0.9
2021,4,10,2,30,1.2000000000000002,0,0,0,0.22,186,0.9
2021,4,10,3,30,0.8,0,0,0,0.22,200,0.9
2021,4,10,4,30,0.8,0,0,0,0.22,224,0.8
2021,4,10,5,30,2.6,6,41,6,0.22,260,1.2000000000000002
2021,4,10,6,30,6.2,52,567,161,0.22,292,1.4000000000000001
2021,4,10,7,30,10.3,75,793,382,0.22,153,1.5
2021,4,10,8,30,13.700000000000001,89,898,595,0.22,9,1.7000000000000002
2021,4,10,9,30,16.2,98,956,774,0.22,21,1.8
2021,4,10,10,30,18.2,103,989,902,0.22,36,1.4000000000000001
2021,4,10,11,30,19.900000000000002,104,1007,970,0.22,64,1.2000000000000002
2021,4,10,12,30,21,103,1015,976,0.22,94,1.4000000000000001
2021,4,10,13,30,21.6,100,1000,907,0.22,112,1.9000000000000001
2021,4,10,14,30,21.6,94,964,774,0.22,120,2.2
2021,4,10,15,30,21.1,85,909,595,0.22,124,2.3000000000000003
2021,4,10,16,30,19.400000000000002,71,807,382,0.22,123,2.1
2021,4,10,17,30,15.9,62,493,156,0.22,125,1.6
2021,4,10,18,30,12.4,6,46,6,0.22,140,1.1
2021,4,10,19,30,10.4,0,0,0,0.22,170,1
2021,4,10,20,30,9.200000000000001,0,0,0,0.22,210,1
2021,4,10,21,30,8.6,0,0,0,0.22,250,1.4000000000000001
2021,4,10,22,30,7.9,0,0,0,0.22,276,2
2021,4,10,23,30,7.4,0,0,0,0.22,285,2.4000000000000004
2021,4,11,0,30,7.2,0,0,0,0.22,286,2.9000000000000004
2021,4,11,1,30,7,0,0,0,0.22,285,3.3000000000000003
2021,4,11,2,30,6.7,0,0,0,0.22,283,3.7
2021,4,11,3,30,6.1000000000000005,0,0,0,0.22,283,3.8000000000000003
2021,4,11,4,30,5.6000000000000005,0,0,0,0.22,284,3.6
2021,4,11,5,30,6.9,7,50,7,0.22,283,4.1000000000000005
2021,4,11,6,30,10.200000000000001,51,588,167,0.22,285,4.6000000000000005
2021,4,11,7,30,14.5,73,807,389,0.22,298,4.1000000000000005
2021,4,11,8,30,18.3,87,903,599,0.22,325,3.1
2021,4,11,9,30,20.3,94,958,775,0.22,182,2.4000000000000004
2021,4,11,10,30,21.700000000000003,96,994,903,0.22,43,2.3000000000000003
2021,4,11,11,30,22.700000000000003,96,1006,965,0.22,71,2.9000000000000004
2021,4,11,12,30,23.200000000000003,97,1003,962,0.22,85,3.6
2021,4,11,13,30,23,142,883,857,0.22,86,4.3
2021,4,11,14,30,21.900000000000002,378,273,571,0.22,80,5.2
2021,4,11,15,30,19.900000000000002,285,248,425,0.22,74,6.2
2021,4,11,16,30,17.2,174,378,321,0.22,69,6.800000000000001
2021,4,11,17,30,14.100000000000001,94,156,124,0.22,63,6.5
2021,4,11,18,30,11.3,4,0,4,0.22,59,5.6000000000000005
2021,4,11,19,30,9.3,0,0,0,0.22,56,4.800000000000001
2021,4,11,20,30,7.800000000000001,0,0,0,0.22,57,3.7
2021,4,11,21,30,6.300000000000001,0,0,0,0.22,63,2.3000000000000003
2021,4,11,22,30,4.9,0,0,0,0.22,72,1.6
2021,4,11,23,30,3.7,0,0,0,0.22,78,1.5
2021,4,12,0,30,2.8000000000000003,0,0,0,0.22,81,1.6
2021,4,12,1,30,1.8,0,0,0,0.22,84,1.7000000000000002
2021,4,12,2,30,1,0,0,0,0.22,87,1.8
2021,4,12,3,30,0.2,0,0,0,0.22,88,1.8
2021,4,12,4,30,-0.4,0,0,0,0.22,89,1.9000000000000001
2021,4,12,5,30,0.2,9,65,9,0.22,92,2.7
2021,4,12,6,30,2.1,56,531,163,0.22,99,3.5
2021,4,12,7,30,4.5,165,411,328,0.22,104,3.5
2021,4,12,8,30,6.800000000000001,225,450,482,0.22,102,3.2
2021,4,12,9,30,8.9,291,506,652,0.22,92,3.3000000000000003
2021,4,12,10,30,10.700000000000001,245,695,811,0.22,83,3.8000000000000003
2021,4,12,11,30,11.9,301,606,826,0.22,84,4.5
2021,4,12,12,30,12.600000000000001,236,753,888,0.22,86,4.9
2021,4,12,13,30,12.9,150,881,866,0.22,88,5.1000000000000005
2021,4,12,14,30,12.9,104,923,760,0.22,86,5.1000000000000005
2021,4,12,15,30,12.4,94,863,583,0.22,81,5.300000000000001
2021,4,12,16,30,11,90,694,362,0.22,74,5.300000000000001
2021,4,12,17,30,8.9,74,133,100,0.22,66,4.6000000000000005
2021,4,12,18,30,6.9,4,0,4,0.22,62,3.6
2021,4,12,19,30,5.800000000000001,0,0,0,0.22,67,2.7
2021,4,12,20,30,4.9,0,0,0,0.22,80,2
2021,4,12,21,30,3.7,0,0,0,0.22,95,1.7000000000000002
2021,4,12,22,30,2.7,0,0,0,0.22,105,1.6
2021,4,12,23,30,2,0,0,0,0.22,111,1.6
2021,4,13,0,30,1.3,0,0,0,0.22,115,1.5
2021,4,13,1,30,0.6000000000000001,0,0,0,0.22,118,1.4000000000000001
2021,4,13,2,30,0.1,0,0,0,0.22,117,1.4000000000000001
2021,4,13,3,30,-0.1,0,0,0,0.22,114,1.4000000000000001
2021,4,13,4,30,-0.1,0,0,0,0.22,111,1.7000000000000002
2021,4,13,5,30,0.8,3,0,3,0.22,113,2.4000000000000004
2021,4,13,6,30,2.7,6,0,6,0.22,119,3.5
2021,4,13,7,30,4.800000000000001,136,10,140,0.22,126,4.2
2021,4,13,8,30,6.9,233,27,249,0.22,131,4.4
2021,4,13,9,30,9.1,359,309,581,0.22,135,4.3
2021,4,13,10,30,11.100000000000001,315,548,764,0.22,133,4.1000000000000005
2021,4,13,11,30,12.600000000000001,401,390,740,0.22,128,4
2021,4,13,12,30,13.5,419,303,682,0.22,122,4.1000000000000005
2021,4,13,13,30,13.8,369,383,681,0.22,115,4.2
2021,4,13,14,30,13.8,368,126,458,0.22,108,3.9000000000000004
2021,4,13,15,30,13.4,245,267,397,0.22,99,3.8000000000000003
2021,4,13,16,30,12.4,152,468,336,0.22,88,3.7
2021,4,13,17,30,10.600000000000001,79,10,81,0.21,79,3.6
2021,4,13,18,30,8.700000000000001,4,0,4,0.21,75,3.4000000000000004
2021,4,13,19,30,7.5,0,0,0,0.21,71,3.2
2021,4,13,20,30,6.4,0,0,0,0.21,70,2.7
2021,4,13,21,30,5.300000000000001,0,0,0,0.21,68,2.2
2021,4,13,22,30,4.3,0,0,0,0.21,68,1.7000000000000002
2021,4,13,23,30,3.3000000000000003,0,0,0,0.21,70,1.5
2021,4,14,0,30,2.5,0,0,0,0.21,73,1.5
2021,4,14,1,30,1.8,0,0,0,0.21,79,1.5
2021,4,14,2,30,1,0,0,0,0.21,85,1.4000000000000001
2021,4,14,3,30,0.4,0,0,0,0.21,87,1.2000000000000002
2021,4,14,4,30,0,0,0,0,0.21,84,1.3
2021,4,14,5,30,0.8,10,28,10,0.21,86,1.7000000000000002
2021,4,14,6,30,2.8000000000000003,82,362,158,0.21,103,2.3000000000000003
2021,4,14,7,30,5.300000000000001,134,564,362,0.21,122,3
2021,4,14,8,30,7.800000000000001,288,159,380,0.21,129,3.7
2021,4,14,9,30,10.4,349,326,584,0.21,128,4.1000000000000005
2021,4,14,10,30,12.8,158,868,871,0.21,124,4.4
2021,4,14,11,30,14.600000000000001,145,909,939,0.21,118,4.6000000000000005
2021,4,14,12,30,15.9,147,902,933,0.21,114,4.7
2021,4,14,13,30,16.6,141,889,868,0.21,109,4.9
2021,4,14,14,30,16.8,128,862,745,0.21,104,5.2
2021,4,14,15,30,16.400000000000002,180,599,523,0.21,101,5.5
2021,4,14,16,30,15.3,127,521,334,0.21,99,5.800000000000001
2021,4,14,17,30,13.200000000000001,73,394,152,0.21,98,5.9
2021,4,14,18,30,11,6,0,6,0.21,103,5.800000000000001
2021,4,14,19,30,9.5,0,0,0,0.21,110,5.6000000000000005
2021,4,14,20,30,8.200000000000001,0,0,0,0.21,113,5.300000000000001
2021,4,14,21,30,7.1000000000000005,0,0,0,0.21,112,4.9
2021,4,14,22,30,6,0,0,0,0.21,109,4.5
2021,4,14,23,30,5.1000000000000005,0,0,0,0.21,108,4.4
2021,4,15,0,30,4.7,0,0,0,0.21,108,4.3
2021,4,15,1,30,4.3,0,0,0,0.21,109,4.2
2021,4,15,2,30,4,0,0,0,0.21,110,4.2
2021,4,15,3,30,3.7,0,0,0,0.21,112,4.1000000000000005
2021,4,15,4,30,3.5,0,0,0,0.21,114,4
2021,4,15,5,30,3.7,3,0,3,0.21,118,4.1000000000000005
2021,4,15,6,30,4.9,52,0,52,0.21,127,4.4
2021,4,15,7,30,6.9,96,15,102,0.21,137,4.6000000000000005
2021,4,15,8,30,9.4,225,8,230,0.21,140,4.800000000000001
2021,4,15,9,30,12.3,205,0,205,0.21,139,5
2021,4,15,10,30,15,162,0,162,0.21,136,5.300000000000001
2021,4,15,11,30,16.900000000000002,362,470,774,0.21,137,5.7
2021,4,15,12,30,17.900000000000002,333,545,810,0.21,142,5.7
2021,4,15,13,30,18,278,490,680,0.21,150,5.2
2021,4,15,14,30,17.6,271,34,295,0.21,159,4.3
2021,4,15,15,30,16.7,234,150,320,0.21,157,3.2
2021,4,15,16,30,14.8,153,80,185,0.21,124,2.7
2021,4,15,17,30,11.3,58,102,79,0.21,86,2.9000000000000004
2021,4,15,18,30,7.800000000000001,6,0,6,0.21,74,3.4000000000000004
2021,4,15,19,30,5.800000000000001,0,0,0,0.21,72,3.7
2021,4,15,20,30,4.7,0,0,0,0.21,71,3.4000000000000004
2021,4,15,21,30,3.9000000000000004,0,0,0,0.21,61,3.1
2021,4,15,22,30,3.1,0,0,0,0.21,40,3.2
2021,4,15,23,30,2.2,0,0,0,0.21,20,4.1000000000000005
2021,4,16,0,30,1.5,0,0,0,0.21,10,5.1000000000000005
2021,4,16,1,30,0.8,0,0,0,0.21,7,5.300000000000001
2021,4,16,2,30,0.2,0,0,0,0.21,7,4.6000000000000005
2021,4,16,3,30,-0.1,0,0,0,0.21,4,3.8000000000000003
2021,4,16,4,30,-0.30000000000000004,0,0,0,0.21,181,3.5
2021,4,16,5,30,0.2,5,0,5,0.21,183,3.9000000000000004
2021,4,16,6,30,1.4000000000000001,62,1,62,0.21,9,4.6000000000000005
2021,4,16,7,30,2.9000000000000004,258,81,292,0.21,14,4.800000000000001
2021,4,16,8,30,4.1000000000000005,240,506,537,0.21,17,4.7
2021,4,16,9,30,5.300000000000001,415,262,606,0.21,19,4.5
2021,4,16,10,30,6.4,462,119,561,0.21,20,4.3
2021,4,16,11,30,7.300000000000001,316,5,320,0.21,20,4.2
2021,4,16,12,30,7.9,175,0,175,0.21,22,4.3
2021,4,16,13,30,8.1,183,0,183,0.21,25,4.4
2021,4,16,14,30,8,260,10,267,0.21,29,4.5
2021,4,16,15,30,7.4,188,3,190,0.21,32,4.800000000000001
2021,4,16,16,30,6.2,161,18,168,0.21,35,5
2021,4,16,17,30,4.5,59,113,82,0.21,39,4.6000000000000005
2021,4,16,18,30,2.9000000000000004,6,0,6,0.21,44,3.8000000000000003
2021,4,16,19,30,2,0,0,0,0.21,50,3.3000000000000003
2021,4,16,20,30,1.3,0,0,0,0.21,50,2.7
2021,4,16,21,30,0.8,0,0,0,0.21,43,2.2
2021,4,16,22,30,0.4,0,0,0,0.21,29,1.7000000000000002
2021,4,16,23,30,0,0,0,0,0.21,190,1.3
2021,4,17,0,30,-0.5,0,0,0,0.21,349,1
2021,4,17,1,30,-0.9,0,0,0,0.21,333,0.9
2021,4,17,2,30,-1.2000000000000002,0,0,0,0.21,326,0.9
2021,4,17,3,30,-1.5,0,0,0,0.21,328,0.9
2021,4,17,4,30,-1.6,0,0,0,0.21,336,1
2021,4,17,5,30,-0.6000000000000001,10,0,10,0.21,176,1.6
2021,4,17,6,30,1.2000000000000002,47,13,50,0.21,20,2.6
2021,4,17,7,30,2.7,146,11,151,0.21,30,3.2
2021,4,17,8,30,3.8000000000000003,162,7,166,0.21,31,3
2021,4,17,9,30,4.7,121,2,122,0.21,30,2.7
2021,4,17,10,30,5.5,414,58,462,0.21,27,2.4000000000000004
2021,4,17,11,30,6.300000000000001,400,17,415,0.21,21,2.2
2021,4,17,12,30,6.9,403,17,418,0.21,14,2.2
2021,4,17,13,30,7.2,256,4,259,0.21,9,2.3000000000000003
2021,4,17,14,30,7.300000000000001,362,162,479,0.21,9,2.4000000000000004
2021,4,17,15,30,7,176,683,572,0.21,11,2.5
2021,4,17,16,30,6.4,179,207,263,0.21,14,2.5
2021,4,17,17,30,4.9,82,97,102,0.21,21,1.7000000000000002
2021,4,17,18,30,3.1,9,1,9,0.21,34,0.9
2021,4,17,19,30,2.3000000000000003,0,0,0,0.21,42,0.7000000000000001
2021,4,17,20,30,2,0,0,0,0.21,176,0.5
2021,4,17,21,30,1.1,0,0,0,0.21,290,0.7000000000000001
2021,4,17,22,30,-0.1,0,0,0,0.21,267,1.1
2021,4,17,23,30,-1.2000000000000002,0,0,0,0.21,266,1.4000000000000001
2021,4,18,0,30,-1.7000000000000002,0,0,0,0.21,270,1.6
2021,4,18,1,30,-1.9000000000000001,0,0,0,0.21,274,1.9000000000000001
2021,4,18,2,30,-1.9000000000000001,0,0,0,0.21,276,2.1
2021,4,18,3,30,-1.9000000000000001,0,0,0,0.21,277,2.3000000000000003
2021,4,18,4,30,-1.6,0,0,0,0.21,278,2.6
2021,4,18,5,30,0.5,16,136,20,0.21,278,3.6
2021,4,18,6,30,4.3,56,641,202,0.21,286,4.2
2021,4,18,7,30,7.800000000000001,76,831,426,0.21,308,3.8000000000000003
2021,4,18,8,30,10.200000000000001,88,916,633,0.21,330,3.6
2021,4,18,9,30,11.9,95,969,808,0.21,340,3.6
2021,4,18,10,30,13.4,99,992,927,0.21,347,3.6
2021,4,18,11,30,14.5,101,1006,991,0.21,352,3.8000000000000003
2021,4,18,12,30,15.100000000000001,103,996,982,0.21,356,3.8000000000000003
2021,4,18,13,30,15.4,104,977,914,0.21,357,3.8000000000000003
2021,4,18,14,30,15.200000000000001,270,550,669,0.21,358,3.6
2021,4,18,15,30,14.600000000000001,119,811,591,0.21,359,3.3000000000000003
2021,4,18,16,30,13.5,75,790,397,0.21,180,2.6
2021,4,18,17,30,11.3,63,485,166,0.2,4,1.5
2021,4,18,18,30,9.5,9,0,9,0.2,8,0.8
2021,4,18,19,30,9.1,0,0,0,0.2,169,0.5
2021,4,18,20,30,8.200000000000001,0,0,0,0.2,275,0.6000000000000001
2021,4,18,21,30,6.6000000000000005,0,0,0,0.2,224,1.1
2021,4,18,22,30,4.7,0,0,0,0.2,228,1.4000000000000001
2021,4,18,23,30,3.6,0,0,0,0.2,234,1.7000000000000002
2021,4,19,0,30,3.1,0,0,0,0.2,240,2
2021,4,19,1,30,2.8000000000000003,0,0,0,0.2,246,2.3000000000000003
2021,4,19,2,30,2.5,0,0,0,0.2,252,2.7
2021,4,19,3,30,2.2,0,0,0,0.2,259,3.1
2021,4,19,4,30,2.2,0,0,0,0.2,265,3.5
2021,4,19,5,30,3.8000000000000003,18,156,23,0.2,270,4.2
2021,4,19,6,30,7.2,55,634,202,0.2,279,4.5
2021,4,19,7,30,11.5,75,818,423,0.2,301,4.2
2021,4,19,8,30,14.8,89,900,628,0.2,333,3.7
2021,4,19,9,30,16.5,99,948,800,0.2,181,2.9000000000000004
2021,4,19,10,30,17.6,110,964,918,0.2,25,2.5
2021,4,19,11,30,18.400000000000002,120,966,977,0.2,46,2.4000000000000004
2021,4,19,12,30,18.8,125,957,972,0.2,64,2.6
2021,4,19,13,30,18.6,124,934,900,0.2,77,2.9000000000000004
2021,4,19,14,30,17.6,123,891,772,0.2,81,3
2021,4,19,15,30,16,253,423,500,0.2,78,3.4000000000000004
2021,4,19,16,30,13.600000000000001,197,217,286,0.2,78,4.4
2021,4,19,17,30,10.5,46,25,51,0.65,81,5.800000000000001
2021,4,19,18,30,6.9,9,0,9,0.65,82,6.4
2021,4,19,19,30,3.8000000000000003,0,0,0,0.65,75,6.4
2021,4,19,20,30,1.4000000000000001,0,0,0,0.65,61,6.7
2021,4,19,21,30,-0.5,0,0,0,0.65,51,6.800000000000001
2021,4,19,22,30,-1.9000000000000001,0,0,0,0.65,46,6.2
2021,4,19,23,30,-2.8000000000000003,0,0,0,0.65,44,5.2
2021,4,20,0,30,-3.5,0,0,0,0.65,46,4.5
2021,4,20,1,30,-3.8000000000000003,0,0,0,0.65,49,4
2021,4,20,2,30,-4.1000000000000005,0,0,0,0.65,53,3.6
2021,4,20,3,30,-4.2,0,0,0,0.65,56,3.2
2021,4,20,4,30,-4.3,0,0,0,0.65,57,2.9000000000000004
2021,4,20,5,30,-3.7,10,0,10,0.65,55,2.7
2021,4,20,6,30,-2.3000000000000003,28,0,28,0.65,47,2.5
2021,4,20,7,30,-0.6000000000000001,64,0,64,0.65,34,2.4000000000000004
2021,4,20,8,30,1,190,0,190,0.65,25,2.1
2021,4,20,9,30,2.7,440,12,449,0.65,23,1.7000000000000002
2021,4,20,10,30,4.6000000000000005,214,846,925,0.65,30,1.4000000000000001
2021,4,20,11,30,6.4,145,995,1031,0.65,50,1.6
2021,4,20,12,30,7.800000000000001,142,996,1026,0.65,71,2.3000000000000003
2021,4,20,13,30,8.700000000000001,137,974,949,0.65,82,3.2
2021,4,20,14,30,8.9,350,540,745,0.65,89,4
2021,4,20,15,30,8.1,278,484,562,0.65,95,4.5
2021,4,20,16,30,6.6000000000000005,209,200,292,0.65,100,4.6000000000000005
2021,4,20,17,30,4.2,87,27,93,0.2,95,3.9000000000000004
2021,4,20,18,30,1.8,8,0,8,0.2,82,3.1
2021,4,20,19,30,0.30000000000000004,0,0,0,0.2,75,2.7
2021,4,20,20,30,-0.7000000000000001,0,0,0,0.2,75,2.3000000000000003
2021,4,20,21,30,-1.7000000000000002,0,0,0,0.2,76,2
2021,4,20,22,30,-2.4000000000000004,0,0,0,0.2,80,1.7000000000000002
2021,4,20,23,30,-3,0,0,0,0.2,88,1.5
2021,4,21,0,30,-3.4000000000000004,0,0,0,0.2,95,1.2000000000000002
2021,4,21,1,30,-3.8000000000000003,0,0,0,0.2,96,1
2021,4,21,2,30,-3.9000000000000004,0,0,0,0.2,87,0.9
2021,4,21,3,30,-3.7,0,0,0,0.2,74,1
2021,4,21,4,30,-3.3000000000000003,0,0,0,0.2,67,1.3
2021,4,21,5,30,-2.4000000000000004,12,12,13,0.2,69,1.7000000000000002
2021,4,21,6,30,-0.9,127,211,178,0.2,81,2
2021,4,21,7,30,0.7000000000000001,213,334,358,0.2,95,2.2
2021,4,21,8,30,2.4000000000000004,310,304,494,0.2,97,2.5
2021,4,21,9,30,4.5,381,274,585,0.2,86,2.7
2021,4,21,10,30,6.7,421,108,512,0.2,72,3.2
2021,4,21,11,30,8.5,269,678,875,0.2,66,4
2021,4,21,12,30,9.600000000000001,301,680,907,0.2,65,4.6000000000000005
2021,4,21,13,30,10,324,545,780,0.2,61,4.800000000000001
2021,4,21,14,30,9.9,246,579,671,0.2,54,4.9
2021,4,21,15,30,9.3,163,701,577,0.2,45,5.1000000000000005
2021,4,21,16,30,8.1,127,35,142,0.2,36,5.300000000000001
2021,4,21,17,30,6.4,107,121,134,0.2,30,4.9
2021,4,21,18,30,4.6000000000000005,13,10,13,0.2,29,4.1000000000000005
2021,4,21,19,30,3.5,0,0,0,0.2,30,3.1
2021,4,21,20,30,2.9000000000000004,0,0,0,0.2,19,2.1
2021,4,21,21,30,2.3000000000000003,0,0,0,0.2,162,1.5
2021,4,21,22,30,1.9000000000000001,0,0,0,0.2,304,1.3
2021,4,21,23,30,1.7000000000000002,0,0,0,0.2,291,1.2000000000000002
2021,4,22,0,30,1.5,0,0,0,0.2,282,0.9
2021,4,22,1,30,1.2000000000000002,0,0,0,0.2,240,0.6000000000000001
2021,4,22,2,30,0.5,0,0,0,0.2,196,0.6000000000000001
2021,4,22,3,30,-0.2,0,0,0,0.2,194,0.9
2021,4,22,4,30,-0.30000000000000004,0,0,0,0.2,216,1.2000000000000002
2021,4,22,5,30,2,21,124,27,0.2,234,2.1
2021,4,22,6,30,6.1000000000000005,65,579,207,0.2,241,3.4000000000000004
2021,4,22,7,30,10.700000000000001,89,774,427,0.2,245,4.6000000000000005
2021,4,22,8,30,14.8,103,874,635,0.2,249,5.7
2021,4,22,9,30,17.400000000000002,112,929,808,0.2,250,6.6000000000000005
2021,4,22,10,30,19,120,958,931,0.2,250,7.2
2021,4,22,11,30,19.8,243,741,907,0.2,253,7.300000000000001
2021,4,22,12,30,20.400000000000002,263,38,297,0.2,257,7
2021,4,22,13,30,20.8,178,805,853,0.2,262,6.300000000000001
2021,4,22,14,30,20.700000000000003,128,888,782,0.2,267,5.5
2021,4,22,15,30,19.700000000000003,130,795,601,0.2,277,4.6000000000000005
2021,4,22,16,30,17.7,148,146,209,0.2,304,3.6
2021,4,22,17,30,14.5,64,231,116,0.2,166,3.1
2021,4,22,18,30,11.700000000000001,14,1,14,0.2,16,3.6
2021,4,22,19,30,10.100000000000001,0,0,0,0.2,25,3.4000000000000004
2021,4,22,20,30,8.700000000000001,0,0,0,0.2,29,2.2
2021,4,22,21,30,7.7,0,0,0,0.2,34,1.1
2021,4,22,22,30,7.1000000000000005,0,0,0,0.2,65,0.6000000000000001
2021,4,22,23,30,6.5,0,0,0,0.2,135,0.5
2021,4,23,0,30,5.7,0,0,0,0.2,192,0.7000000000000001
2021,4,23,1,30,5.1000000000000005,0,0,0,0.2,216,1
2021,4,23,2,30,4.800000000000001,0,0,0,0.2,235,1.1
2021,4,23,3,30,4.6000000000000005,0,0,0,0.2,254,1.1
2021,4,23,4,30,4.6000000000000005,0,0,0,0.2,272,1.1
2021,4,23,5,30,6.1000000000000005,22,112,28,0.2,293,1.2000000000000002
2021,4,23,6,30,8.9,74,508,200,0.2,325,1.3
2021,4,23,7,30,11.4,143,560,390,0.2,188,1.3
2021,4,23,8,30,13,221,529,545,0.2,31,1.7000000000000002
2021,4,23,9,30,13.700000000000001,153,832,779,0.2,19,2.3000000000000003
2021,4,23,10,30,13.5,405,345,698,0.2,182,3.1
2021,4,23,11,30,12.9,379,22,399,0.2,352,3.9000000000000004
2021,4,23,12,30,12.600000000000001,449,125,561,0.2,354,4.2
2021,4,23,13,30,12.8,313,101,398,0.2,187,4.1000000000000005
2021,4,23,14,30,13.100000000000001,71,0,71,0.2,22,4
2021,4,23,15,30,13.100000000000001,81,1,82,0.2,32,4
2021,4,23,16,30,12.5,107,44,125,0.2,40,3.6
2021,4,23,17,30,10.5,52,95,74,0.19,53,2.5
2021,4,23,18,30,7.7,14,53,16,0.19,78,1.3
2021,4,23,19,30,6.2,0,0,0,0.19,120,1
2021,4,23,20,30,5.2,0,0,0,0.19,178,1
2021,4,23,21,30,4.3,0,0,0,0.19,223,1.3
2021,4,23,22,30,3.7,0,0,0,0.19,245,1.5
2021,4,23,23,30,3.4000000000000004,0,0,0,0.19,258,1.5
2021,4,24,0,30,3.3000000000000003,0,0,0,0.19,267,1.4000000000000001
2021,4,24,1,30,3.4000000000000004,0,0,0,0.19,270,1.2000000000000002
2021,4,24,2,30,3.3000000000000003,0,0,0,0.19,268,1.1
2021,4,24,3,30,2.9000000000000004,0,0,0,0.19,265,1.1
2021,4,24,4,30,2.7,0,0,0,0.19,265,1.2000000000000002
2021,4,24,5,30,4.6000000000000005,24,187,34,0.19,266,1.6
2021,4,24,6,30,8.4,62,619,218,0.19,237,1.8
2021,4,24,7,30,12.200000000000001,81,804,438,0.19,199,2.1
2021,4,24,8,30,15.3,198,609,573,0.19,197,2.5
2021,4,24,9,30,17.8,101,952,820,0.19,216,2.5
2021,4,24,10,30,19.900000000000002,111,968,936,0.19,229,2.6
2021,4,24,11,30,21.5,121,969,994,0.19,233,2.8000000000000003
2021,4,24,12,30,22.1,386,226,589,0.19,235,2.9000000000000004
2021,4,24,13,30,22.6,118,948,917,0.19,235,3.1
2021,4,24,14,30,23.3,177,760,740,0.19,231,3.6
2021,4,24,15,30,23.3,126,790,598,0.19,231,4.2
2021,4,24,16,30,21.900000000000002,152,549,384,0.19,236,4.5
2021,4,24,17,30,19,57,268,119,0.19,240,4.1000000000000005
2021,4,24,18,30,16,16,2,16,0.19,241,4.1000000000000005
2021,4,24,19,30,14.4,0,0,0,0.19,242,4.2
2021,4,24,20,30,13.200000000000001,0,0,0,0.19,243,3.9000000000000004
2021,4,24,21,30,12.200000000000001,0,0,0,0.19,242,3.3000000000000003
2021,4,24,22,30,11.200000000000001,0,0,0,0.19,240,3.1
2021,4,24,23,30,10.3,0,0,0,0.19,241,3.2
2021,4,25,0,30,9.700000000000001,0,0,0,0.19,247,3.6
2021,4,25,1,30,9.200000000000001,0,0,0,0.19,254,3.5
2021,4,25,2,30,8.5,0,0,0,0.19,258,3.1
2021,4,25,3,30,7.800000000000001,0,0,0,0.19,257,2.8000000000000003
2021,4,25,4,30,7.5,0,0,0,0.19,255,2.6
2021,4,25,5,30,9.600000000000001,24,180,35,0.19,252,3.1
2021,4,25,6,30,13.700000000000001,63,606,218,0.19,251,4
2021,4,25,7,30,17.900000000000002,81,785,433,0.19,257,4.6000000000000005
2021,4,25,8,30,21.1,94,878,637,0.19,264,4.9
2021,4,25,9,30,23.400000000000002,100,931,806,0.19,264,4.9
2021,4,25,10,30,25.5,101,969,929,0.19,262,5
2021,4,25,11,30,27.3,97,992,993,0.19,255,5.300000000000001
2021,4,25,12,30,28.6,95,997,992,0.19,249,5.9
2021,4,25,13,30,29.200000000000003,93,986,926,0.19,245,6.800000000000001
2021,4,25,14,30,29,108,925,795,0.19,245,7.5
2021,4,25,15,30,28.1,97,828,593,0.19,246,7.800000000000001
2021,4,25,16,30,26.400000000000002,68,832,422,0.19,247,7.4
2021,4,25,17,30,23.200000000000003,50,666,205,0.19,248,5.9
2021,4,25,18,30,19.700000000000003,18,191,25,0.19,248,4.7
2021,4,25,19,30,17.5,0,0,0,0.19,251,4.3
2021,4,25,20,30,15.700000000000001,0,0,0,0.19,253,3.8000000000000003
2021,4,25,21,30,14,0,0,0,0.19,253,3.2
2021,4,25,22,30,12.8,0,0,0,0.19,251,3.2
2021,4,25,23,30,12,0,0,0,0.19,251,3.5
2021,4,26,0,30,11.200000000000001,0,0,0,0.19,254,3.9000000000000004
2021,4,26,1,30,10.5,0,0,0,0.19,257,4
2021,4,26,2,30,9.700000000000001,0,0,0,0.19,258,3.8000000000000003
2021,4,26,3,30,8.9,0,0,0,0.19,257,3.5
2021,4,26,4,30,8.5,0,0,0,0.19,255,3.4000000000000004
2021,4,26,5,30,10.4,25,288,43,0.19,254,3.8000000000000003
2021,4,26,6,30,14.4,56,717,242,0.19,251,4.1000000000000005
2021,4,26,7,30,18.8,73,861,462,0.19,255,5
2021,4,26,8,30,22.200000000000003,85,940,670,0.19,258,5.800000000000001
2021,4,26,9,30,24.400000000000002,94,975,836,0.19,250,5.7
2021,4,26,10,30,25.900000000000002,100,995,953,0.19,241,5.7
2021,4,26,11,30,27.1,102,1006,1013,0.19,238,5.800000000000001
2021,4,26,12,30,27.700000000000003,100,1002,1004,0.19,238,6
2021,4,26,13,30,27.8,113,963,929,0.19,242,6.2
2021,4,26,14,30,27.400000000000002,177,792,767,0.19,245,6.4
2021,4,26,15,30,26.3,249,56,283,0.19,247,6.6000000000000005
2021,4,26,16,30,24.5,190,86,227,0.19,247,6.4
2021,4,26,17,30,21.8,113,222,165,0.2,247,5.4
2021,4,26,18,30,18.7,20,8,20,0.2,249,4.4
2021,4,26,19,30,16.2,0,0,0,0.2,255,3.8000000000000003
2021,4,26,20,30,14.600000000000001,0,0,0,0.2,262,3.3000000000000003
2021,4,26,21,30,13.4,0,0,0,0.2,265,2.9000000000000004
2021,4,26,22,30,12.600000000000001,0,0,0,0.2,266,2.8000000000000003
2021,4,26,23,30,12.100000000000001,0,0,0,0.2,266,2.9000000000000004
2021,4,27,0,30,11.5,0,0,0,0.2,268,3.1
2021,4,27,1,30,11.200000000000001,0,0,0,0.2,272,2.9000000000000004
2021,4,27,2,30,10.700000000000001,0,0,0,0.2,276,2.6
2021,4,27,3,30,10.200000000000001,0,0,0,0.2,277,2.2
2021,4,27,4,30,10.200000000000001,0,0,0,0.2,277,1.9000000000000001
2021,4,27,5,30,11.3,27,103,34,0.2,279,1.5
2021,4,27,6,30,13.4,88,446,206,0.2,277,1.5
2021,4,27,7,30,15.600000000000001,201,37,218,0.2,257,1.3
2021,4,27,8,30,17.3,281,302,470,0.2,182,1
2021,4,27,9,30,18.5,358,209,518,0.2,96,1.4000000000000001
2021,4,27,10,30,19.3,273,632,816,0.2,68,2
2021,4,27,11,30,19.5,130,928,973,0.2,65,2.4000000000000004
2021,4,27,12,30,18.6,179,0,179,0.2,48,2.3000000000000003
2021,4,27,13,30,17.2,359,426,721,0.2,186,2
2021,4,27,14,30,15.8,296,33,321,0.2,325,2.5
2021,4,27,15,30,15.100000000000001,136,754,591,0.2,311,3.5
2021,4,27,16,30,14.600000000000001,91,726,403,0.2,313,3.7
2021,4,27,17,30,13.3,59,581,197,0.22,332,3
2021,4,27,18,30,11.4,19,149,25,0.22,177,2.3000000000000003
2021,4,27,19,30,9.9,0,0,0,0.22,4,2
2021,4,27,20,30,8.8,0,0,0,0.22,173,1.8
2021,4,27,21,30,7.9,0,0,0,0.22,342,1.8
2021,4,27,22,30,7.2,0,0,0,0.22,339,2
2021,4,27,23,30,6.5,0,0,0,0.22,343,2.3000000000000003
2021,4,28,0,30,5.9,0,0,0,0.22,348,2.6
2021,4,28,1,30,5.2,0,0,0,0.22,351,2.7
2021,4,28,2,30,4.5,0,0,0,0.22,348,2.7
2021,4,28,3,30,3.9000000000000004,0,0,0,0.22,344,2.5
2021,4,28,4,30,3.8000000000000003,0,0,0,0.22,338,2.3000000000000003
2021,4,28,5,30,5.4,27,245,44,0.22,342,3.1
2021,4,28,6,30,8.1,85,471,211,0.22,179,4.6000000000000005
2021,4,28,7,30,10.3,251,84,289,0.22,10,5.4
2021,4,28,8,30,12.200000000000001,318,60,356,0.22,15,5.6000000000000005
2021,4,28,9,30,13.9,352,36,380,0.22,17,5.800000000000001
2021,4,28,10,30,15.100000000000001,146,2,148,0.22,18,5.9
2021,4,28,11,30,15.9,292,7,298,0.22,17,6
2021,4,28,12,30,16.3,221,6,226,0.22,15,6
2021,4,28,13,30,16.5,451,171,597,0.22,12,5.800000000000001
2021,4,28,14,30,16.7,308,83,370,0.22,10,5.5
2021,4,28,15,30,16.6,220,49,250,0.22,10,5.1000000000000005
2021,4,28,16,30,16,202,190,284,0.22,14,4.7
2021,4,28,17,30,14.100000000000001,60,581,200,0.22,22,3.3000000000000003
2021,4,28,18,30,11.200000000000001,17,0,17,0.22,30,1.9000000000000001
2021,4,28,19,30,9.4,0,0,0,0.22,30,1.5
2021,4,28,20,30,8.6,0,0,0,0.22,16,1.2000000000000002
2021,4,28,21,30,7.800000000000001,0,0,0,0.22,168,1.1
2021,4,28,22,30,7,0,0,0,0.22,318,1.2000000000000002
2021,4,28,23,30,6.300000000000001,0,0,0,0.22,300,1.5
2021,4,29,0,30,5.9,0,0,0,0.22,294,1.7000000000000002
2021,4,29,1,30,5.6000000000000005,0,0,0,0.22,293,1.7000000000000002
2021,4,29,2,30,5.300000000000001,0,0,0,0.22,298,1.7000000000000002
2021,4,29,3,30,5.1000000000000005,0,0,0,0.22,308,1.8
2021,4,29,4,30,5.4,0,0,0,0.22,323,1.9000000000000001
2021,4,29,5,30,8.1,27,304,50,0.22,333,2.8000000000000003
2021,4,29,6,30,12.3,56,688,242,0.22,345,4.1000000000000005
2021,4,29,7,30,15.600000000000001,71,845,461,0.22,182,5.1000000000000005
2021,4,29,8,30,18,82,924,665,0.22,18,5.6000000000000005
2021,4,29,9,30,19.8,89,969,834,0.22,34,5.6000000000000005
2021,4,29,10,30,21.200000000000003,93,990,949,0.22,49,5.2
2021,4,29,11,30,22.200000000000003,95,1002,1009,0.22,57,4.9
2021,4,29,12,30,22.8,96,995,1000,0.22,60,4.5
2021,4,29,13,30,23.1,97,976,930,0.22,63,4.2
2021,4,29,14,30,22.900000000000002,96,941,803,0.22,68,3.8000000000000003
2021,4,29,15,30,22.400000000000002,89,886,628,0.22,76,3.5
2021,4,29,16,30,21.3,76,792,421,0.22,89,3.1
2021,4,29,17,30,18.400000000000002,57,613,206,0.22,105,2.2
2021,4,29,18,30,14.9,20,159,28,0.22,119,1.7000000000000002
2021,4,29,19,30,13,0,0,0,0.22,130,1.9000000000000001
2021,4,29,20,30,11.9,0,0,0,0.22,141,2.1
2021,4,29,21,30,11,0,0,0,0.22,153,2.1
2021,4,29,22,30,10.200000000000001,0,0,0,0.22,169,2
2021,4,29,23,30,9.600000000000001,0,0,0,0.22,187,1.8
2021,4,30,0,30,9.200000000000001,0,0,0,0.22,206,1.7000000000000002
2021,4,30,1,30,9.1,0,0,0,0.22,222,1.6
2021,4,30,2,30,9,0,0,0,0.22,237,1.5
2021,4,30,3,30,8.700000000000001,0,0,0,0.22,251,1.5
2021,4,30,4,30,8.9,0,0,0,0.22,265,1.4000000000000001
2021,4,30,5,30,11.4,28,296,51,0.22,275,1.7000000000000002
2021,4,30,6,30,15.9,58,665,240,0.22,260,1.6
2021,4,30,7,30,19.900000000000002,74,821,455,0.22,190,1.6
2021,4,30,8,30,22.700000000000003,84,902,656,0.22,134,2.4000000000000004
2021,4,30,9,30,24.3,92,947,823,0.22,126,2.6
2021,4,30,10,30,25.6,95,976,941,0.22,118,2.6
2021,4,30,11,30,26.6,94,992,1001,0.22,111,2.5
2021,4,30,12,30,27.3,94,990,996,0.22,105,2.5
2021,4,30,13,30,27.6,92,978,929,0.22,104,2.6
2021,4,30,14,30,27.400000000000002,88,949,803,0.22,106,2.8000000000000003
2021,4,30,15,30,26.8,81,901,631,0.22,111,3.1
2021,4,30,16,30,25.6,70,817,427,0.22,116,3.3000000000000003
2021,4,30,17,30,10.100000000000001,64,590,208,0.28,23,5.300000000000001
2021,4,30,18,30,7.800000000000001,20,166,28,0.28,28,3.9000000000000004
2021,4,30,19,30,5.9,0,0,0,0.28,28,2.9000000000000004
2021,4,30,20,30,4.800000000000001,0,0,0,0.28,22,2.2
2021,4,30,21,30,4,0,0,0,0.28,12,1.6
2021,4,30,22,30,3.6,0,0,0,0.28,177,1.3
2021,4,30,23,30,3.3000000000000003,0,0,0,0.28,342,1.3
2014,5,1,0,30,3.1,0,0,0,0.28,332,1.3
2014,5,1,1,30,2.9000000000000004,0,0,0,0.28,322,1.3
2014,5,1,2,30,2.6,0,0,0,0.28,307,1.2000000000000002
2014,5,1,3,30,2.3000000000000003,0,0,0,0.28,292,1.1
2014,5,1,4,30,2.4000000000000004,0,0,0,0.28,284,1.1
2014,5,1,5,30,4.5,33,2,33,0.28,287,1.6
2014,5,1,6,30,7.5,158,22,164,0.28,315,2.5
2014,5,1,7,30,9.600000000000001,232,418,427,0.28,342,3.4000000000000004
2014,5,1,8,30,11.3,93,921,679,0.28,351,4.2
2014,5,1,9,30,12.8,304,548,728,0.28,177,4.7
2014,5,1,10,30,14.100000000000001,99,1014,981,0.28,3,5.1000000000000005
2014,5,1,11,30,15.200000000000001,103,1024,1041,0.28,7,5.300000000000001
2014,5,1,12,30,16,101,1026,1037,0.28,11,5.300000000000001
2014,5,1,13,30,16.400000000000002,99,1004,960,0.28,13,5.300000000000001
2014,5,1,14,30,16.5,91,982,832,0.28,16,5.4
2014,5,1,15,30,16.2,84,931,654,0.28,19,5.300000000000001
2014,5,1,16,30,15.4,74,838,442,0.28,25,5
2014,5,1,17,30,12.8,56,649,217,0.27,37,3.5
2014,5,1,18,30,9.200000000000001,20,226,32,0.27,50,2
2014,5,1,19,30,6.9,0,0,0,0.27,59,1.6
2014,5,1,20,30,6,0,0,0,0.27,63,1.3
2014,5,1,21,30,5.7,0,0,0,0.27,62,0.8
2014,5,1,22,30,5.2,0,0,0,0.27,163,0.6000000000000001
2014,5,1,23,30,4.2,0,0,0,0.27,263,1
2014,5,2,0,30,3.2,0,0,0,0.27,258,1.3
2014,5,2,1,30,2.8000000000000003,0,0,0,0.27,255,1.5
2014,5,2,2,30,2.8000000000000003,0,0,0,0.27,257,1.6
2014,5,2,3,30,2.9000000000000004,0,0,0,0.27,262,1.8
2014,5,2,4,30,3.7,0,0,0,0.27,270,2
2014,5,2,5,30,6.9,27,314,53,0.27,283,3
2014,5,2,6,30,11.8,57,684,249,0.27,299,3.8000000000000003
2014,5,2,7,30,15.9,75,834,467,0.27,322,4
2014,5,2,8,30,18.6,87,910,668,0.27,341,4.1000000000000005
2014,5,2,9,30,20.400000000000002,94,956,836,0.27,350,3.9000000000000004
2014,5,2,10,30,22,96,982,951,0.27,176,3.3000000000000003
2014,5,2,11,30,23.3,94,999,1011,0.27,6,2.7
2014,5,2,12,30,24.200000000000003,235,761,930,0.27,20,2.1
2014,5,2,13,30,24.6,325,499,754,0.27,45,1.5
2014,5,2,14,30,24.700000000000003,88,952,809,0.27,82,1.2000000000000002
2014,5,2,15,30,24.3,84,894,633,0.27,119,1.2000000000000002
2014,5,2,16,30,23.400000000000002,75,798,428,0.27,145,1.3
2014,5,2,17,30,21.1,123,8,125,0.27,155,1
2014,5,2,18,30,18.400000000000002,20,218,32,0.27,153,0.8
2014,5,2,19,30,16.6,0,0,0,0.27,147,0.8
2014,5,2,20,30,15.4,0,0,0,0.27,150,0.7000000000000001
2014,5,2,21,30,14.5,0,0,0,0.27,183,0.6000000000000001
2014,5,2,22,30,13.700000000000001,0,0,0,0.27,249,0.6000000000000001
2014,5,2,23,30,12.600000000000001,0,0,0,0.27,292,0.8
2014,5,3,0,30,11.8,0,0,0,0.27,292,1.1
2014,5,3,1,30,11.200000000000001,0,0,0,0.27,284,1.5
2014,5,3,2,30,10.4,0,0,0,0.27,279,2.1
2014,5,3,3,30,9.9,0,0,0,0.27,277,2.5
2014,5,3,4,30,10.3,0,0,0,0.27,274,3
2014,5,3,5,30,12.9,27,339,57,0.27,272,4
2014,5,3,6,30,17.1,59,679,252,0.27,270,4.4
2014,5,3,7,30,21.3,80,821,468,0.27,273,3.8000000000000003
2014,5,3,8,30,24.5,95,897,670,0.27,277,3.3000000000000003
2014,5,3,9,30,26.200000000000003,106,940,837,0.27,274,3
2014,5,3,10,30,27.5,306,726,940,0.27,270,2.9000000000000004
2014,5,3,11,30,28.5,310,733,984,0.27,266,2.6
2014,5,3,12,30,29.200000000000003,315,638,899,0.27,263,2.4000000000000004
2014,5,3,13,30,29.6,344,505,779,0.27,259,2.1
2014,5,3,14,30,29.6,387,255,581,0.27,252,1.8
2014,5,3,15,30,29.1,275,409,527,0.27,246,1.6
2014,5,3,16,30,27.8,159,537,398,0.27,238,1.1
2014,5,3,17,30,24.900000000000002,119,327,202,0.28,192,0.6000000000000001
2014,5,3,18,30,21.900000000000002,30,9,30,0.28,155,0.6000000000000001
2014,5,3,19,30,19.900000000000002,0,0,0,0.28,174,0.8
2014,5,3,20,30,18.1,0,0,0,0.28,221,0.9
2014,5,3,21,30,16.6,0,0,0,0.28,264,1.4000000000000001
2014,5,3,22,30,15.700000000000001,0,0,0,0.28,279,2.3000000000000003
2014,5,3,23,30,14.9,0,0,0,0.28,282,3.1
2014,5,4,0,30,13.9,0,0,0,0.28,278,3.5
2014,5,4,1,30,13.3,0,0,0,0.28,274,3.8000000000000003
2014,5,4,2,30,12.9,0,0,0,0.28,270,3.9000000000000004
2014,5,4,3,30,12.5,0,0,0,0.28,266,3.9000000000000004
2014,5,4,4,30,12.8,0,0,0,0.28,265,4.1000000000000005
2014,5,4,5,30,15,29,362,61,0.28,266,4.9
2014,5,4,6,30,18.900000000000002,122,382,232,0.28,269,5.2
2014,5,4,7,30,23,224,500,461,0.28,276,5.2
2014,5,4,8,30,26.200000000000003,297,399,554,0.28,281,5.2
2014,5,4,9,30,28,403,238,589,0.28,274,5.1000000000000005
2014,5,4,10,30,29.400000000000002,426,55,474,0.28,262,5
2014,5,4,11,30,30.6,442,333,749,0.28,251,5.1000000000000005
2014,5,4,12,30,31.3,445,50,491,0.28,245,5.5
2014,5,4,13,30,31.5,239,767,901,0.28,244,5.800000000000001
2014,5,4,14,30,31.1,289,501,670,0.28,247,6
2014,5,4,15,30,30.1,300,294,482,0.28,251,5.800000000000001
2014,5,4,16,30,28.400000000000002,67,565,319,0.28,256,5
2014,5,4,17,30,25.200000000000003,51,420,159,0.28,259,3.6
2014,5,4,18,30,21.8,20,0,20,0.28,263,3.1
2014,5,4,19,30,20.1,0,0,0,0.28,268,3.5
2014,5,4,20,30,19.1,0,0,0,0.28,271,3.9000000000000004
2014,5,4,21,30,18,0,0,0,0.28,271,3.9000000000000004
2014,5,4,22,30,16.900000000000002,0,0,0,0.28,268,3.8000000000000003
2014,5,4,23,30,15.8,0,0,0,0.28,266,3.8000000000000003
2014,5,5,0,30,14.9,0,0,0,0.28,265,4
2014,5,5,1,30,13.9,0,0,0,0.28,264,4.1000000000000005
2014,5,5,2,30,13.100000000000001,0,0,0,0.28,264,4.2
2014,5,5,3,30,12.5,0,0,0,0.28,263,4.2
2014,5,5,4,30,12.5,0,0,0,0.28,263,4.3
2014,5,5,5,30,14.5,39,3,39,0.28,263,4.6000000000000005
2014,5,5,6,30,18.3,54,1,54,0.28,264,4.5
2014,5,5,7,30,22.6,206,404,399,0.28,277,4.4
2014,5,5,8,30,25.8,254,539,602,0.28,290,4.5
2014,5,5,9,30,27.400000000000002,337,485,716,0.28,288,4
2014,5,5,10,30,28.6,272,697,883,0.28,279,3.3000000000000003
2014,5,5,11,30,29.400000000000002,286,779,1006,0.28,265,2.8000000000000003
2014,5,5,12,30,30,115,987,1023,0.28,246,2.6
2014,5,5,13,30,30.200000000000003,115,964,949,0.28,229,2.8000000000000003
2014,5,5,14,30,30,411,411,724,0.28,220,3.2
2014,5,5,15,30,29.400000000000002,242,485,543,0.28,220,3.8000000000000003
2014,5,5,16,30,28.1,223,443,422,0.28,224,4.2
2014,5,5,17,30,25.3,136,281,209,0.28,230,3.9000000000000004
2014,5,5,18,30,22.1,31,3,31,0.28,234,3.9000000000000004
2014,5,5,19,30,20.1,0,0,0,0.28,239,4.5
2014,5,5,20,30,18.7,0,0,0,0.28,246,4.7
2014,5,5,21,30,17.3,0,0,0,0.28,253,4.6000000000000005
2014,5,5,22,30,15.9,0,0,0,0.28,260,4.2
2014,5,5,23,30,14.600000000000001,0,0,0,0.28,263,3.7
2014,5,6,0,30,13.5,0,0,0,0.28,263,3.4000000000000004
2014,5,6,1,30,12.9,0,0,0,0.28,261,3.4000000000000004
2014,5,6,2,30,12.700000000000001,0,0,0,0.28,259,3.7
2014,5,6,3,30,12.700000000000001,0,0,0,0.28,258,3.9000000000000004
2014,5,6,4,30,13.100000000000001,0,0,0,0.28,258,4.2
2014,5,6,5,30,15,33,1,33,0.28,256,4.6000000000000005
2014,5,6,6,30,18.5,43,0,43,0.28,257,5
2014,5,6,7,30,22.1,107,2,108,0.28,262,5.1000000000000005
2014,5,6,8,30,24.3,311,71,357,0.28,265,5.1000000000000005
2014,5,6,9,30,25.5,375,273,589,0.28,262,4.9
2014,5,6,10,30,26.5,492,148,622,0.28,257,4.6000000000000005
2014,5,6,11,30,27.5,515,60,570,0.28,251,4.4
2014,5,6,12,30,28.200000000000003,509,69,572,0.28,243,4.3
2014,5,6,13,30,28.5,118,958,948,0.28,234,4.5
2014,5,6,14,30,28.400000000000002,107,937,824,0.28,229,4.9
2014,5,6,15,30,27.8,281,362,506,0.28,229,5.5
2014,5,6,16,30,26.5,78,821,448,0.28,234,5.9
2014,5,6,17,30,23.900000000000002,119,313,201,0.28,239,5.2
2014,5,6,18,30,20.6,23,280,42,0.28,244,4.1000000000000005
2014,5,6,19,30,18,0,0,0,0.28,247,3.4000000000000004
2014,5,6,20,30,16.400000000000002,0,0,0,0.28,246,2.7
2014,5,6,21,30,15.200000000000001,0,0,0,0.28,245,2.4000000000000004
2014,5,6,22,30,14.5,0,0,0,0.28,246,2.7
2014,5,6,23,30,14,0,0,0,0.28,253,3.1
2014,5,7,0,30,13.5,0,0,0,0.28,263,3.2
2014,5,7,1,30,13,0,0,0,0.28,270,2.9000000000000004
2014,5,7,2,30,12.4,0,0,0,0.28,272,2.3000000000000003
2014,5,7,3,30,11.700000000000001,0,0,0,0.28,270,1.9000000000000001
2014,5,7,4,30,11.5,0,0,0,0.28,262,1.9000000000000001
2014,5,7,5,30,13.8,48,9,49,0.28,252,2.5
2014,5,7,6,30,17.900000000000002,68,653,261,0.28,242,3.8000000000000003
2014,5,7,7,30,21,91,797,476,0.28,233,4.7
2014,5,7,8,30,22.6,107,876,677,0.28,225,4.9
2014,5,7,9,30,23.8,259,624,751,0.28,214,4.6000000000000005
2014,5,7,10,30,24.900000000000002,315,715,945,0.28,201,4.5
2014,5,7,11,30,25.5,561,316,854,0.28,190,4.7
2014,5,7,12,30,25.400000000000002,454,18,471,0.28,189,5
2014,5,7,13,30,25,459,53,504,0.28,196,5.300000000000001
2014,5,7,14,30,24.8,340,2,342,0.28,202,5.5
2014,5,7,15,30,24.200000000000003,323,96,383,0.28,203,5.800000000000001
2014,5,7,16,30,22.700000000000003,235,66,266,0.28,206,6.1000000000000005
2014,5,7,17,30,19.700000000000003,5,0,5,0.28,220,7
2014,5,7,18,30,16.3,27,1,27,0.28,242,7.800000000000001
2014,5,7,19,30,14,0,0,0,0.28,255,7
2014,5,7,20,30,13,0,0,0,0.28,256,5.2
2014,5,7,21,30,11.9,0,0,0,0.28,252,3.8000000000000003
2014,5,7,22,30,10.600000000000001,0,0,0,0.28,250,3.1
2014,5,7,23,30,9.600000000000001,0,0,0,0.28,253,2.8000000000000003
2014,5,8,0,30,8.5,0,0,0,0.28,267,2.3000000000000003
2014,5,8,1,30,7.4,0,0,0,0.28,301,1.9000000000000001
2014,5,8,2,30,6.5,0,0,0,0.28,338,1.9000000000000001
2014,5,8,3,30,5.7,0,0,0,0.28,178,1.7000000000000002
2014,5,8,4,30,5.7,0,0,0,0.28,17,1.2000000000000002
2014,5,8,5,30,7.4,35,309,67,0.28,38,1
2014,5,8,6,30,10.600000000000001,70,653,264,0.28,109,0.9
2014,5,8,7,30,13.600000000000001,90,807,482,0.28,168,1.2000000000000002
2014,5,8,8,30,15.8,104,888,684,0.28,161,1.7000000000000002
2014,5,8,9,30,17.400000000000002,114,934,850,0.28,156,2.2
2014,5,8,10,30,18.5,123,951,963,0.28,158,2.4000000000000004
2014,5,8,11,30,19,320,728,997,0.28,164,2.4000000000000004
2014,5,8,12,30,19,455,370,798,0.28,179,2.4000000000000004
2014,5,8,13,30,18.6,450,47,491,0.28,204,2.5
2014,5,8,14,30,17.900000000000002,257,666,768,0.28,231,2.9000000000000004
2014,5,8,15,30,16.8,337,141,425,0.28,253,3.4000000000000004
2014,5,8,16,30,15.700000000000001,101,1,102,0.28,270,3.6
2014,5,8,17,30,14.200000000000001,62,1,62,0.28,279,3.2
2014,5,8,18,30,12.4,31,3,32,0.28,279,2.2
2014,5,8,19,30,10.8,0,0,0,0.28,275,1.8
2014,5,8,20,30,9.700000000000001,0,0,0,0.28,274,2
2014,5,8,21,30,8.5,0,0,0,0.28,277,2.2
2014,5,8,22,30,7.6000000000000005,0,0,0,0.28,279,2.3000000000000003
2014,5,8,23,30,6.800000000000001,0,0,0,0.28,278,2.3000000000000003
2014,5,9,0,30,6.1000000000000005,0,0,0,0.28,271,2.3000000000000003
2014,5,9,1,30,5.4,0,0,0,0.28,263,2.5
2014,5,9,2,30,4.9,0,0,0,0.28,258,2.5
2014,5,9,3,30,4.5,0,0,0,0.28,254,2.7
2014,5,9,4,30,4.800000000000001,0,0,0,0.28,252,3
2014,5,9,5,30,6.7,36,329,71,0.28,249,3.6
2014,5,9,6,30,10.3,157,94,185,0.28,250,3.9000000000000004
2014,5,9,7,30,13.700000000000001,262,185,353,0.28,260,4.2
2014,5,9,8,30,15.700000000000001,292,18,304,0.28,268,4.5
2014,5,9,9,30,17.3,286,6,291,0.28,268,4.6000000000000005
2014,5,9,10,30,18.900000000000002,386,10,395,0.28,265,4.4
2014,5,9,11,30,20.400000000000002,497,360,832,0.28,260,4
2014,5,9,12,30,21.6,370,552,881,0.28,253,3.7
2014,5,9,13,30,22.200000000000003,397,567,891,0.28,252,3.7
2014,5,9,14,30,22.400000000000002,106,933,825,0.28,256,3.9000000000000004
2014,5,9,15,30,22.200000000000003,387,125,466,0.28,264,4
2014,5,9,16,30,21.5,166,604,442,0.28,274,3.9000000000000004
2014,5,9,17,30,19.200000000000003,137,133,173,0.27,286,2.8000000000000003
2014,5,9,18,30,16,31,1,31,0.27,301,1.7000000000000002
2014,5,9,19,30,13.8,0,0,0,0.27,313,1.5
2014,5,9,20,30,12.5,0,0,0,0.27,315,1.5
2014,5,9,21,30,11.5,0,0,0,0.27,307,1.5
2014,5,9,22,30,10.8,0,0,0,0.27,299,1.6
2014,5,9,23,30,10.4,0,0,0,0.27,300,1.8
2014,5,10,0,30,9.8,0,0,0,0.27,306,1.8
2014,5,10,1,30,8.9,0,0,0,0.27,308,1.6
2014,5,10,2,30,8.1,0,0,0,0.27,300,1.4000000000000001
2014,5,10,3,30,7.7,0,0,0,0.27,289,1.4000000000000001
2014,5,10,4,30,8.200000000000001,0,0,0,0.27,276,1.5
2014,5,10,5,30,10.700000000000001,36,327,72,0.27,260,1.7000000000000002
2014,5,10,6,30,14.4,71,638,265,0.27,208,1.7000000000000002
2014,5,10,7,30,17.7,92,785,477,0.27,158,2
2014,5,10,8,30,20.200000000000003,105,868,676,0.27,150,2.5
2014,5,10,9,30,22.400000000000002,115,914,839,0.27,150,2.8000000000000003
2014,5,10,10,30,24.200000000000003,124,932,950,0.27,151,3.3000000000000003
2014,5,10,11,30,25.400000000000002,135,934,1006,0.27,155,3.8000000000000003
2014,5,10,12,30,26,347,673,972,0.27,165,3.9000000000000004
2014,5,10,13,30,26.1,436,9,444,0.27,182,3.6
2014,5,10,14,30,25.900000000000002,372,6,377,0.27,202,3.1
2014,5,10,15,30,25.3,295,50,327,0.27,227,2.8000000000000003
2014,5,10,16,30,24.1,196,22,206,0.27,258,2.6
2014,5,10,17,30,21.700000000000003,139,238,203,0.27,301,2.6
2014,5,10,18,30,18.5,29,1,29,0.27,335,3.3000000000000003
2014,5,10,19,30,16,0,0,0,0.27,345,4
2014,5,10,20,30,14.3,0,0,0,0.27,350,4
2014,5,10,21,30,12.9,0,0,0,0.27,357,3.4000000000000004
2014,5,10,22,30,11.9,0,0,0,0.27,360,2.7
2014,5,10,23,30,11.200000000000001,0,0,0,0.27,354,2.4000000000000004
2014,5,11,0,30,10.5,0,0,0,0.27,345,2.4000000000000004
2014,5,11,1,30,9.8,0,0,0,0.27,344,2.4000000000000004
2014,5,11,2,30,9,0,0,0,0.27,353,2.3000000000000003
2014,5,11,3,30,8.200000000000001,0,0,0,0.27,183,2.4000000000000004
2014,5,11,4,30,8,0,0,0,0.27,12,2.9000000000000004
2014,5,11,5,30,9,38,299,72,0.27,23,3.7
2014,5,11,6,30,10.9,82,581,259,0.27,35,4.2
2014,5,11,7,30,12.5,113,718,467,0.27,41,4
2014,5,11,8,30,13.8,196,0,196,0.27,42,3.7
2014,5,11,9,30,14.9,312,1,313,0.27,44,3.6
2014,5,11,10,30,15.600000000000001,180,0,180,0.27,47,3.5
2014,5,11,11,30,15.4,190,0,191,0.27,48,3.6
2014,5,11,12,30,14.600000000000001,530,111,633,0.27,40,4
2014,5,11,13,30,13.4,183,1,183,0.27,29,4.7
2014,5,11,14,30,11.8,203,2,204,0.27,20,5.7
2014,5,11,15,30,9.700000000000001,123,0,123,0.27,15,6.7
2014,5,11,16,30,7.5,53,0,53,0.27,10,7
2014,5,11,17,30,5.6000000000000005,135,8,138,0.65,5,6.800000000000001
2014,5,11,18,30,4.1000000000000005,17,0,17,0.65,181,6.2
2014,5,11,19,30,3.2,0,0,0,0.65,356,5.4
2014,5,11,20,30,2.8000000000000003,0,0,0,0.65,349,4.7
2014,5,11,21,30,2.4000000000000004,0,0,0,0.65,341,4.2
2014,5,11,22,30,2.1,0,0,0,0.65,338,3.8000000000000003
2014,5,11,23,30,1.9000000000000001,0,0,0,0.65,338,3.5
2014,5,12,0,30,1.5,0,0,0,0.65,338,3.2
2014,5,12,1,30,1.2000000000000002,0,0,0,0.65,340,3.1
2014,5,12,2,30,1,0,0,0,0.65,343,3
2014,5,12,3,30,0.7000000000000001,0,0,0,0.65,347,3
2014,5,12,4,30,0.8,0,0,0,0.65,351,3.3000000000000003
2014,5,12,5,30,1.8,22,0,22,0.65,356,4.3
2014,5,12,6,30,3.3000000000000003,81,0,81,0.65,183,5.300000000000001
2014,5,12,7,30,4.7,337,54,364,0.65,8,5.800000000000001
2014,5,12,8,30,6,469,196,599,0.65,12,6.1000000000000005
2014,5,12,9,30,7,369,1,369,0.65,13,6.2
2014,5,12,10,30,7.800000000000001,376,1,376,0.65,14,6.2
2014,5,12,11,30,8.4,410,1,411,0.65,15,6.1000000000000005
2014,5,12,12,30,8.8,477,1,478,0.65,16,6
2014,5,12,13,30,8.9,367,1,367,0.65,17,5.9
2014,5,12,14,30,8.700000000000001,319,0,320,0.65,18,6
2014,5,12,15,30,8.200000000000001,200,0,200,0.65,19,6
2014,5,12,16,30,7.2,92,0,92,0.65,22,5.800000000000001
2014,5,12,17,30,5.9,114,13,117,0.27,24,5.2
2014,5,12,18,30,4.6000000000000005,28,1,28,0.27,24,4.3
2014,5,12,19,30,3.9000000000000004,0,0,0,0.27,23,3.6
2014,5,12,20,30,3.4000000000000004,0,0,0,0.27,17,3.1
2014,5,12,21,30,2.8000000000000003,0,0,0,0.27,9,2.5
2014,5,12,22,30,2.1,0,0,0,0.27,180,2.2
2014,5,12,23,30,1.4000000000000001,0,0,0,0.27,353,1.9000000000000001
2014,5,13,0,30,1.3,0,0,0,0.27,349,1.7000000000000002
2014,5,13,1,30,1.4000000000000001,0,0,0,0.27,351,1.7000000000000002
2014,5,13,2,30,1.4000000000000001,0,0,0,0.27,354,1.7000000000000002
2014,5,13,3,30,1.4000000000000001,0,0,0,0.27,354,1.7000000000000002
2014,5,13,4,30,1.6,0,0,0,0.27,352,1.9000000000000001
2014,5,13,5,30,2.7,36,1,37,0.27,354,2.7
2014,5,13,6,30,4.3,108,1,108,0.27,181,3.6
2014,5,13,7,30,5.5,280,160,360,0.27,3,4
2014,5,13,8,30,6.2,402,88,460,0.27,3,4.2
2014,5,13,9,30,6.9,460,69,515,0.27,3,4.1000000000000005
2014,5,13,10,30,7.5,558,253,783,0.27,4,3.8000000000000003
2014,5,13,11,30,8.200000000000001,550,101,644,0.27,4,3.6
2014,5,13,12,30,9,419,18,436,0.27,4,3.3000000000000003
2014,5,13,13,30,9.8,406,416,771,0.27,3,3.1
2014,5,13,14,30,10.4,340,416,664,0.27,1,3.1
2014,5,13,15,30,10.700000000000001,320,271,493,0.27,3,3.2
2014,5,13,16,30,10.3,272,206,368,0.27,7,3.2
2014,5,13,17,30,8.8,63,670,248,0.27,13,2.4000000000000004
2014,5,13,18,30,6.300000000000001,42,7,43,0.27,22,1.5
2014,5,13,19,30,4.5,0,0,0,0.27,26,1.4000000000000001
2014,5,13,20,30,3.7,0,0,0,0.27,22,1.4000000000000001
2014,5,13,21,30,3.2,0,0,0,0.27,11,1.3
2014,5,13,22,30,2.8000000000000003,0,0,0,0.27,168,1.1
2014,5,13,23,30,2.3000000000000003,0,0,0,0.27,317,1.1
2014,5,14,0,30,1.6,0,0,0,0.27,292,1.3
2014,5,14,1,30,0.9,0,0,0,0.27,277,1.4000000000000001
2014,5,14,2,30,0.5,0,0,0,0.27,270,1.6
2014,5,14,3,30,0.30000000000000004,0,0,0,0.27,269,1.8
2014,5,14,4,30,1,0,0,0,0.27,271,2.3000000000000003
2014,5,14,5,30,3.8000000000000003,37,404,85,0.27,275,3.2
2014,5,14,6,30,7.7,67,703,287,0.27,287,3.6
2014,5,14,7,30,10.9,84,842,505,0.27,316,3.4000000000000004
2014,5,14,8,30,12.9,95,920,707,0.27,343,3.6
2014,5,14,9,30,14.4,105,961,873,0.27,354,3.8000000000000003
2014,5,14,10,30,15.4,113,980,988,0.27,357,3.8000000000000003
2014,5,14,11,30,16.1,122,976,1039,0.27,357,3.7
2014,5,14,12,30,16.3,308,747,1006,0.27,355,3.6
2014,5,14,13,30,16.3,493,45,532,0.27,352,3.5
2014,5,14,14,30,16.2,249,3,252,0.27,349,3.4000000000000004
2014,5,14,15,30,15.700000000000001,140,795,647,0.27,350,3.3000000000000003
2014,5,14,16,30,14.8,114,708,445,0.27,354,3.2
2014,5,14,17,30,13.200000000000001,6,0,6,0.27,183,2.4000000000000004
2014,5,14,18,30,11,32,1,32,0.27,18,1.5
2014,5,14,19,30,9.3,0,0,0,0.27,37,1.3
2014,5,14,20,30,8.3,0,0,0,0.27,61,1.1
2014,5,14,21,30,7.300000000000001,0,0,0,0.27,98,1
2014,5,14,22,30,6.1000000000000005,0,0,0,0.27,144,1
2014,5,14,23,30,4.800000000000001,0,0,0,0.27,183,1.1
2014,5,15,0,30,3.9000000000000004,0,0,0,0.27,209,1.2000000000000002
2014,5,15,1,30,3.4000000000000004,0,0,0,0.27,230,1.3
2014,5,15,2,30,3.2,0,0,0,0.27,247,1.4000000000000001
2014,5,15,3,30,3.2,0,0,0,0.27,262,1.4000000000000001
2014,5,15,4,30,3.9000000000000004,0,0,0,0.27,273,1.6
2014,5,15,5,30,6.6000000000000005,59,11,60,0.27,282,2.2
2014,5,15,6,30,10.5,162,160,212,0.27,299,2.5
2014,5,15,7,30,13.8,245,273,382,0.27,330,2.5
2014,5,15,8,30,15.8,359,342,587,0.27,178,2.8000000000000003
2014,5,15,9,30,17.1,111,923,851,0.27,10,2.9000000000000004
2014,5,15,10,30,18,122,941,963,0.27,14,2.8000000000000003
2014,5,15,11,30,18.7,127,947,1017,0.27,16,2.4000000000000004
2014,5,15,12,30,19,129,942,1011,0.27,17,2.1
2014,5,15,13,30,19.1,127,923,940,0.27,14,2
2014,5,15,14,30,18.900000000000002,119,896,818,0.27,9,2
2014,5,15,15,30,18.5,110,837,646,0.27,6,2
2014,5,15,16,30,17.8,93,753,447,0.27,10,1.9000000000000001
2014,5,15,17,30,16.3,67,613,240,0.27,27,1.4000000000000001
2014,5,15,18,30,14.200000000000001,38,1,38,0.27,55,1
2014,5,15,19,30,12.600000000000001,0,0,0,0.27,86,1
2014,5,15,20,30,11.4,0,0,0,0.27,123,1
2014,5,15,21,30,10.100000000000001,0,0,0,0.27,160,1.2000000000000002
2014,5,15,22,30,9.3,0,0,0,0.27,189,1.6
2014,5,15,23,30,8.8,0,0,0,0.27,215,1.9000000000000001
2014,5,16,0,30,8.6,0,0,0,0.27,238,2.2
2014,5,16,1,30,8.5,0,0,0,0.27,257,2.7
2014,5,16,2,30,8.3,0,0,0,0.27,268,3.2
2014,5,16,3,30,7.800000000000001,0,0,0,0.27,272,3.4000000000000004
2014,5,16,4,30,8.200000000000001,0,0,0,0.27,271,3.6
2014,5,16,5,30,10.600000000000001,42,330,83,0.27,267,4.3
2014,5,16,6,30,14.700000000000001,77,637,280,0.27,266,4.4
2014,5,16,7,30,19.400000000000002,97,790,494,0.27,276,4.1000000000000005
2014,5,16,8,30,22.900000000000002,296,430,584,0.27,288,4.3
2014,5,16,9,30,24.900000000000002,301,557,748,0.27,295,4.6000000000000005
2014,5,16,10,30,26.5,308,718,951,0.27,300,5
2014,5,16,11,30,27.400000000000002,239,784,976,0.27,306,5.1000000000000005
2014,5,16,12,30,27.6,425,565,954,0.27,318,4.9
2014,5,16,13,30,26.8,475,85,551,0.27,338,5
2014,5,16,14,30,24.8,302,541,725,0.27,182,5.9
2014,5,16,15,30,21.5,338,32,359,0.27,23,7.1000000000000005
2014,5,16,16,30,18,241,291,378,0.27,36,7.1000000000000005
2014,5,16,17,30,15.4,16,0,16,0.26,48,5.6000000000000005
2014,5,16,18,30,13.700000000000001,41,2,41,0.26,66,4.1000000000000005
2014,5,16,19,30,12.600000000000001,0,0,0,0.26,91,3
2014,5,16,20,30,11.8,0,0,0,0.26,115,2.1
2014,5,16,21,30,11.200000000000001,0,0,0,0.26,134,1.4000000000000001
2014,5,16,22,30,10.5,0,0,0,0.26,150,1
2014,5,16,23,30,9.8,0,0,0,0.26,163,0.8
2014,5,17,0,30,9.200000000000001,0,0,0,0.26,168,0.9
2014,5,17,1,30,8.5,0,0,0,0.26,168,1
2014,5,17,2,30,7.800000000000001,0,0,0,0.26,173,1.1
2014,5,17,3,30,7.300000000000001,0,0,0,0.26,181,1.2000000000000002
2014,5,17,4,30,7.9,0,0,0,0.26,183,1.4000000000000001
2014,5,17,5,30,9.700000000000001,25,0,25,0.26,178,1.8
2014,5,17,6,30,12.5,152,355,266,0.26,167,1.8
2014,5,17,7,30,16.2,209,497,460,0.26,125,1.3
2014,5,17,8,30,19.700000000000003,236,580,625,0.26,56,1.3
2014,5,17,9,30,22.5,130,880,838,0.26,22,2
2014,5,17,10,30,24.400000000000002,307,703,937,0.26,24,2.4000000000000004
2014,5,17,11,30,25.700000000000003,137,923,1008,0.26,31,2.6
2014,5,17,12,30,26.5,141,913,998,0.26,40,2.8000000000000003
2014,5,17,13,30,26.700000000000003,142,892,931,0.26,47,2.9000000000000004
2014,5,17,14,30,26.400000000000002,346,404,663,0.26,54,3.2
2014,5,17,15,30,25.6,232,538,579,0.26,64,3.4000000000000004
2014,5,17,16,30,24.3,99,731,446,0.26,74,3.6
2014,5,17,17,30,22.1,77,559,237,0.26,82,3.4000000000000004
2014,5,17,18,30,19,45,3,45,0.26,86,2.9000000000000004
2014,5,17,19,30,16.5,0,0,0,0.26,86,2.3000000000000003
2014,5,17,20,30,15.100000000000001,0,0,0,0.26,84,1.8
2014,5,17,21,30,14.100000000000001,0,0,0,0.26,76,1.1
2014,5,17,22,30,13.100000000000001,0,0,0,0.26,35,0.7000000000000001
2014,5,17,23,30,12,0,0,0,0.26,153,0.5
2014,5,18,0,30,11,0,0,0,0.26,293,0.5
2014,5,18,1,30,10.4,0,0,0,0.26,277,0.5
2014,5,18,2,30,10.5,0,0,0,0.26,276,0.8
2014,5,18,3,30,11.100000000000001,0,0,0,0.26,283,1.2000000000000002
2014,5,18,4,30,11.600000000000001,0,0,0,0.26,295,1
2014,5,18,5,30,13.3,54,4,55,0.26,271,0.9
2014,5,18,6,30,16.5,150,30,159,0.26,223,1.3
2014,5,18,7,30,20.400000000000002,254,103,306,0.26,207,1.8
2014,5,18,8,30,24,294,387,554,0.26,211,2.1
2014,5,18,9,30,26.900000000000002,340,451,704,0.26,214,2.6
2014,5,18,10,30,29.1,336,562,840,0.26,213,3.2
2014,5,18,11,30,30.5,430,373,782,0.26,214,3.8000000000000003
2014,5,18,12,30,31.1,555,103,652,0.26,221,4.5
2014,5,18,13,30,30.900000000000002,464,278,710,0.26,231,5
2014,5,18,14,30,30.200000000000003,416,255,616,0.26,240,5.2
2014,5,18,15,30,29.400000000000002,365,149,461,0.26,245,5
2014,5,18,16,30,28.1,261,165,340,0.26,246,4
2014,5,18,17,30,25.5,135,26,143,0.26,241,2.8000000000000003
2014,5,18,18,30,22.200000000000003,43,4,44,0.26,236,2.6
2014,5,18,19,30,20.1,0,0,0,0.26,235,3.2
2014,5,18,20,30,18.900000000000002,0,0,0,0.26,238,3.9000000000000004
2014,5,18,21,30,17.8,0,0,0,0.26,241,4.2
2014,5,18,22,30,16.8,0,0,0,0.26,244,4.4
2014,5,18,23,30,15.9,0,0,0,0.26,248,4.7
2014,5,19,0,30,15.100000000000001,0,0,0,0.26,251,4.800000000000001
2014,5,19,1,30,14,0,0,0,0.26,255,4.7
2014,5,19,2,30,13,0,0,0,0.26,260,4.6000000000000005
2014,5,19,3,30,12.100000000000001,0,0,0,0.26,265,4.6000000000000005
2014,5,19,4,30,12.100000000000001,0,0,0,0.26,269,4.9
2014,5,19,5,30,13.8,68,9,69,0.26,272,5.1000000000000005
2014,5,19,6,30,17.5,157,403,287,0.26,280,5.2
2014,5,19,7,30,21.900000000000002,90,824,509,0.26,293,5.2
2014,5,19,8,30,25.3,109,887,706,0.26,301,4.5
2014,5,19,9,30,27.5,121,922,865,0.26,289,3.3000000000000003
2014,5,19,10,30,29.200000000000003,126,950,980,0.26,258,2.9000000000000004
2014,5,19,11,30,30.5,124,968,1039,0.26,235,3.6
2014,5,19,12,30,31.3,123,968,1034,0.26,231,4.5
2014,5,19,13,30,31.8,118,957,966,0.26,232,5.2
2014,5,19,14,30,31.8,111,930,843,0.26,235,5.800000000000001
2014,5,19,15,30,31.3,102,882,672,0.26,236,6
2014,5,19,16,30,30.1,87,799,469,0.26,236,5.7
2014,5,19,17,30,27.200000000000003,67,647,255,0.26,235,4.2
2014,5,19,18,30,23.1,33,317,64,0.26,235,3
2014,5,19,19,30,20.6,0,0,0,0.26,240,3.1
2014,5,19,20,30,19.6,0,0,0,0.26,247,3.7
2014,5,19,21,30,18.6,0,0,0,0.26,253,4.1000000000000005
2014,5,19,22,30,17.6,0,0,0,0.26,259,4.2
2014,5,19,23,30,16.6,0,0,0,0.26,263,4.3
2014,5,20,0,30,15.600000000000001,0,0,0,0.26,267,4.3
2014,5,20,1,30,14.600000000000001,0,0,0,0.26,270,4.2
2014,5,20,2,30,13.4,0,0,0,0.26,273,3.9000000000000004
2014,5,20,3,30,12.200000000000001,0,0,0,0.26,278,3.2
2014,5,20,4,30,12.100000000000001,0,0,0,0.26,286,2.8000000000000003
2014,5,20,5,30,14.200000000000001,37,458,98,0.26,306,2.8000000000000003
2014,5,20,6,30,17.5,105,0,105,0.26,160,2.8000000000000003
2014,5,20,7,30,20.400000000000002,82,843,512,0.26,6,2.2
2014,5,20,8,30,23,95,910,709,0.26,19,1.7000000000000002
2014,5,20,9,30,25.3,291,714,868,0.26,50,1.3
2014,5,20,10,30,27.200000000000003,107,977,987,0.26,99,1.4000000000000001
2014,5,20,11,30,28.8,108,989,1045,0.26,132,1.8
2014,5,20,12,30,29.900000000000002,109,988,1039,0.26,144,2.3000000000000003
2014,5,20,13,30,30.5,108,973,971,0.26,154,2.6
2014,5,20,14,30,30.700000000000003,101,954,852,0.26,166,2.7
2014,5,20,15,30,30.3,92,908,681,0.26,183,2.7
2014,5,20,16,30,29.200000000000003,81,830,479,0.26,204,2.4000000000000004
2014,5,20,17,30,26.1,62,693,266,0.26,231,1.5
2014,5,20,18,30,22,32,369,70,0.26,266,0.8
2014,5,20,19,30,19.8,0,0,0,0.26,307,0.8
2014,5,20,20,30,18.8,0,0,0,0.26,166,0.9
2014,5,20,21,30,17.5,0,0,0,0.26,13,1.1
2014,5,20,22,30,16.1,0,0,0,0.26,24,1.3
2014,5,20,23,30,14.700000000000001,0,0,0,0.26,21,1.3
2014,5,21,0,30,13.5,0,0,0,0.26,9,1.3
2014,5,21,1,30,12.700000000000001,0,0,0,0.26,177,1.4000000000000001
2014,5,21,2,30,12.100000000000001,0,0,0,0.26,349,1.7000000000000002
2014,5,21,3,30,11.700000000000001,0,0,0,0.26,347,1.8
2014,5,21,4,30,12.200000000000001,0,0,0,0.26,349,2
2014,5,21,5,30,14.3,41,385,94,0.26,177,2.5
2014,5,21,6,30,17.2,100,0,100,0.26,8,2.6
2014,5,21,7,30,19.900000000000002,243,15,251,0.26,15,2.2
2014,5,21,8,30,22.400000000000002,307,531,666,0.26,25,1.9000000000000001
2014,5,21,9,30,24.5,131,880,843,0.26,49,1.9000000000000001
2014,5,21,10,30,26.1,323,680,936,0.26,76,2.4000000000000004
2014,5,21,11,30,27.200000000000003,142,911,1005,0.26,94,3.2
2014,5,21,12,30,27.700000000000003,275,661,899,0.26,108,4
2014,5,21,13,30,27.8,184,1,185,0.26,125,4.800000000000001
2014,5,21,14,30,27.3,124,0,124,0.26,139,5.6000000000000005
2014,5,21,15,30,26.3,337,378,583,0.26,147,6.2
2014,5,21,16,30,25,104,715,449,0.26,150,6.2
2014,5,21,17,30,23.200000000000003,77,569,245,0.26,148,5.1000000000000005
2014,5,21,18,30,20.5,36,271,64,0.26,145,3.5
2014,5,21,19,30,18.2,0,0,0,0.26,149,2.6
2014,5,21,20,30,16.900000000000002,0,0,0,0.26,163,2.6
2014,5,21,21,30,15.9,0,0,0,0.26,179,2.6
2014,5,21,22,30,15,0,0,0,0.26,196,2.5
2014,5,21,23,30,14.100000000000001,0,0,0,0.26,212,2.2
2014,5,22,0,30,13.3,0,0,0,0.26,229,2
2014,5,22,1,30,12.5,0,0,0,0.26,251,1.6
2014,5,22,2,30,11.700000000000001,0,0,0,0.26,282,1.4000000000000001
2014,5,22,3,30,10.9,0,0,0,0.26,311,1.3
2014,5,22,4,30,11.200000000000001,0,0,0,0.26,326,1.7000000000000002
2014,5,22,5,30,13.4,40,403,95,0.26,330,2.2
2014,5,22,6,30,16.7,69,667,289,0.26,332,2
2014,5,22,7,30,20,88,797,497,0.26,327,1.4000000000000001
2014,5,22,8,30,22.700000000000003,102,869,691,0.26,305,0.8
2014,5,22,9,30,24.6,116,902,846,0.26,214,1.1
2014,5,22,10,30,26.1,124,923,957,0.26,139,2.3000000000000003
2014,5,22,11,30,27.400000000000002,500,404,883,0.26,137,3.5
2014,5,22,12,30,28.3,241,1,243,0.26,140,4.6000000000000005
2014,5,22,13,30,28.3,129,0,130,0.26,144,5.5
2014,5,22,14,30,27.5,133,0,133,0.26,144,5.5
2014,5,22,15,30,26,96,0,96,0.26,148,4.9
2014,5,22,16,30,22.900000000000002,226,37,244,0.26,177,4.2
2014,5,22,17,30,19.3,145,27,153,0.26,216,3.7
2014,5,22,18,30,16.8,39,1,39,0.26,243,3.7
2014,5,22,19,30,15.3,0,0,0,0.26,259,3.6
2014,5,22,20,30,14.4,0,0,0,0.26,261,3.2
2014,5,22,21,30,13.9,0,0,0,0.26,250,2.9000000000000004
2014,5,22,22,30,13.600000000000001,0,0,0,0.26,237,2.7
2014,5,22,23,30,13.3,0,0,0,0.26,234,2.5
2014,5,23,0,30,13,0,0,0,0.26,242,2.1
2014,5,23,1,30,12.700000000000001,0,0,0,0.26,254,1.6
2014,5,23,2,30,12.100000000000001,0,0,0,0.26,261,1.3
2014,5,23,3,30,11.3,0,0,0,0.26,261,1.3
2014,5,23,4,30,11.5,0,0,0,0.26,259,1.6
2014,5,23,5,30,13.200000000000001,57,7,58,0.26,260,1.8
2014,5,23,6,30,15.9,154,216,225,0.26,284,1.4000000000000001
2014,5,23,7,30,18.400000000000002,97,763,490,0.26,170,1.1
2014,5,23,8,30,20.400000000000002,112,838,681,0.26,44,1.4000000000000001
2014,5,23,9,30,22.200000000000003,297,667,838,0.26,61,1.9000000000000001
2014,5,23,10,30,23.700000000000003,293,709,934,0.26,77,2.4000000000000004
2014,5,23,11,30,24.900000000000002,122,937,1012,0.26,94,2.8000000000000003
2014,5,23,12,30,25.5,308,611,886,0.26,109,3.3000000000000003
2014,5,23,13,30,25.700000000000003,388,12,400,0.26,121,4
2014,5,23,14,30,25.400000000000002,199,2,200,0.26,131,4.7
2014,5,23,15,30,24.5,254,438,541,0.26,139,5
2014,5,23,16,30,23.200000000000003,178,459,401,0.26,144,4.9
2014,5,23,17,30,21.3,60,1,60,0.26,145,4.1000000000000005
2014,5,23,18,30,19.1,48,45,53,0.26,138,3.1
2014,5,23,19,30,17.3,0,0,0,0.26,130,2.6
2014,5,23,20,30,16.3,0,0,0,0.26,129,2.4000000000000004
2014,5,23,21,30,15.4,0,0,0,0.26,138,2.5
2014,5,23,22,30,14.5,0,0,0,0.26,155,2.3000000000000003
2014,5,23,23,30,13.600000000000001,0,0,0,0.26,182,1.8
2014,5,24,0,30,12.700000000000001,0,0,0,0.26,219,1.5
2014,5,24,1,30,12.100000000000001,0,0,0,0.26,252,1.5
2014,5,24,2,30,11.8,0,0,0,0.26,279,1.7000000000000002
2014,5,24,3,30,11.5,0,0,0,0.26,288,1.7000000000000002
2014,5,24,4,30,11.9,0,0,0,0.26,281,1.4000000000000001
2014,5,24,5,30,13.5,31,1,31,0.26,273,1.6
2014,5,24,6,30,15.4,115,8,118,0.26,274,1.7000000000000002
2014,5,24,7,30,17.400000000000002,147,4,149,0.26,287,1.2000000000000002
2014,5,24,8,30,19.400000000000002,234,8,240,0.26,205,0.9
2014,5,24,9,30,21,407,234,598,0.26,114,1.7000000000000002
2014,5,24,10,30,22.1,472,266,713,0.26,114,2.7
2014,5,24,11,30,23,368,475,820,0.26,117,3.6
2014,5,24,12,30,23.6,116,943,1009,0.26,118,4.2
2014,5,24,13,30,24,109,937,946,0.26,118,4.5
2014,5,24,14,30,23.900000000000002,89,932,829,0.26,119,4.5
2014,5,24,15,30,23.400000000000002,380,146,475,0.26,123,4.3
2014,5,24,16,30,22.3,271,179,359,0.26,130,3.9000000000000004
2014,5,24,17,30,20.6,129,19,135,0.26,133,3
2014,5,24,18,30,18.3,34,1,34,0.26,132,2.2
2014,5,24,19,30,16.6,0,0,0,0.26,139,1.7000000000000002
2014,5,24,20,30,15.200000000000001,0,0,0,0.26,177,1.2000000000000002
2014,5,24,21,30,13.8,0,0,0,0.26,234,1
2014,5,24,22,30,12.8,0,0,0,0.26,275,1.2000000000000002
2014,5,24,23,30,11.9,0,0,0,0.26,296,1.6
2014,5,25,0,30,10.8,0,0,0,0.26,297,1.6
2014,5,25,1,30,9.9,0,0,0,0.26,287,1.3
2014,5,25,2,30,9.200000000000001,0,0,0,0.26,273,1.2000000000000002
2014,5,25,3,30,8.9,0,0,0,0.26,264,1.3
2014,5,25,4,30,9.4,0,0,0,0.26,271,1.8
2014,5,25,5,30,11.4,38,467,104,0.26,280,2.6
2014,5,25,6,30,14.700000000000001,62,726,304,0.26,269,2.2
2014,5,25,7,30,18,77,845,514,0.26,214,1.5
2014,5,25,8,30,20.3,88,912,709,0.26,160,1.9000000000000001
2014,5,25,9,30,22,95,952,870,0.26,147,2.7
2014,5,25,10,30,23.400000000000002,100,974,983,0.26,146,3
2014,5,25,11,30,24.5,102,985,1039,0.26,147,3.1
2014,5,25,12,30,25.200000000000003,506,404,889,0.26,150,3
2014,5,25,13,30,25.400000000000002,463,108,559,0.26,158,2.8000000000000003
2014,5,25,14,30,25.1,303,653,822,0.26,173,2.7
2014,5,25,15,30,24.200000000000003,137,759,636,0.26,194,2.7
2014,5,25,16,30,22.8,76,822,479,0.26,219,2.9000000000000004
2014,5,25,17,30,20.700000000000003,60,682,267,0.26,244,2.9000000000000004
2014,5,25,18,30,17.900000000000002,33,385,77,0.26,262,3.1
2014,5,25,19,30,15.9,0,0,0,0.26,271,3.7
2014,5,25,20,30,14.600000000000001,0,0,0,0.26,276,3.7
2014,5,25,21,30,13.4,0,0,0,0.26,279,3
2014,5,25,22,30,12.3,0,0,0,0.26,282,2.3000000000000003
2014,5,25,23,30,11.5,0,0,0,0.26,285,2
2014,5,26,0,30,10.9,0,0,0,0.26,290,1.9000000000000001
2014,5,26,1,30,10.3,0,0,0,0.26,299,1.9000000000000001
2014,5,26,2,30,9.9,0,0,0,0.26,311,1.9000000000000001
2014,5,26,3,30,9.5,0,0,0,0.26,320,1.9000000000000001
2014,5,26,4,30,10.200000000000001,0,0,0,0.26,327,2.3000000000000003
2014,5,26,5,30,12.5,43,395,99,0.26,330,2.9000000000000004
2014,5,26,6,30,15.9,191,68,214,0.26,344,2.9000000000000004
2014,5,26,7,30,19.200000000000003,291,207,399,0.26,195,2.3000000000000003
2014,5,26,8,30,21.5,327,437,625,0.26,39,2.2
2014,5,26,9,30,23.1,348,564,807,0.26,43,2.3000000000000003
2014,5,26,10,30,24.400000000000002,283,725,941,0.26,35,2.4000000000000004
2014,5,26,11,30,25.400000000000002,465,467,909,0.26,32,2.6
2014,5,26,12,30,26.200000000000003,309,701,974,0.26,36,2.7
2014,5,26,13,30,26.400000000000002,239,1,240,0.26,34,2.9000000000000004
2014,5,26,14,30,26,295,9,303,0.26,27,3.1
2014,5,26,15,30,25.3,333,67,377,0.26,22,3.3000000000000003
2014,5,26,16,30,24.3,89,768,466,0.26,23,3.4000000000000004
2014,5,26,17,30,22.5,143,320,240,0.26,29,2.6
2014,5,26,18,30,20,63,67,71,0.26,37,1.5
2014,5,26,19,30,18.1,0,0,0,0.26,41,1.1
2014,5,26,20,30,17.3,0,0,0,0.26,36,1
2014,5,26,21,30,16.8,0,0,0,0.26,193,0.8
2014,5,26,22,30,15.8,0,0,0,0.26,336,0.9
2014,5,26,23,30,14.700000000000001,0,0,0,0.26,311,1.1
2014,5,27,0,30,13.8,0,0,0,0.26,300,1.3
2014,5,27,1,30,13.200000000000001,0,0,0,0.26,294,1.5
2014,5,27,2,30,12.9,0,0,0,0.26,290,1.7000000000000002
2014,5,27,3,30,12.700000000000001,0,0,0,0.26,290,1.8
2014,5,27,4,30,13.600000000000001,0,0,0,0.26,294,2.2
2014,5,27,5,30,16.6,37,470,105,0.26,300,2.9000000000000004
2014,5,27,6,30,20.700000000000003,60,714,299,0.26,323,2.8000000000000003
2014,5,27,7,30,24.1,75,831,506,0.26,178,2.6
2014,5,27,8,30,26.200000000000003,83,903,699,0.26,16,3.1
2014,5,27,9,30,27.8,89,943,858,0.26,23,3.3000000000000003
2014,5,27,10,30,29.3,92,967,969,0.26,28,3.4000000000000004
2014,5,27,11,30,30.400000000000002,94,977,1025,0.26,32,3.4000000000000004
2014,5,27,12,30,31.200000000000003,94,977,1021,0.26,35,3.4000000000000004
2014,5,27,13,30,31.6,91,966,957,0.26,38,3.5
2014,5,27,14,30,31.6,288,661,815,0.26,43,3.7
2014,5,27,15,30,31,283,514,622,0.26,48,3.9000000000000004
2014,5,27,16,30,29.8,70,827,478,0.26,54,3.9000000000000004
2014,5,27,17,30,27.400000000000002,59,678,268,0.26,60,3.1
2014,5,27,18,30,24,34,383,79,0.26,69,2.1
2014,5,27,19,30,21.6,0,0,0,0.26,80,1.8
2014,5,27,20,30,20.3,0,0,0,0.26,97,1.6
2014,5,27,21,30,19,0,0,0,0.26,123,1.4000000000000001
2014,5,27,22,30,18,0,0,0,0.26,151,1.3
2014,5,27,23,30,17.1,0,0,0,0.26,177,1.2000000000000002
2014,5,28,0,30,16.6,0,0,0,0.26,199,1.3
2014,5,28,1,30,16.2,0,0,0,0.26,222,1.3
2014,5,28,2,30,16,0,0,0,0.26,243,1.3
2014,5,28,3,30,15.8,0,0,0,0.26,261,1.3
2014,5,28,4,30,16.400000000000002,0,0,0,0.26,273,1.2000000000000002
2014,5,28,5,30,19.400000000000002,34,507,109,0.26,281,1.4000000000000001
2014,5,28,6,30,23.700000000000003,56,745,306,0.26,238,1.4000000000000001
2014,5,28,7,30,27,70,855,514,0.26,174,1.4000000000000001
2014,5,28,8,30,29,78,920,707,0.26,154,1.7000000000000002
2014,5,28,9,30,30.5,85,957,865,0.26,143,1.7000000000000002
2014,5,28,10,30,31.700000000000003,89,978,977,0.26,132,1.9000000000000001
2014,5,28,11,30,32.5,96,981,1031,0.26,124,2.4000000000000004
2014,5,28,12,30,33.1,97,979,1027,0.26,120,2.9000000000000004
2014,5,28,13,30,33.2,95,967,962,0.26,117,3.5
2014,5,28,14,30,32.800000000000004,271,702,832,0.26,117,4
2014,5,28,15,30,32,267,589,657,0.26,119,4.4
2014,5,28,16,30,30.700000000000003,217,354,391,0.26,124,4.7
2014,5,28,17,30,28.6,155,74,178,0.26,128,4.3
2014,5,28,18,30,25.6,24,0,25,0.26,132,3.7
2014,5,28,19,30,23,0,0,0,0.26,139,3.6
2014,5,28,20,30,21.3,0,0,0,0.26,149,3.3000000000000003
2014,5,28,21,30,19.900000000000002,0,0,0,0.26,162,2.8000000000000003
2014,5,28,22,30,18.8,0,0,0,0.26,176,2.4000000000000004
2014,5,28,23,30,18,0,0,0,0.26,191,2.1
2014,5,29,0,30,17.400000000000002,0,0,0,0.26,207,2
2014,5,29,1,30,16.8,0,0,0,0.26,217,1.9000000000000001
2014,5,29,2,30,16.3,0,0,0,0.26,221,1.7000000000000002
2014,5,29,3,30,15.8,0,0,0,0.26,226,1.4000000000000001
2014,5,29,4,30,16.7,0,0,0,0.26,235,1.4000000000000001
2014,5,29,5,30,19.6,36,483,107,0.26,243,1.7000000000000002
2014,5,29,6,30,23.6,59,718,301,0.26,222,2
2014,5,29,7,30,27,73,831,506,0.26,179,2.1
2014,5,29,8,30,29.3,83,896,696,0.26,147,2.4000000000000004
2014,5,29,9,30,31,91,933,852,0.26,133,2.8000000000000003
2014,5,29,10,30,32.4,96,954,963,0.26,123,3.1
2014,5,29,11,30,33.300000000000004,97,966,1019,0.26,118,3.5
2014,5,29,12,30,33.800000000000004,100,959,1011,0.26,116,3.8000000000000003
2014,5,29,13,30,33.800000000000004,102,940,947,0.26,120,4
2014,5,29,14,30,33.300000000000004,327,17,340,0.26,132,4.2
2014,5,29,15,30,32.2,274,12,282,0.26,148,4.4
2014,5,29,16,30,30.5,253,107,306,0.26,168,4.5
2014,5,29,17,30,27.900000000000002,141,268,225,0.26,190,4.4
2014,5,29,18,30,25.1,51,85,61,0.26,208,4.4
2014,5,29,19,30,23.1,0,0,0,0.26,217,4.2
2014,5,29,20,30,22,0,0,0,0.26,216,3.5
2014,5,29,21,30,21.1,0,0,0,0.26,206,2.7
2014,5,29,22,30,20.5,0,0,0,0.26,197,2.4000000000000004
2014,5,29,23,30,19.900000000000002,0,0,0,0.26,197,2.3000000000000003
2014,5,30,0,30,19.200000000000003,0,0,0,0.26,207,2.1
2014,5,30,1,30,18.5,0,0,0,0.26,227,1.9000000000000001
2014,5,30,2,30,18.1,0,0,0,0.26,256,1.8
2014,5,30,3,30,17.7,0,0,0,0.26,287,2
2014,5,30,4,30,17.8,0,0,0,0.26,310,2.5
2014,5,30,5,30,18.8,48,0,48,0.26,327,3.3000000000000003
2014,5,30,6,30,20.400000000000002,139,5,141,0.26,340,3.5
2014,5,30,7,30,21.900000000000002,257,27,271,0.26,343,3.1
2014,5,30,8,30,22.700000000000003,341,175,461,0.26,337,2.5
2014,5,30,9,30,23.5,320,434,675,0.26,319,1.9000000000000001
2014,5,30,10,30,24.400000000000002,410,370,747,0.26,289,1.4000000000000001
2014,5,30,11,30,25.200000000000003,141,886,987,0.26,264,1.2000000000000002
2014,5,30,12,30,26,348,627,945,0.26,231,1
2014,5,30,13,30,26.8,177,1,177,0.26,193,1
2014,5,30,14,30,27.3,398,106,483,0.26,174,1.1
2014,5,30,15,30,27.200000000000003,335,48,367,0.26,147,1.1
2014,5,30,16,30,26.6,163,8,167,0.26,106,1.4000000000000001
2014,5,30,17,30,25,74,595,261,0.26,73,1.8
2014,5,30,18,30,22.5,57,4,58,0.26,56,2.2
2014,5,30,19,30,20.400000000000002,0,0,0,0.26,39,2.6
2014,5,30,20,30,19,0,0,0,0.26,14,3.4000000000000004
2014,5,30,21,30,17.7,0,0,0,0.26,175,3.9000000000000004
2014,5,30,22,30,16.400000000000002,0,0,0,0.26,349,3.4000000000000004
2014,5,30,23,30,15.600000000000001,0,0,0,0.26,345,2.4000000000000004
2014,5,31,0,30,14.9,0,0,0,0.26,336,1.7000000000000002
2014,5,31,1,30,14.3,0,0,0,0.26,323,1.5
2014,5,31,2,30,13.8,0,0,0,0.26,315,1.2000000000000002
2014,5,31,3,30,13.4,0,0,0,0.26,309,1
2014,5,31,4,30,14.100000000000001,0,0,0,0.26,311,1.1
2014,5,31,5,30,16.5,41,440,107,0.26,314,1.1
2014,5,31,6,30,19.8,67,688,301,0.26,277,0.9
2014,5,31,7,30,23.5,83,813,507,0.26,223,0.9
2014,5,31,8,30,26.400000000000002,91,886,698,0.26,178,0.9
2014,5,31,9,30,28.5,97,929,857,0.26,137,1
2014,5,31,10,30,30.1,102,952,968,0.26,120,1.2000000000000002
2014,5,31,11,30,31.400000000000002,104,961,1022,0.26,119,1.5
2014,5,31,12,30,32.2,107,953,1015,0.26,121,1.9000000000000001
2014,5,31,13,30,32.5,109,934,950,0.26,122,2.2
2014,5,31,14,30,32.4,106,906,833,0.26,126,2.4000000000000004
2014,5,31,15,30,32,293,309,498,0.26,129,2.6
2014,5,31,16,30,31.1,193,418,401,0.26,129,2.8000000000000003
2014,5,31,17,30,27.700000000000003,65,316,165,0.19,255,2.9000000000000004
2014,5,31,18,30,25,47,3,47,0.19,246,2.3000000000000003
2014,5,31,19,30,23.1,0,0,0,0.19,235,2.4000000000000004
2014,5,31,20,30,22,0,0,0,0.19,227,2.8000000000000003
2014,5,31,21,30,21,0,0,0,0.19,225,3.1
2014,5,31,22,30,20.200000000000003,0,0,0,0.19,231,3.2
2014,5,31,23,30,19.400000000000002,0,0,0,0.19,243,3.3000000000000003
2020,6,1,0,30,18.7,0,0,0,0.19,255,3.5
2020,6,1,1,30,18,0,0,0,0.19,260,3.6
2020,6,1,2,30,17.3,0,0,0,0.19,260,3.5
2020,6,1,3,30,16.8,0,0,0,0.19,258,3.8000000000000003
2020,6,1,4,30,17.2,0,0,0,0.19,260,4.4
2020,6,1,5,30,19.400000000000002,44,0,44,0.19,267,4.9
2020,6,1,6,30,23.1,119,4,120,0.19,281,4.7
2020,6,1,7,30,27,111,722,489,0.19,299,3.6
2020,6,1,8,30,29.8,293,412,576,0.19,164,1.9000000000000001
2020,6,1,9,30,31.400000000000002,132,845,823,0.19,63,1.6
2020,6,1,10,30,32.5,244,661,846,0.19,114,2.4000000000000004
2020,6,1,11,30,32.9,224,727,919,0.19,126,2.8000000000000003
2020,6,1,12,30,33,198,764,926,0.19,134,2.7
2020,6,1,13,30,32.7,155,827,900,0.19,140,2.3000000000000003
2020,6,1,14,30,32.2,111,872,812,0.19,145,1.6
2020,6,1,15,30,31.5,208,597,606,0.19,155,0.9
2020,6,1,16,30,30.5,134,489,379,0.19,236,0.6000000000000001
2020,6,1,17,30,28.900000000000002,153,69,175,0.19,305,0.8
2020,6,1,18,30,26.3,51,5,52,0.19,297,1.1
2020,6,1,19,30,23.900000000000002,0,0,0,0.19,284,1.6
2020,6,1,20,30,22.400000000000002,0,0,0,0.19,276,2.3000000000000003
2020,6,1,21,30,21.3,0,0,0,0.19,274,3
2020,6,1,22,30,20.6,0,0,0,0.19,274,3.3000000000000003
2020,6,1,23,30,20,0,0,0,0.19,275,3.4000000000000004
2020,6,2,0,30,19.5,0,0,0,0.19,279,3.3000000000000003
2020,6,2,1,30,19,0,0,0,0.19,284,3.1
2020,6,2,2,30,18.5,0,0,0,0.19,289,2.6
2020,6,2,3,30,18,0,0,0,0.19,297,2.1
2020,6,2,4,30,18.8,0,0,0,0.19,306,2.1
2020,6,2,5,30,21.6,43,416,106,0.19,317,2.6
2020,6,2,6,30,25.400000000000002,71,654,294,0.19,164,2.9000000000000004
2020,6,2,7,30,28.8,223,340,401,0.19,18,3.1
2020,6,2,8,30,30.8,163,693,639,0.19,33,3.5
2020,6,2,9,30,32,391,99,472,0.19,35,3.7
2020,6,2,10,30,32.800000000000004,419,294,687,0.19,34,3.9000000000000004
2020,6,2,11,30,33,117,913,991,0.19,34,4
2020,6,2,12,30,32.5,121,904,984,0.19,35,4.1000000000000005
2020,6,2,13,30,31.5,182,696,810,0.19,39,3.9000000000000004
2020,6,2,14,30,30.6,141,819,800,0.19,48,3.7
2020,6,2,15,30,29.6,303,357,542,0.19,63,3.3000000000000003
2020,6,2,16,30,28.400000000000002,245,275,383,0.19,81,2.8000000000000003
2020,6,2,17,30,26.700000000000003,40,5,42,0.19,93,2.1
2020,6,2,18,30,24.700000000000003,65,26,68,0.19,79,1.3
2020,6,2,19,30,23.1,0,0,0,0.19,187,0.9
2020,6,2,20,30,21.900000000000002,0,0,0,0.19,301,1.6
2020,6,2,21,30,20.900000000000002,0,0,0,0.19,291,3.1
2020,6,2,22,30,20.1,0,0,0,0.19,289,3.9000000000000004
2020,6,2,23,30,19.5,0,0,0,0.19,285,3.5
2020,6,3,0,30,18.900000000000002,0,0,0,0.19,282,2.4000000000000004
2020,6,3,1,30,18.400000000000002,0,0,0,0.19,284,1.9000000000000001
2020,6,3,2,30,17.8,0,0,0,0.19,285,1.9000000000000001
2020,6,3,3,30,17.1,0,0,0,0.19,283,2.2
2020,6,3,4,30,17.400000000000002,2,13,2,0.19,282,2.8000000000000003
2020,6,3,5,30,19.6,41,454,110,0.19,286,2.9000000000000004
2020,6,3,6,30,23.200000000000003,64,697,302,0.19,294,2
2020,6,3,7,30,27.1,82,806,504,0.19,232,0.9
2020,6,3,8,30,29.900000000000002,96,869,693,0.19,144,0.9
2020,6,3,9,30,31.900000000000002,104,911,850,0.19,122,1.6
2020,6,3,10,30,33.4,254,667,862,0.19,123,2.3000000000000003
2020,6,3,11,30,34.4,289,51,338,0.19,127,2.7
2020,6,3,12,30,34.9,175,805,944,0.19,132,2.8000000000000003
2020,6,3,13,30,34.800000000000004,292,401,654,0.19,134,2.5
2020,6,3,14,30,34.2,324,426,667,0.19,126,2.2
2020,6,3,15,30,33.5,318,148,417,0.19,117,2.1
2020,6,3,16,30,32.300000000000004,156,72,192,0.19,120,1.7000000000000002
2020,6,3,17,30,30.1,99,513,264,0.19,192,1
2020,6,3,18,30,27.1,65,55,72,0.19,254,0.6000000000000001
2020,6,3,19,30,24.8,0,0,0,0.19,191,1.3
2020,6,3,20,30,23.1,0,0,0,0.19,130,2.1
2020,6,3,21,30,21.5,0,0,0,0.19,137,1.7000000000000002
2020,6,3,22,30,20.400000000000002,0,0,0,0.19,148,1
2020,6,3,23,30,19.8,0,0,0,0.19,151,0.9
2020,6,4,0,30,19.200000000000003,0,0,0,0.19,160,0.8
2020,6,4,1,30,18.5,0,0,0,0.19,181,0.8
2020,6,4,2,30,18,0,0,0,0.19,205,0.9
2020,6,4,3,30,17.7,0,0,0,0.19,227,0.9
2020,6,4,4,30,18.5,2,14,2,0.19,246,1
2020,6,4,5,30,21.1,40,460,111,0.19,260,1.6
2020,6,4,6,30,24.700000000000003,63,699,302,0.19,266,2
2020,6,4,7,30,28.1,76,819,506,0.19,281,1.8
2020,6,4,8,30,30.6,84,891,696,0.19,305,1.7000000000000002
2020,6,4,9,30,32.6,89,934,854,0.19,328,1.5
2020,6,4,10,30,34.1,203,773,908,0.19,171,1.3
2020,6,4,11,30,35.1,217,479,676,0.19,11,1.2000000000000002
2020,6,4,12,30,35.7,126,919,1004,0.19,26,1.1
2020,6,4,13,30,35.800000000000004,162,838,919,0.19,24,1.1
2020,6,4,14,30,35.5,346,220,524,0.19,181,1.2000000000000002
2020,6,4,15,30,34.800000000000004,286,365,531,0.19,345,1.4000000000000001
2020,6,4,16,30,33.7,145,415,355,0.19,351,1.7000000000000002
2020,6,4,17,30,31.700000000000003,39,111,75,0.19,191,1.3
2020,6,4,18,30,28.900000000000002,62,16,64,0.19,39,0.9
2020,6,4,19,30,26.700000000000003,0,0,0,0.19,64,1.1
2020,6,4,20,30,25.400000000000002,0,0,0,0.19,80,1.3
2020,6,4,21,30,24.1,0,0,0,0.19,90,1.4000000000000001
2020,6,4,22,30,23,0,0,0,0.19,98,1.2000000000000002
2020,6,4,23,30,22.400000000000002,0,0,0,0.19,117,0.8
2020,6,5,0,30,21.900000000000002,0,0,0,0.19,177,0.5
2020,6,5,1,30,21.3,0,0,0,0.19,241,0.5
2020,6,5,2,30,20.700000000000003,0,0,0,0.19,268,0.7000000000000001
2020,6,5,3,30,20.1,0,0,0,0.19,278,0.9
2020,6,5,4,30,20.400000000000002,2,16,2,0.19,281,0.8
2020,6,5,5,30,23.1,40,494,116,0.19,273,1
2020,6,5,6,30,27,59,735,311,0.19,217,1.8
2020,6,5,7,30,30.3,72,852,519,0.19,162,2.8000000000000003
2020,6,5,8,30,32.5,80,916,710,0.19,152,3.1
2020,6,5,9,30,34.300000000000004,86,951,865,0.19,147,3
2020,6,5,10,30,35.800000000000004,91,972,977,0.19,141,3
2020,6,5,11,30,37,92,980,1031,0.19,135,2.9000000000000004
2020,6,5,12,30,37.800000000000004,94,974,1025,0.19,129,3
2020,6,5,13,30,38,138,888,941,0.19,124,3.2
2020,6,5,14,30,37.7,121,871,825,0.19,122,3.6
2020,6,5,15,30,36.9,207,522,558,0.19,125,4.1000000000000005
2020,6,5,16,30,35.800000000000004,157,583,453,0.19,131,4.7
2020,6,5,17,30,33.9,113,82,140,0.19,139,4.3
2020,6,5,18,30,31.400000000000002,50,2,50,0.19,145,3.8000000000000003
2020,6,5,19,30,29.8,0,0,0,0.19,149,4.2
2020,6,5,20,30,28.8,0,0,0,0.19,153,4.7
2020,6,5,21,30,28,0,0,0,0.19,162,5.300000000000001
2020,6,5,22,30,27.400000000000002,0,0,0,0.19,176,6
2020,6,5,23,30,26.8,0,0,0,0.19,189,6.300000000000001
2020,6,6,0,30,25.900000000000002,0,0,0,0.19,196,6.2
2020,6,6,1,30,25,0,0,0,0.19,199,5.6000000000000005
2020,6,6,2,30,24.3,0,0,0,0.19,201,5
2020,6,6,3,30,23.700000000000003,0,0,0,0.19,204,4.3
2020,6,6,4,30,23.700000000000003,1,0,1,0.19,205,3.8000000000000003
2020,6,6,5,30,24.6,37,1,37,0.19,206,4
2020,6,6,6,30,25.6,56,2,57,0.19,208,4.5
2020,6,6,7,30,26.900000000000002,70,0,70,0.19,206,5.4
2020,6,6,8,30,28.700000000000003,97,0,97,0.19,198,7.300000000000001
2020,6,6,9,30,29.900000000000002,169,2,171,0.19,195,8.9
2020,6,6,10,30,30.8,148,0,148,0.19,192,9.3
2020,6,6,11,30,32.2,94,0,94,0.19,187,9.600000000000001
2020,6,6,12,30,33.2,228,464,672,0.19,188,10
2020,6,6,13,30,33.300000000000004,281,537,767,0.19,192,10
2020,6,6,14,30,33.4,341,96,419,0.19,194,9.700000000000001
2020,6,6,15,30,33.4,240,230,395,0.19,192,9.600000000000001
2020,6,6,16,30,33.1,204,96,253,0.19,190,9.3
2020,6,6,17,30,31.900000000000002,122,332,230,0.2,185,8.5
2020,6,6,18,30,29.6,42,374,93,0.2,180,7.4
2020,6,6,19,30,27.200000000000003,0,0,0,0.2,181,6.5
2020,6,6,20,30,25.400000000000002,0,0,0,0.2,191,5.6000000000000005
2020,6,6,21,30,23.400000000000002,0,0,0,0.2,204,4.4
2020,6,6,22,30,21.400000000000002,0,0,0,0.2,215,3.3000000000000003
2020,6,6,23,30,19.8,0,0,0,0.2,222,2.6
2020,6,7,0,30,18.6,0,0,0,0.2,222,2.4000000000000004
2020,6,7,1,30,17.6,0,0,0,0.2,220,2.4000000000000004
2020,6,7,2,30,16.900000000000002,0,0,0,0.2,217,2.3000000000000003
2020,6,7,3,30,16.3,0,0,0,0.2,213,2.4000000000000004
2020,6,7,4,30,17,2,11,2,0.2,208,3
2020,6,7,5,30,19.700000000000003,44,466,116,0.2,206,3.9000000000000004
2020,6,7,6,30,23.5,65,719,312,0.2,212,4.6000000000000005
2020,6,7,7,30,26.900000000000002,78,841,520,0.2,218,5.300000000000001
2020,6,7,8,30,29.400000000000002,88,909,713,0.2,216,5.9
2020,6,7,9,30,31.3,93,950,872,0.2,210,6.4
2020,6,7,10,30,33.1,95,977,986,0.2,206,6.9
2020,6,7,11,30,34.4,90,994,1044,0.2,206,7.300000000000001
2020,6,7,12,30,35.300000000000004,88,997,1042,0.2,207,7.7
2020,6,7,13,30,35.6,86,986,979,0.2,210,7.9
2020,6,7,14,30,35.5,84,959,860,0.2,213,8.1
2020,6,7,15,30,34.9,77,920,698,0.2,214,8.200000000000001
2020,6,7,16,30,33.9,69,855,505,0.2,215,8
2020,6,7,17,30,32.300000000000004,56,737,297,0.19,214,7.1000000000000005
2020,6,7,18,30,29.6,36,480,103,0.19,214,5.5
2020,6,7,19,30,26.900000000000002,0,0,0,0.19,216,4.2
2020,6,7,20,30,24.900000000000002,0,0,0,0.19,224,3.7
2020,6,7,21,30,23.3,0,0,0,0.19,234,3.4000000000000004
2020,6,7,22,30,22,0,0,0,0.19,241,3.2
2020,6,7,23,30,20.700000000000003,0,0,0,0.19,242,3
2020,6,8,0,30,19.5,0,0,0,0.19,242,2.7
2020,6,8,1,30,18.2,0,0,0,0.19,245,2.5
2020,6,8,2,30,16.900000000000002,0,0,0,0.19,253,2.3000000000000003
2020,6,8,3,30,15.700000000000001,0,0,0,0.19,261,2.1
2020,6,8,4,30,15.8,2,12,2,0.19,268,2.3000000000000003
2020,6,8,5,30,18.1,43,493,120,0.19,277,3.2
2020,6,8,6,30,21.1,66,741,321,0.19,287,4
2020,6,8,7,30,23.8,82,859,533,0.19,290,3.9000000000000004
2020,6,8,8,30,26.200000000000003,92,931,733,0.19,281,3.1
2020,6,8,9,30,28.3,100,970,895,0.19,253,2.4000000000000004
2020,6,8,10,30,30.200000000000003,105,992,1010,0.19,212,2.5
2020,6,8,11,30,31.8,106,1002,1068,0.19,184,3.1
2020,6,8,12,30,32.9,105,998,1061,0.19,176,3.7
2020,6,8,13,30,33.6,103,987,998,0.19,181,4.2
2020,6,8,14,30,33.7,96,963,877,0.19,198,4.7
2020,6,8,15,30,33,89,919,710,0.19,217,5.300000000000001
2020,6,8,16,30,31.700000000000003,79,849,513,0.19,232,5.9
2020,6,8,17,30,29.3,64,725,302,0.19,242,5.2
2020,6,8,18,30,25.200000000000003,42,452,105,0.19,253,3.3000000000000003
2020,6,8,19,30,21.700000000000003,0,0,0,0.19,268,2.2
2020,6,8,20,30,20.200000000000003,0,0,0,0.19,279,2.8000000000000003
2020,6,8,21,30,18.5,0,0,0,0.19,285,4.1000000000000005
2020,6,8,22,30,16.1,0,0,0,0.19,302,5.1000000000000005
2020,6,8,23,30,13.200000000000001,0,0,0,0.19,322,6
2020,6,9,0,30,10.5,0,0,0,0.19,330,7.2
2020,6,9,1,30,8.4,0,0,0,0.19,325,7.800000000000001
2020,6,9,2,30,7.4,0,0,0,0.19,314,7.7
2020,6,9,3,30,7.2,0,0,0,0.19,308,7.800000000000001
2020,6,9,4,30,7.6000000000000005,1,0,1,0.19,311,8.200000000000001
2020,6,9,5,30,8.6,44,2,44,0.19,318,8.6
2020,6,9,6,30,10,23,0,23,0.19,327,8.8
2020,6,9,7,30,11.4,54,0,54,0.19,336,8.8
2020,6,9,8,30,12.9,104,1,105,0.19,341,8.6
2020,6,9,9,30,14.4,218,2,220,0.19,342,8.3
2020,6,9,10,30,16.1,458,85,536,0.19,342,7.7
2020,6,9,11,30,17.900000000000002,474,231,696,0.19,344,6.9
2020,6,9,12,30,19.700000000000003,284,633,890,0.19,346,6.1000000000000005
2020,6,9,13,30,21.5,237,688,861,0.19,348,5.6000000000000005
2020,6,9,14,30,22.6,126,864,827,0.19,350,5.2
2020,6,9,15,30,22.700000000000003,80,927,707,0.19,352,4.800000000000001
2020,6,9,16,30,22.200000000000003,71,869,516,0.19,350,4.3
2020,6,9,17,30,20.5,56,757,306,0.19,348,2.9000000000000004
2020,6,9,18,30,17.2,36,514,109,0.19,176,1.6
2020,6,9,19,30,14.4,0,0,0,0.19,4,1.3
2020,6,9,20,30,13.3,0,0,0,0.19,179,1.3
2020,6,9,21,30,12.5,0,0,0,0.19,347,1.4000000000000001
2020,6,9,22,30,11.9,0,0,0,0.19,331,1.5
2020,6,9,23,30,11.3,0,0,0,0.19,313,1.6
2020,6,10,0,30,10.8,0,0,0,0.19,296,1.8
2020,6,10,1,30,10.3,0,0,0,0.19,286,1.9000000000000001
2020,6,10,2,30,9.9,0,0,0,0.19,282,1.8
2020,6,10,3,30,9.5,0,0,0,0.19,285,1.6
2020,6,10,4,30,10.600000000000001,2,17,2,0.19,294,1.5
2020,6,10,5,30,13.8,41,499,119,0.19,330,1.5
2020,6,10,6,30,17.2,63,735,316,0.19,208,1.7000000000000002
2020,6,10,7,30,19.700000000000003,77,848,523,0.19,61,1.7000000000000002
2020,6,10,8,30,21.8,88,911,715,0.19,77,1.3
2020,6,10,9,30,23.6,95,950,874,0.19,98,1.4000000000000001
2020,6,10,10,30,25.200000000000003,97,973,985,0.19,110,2
2020,6,10,11,30,26.5,97,984,1042,0.19,111,2.7
2020,6,10,12,30,27.400000000000002,97,985,1041,0.19,108,3.4000000000000004
2020,6,10,13,30,27.900000000000002,96,973,979,0.19,105,4
2020,6,10,14,30,27.8,94,942,859,0.19,101,4.5
2020,6,10,15,30,27.200000000000003,87,900,697,0.19,97,4.800000000000001
2020,6,10,16,30,26,77,829,503,0.19,94,4.800000000000001
2020,6,10,17,30,24.1,64,702,296,0.19,87,4.2
2020,6,10,18,30,21.1,56,264,94,0.19,78,3.2
2020,6,10,19,30,18.5,0,0,0,0.19,76,2.6
2020,6,10,20,30,17.2,0,0,0,0.19,76,2.2
2020,6,10,21,30,16.1,0,0,0,0.19,65,1.7000000000000002
2020,6,10,22,30,15.3,0,0,0,0.19,40,1.5
2020,6,10,23,30,14.600000000000001,0,0,0,0.19,16,1.6
2020,6,11,0,30,13.9,0,0,0,0.19,178,1.7000000000000002
2020,6,11,1,30,13.200000000000001,0,0,0,0.19,342,1.7000000000000002
2020,6,11,2,30,12.700000000000001,0,0,0,0.19,330,1.8
2020,6,11,3,30,12.3,0,0,0,0.19,324,2
2020,6,11,4,30,13.4,3,18,2,0.19,319,2.4000000000000004
2020,6,11,5,30,16.7,40,504,119,0.19,315,3.2
2020,6,11,6,30,20.700000000000003,61,740,315,0.19,321,3.4000000000000004
2020,6,11,7,30,24.1,74,852,522,0.19,336,2.9000000000000004
2020,6,11,8,30,26.6,83,916,713,0.19,176,2.3000000000000003
2020,6,11,9,30,28.5,90,953,872,0.19,20,1.7000000000000002
2020,6,11,10,30,30,91,979,985,0.19,46,1.5
2020,6,11,11,30,31.200000000000003,88,993,1042,0.19,68,1.9000000000000001
2020,6,11,12,30,32,89,992,1040,0.19,82,2.5
2020,6,11,13,30,32.4,90,976,977,0.19,87,3.4000000000000004
2020,6,11,14,30,32.300000000000004,93,942,859,0.19,89,4.2
2020,6,11,15,30,31.6,88,894,695,0.19,92,4.7
2020,6,11,16,30,30.3,79,822,502,0.19,93,4.800000000000001
2020,6,11,17,30,28.200000000000003,65,699,297,0.19,91,4
2020,6,11,18,30,24.8,41,446,105,0.19,86,2.9000000000000004
2020,6,11,19,30,22,0,0,0,0.19,86,2.6
2020,6,11,20,30,20.5,0,0,0,0.19,92,2.8000000000000003
2020,6,11,21,30,19.200000000000003,0,0,0,0.19,96,2.8000000000000003
2020,6,11,22,30,18.1,0,0,0,0.19,92,2.2
2020,6,11,23,30,17.1,0,0,0,0.19,70,1.5
2020,6,12,0,30,16.2,0,0,0,0.19,34,1.3
2020,6,12,1,30,15.8,0,0,0,0.19,185,1.5
2020,6,12,2,30,15.4,0,0,0,0.19,350,1.7000000000000002
2020,6,12,3,30,15,0,0,0,0.19,342,1.8
2020,6,12,4,30,15.9,2,14,2,0.19,334,2.1
2020,6,12,5,30,18.7,42,459,114,0.19,328,2.6
2020,6,12,6,30,22.3,66,702,307,0.19,331,2.3000000000000003
2020,6,12,7,30,25.8,80,820,511,0.19,172,1.6
2020,6,12,8,30,28.900000000000002,92,884,700,0.19,32,1.4000000000000001
2020,6,12,9,30,31.1,102,920,856,0.19,67,1.6
2020,6,12,10,30,32.7,108,937,964,0.19,82,2
2020,6,12,11,30,33.9,115,940,1018,0.19,92,2.4000000000000004
2020,6,12,12,30,34.6,125,924,1011,0.19,101,2.8000000000000003
2020,6,12,13,30,34.6,136,888,943,0.19,115,3.1
2020,6,12,14,30,33.9,146,830,821,0.19,136,3.3000000000000003
2020,6,12,15,30,32.7,309,452,616,0.19,154,3.7
2020,6,12,16,30,31.1,188,492,442,0.19,158,4.2
2020,6,12,17,30,29.1,93,548,276,0.19,155,4.2
2020,6,12,18,30,26.3,52,297,95,0.19,155,3.6
2020,6,12,19,30,23.900000000000002,0,0,0,0.19,163,2.8000000000000003
2020,6,12,20,30,22.5,0,0,0,0.19,177,2.3000000000000003
2020,6,12,21,30,21.5,0,0,0,0.19,194,1.9000000000000001
2020,6,12,22,30,20.900000000000002,0,0,0,0.19,209,1.9000000000000001
2020,6,12,23,30,20.5,0,0,0,0.19,220,2
2020,6,13,0,30,20,0,0,0,0.19,228,2.3000000000000003
2020,6,13,1,30,19.6,0,0,0,0.19,239,2.6
2020,6,13,2,30,19.3,0,0,0,0.19,248,3.1
2020,6,13,3,30,18.8,0,0,0,0.19,255,3.4000000000000004
2020,6,13,4,30,19.200000000000003,2,7,2,0.19,260,3.5
2020,6,13,5,30,21.200000000000003,52,338,105,0.19,263,3.6
2020,6,13,6,30,24.6,89,586,290,0.19,261,3.9000000000000004
2020,6,13,7,30,28.3,107,735,493,0.19,244,3.7
2020,6,13,8,30,31,116,828,685,0.19,214,3.4000000000000004
2020,6,13,9,30,32.9,119,883,843,0.19,193,3.6
2020,6,13,10,30,34.2,118,919,957,0.19,189,3.8000000000000003
2020,6,13,11,30,35.2,113,939,1015,0.19,195,3.7
2020,6,13,12,30,35.7,128,916,1007,0.19,204,3.6
2020,6,13,13,30,35.7,289,605,839,0.19,209,3.4000000000000004
2020,6,13,14,30,35.1,369,243,567,0.19,205,3.3000000000000003
2020,6,13,15,30,34,347,138,441,0.19,193,3.6
2020,6,13,16,30,32.4,188,262,323,0.19,183,3.9000000000000004
2020,6,13,17,30,30.400000000000002,152,130,196,0.19,175,4.1000000000000005
2020,6,13,18,30,27.8,72,23,75,0.19,170,4.2
2020,6,13,19,30,25.700000000000003,0,0,0,0.19,178,4.5
2020,6,13,20,30,24.700000000000003,0,0,0,0.19,196,4.6000000000000005
2020,6,13,21,30,23.700000000000003,0,0,0,0.19,214,4.5
2020,6,13,22,30,22.6,0,0,0,0.19,228,5
2020,6,13,23,30,21.6,0,0,0,0.19,235,5.4
2020,6,14,0,30,20.700000000000003,0,0,0,0.19,233,4.9
2020,6,14,1,30,20,0,0,0,0.19,224,4.3
2020,6,14,2,30,19.200000000000003,0,0,0,0.19,215,3.7
2020,6,14,3,30,18.400000000000002,0,0,0,0.19,211,3.2
2020,6,14,4,30,18.6,1,0,1,0.19,207,3.2
2020,6,14,5,30,20.6,39,1,39,0.19,205,4
2020,6,14,6,30,23.6,101,21,108,0.19,208,4.800000000000001
2020,6,14,7,30,26.8,137,493,396,0.19,211,5.1000000000000005
2020,6,14,8,30,29.6,97,863,690,0.19,215,5.2
2020,6,14,9,30,31.8,105,905,847,0.19,218,5.4
2020,6,14,10,30,33.5,275,643,862,0.19,219,5.7
2020,6,14,11,30,34.7,310,305,603,0.19,219,6
2020,6,14,12,30,35.5,198,807,973,0.19,219,6.2
2020,6,14,13,30,35.800000000000004,265,625,834,0.19,219,6.4
2020,6,14,14,30,35.6,121,866,827,0.19,219,6.4
2020,6,14,15,30,35,98,861,684,0.19,219,6.4
2020,6,14,16,30,33.9,170,561,460,0.19,217,6.1000000000000005
2020,6,14,17,30,32.1,156,290,253,0.19,213,5.4
2020,6,14,18,30,29.200000000000003,75,38,81,0.19,206,4.5
2020,6,14,19,30,26.700000000000003,0,0,0,0.19,204,4.4
2020,6,14,20,30,25.3,0,0,0,0.19,206,4.6000000000000005
2020,6,14,21,30,23.900000000000002,0,0,0,0.19,209,4.5
2020,6,14,22,30,22.5,0,0,0,0.19,212,4.1000000000000005
2020,6,14,23,30,21.1,0,0,0,0.19,217,3.6
2020,6,15,0,30,19.8,0,0,0,0.19,226,3.2
2020,6,15,1,30,18.8,0,0,0,0.19,235,2.9000000000000004
2020,6,15,2,30,18,0,0,0,0.19,242,2.7
2020,6,15,3,30,17.5,0,0,0,0.19,248,2.7
2020,6,15,4,30,18.1,1,6,1,0.19,254,2.9000000000000004
2020,6,15,5,30,20.8,52,333,104,0.19,262,3.3000000000000003
2020,6,15,6,30,25.1,90,591,293,0.19,279,3.1
2020,6,15,7,30,29.200000000000003,112,735,498,0.19,303,2.6
2020,6,15,8,30,31.900000000000002,126,816,687,0.19,314,2.1
2020,6,15,9,30,33.6,138,862,845,0.19,296,1.5
2020,6,15,10,30,35,139,899,960,0.19,246,1.4000000000000001
2020,6,15,11,30,36,219,754,944,0.19,194,1.7000000000000002
2020,6,15,12,30,36.800000000000004,504,128,627,0.19,173,2.5
2020,6,15,13,30,37.1,437,268,681,0.19,166,3.3000000000000003
2020,6,15,14,30,36.7,329,436,685,0.19,162,4.2
2020,6,15,15,30,35.7,361,153,465,0.19,161,5.1000000000000005
2020,6,15,16,30,34.1,232,48,257,0.19,161,5.7
2020,6,15,17,30,32.2,77,209,147,0.2,160,5.5
2020,6,15,18,30,29.200000000000003,71,10,72,0.2,159,5.2
2020,6,15,19,30,26.5,0,0,0,0.2,164,5.1000000000000005
2020,6,15,20,30,25,0,0,0,0.2,173,5.1000000000000005
2020,6,15,21,30,23.900000000000002,0,0,0,0.2,184,4.800000000000001
2020,6,15,22,30,23.1,0,0,0,0.2,194,4.5
2020,6,15,23,30,22.400000000000002,0,0,0,0.2,204,4.2
2020,6,16,0,30,21.700000000000003,0,0,0,0.2,213,4
2020,6,16,1,30,21.1,0,0,0,0.2,219,3.7
2020,6,16,2,30,20.5,0,0,0,0.2,224,3.7
2020,6,16,3,30,20,0,0,0,0.2,230,3.7
2020,6,16,4,30,20.5,2,8,2,0.2,237,4.1000000000000005
2020,6,16,5,30,23,47,398,109,0.2,243,4.800000000000001
2020,6,16,6,30,27,74,659,300,0.2,251,5.300000000000001
2020,6,16,7,30,30.6,122,698,488,0.2,258,5.4
2020,6,16,8,30,32.800000000000004,352,285,548,0.2,253,4.9
2020,6,16,9,30,34.2,125,876,843,0.2,235,4.5
2020,6,16,10,30,35.300000000000004,128,903,952,0.2,216,4.5
2020,6,16,11,30,36.1,188,762,920,0.2,203,5
2020,6,16,12,30,36.4,267,658,899,0.2,197,5.5
2020,6,16,13,30,36.300000000000004,333,230,543,0.2,198,5.800000000000001
2020,6,16,14,30,35.9,306,184,456,0.2,203,6.1000000000000005
2020,6,16,15,30,35.2,227,574,619,0.2,208,6.5
2020,6,16,16,30,34,240,145,315,0.2,212,6.800000000000001
2020,6,16,17,30,32.300000000000004,73,636,288,0.2,212,6.6000000000000005
2020,6,16,18,30,30,48,359,102,0.2,208,6
2020,6,16,19,30,27.900000000000002,0,0,0,0.2,203,5.800000000000001
2020,6,16,20,30,26.5,0,0,0,0.2,202,5.9
2020,6,16,21,30,25.3,0,0,0,0.2,204,5.7
2020,6,16,22,30,23.8,0,0,0,0.2,207,4.9
2020,6,16,23,30,22.3,0,0,0,0.2,214,4
2020,6,17,0,30,21,0,0,0,0.2,224,3.6
2020,6,17,1,30,19.8,0,0,0,0.2,232,3.4000000000000004
2020,6,17,2,30,18.7,0,0,0,0.2,238,3.4000000000000004
2020,6,17,3,30,17.8,0,0,0,0.2,241,3.4000000000000004
2020,6,17,4,30,18,1,6,1,0.2,243,3.7
2020,6,17,5,30,20,54,326,104,0.2,242,4
2020,6,17,6,30,23.700000000000003,92,603,298,0.2,244,4.5
2020,6,17,7,30,27.700000000000003,108,769,511,0.2,247,5.300000000000001
2020,6,17,8,30,30.700000000000003,117,861,708,0.2,245,5.6000000000000005
2020,6,17,9,30,32.9,126,910,871,0.2,238,5.4
2020,6,17,10,30,34.9,126,939,983,0.2,233,5.2
2020,6,17,11,30,36.4,326,677,977,0.2,230,5.1000000000000005
2020,6,17,12,30,37.300000000000004,124,954,1040,0.2,230,5
2020,6,17,13,30,37.7,130,926,974,0.2,233,5.1000000000000005
2020,6,17,14,30,37.5,133,879,851,0.2,238,5.300000000000001
2020,6,17,15,30,36.800000000000004,238,550,614,0.2,242,5.6000000000000005
2020,6,17,16,30,35.6,169,616,489,0.2,244,5.7
2020,6,17,17,30,33.4,137,426,281,0.2,243,5.1000000000000005
2020,6,17,18,30,29.900000000000002,52,348,105,0.2,240,4.3
2020,6,17,19,30,27.1,0,0,0,0.2,239,4.1000000000000005
2020,6,17,20,30,25.6,0,0,0,0.2,246,4.3
2020,6,17,21,30,24.1,0,0,0,0.2,265,4.2
2020,6,17,22,30,22.400000000000002,0,0,0,0.2,298,4
2020,6,17,23,30,20.700000000000003,0,0,0,0.2,330,4
2020,6,18,0,30,19.3,0,0,0,0.2,349,4.3
2020,6,18,1,30,18,0,0,0,0.2,181,4.7
2020,6,18,2,30,16.6,0,0,0,0.2,6,4.5
2020,6,18,3,30,15.5,0,0,0,0.2,6,4
2020,6,18,4,30,15.200000000000001,2,10,2,0.2,3,4
2020,6,18,5,30,16.1,73,16,75,0.2,2,4.6000000000000005
2020,6,18,6,30,17.7,119,25,128,0.2,8,4.9
2020,6,18,7,30,19.700000000000003,248,157,330,0.2,16,4.7
2020,6,18,8,30,21.700000000000003,334,205,475,0.2,23,4.3
2020,6,18,9,30,23.6,293,508,709,0.2,29,4
2020,6,18,10,30,25.1,318,563,832,0.2,36,3.9000000000000004
2020,6,18,11,30,26.200000000000003,453,380,818,0.2,46,4
2020,6,18,12,30,26.900000000000002,137,904,1005,0.2,56,4.5
2020,6,18,13,30,27.200000000000003,106,934,958,0.2,64,5
2020,6,18,14,30,27.1,100,909,843,0.2,71,5.4
2020,6,18,15,30,26.6,94,862,684,0.2,77,5.4
2020,6,18,16,30,25.6,195,404,405,0.2,81,5.2
2020,6,18,17,30,24.1,146,218,220,0.2,82,4.800000000000001
2020,6,18,18,30,22.1,47,373,104,0.2,74,4.2
2020,6,18,19,30,20.1,0,0,0,0.2,63,3.7
2020,6,18,20,30,18.7,0,0,0,0.2,55,3.3000000000000003
2020,6,18,21,30,17.5,0,0,0,0.2,47,2.6
2020,6,18,22,30,16.6,0,0,0,0.2,37,2.2
2020,6,18,23,30,15.8,0,0,0,0.2,31,1.9000000000000001
2020,6,19,0,30,15.3,0,0,0,0.2,38,1.7000000000000002
2020,6,19,1,30,14.9,0,0,0,0.2,48,1.8
2020,6,19,2,30,14.4,0,0,0,0.2,47,2.1
2020,6,19,3,30,13.700000000000001,0,0,0,0.2,45,2.4000000000000004
2020,6,19,4,30,13.5,1,4,1,0.2,43,2.7
2020,6,19,5,30,14,59,261,99,0.2,45,2.9000000000000004
2020,6,19,6,30,15.5,51,0,51,0.2,46,2.6
2020,6,19,7,30,17.5,88,0,88,0.2,46,2.1
2020,6,19,8,30,19.700000000000003,148,0,148,0.2,55,1.7000000000000002
2020,6,19,9,30,21.900000000000002,157,0,157,0.2,77,1.6
2020,6,19,10,30,23.5,216,0,216,0.2,98,2.2
2020,6,19,11,30,24.5,341,2,343,0.2,108,2.9000000000000004
2020,6,19,12,30,24.900000000000002,198,0,198,0.2,115,3.5
2020,6,19,13,30,24.8,103,0,103,0.2,122,3.7
2020,6,19,14,30,24.5,257,35,286,0.2,130,3.2
2020,6,19,15,30,24,256,10,263,0.2,119,2
2020,6,19,16,30,23.200000000000003,201,109,258,0.2,53,1.8
2020,6,19,17,30,22.1,131,391,264,0.2,2,2.1
2020,6,19,18,30,20.3,59,237,95,0.2,8,1.6
2020,6,19,19,30,18.8,1,4,1,0.2,24,1
2020,6,19,20,30,17.8,0,0,0,0.2,52,1
2020,6,19,21,30,16.8,0,0,0,0.2,78,1
2020,6,19,22,30,15.9,0,0,0,0.2,95,0.6000000000000001
2020,6,19,23,30,15.200000000000001,0,0,0,0.2,54,0.4
2020,6,20,0,30,14.5,0,0,0,0.2,177,0.5
2020,6,20,1,30,13.8,0,0,0,0.2,341,0.8
2020,6,20,2,30,13.3,0,0,0,0.2,331,1.1
2020,6,20,3,30,12.8,0,0,0,0.2,319,1.1
2020,6,20,4,30,13.600000000000001,2,8,2,0.2,303,1.4000000000000001
2020,6,20,5,30,16.400000000000002,49,380,107,0.2,276,2
2020,6,20,6,30,20.200000000000003,77,653,299,0.2,235,2.4000000000000004
2020,6,20,7,30,23.6,89,803,508,0.2,209,2.6
2020,6,20,8,30,26.1,94,892,705,0.2,211,2.3000000000000003
2020,6,20,9,30,28.1,97,946,871,0.2,228,1.8
2020,6,20,10,30,29.8,98,977,989,0.2,254,1.4000000000000001
2020,6,20,11,30,31.3,96,997,1054,0.2,278,1.1
2020,6,20,12,30,32.300000000000004,94,997,1052,0.2,324,0.9
2020,6,20,13,30,33,94,982,990,0.2,208,0.9
2020,6,20,14,30,33.300000000000004,92,954,873,0.2,63,1.2000000000000002
2020,6,20,15,30,32.9,85,915,712,0.2,72,1.6
2020,6,20,16,30,31.900000000000002,76,847,518,0.2,79,2
2020,6,20,17,30,29.5,86,644,306,0.2,88,2.1
2020,6,20,18,30,25.700000000000003,79,107,95,0.2,96,1.9000000000000001
2020,6,20,19,30,22.700000000000003,1,0,1,0.2,100,1.7000000000000002
2020,6,20,20,30,21.3,0,0,0,0.2,100,1.4000000000000001
2020,6,20,21,30,20.200000000000003,0,0,0,0.2,93,0.8
2020,6,20,22,30,19.5,0,0,0,0.2,219,0.6000000000000001
2020,6,20,23,30,18.900000000000002,0,0,0,0.2,344,0.8
2020,6,21,0,30,18.1,0,0,0,0.2,335,1.1
2020,6,21,1,30,17.3,0,0,0,0.2,331,1.3
2020,6,21,2,30,16.6,0,0,0,0.2,322,1.4000000000000001
2020,6,21,3,30,16.2,0,0,0,0.2,312,1.5
2020,6,21,4,30,17.3,2,11,2,0.2,303,1.7000000000000002
2020,6,21,5,30,20.8,64,194,94,0.2,298,2.6
2020,6,21,6,30,25.1,68,679,299,0.2,304,3.2
2020,6,21,7,30,28.5,85,795,500,0.2,314,3.1
2020,6,21,8,30,30.200000000000003,100,857,687,0.2,315,3.1
2020,6,21,9,30,30.400000000000002,208,688,771,0.2,310,3.4000000000000004
2020,6,21,10,30,30.400000000000002,126,902,949,0.2,302,3.4000000000000004
2020,6,21,11,30,31.3,109,939,1011,0.2,292,2.7
2020,6,21,12,30,32.6,265,684,922,0.2,293,1.6
2020,6,21,13,30,33.2,291,562,804,0.2,172,1.2000000000000002
2020,6,21,14,30,33.1,257,139,371,0.2,48,1.9000000000000001
2020,6,21,15,30,32.5,141,769,668,0.2,48,2.9000000000000004
2020,6,21,16,30,31.400000000000002,143,259,278,0.2,50,3.5
2020,6,21,17,30,29.6,157,260,246,0.19,56,3.4000000000000004
2020,6,21,18,30,26.700000000000003,52,336,104,0.19,59,2.8000000000000003
2020,6,21,19,30,24.3,2,10,2,0.19,55,3
2020,6,21,20,30,23.1,0,0,0,0.19,40,4
2020,6,21,21,30,21.6,0,0,0,0.19,37,4.7
2020,6,21,22,30,19.900000000000002,0,0,0,0.19,56,3.8000000000000003
2020,6,21,23,30,18.5,0,0,0,0.19,82,2.1
2020,6,22,0,30,17.5,0,0,0,0.19,120,0.9
2020,6,22,1,30,16.8,0,0,0,0.19,183,0.8
2020,6,22,2,30,16.3,0,0,0,0.19,233,1.1
2020,6,22,3,30,15.9,0,0,0,0.19,255,1.4000000000000001
2020,6,22,4,30,16.6,1,6,1,0.19,266,1.9000000000000001
2020,6,22,5,30,18.900000000000002,53,301,99,0.19,254,2.3000000000000003
2020,6,22,6,30,21.700000000000003,80,606,286,0.19,214,2.5
2020,6,22,7,30,24.6,97,746,486,0.19,181,3
2020,6,22,8,30,27.200000000000003,293,413,575,0.19,167,3
2020,6,22,9,30,29.5,423,267,641,0.19,154,2.6
2020,6,22,10,30,31.3,352,62,409,0.19,134,2.3000000000000003
2020,6,22,11,30,32.5,117,919,1000,0.19,110,2.4000000000000004
2020,6,22,12,30,32.9,277,450,709,0.19,84,2.6
2020,6,22,13,30,32.6,119,896,937,0.19,63,2.6
2020,6,22,14,30,31.900000000000002,267,560,726,0.19,64,2.3000000000000003
2020,6,22,15,30,31,319,241,484,0.19,84,2.2
2020,6,22,16,30,29.8,156,130,224,0.19,88,2.7
2020,6,22,17,30,28.3,82,197,149,0.19,77,2.9000000000000004
2020,6,22,18,30,26.200000000000003,55,2,55,0.19,78,2.8000000000000003
2020,6,22,19,30,24.3,1,0,1,0.19,86,3.2
2020,6,22,20,30,23,0,0,0,0.19,94,3.7
2020,6,22,21,30,21.700000000000003,0,0,0,0.19,103,3.8000000000000003
2020,6,22,22,30,20.6,0,0,0,0.19,113,3.4000000000000004
2020,6,22,23,30,19.400000000000002,0,0,0,0.19,124,2.6
2020,6,23,0,30,18.5,0,0,0,0.19,137,1.7000000000000002
2020,6,23,1,30,17.7,0,0,0,0.19,150,1.1
2020,6,23,2,30,17.1,0,0,0,0.19,161,0.8
2020,6,23,3,30,16.7,0,0,0,0.19,167,0.5
2020,6,23,4,30,17.1,0,2,0,0.19,143,0.30000000000000004
2020,6,23,5,30,18.6,48,352,101,0.19,119,0.6000000000000001
2020,6,23,6,30,20.900000000000002,78,607,283,0.19,126,1.4000000000000001
2020,6,23,7,30,23.6,96,740,481,0.19,135,2.2
2020,6,23,8,30,25.8,108,816,666,0.19,140,2.6
2020,6,23,9,30,27.400000000000002,118,859,820,0.19,140,2.5
2020,6,23,10,30,28.700000000000003,116,899,935,0.19,135,2.3000000000000003
2020,6,23,11,30,29.6,105,931,999,0.19,126,2.1
2020,6,23,12,30,30.3,103,934,1001,0.19,116,2.3000000000000003
2020,6,23,13,30,30.700000000000003,288,526,768,0.19,113,2.6
2020,6,23,14,30,30.700000000000003,313,417,655,0.19,117,2.8000000000000003
2020,6,23,15,30,30.1,326,237,489,0.19,121,3
2020,6,23,16,30,29,205,28,220,0.19,127,2.9000000000000004
2020,6,23,17,30,27.400000000000002,166,87,196,0.19,136,2.4000000000000004
2020,6,23,18,30,25.200000000000003,66,7,67,0.19,154,1.7000000000000002
2020,6,23,19,30,23.400000000000002,2,8,2,0.19,174,1.4000000000000001
2020,6,23,20,30,22.3,0,0,0,0.19,194,1.3
2020,6,23,21,30,21.400000000000002,0,0,0,0.19,221,1.1
2020,6,23,22,30,20.6,0,0,0,0.19,250,0.9
2020,6,23,23,30,19.900000000000002,0,0,0,0.19,274,1
2020,6,24,0,30,19.3,0,0,0,0.19,288,1.1
2020,6,24,1,30,18.7,0,0,0,0.19,291,1.2000000000000002
2020,6,24,2,30,18,0,0,0,0.19,284,1.3
2020,6,24,3,30,17.400000000000002,0,0,0,0.19,275,1.5
2020,6,24,4,30,18.1,0,0,0,0.19,270,2
2020,6,24,5,30,20.400000000000002,41,435,106,0.19,267,2.7
2020,6,24,6,30,24.1,64,682,294,0.19,254,2.7
2020,6,24,7,30,27.900000000000002,77,807,496,0.19,215,1.9000000000000001
2020,6,24,8,30,30.400000000000002,85,876,683,0.19,162,1.4000000000000001
2020,6,24,9,30,32.1,91,916,839,0.19,124,1.7000000000000002
2020,6,24,10,30,33.4,101,932,950,0.19,112,2.4000000000000004
2020,6,24,11,30,34.2,111,932,1006,0.19,111,3.1
2020,6,24,12,30,34.7,113,928,1005,0.19,112,3.6
2020,6,24,13,30,34.7,111,913,945,0.19,113,3.9000000000000004
2020,6,24,14,30,34.4,360,124,462,0.19,113,3.9000000000000004
2020,6,24,15,30,33.6,297,40,324,0.19,113,3.7
2020,6,24,16,30,32.300000000000004,226,78,267,0.19,110,3.2
2020,6,24,17,30,30.1,19,0,19,0.2,90,2.5
2020,6,24,18,30,26.900000000000002,53,3,53,0.2,47,2.8000000000000003
2020,6,24,19,30,24.1,2,7,2,0.2,15,3.8000000000000003
2020,6,24,20,30,22.700000000000003,0,0,0,0.2,7,3.7
2020,6,24,21,30,21.900000000000002,0,0,0,0.2,179,2.4000000000000004
2020,6,24,22,30,21.200000000000003,0,0,0,0.2,325,1.1
2020,6,24,23,30,20.6,0,0,0,0.2,273,0.8
2020,6,25,0,30,20.1,0,0,0,0.2,240,1
2020,6,25,1,30,19.8,0,0,0,0.2,227,1.2000000000000002
2020,6,25,2,30,19.400000000000002,0,0,0,0.2,226,1.4000000000000001
2020,6,25,3,30,19,0,0,0,0.2,237,1.6
2020,6,25,4,30,19.8,0,0,0,0.2,249,2.1
2020,6,25,5,30,22.3,60,80,72,0.2,257,3
2020,6,25,6,30,25.8,152,212,223,0.2,263,3.4000000000000004
2020,6,25,7,30,29.700000000000003,81,798,495,0.2,274,3.2
2020,6,25,8,30,32.7,91,869,684,0.2,281,2.8000000000000003
2020,6,25,9,30,34.7,98,912,842,0.2,272,2.4000000000000004
2020,6,25,10,30,36.1,100,939,955,0.2,250,2.2
2020,6,25,11,30,37,381,402,767,0.2,224,2.3000000000000003
2020,6,25,12,30,37.6,98,954,1015,0.2,203,2.5
2020,6,25,13,30,37.6,415,248,641,0.2,191,2.5
2020,6,25,14,30,36.7,159,2,161,0.2,196,2.4000000000000004
2020,6,25,15,30,34.2,176,9,182,0.2,257,2.9000000000000004
2020,6,25,16,30,30.3,169,42,191,0.2,323,4.9
2020,6,25,17,30,26.400000000000002,81,130,126,0.2,342,6.1000000000000005
2020,6,25,18,30,23.8,58,190,88,0.2,174,5
2020,6,25,19,30,22.3,2,9,2,0.2,11,3.3000000000000003
2020,6,25,20,30,21.700000000000003,0,0,0,0.2,42,1.7000000000000002
2020,6,25,21,30,21.1,0,0,0,0.2,111,1
2020,6,25,22,30,20.6,0,0,0,0.2,168,1.1
2020,6,25,23,30,19.900000000000002,0,0,0,0.2,187,1.1
2020,6,26,0,30,19.3,0,0,0,0.2,217,0.8
2020,6,26,1,30,18.7,0,0,0,0.2,278,0.9
2020,6,26,2,30,18.1,0,0,0,0.2,332,1.9000000000000001
2020,6,26,3,30,17.400000000000002,0,0,0,0.2,345,2.8000000000000003
2020,6,26,4,30,17.5,0,0,0,0.2,343,3.4000000000000004
2020,6,26,5,30,19.3,43,414,104,0.2,345,3.7
2020,6,26,6,30,22.200000000000003,68,660,290,0.2,351,3.3000000000000003
2020,6,26,7,30,25.200000000000003,145,617,464,0.2,180,2.4000000000000004
2020,6,26,8,30,27.900000000000002,312,291,510,0.2,19,1.8
2020,6,26,9,30,29.400000000000002,295,18,310,0.2,46,1.5
2020,6,26,10,30,30,314,502,771,0.2,79,1.5
2020,6,26,11,30,30.200000000000003,305,539,822,0.2,106,1.7000000000000002
2020,6,26,12,30,30.5,165,817,950,0.2,117,2.3000000000000003
2020,6,26,13,30,31.1,159,818,906,0.2,121,3.1
2020,6,26,14,30,31.900000000000002,100,898,836,0.2,126,3.8000000000000003
2020,6,26,15,30,32.1,112,811,670,0.2,132,3.6
2020,6,26,16,30,31,238,292,391,0.2,130,2.5
2020,6,26,17,30,28.6,140,142,189,0.2,71,1.6
2020,6,26,18,30,25.6,52,4,53,0.2,187,1.8
2020,6,26,19,30,23.1,1,0,1,0.2,356,2.6
2020,6,26,20,30,21.6,0,0,0,0.2,178,3.2
2020,6,26,21,30,20.700000000000003,0,0,0,0.2,7,3.2
2020,6,26,22,30,20.1,0,0,0,0.2,15,2.5
2020,6,26,23,30,19.5,0,0,0,0.2,186,1.5
2020,6,27,0,30,19,0,0,0,0.2,328,1
2020,6,27,1,30,18.6,0,0,0,0.2,289,1.2000000000000002
2020,6,27,2,30,18.2,0,0,0,0.2,271,1.4000000000000001
2020,6,27,3,30,17.8,0,0,0,0.2,260,1.4000000000000001
2020,6,27,4,30,18.6,0,0,0,0.2,255,1.9000000000000001
2020,6,27,5,30,21.1,62,3,62,0.2,249,2.6
2020,6,27,6,30,24.400000000000002,161,119,201,0.2,237,2.7
2020,6,27,7,30,27.8,190,462,429,0.2,224,2.5
2020,6,27,8,30,30.400000000000002,90,874,685,0.2,214,2
2020,6,27,9,30,32.4,94,922,845,0.2,204,1.7000000000000002
2020,6,27,10,30,34,96,950,960,0.2,194,1.6
2020,6,27,11,30,35.2,97,963,1021,0.2,181,1.6
2020,6,27,12,30,36,233,718,923,0.2,167,1.7000000000000002
2020,6,27,13,30,36.2,299,556,807,0.2,164,1.9000000000000001
2020,6,27,14,30,35.6,140,98,220,0.2,183,2.3000000000000003
2020,6,27,15,30,33.7,97,0,97,0.2,214,2.7
2020,6,27,16,30,31,217,139,290,0.2,231,2.4000000000000004
2020,6,27,17,30,28.5,129,449,283,0.19,170,1.8
2020,6,27,18,30,26,52,333,104,0.19,112,1.5
2020,6,27,19,30,23.8,1,0,1,0.19,125,1.2000000000000002
2020,6,27,20,30,22.6,0,0,0,0.19,140,0.8
2020,6,27,21,30,21.700000000000003,0,0,0,0.19,174,0.6000000000000001
2020,6,27,22,30,20.900000000000002,0,0,0,0.19,222,0.7000000000000001
2020,6,27,23,30,20.3,0,0,0,0.19,259,1
2020,6,28,0,30,19.6,0,0,0,0.19,277,1.5
2020,6,28,1,30,19.1,0,0,0,0.19,281,2
2020,6,28,2,30,19,0,0,0,0.19,277,2.5
2020,6,28,3,30,19,0,0,0,0.19,273,2.9000000000000004
2020,6,28,4,30,20,0,0,0,0.19,267,3.5
2020,6,28,5,30,22.8,41,435,104,0.19,263,4.4
2020,6,28,6,30,26.700000000000003,65,684,293,0.19,267,4.9
2020,6,28,7,30,30.400000000000002,81,803,495,0.19,282,4.9
2020,6,28,8,30,32.800000000000004,103,846,678,0.19,298,4.1000000000000005
2020,6,28,9,30,34.2,103,903,838,0.19,310,3.3000000000000003
2020,6,28,10,30,35,110,923,949,0.19,320,3
2020,6,28,11,30,35.4,111,934,1007,0.19,330,2.8000000000000003
2020,6,28,12,30,35.800000000000004,113,932,1008,0.19,346,2.2
2020,6,28,13,30,36.1,125,900,947,0.19,203,1.4000000000000001
2020,6,28,14,30,36.2,303,355,594,0.19,106,1.2000000000000002
2020,6,28,15,30,35.4,288,334,518,0.19,178,2
2020,6,28,16,30,33.6,211,314,376,0.19,200,2.9000000000000004
2020,6,28,17,30,30.900000000000002,88,84,117,0.19,203,2.6
2020,6,28,18,30,27.700000000000003,63,209,96,0.19,153,1.9000000000000001
2020,6,28,19,30,25.3,1,4,1,0.19,98,1.9000000000000001
2020,6,28,20,30,24,0,0,0,0.19,102,1.4000000000000001
2020,6,28,21,30,23.3,0,0,0,0.19,173,0.8
2020,6,28,22,30,22.900000000000002,0,0,0,0.19,238,1.4000000000000001
2020,6,28,23,30,22.5,0,0,0,0.19,249,2.4000000000000004
2020,6,29,0,30,22.200000000000003,0,0,0,0.19,253,3.3000000000000003
2020,6,29,1,30,21.8,0,0,0,0.19,253,3.9000000000000004
2020,6,29,2,30,21.200000000000003,0,0,0,0.19,252,4.2
2020,6,29,3,30,20.5,0,0,0,0.19,251,4.2
2020,6,29,4,30,20.700000000000003,0,0,0,0.19,250,4.3
2020,6,29,5,30,22.8,72,48,79,0.19,252,5
2020,6,29,6,30,25.8,76,633,286,0.19,259,6.1000000000000005
2020,6,29,7,30,28.700000000000003,81,805,495,0.19,265,6.6000000000000005
2020,6,29,8,30,30.900000000000002,94,870,684,0.19,264,6.300000000000001
2020,6,29,9,30,32.9,196,743,800,0.19,260,5.7
2020,6,29,10,30,34.6,179,804,909,0.19,253,5.300000000000001
2020,6,29,11,30,35.9,255,673,900,0.19,244,4.9
2020,6,29,12,30,36.7,452,241,683,0.19,237,4.9
2020,6,29,13,30,36.800000000000004,430,150,567,0.19,232,5
2020,6,29,14,30,36.300000000000004,315,348,600,0.19,233,5.2
2020,6,29,15,30,35.300000000000004,218,598,629,0.19,236,5.300000000000001
2020,6,29,16,30,34,247,162,332,0.19,240,5
2020,6,29,17,30,32.2,55,715,301,0.19,242,4
2020,6,29,18,30,29.200000000000003,78,109,95,0.19,245,2.9000000000000004
2020,6,29,19,30,26.400000000000002,3,18,2,0.19,247,2.6
2020,6,29,20,30,25.1,0,0,0,0.19,250,3
2020,6,29,21,30,24.1,0,0,0,0.19,252,3.2
2020,6,29,22,30,23.1,0,0,0,0.19,255,3.3000000000000003
2020,6,29,23,30,22.3,0,0,0,0.19,257,3.4000000000000004
2020,6,30,0,30,21.400000000000002,0,0,0,0.19,259,3.5
2020,6,30,1,30,20.5,0,0,0,0.19,261,3.5
2020,6,30,2,30,19.6,0,0,0,0.19,265,3.4000000000000004
2020,6,30,3,30,18.5,0,0,0,0.19,270,3.2
2020,6,30,4,30,18.7,0,0,0,0.19,276,3.5
2020,6,30,5,30,20.8,39,452,104,0.19,284,4.3
2020,6,30,6,30,23.3,63,702,295,0.19,291,5
2020,6,30,7,30,25.5,78,822,500,0.19,289,5.4
2020,6,30,8,30,27.1,88,891,692,0.19,282,5.6000000000000005
2020,6,30,9,30,28.5,95,938,857,0.19,277,5.800000000000001
2020,6,30,10,30,29.700000000000003,271,390,625,0.19,277,5.9
2020,6,30,11,30,30.700000000000003,155,883,1001,0.19,282,6
2020,6,30,12,30,31.3,88,1017,1065,0.19,291,5.7
2020,6,30,13,30,31.8,91,1006,1010,0.19,298,5
2020,6,30,14,30,32,93,977,894,0.19,302,4.1000000000000005
2020,6,30,15,30,31.900000000000002,83,946,734,0.19,303,3.1
2020,6,30,16,30,31.3,70,892,539,0.19,308,1.9000000000000001
2020,6,30,17,30,30.700000000000003,161,23,169,0.19,73,4.3
2020,6,30,18,30,28.1,61,35,66,0.19,53,4.800000000000001
2020,6,30,19,30,25.900000000000002,1,1,1,0.19,38,5.2
2020,6,30,20,30,23.8,0,0,0,0.19,30,5.300000000000001
2020,6,30,21,30,21.900000000000002,0,0,0,0.19,26,5.2
2020,6,30,22,30,20.5,0,0,0,0.19,27,4.3
2020,6,30,23,30,19.700000000000003,0,0,0,0.19,34,3
2018,7,1,0,30,19.200000000000003,0,0,0,0.19,50,2.3000000000000003
2018,7,1,1,30,18.5,0,0,0,0.19,68,2.2
2018,7,1,2,30,17.8,0,0,0,0.19,81,2.2
2018,7,1,3,30,17.1,0,0,0,0.19,92,2
2018,7,1,4,30,16.900000000000002,0,0,0,0.19,110,1.8
2018,7,1,5,30,17.7,58,179,84,0.19,134,1.9000000000000001
2018,7,1,6,30,19.5,125,403,258,0.19,153,2.2
2018,7,1,7,30,22,171,540,448,0.19,158,2.5
2018,7,1,8,30,24.8,217,597,621,0.19,151,2.6
2018,7,1,9,30,27.6,266,609,760,0.19,138,2.6
2018,7,1,10,30,30.1,269,671,878,0.19,127,2.9000000000000004
2018,7,1,11,30,32.1,253,719,942,0.19,118,3.3000000000000003
2018,7,1,12,30,33.300000000000004,320,622,917,0.19,113,3.8000000000000003
2018,7,1,13,30,34,301,619,866,0.19,112,4.4
2018,7,1,14,30,34.2,239,659,780,0.19,113,4.9
2018,7,1,15,30,33.6,246,542,619,0.19,115,5.2
2018,7,1,16,30,32.5,218,412,435,0.19,117,5.300000000000001
2018,7,1,17,30,30.900000000000002,154,270,247,0.19,118,5.300000000000001
2018,7,1,18,30,28.6,62,121,81,0.19,120,5.1000000000000005
2018,7,1,19,30,26.6,1,2,1,0.19,126,4.7
2018,7,1,20,30,25.200000000000003,0,0,0,0.19,136,4.2
2018,7,1,21,30,24,0,0,0,0.19,145,3.6
2018,7,1,22,30,23,0,0,0,0.19,154,3.1
2018,7,1,23,30,22.3,0,0,0,0.19,165,2.8000000000000003
2018,7,2,0,30,21.6,0,0,0,0.19,176,2.3000000000000003
2018,7,2,1,30,20.6,0,0,0,0.19,192,1.6
2018,7,2,2,30,19.400000000000002,0,0,0,0.19,226,1
2018,7,2,3,30,18.400000000000002,0,0,0,0.19,265,0.8
2018,7,2,4,30,19,0,0,0,0.19,291,1.3
2018,7,2,5,30,21.3,55,138,75,0.19,303,1.9000000000000001
2018,7,2,6,30,24.5,137,334,247,0.19,313,2.3000000000000003
2018,7,2,7,30,28,180,512,442,0.19,326,2.3000000000000003
2018,7,2,8,30,31.1,185,673,640,0.19,332,1.8
2018,7,2,9,30,33.800000000000004,170,789,810,0.19,169,1
2018,7,2,10,30,35.800000000000004,151,869,939,0.19,66,1
2018,7,2,11,30,37.2,135,911,1008,0.19,130,1.8
2018,7,2,12,30,37.9,146,896,1006,0.19,134,2.5
2018,7,2,13,30,38.2,421,375,763,0.19,136,2.8000000000000003
2018,7,2,14,30,37.9,464,153,589,0.19,139,3
2018,7,2,15,30,37.1,315,309,528,0.19,142,3.3000000000000003
2018,7,2,16,30,35.9,152,592,463,0.19,148,3.9000000000000004
2018,7,2,17,30,33.800000000000004,114,440,265,0.19,157,4.4
2018,7,2,18,30,30.900000000000002,62,145,85,0.19,164,5
2018,7,2,19,30,28.400000000000002,1,4,1,0.19,169,5.4
2018,7,2,20,30,26.6,0,0,0,0.19,175,5.300000000000001
2018,7,2,21,30,25.1,0,0,0,0.19,183,5
2018,7,2,22,30,23.900000000000002,0,0,0,0.19,191,4.7
2018,7,2,23,30,22.900000000000002,0,0,0,0.19,200,4.3
2018,7,3,0,30,22,0,0,0,0.19,212,3.6
2018,7,3,1,30,21,0,0,0,0.19,230,2.8000000000000003
2018,7,3,2,30,20.3,0,0,0,0.19,248,2.6
2018,7,3,3,30,20,0,0,0,0.19,257,2.8000000000000003
2018,7,3,4,30,20.3,0,0,0,0.19,258,3.1
2018,7,3,5,30,22.200000000000003,48,195,75,0.19,257,3.4000000000000004
2018,7,3,6,30,26.200000000000003,106,444,252,0.19,257,3.9000000000000004
2018,7,3,7,30,30.900000000000002,134,627,454,0.19,265,4
2018,7,3,8,30,34.300000000000004,150,734,646,0.19,282,3.1
2018,7,3,9,30,36.300000000000004,178,764,797,0.19,314,1.6
2018,7,3,10,30,37.6,222,744,896,0.19,203,1.1
2018,7,3,11,30,38.300000000000004,289,671,931,0.19,80,1.8
2018,7,3,12,30,38.400000000000006,391,517,887,0.19,93,2.8000000000000003
2018,7,3,13,30,38.1,439,406,810,0.19,99,3.4000000000000004
2018,7,3,14,30,37.300000000000004,502,80,568,0.19,109,3.6
2018,7,3,15,30,36.1,421,55,459,0.19,130,3.5
2018,7,3,16,30,34.5,301,24,314,0.19,157,3.1
2018,7,3,17,30,32.300000000000004,134,78,161,0.19,179,2.3000000000000003
2018,7,3,18,30,30.1,32,31,37,0.19,196,1.6
2018,7,3,19,30,28.700000000000003,0,0,0,0.19,205,1.4000000000000001
2018,7,3,20,30,28,0,0,0,0.19,199,1.2000000000000002
2018,7,3,21,30,27.200000000000003,0,0,0,0.19,184,1
2018,7,3,22,30,25.8,0,0,0,0.19,186,0.9
2018,7,3,23,30,24.400000000000002,0,0,0,0.19,220,1.1
2018,7,4,0,30,23.5,0,0,0,0.19,257,1.8
2018,7,4,1,30,22.6,0,0,0,0.19,276,2.5
2018,7,4,2,30,21.700000000000003,0,0,0,0.19,285,2.9000000000000004
2018,7,4,3,30,21,0,0,0,0.19,291,3
2018,7,4,4,30,21.5,0,0,0,0.19,297,3.3000000000000003
2018,7,4,5,30,24,41,396,96,0.19,301,3.6
2018,7,4,6,30,28.200000000000003,67,666,285,0.19,305,3.1
2018,7,4,7,30,32.5,82,803,491,0.19,309,2.5
2018,7,4,8,30,35.1,93,880,686,0.19,313,2
2018,7,4,9,30,36.5,103,918,846,0.19,328,1.3
2018,7,4,10,30,37.6,115,930,957,0.19,188,0.9
2018,7,4,11,30,38.400000000000006,133,918,1011,0.19,55,1.1
2018,7,4,12,30,38.900000000000006,167,867,999,0.19,82,1.8
2018,7,4,13,30,38.800000000000004,285,683,908,0.19,99,2.6
2018,7,4,14,30,38.300000000000004,452,321,715,0.19,115,3.6
2018,7,4,15,30,37.1,376,208,519,0.19,126,4.5
2018,7,4,16,30,35.4,237,385,439,0.19,137,5.2
2018,7,4,17,30,33.1,130,139,178,0.19,154,5.5
2018,7,4,18,30,30.200000000000003,81,50,89,0.19,176,5.2
2018,7,4,19,30,27.5,1,1,1,0.19,193,4.5
2018,7,4,20,30,25.700000000000003,0,0,0,0.19,203,4.2
2018,7,4,21,30,24.400000000000002,0,0,0,0.19,210,3.9000000000000004
2018,7,4,22,30,23.6,0,0,0,0.19,222,3.1
2018,7,4,23,30,23.200000000000003,0,0,0,0.19,240,2.1
2018,7,5,0,30,22.700000000000003,0,0,0,0.19,269,1
2018,7,5,1,30,22,0,0,0,0.19,308,0.5
2018,7,5,2,30,21.200000000000003,0,0,0,0.19,216,0.4
2018,7,5,3,30,20.700000000000003,0,0,0,0.19,109,0.5
2018,7,5,4,30,20.900000000000002,0,0,0,0.19,114,0.9
2018,7,5,5,30,22.5,52,3,52,0.19,113,1.7000000000000002
2018,7,5,6,30,24.5,157,138,202,0.19,117,2.4000000000000004
2018,7,5,7,30,26.400000000000002,266,167,351,0.19,125,2.9000000000000004
2018,7,5,8,30,28.1,273,430,562,0.19,128,3.3000000000000003
2018,7,5,9,30,29.5,308,433,658,0.19,129,3.6
2018,7,5,10,30,30.400000000000002,308,580,833,0.19,130,3.9000000000000004
2018,7,5,11,30,31,365,547,888,0.19,129,4
2018,7,5,12,30,31.200000000000003,249,716,936,0.19,126,4.1000000000000005
2018,7,5,13,30,31,392,420,775,0.19,122,4.4
2018,7,5,14,30,30.5,342,392,663,0.19,118,4.9
2018,7,5,15,30,29.5,274,95,339,0.19,116,5.4
2018,7,5,16,30,28,91,31,107,0.19,118,5.6000000000000005
2018,7,5,17,30,26.3,86,49,103,0.19,122,4.800000000000001
2018,7,5,18,30,24.700000000000003,51,2,51,0.19,124,3.4000000000000004
2018,7,5,19,30,23.5,1,0,1,0.19,124,2.4000000000000004
2018,7,5,20,30,22.8,0,0,0,0.19,127,2.2
2018,7,5,21,30,22.200000000000003,0,0,0,0.19,137,2.2
2018,7,5,22,30,21.6,0,0,0,0.19,148,2.1
2018,7,5,23,30,21,0,0,0,0.19,155,1.9000000000000001
2018,7,6,0,30,20.5,0,0,0,0.19,161,1.6
2018,7,6,1,30,20,0,0,0,0.19,175,1.2000000000000002
2018,7,6,2,30,19.6,0,0,0,0.19,202,0.8
2018,7,6,3,30,19.200000000000003,0,0,0,0.19,237,0.5
2018,7,6,4,30,19.5,0,0,0,0.19,258,0.7000000000000001
2018,7,6,5,30,20.8,46,287,85,0.19,253,1.1
2018,7,6,6,30,23.3,81,560,262,0.19,235,1.3
2018,7,6,7,30,26,100,710,460,0.19,210,1.2000000000000002
2018,7,6,8,30,28.1,111,796,646,0.19,162,0.9
2018,7,6,9,30,29.900000000000002,119,848,804,0.19,119,1.2000000000000002
2018,7,6,10,30,31.400000000000002,122,881,919,0.19,107,1.9000000000000001
2018,7,6,11,30,32.5,121,902,983,0.19,104,2.5
2018,7,6,12,30,33.2,117,910,989,0.19,105,3
2018,7,6,13,30,33.7,110,907,937,0.19,107,3.4000000000000004
2018,7,6,14,30,33.800000000000004,102,891,832,0.19,109,3.7
2018,7,6,15,30,33.5,93,854,680,0.19,111,3.9000000000000004
2018,7,6,16,30,32.6,82,787,495,0.19,117,4.1000000000000005
2018,7,6,17,30,31.1,68,661,295,0.19,125,4
2018,7,6,18,30,28.700000000000003,44,411,107,0.19,137,3.8000000000000003
2018,7,6,19,30,26.6,2,11,2,0.19,149,4.1000000000000005
2018,7,6,20,30,25.3,0,0,0,0.19,161,4.4
2018,7,6,21,30,24.1,0,0,0,0.19,168,4.1000000000000005
2018,7,6,22,30,23.1,0,0,0,0.19,172,3.5
2018,7,6,23,30,22.3,0,0,0,0.19,178,3.1
2018,7,7,0,30,21.6,0,0,0,0.19,185,2.8000000000000003
2018,7,7,1,30,21,0,0,0,0.19,195,2.3000000000000003
2018,7,7,2,30,20.400000000000002,0,0,0,0.19,211,1.9000000000000001
2018,7,7,3,30,19.700000000000003,0,0,0,0.19,231,1.6
2018,7,7,4,30,20.200000000000003,0,0,0,0.19,251,1.7000000000000002
2018,7,7,5,30,22.700000000000003,37,426,94,0.19,269,1.8
2018,7,7,6,30,26.400000000000002,59,688,281,0.19,300,1.2000000000000002
2018,7,7,7,30,30,73,813,484,0.19,204,0.9
2018,7,7,8,30,32.4,83,883,675,0.19,89,1.6
2018,7,7,9,30,34,89,924,834,0.19,92,2.3000000000000003
2018,7,7,10,30,35.300000000000004,97,942,948,0.19,93,2.8000000000000003
2018,7,7,11,30,36.300000000000004,103,947,1008,0.19,95,3.3000000000000003
2018,7,7,12,30,36.800000000000004,103,947,1010,0.19,98,3.8000000000000003
2018,7,7,13,30,36.9,100,936,953,0.19,100,4.1000000000000005
2018,7,7,14,30,36.7,95,913,843,0.19,102,4.4
2018,7,7,15,30,35.9,90,868,686,0.19,109,4.800000000000001
2018,7,7,16,30,34.6,81,793,497,0.19,120,5.300000000000001
2018,7,7,17,30,32.5,68,660,294,0.19,132,5.5
2018,7,7,18,30,29.8,43,408,106,0.19,144,5
2018,7,7,19,30,27.5,2,11,2,0.19,156,4.5
2018,7,7,20,30,26.200000000000003,0,0,0,0.19,165,4.2
2018,7,7,21,30,25.200000000000003,0,0,0,0.19,174,4
2018,7,7,22,30,24.3,0,0,0,0.19,180,3.7
2018,7,7,23,30,23.5,0,0,0,0.19,185,3.4000000000000004
2018,7,8,0,30,22.8,0,0,0,0.19,192,3
2018,7,8,1,30,22.1,0,0,0,0.19,201,2.6
2018,7,8,2,30,21.3,0,0,0,0.19,211,2.1
2018,7,8,3,30,20.6,0,0,0,0.19,221,1.7000000000000002
2018,7,8,4,30,20.900000000000002,0,0,0,0.19,227,1.8
2018,7,8,5,30,23.1,39,382,89,0.19,235,1.9000000000000001
2018,7,8,6,30,26.6,65,641,271,0.19,229,1.4000000000000001
2018,7,8,7,30,29.900000000000002,82,771,471,0.19,170,1.4000000000000001
2018,7,8,8,30,32.4,93,845,659,0.19,116,2.3000000000000003
2018,7,8,9,30,34.2,100,890,817,0.19,106,3.1
2018,7,8,10,30,35.5,103,918,932,0.19,102,3.7
2018,7,8,11,30,36.4,103,934,995,0.19,101,4.1000000000000005
2018,7,8,12,30,37,101,938,999,0.19,102,4.4
2018,7,8,13,30,37.1,99,928,945,0.19,104,4.7
2018,7,8,14,30,36.800000000000004,97,903,836,0.19,106,5
2018,7,8,15,30,36.1,87,869,684,0.19,109,5.300000000000001
2018,7,8,16,30,34.800000000000004,76,809,500,0.19,112,5.5
2018,7,8,17,30,33,61,699,300,0.19,117,5.4
2018,7,8,18,30,30.3,39,465,110,0.19,122,4.800000000000001
2018,7,8,19,30,27.8,0,4,0,0.19,129,4.2
2018,7,8,20,30,26.200000000000003,0,0,0,0.19,141,3.8000000000000003
2018,7,8,21,30,25,0,0,0,0.19,154,3.2
2018,7,8,22,30,24,0,0,0,0.19,163,2.6
2018,7,8,23,30,23.200000000000003,0,0,0,0.19,170,2.2
2018,7,9,0,30,22.6,0,0,0,0.19,179,1.8
2018,7,9,1,30,22.1,0,0,0,0.19,191,1.4000000000000001
2018,7,9,2,30,21.400000000000002,0,0,0,0.19,204,1
2018,7,9,3,30,20.400000000000002,0,0,0,0.19,219,0.7000000000000001
2018,7,9,4,30,20.700000000000003,0,0,0,0.19,243,0.7000000000000001
2018,7,9,5,30,22.900000000000002,36,430,92,0.19,283,0.8
2018,7,9,6,30,26.3,60,687,279,0.19,203,1.1
2018,7,9,7,30,29.5,75,810,482,0.19,98,2
2018,7,9,8,30,31.6,85,879,673,0.19,100,2.7
2018,7,9,9,30,33.1,92,918,831,0.19,101,3.2
2018,7,9,10,30,34.300000000000004,96,942,946,0.19,104,3.6
2018,7,9,11,30,35.300000000000004,98,952,1006,0.19,108,3.9000000000000004
2018,7,9,12,30,36,99,951,1009,0.19,113,4.2
2018,7,9,13,30,36.2,100,935,951,0.19,117,4.5
2018,7,9,14,30,36.1,98,905,839,0.19,121,4.800000000000001
2018,7,9,15,30,35.4,92,863,684,0.19,123,5.1000000000000005
2018,7,9,16,30,34.2,82,793,497,0.19,125,5.4
2018,7,9,17,30,32.5,68,669,296,0.19,127,5.4
2018,7,9,18,30,30.1,43,425,108,0.19,129,4.9
2018,7,9,19,30,28,0,0,0,0.19,132,4.4
2018,7,9,20,30,26.5,0,0,0,0.19,140,4.1000000000000005
2018,7,9,21,30,25.1,0,0,0,0.19,149,3.7
2018,7,9,22,30,23.900000000000002,0,0,0,0.19,161,3.2
2018,7,9,23,30,22.900000000000002,0,0,0,0.19,173,2.7
2018,7,10,0,30,22.1,0,0,0,0.19,186,2.3000000000000003
2018,7,10,1,30,21.5,0,0,0,0.19,199,2
2018,7,10,2,30,20.900000000000002,0,0,0,0.19,212,1.8
2018,7,10,3,30,20.200000000000003,0,0,0,0.19,226,1.7000000000000002
2018,7,10,4,30,20.6,0,0,0,0.19,237,1.9000000000000001
2018,7,10,5,30,22.900000000000002,36,422,90,0.19,243,2.2
2018,7,10,6,30,26.6,60,683,277,0.19,230,1.9000000000000001
2018,7,10,7,30,30,76,808,481,0.19,185,1.9000000000000001
2018,7,10,8,30,32.4,86,878,672,0.19,147,2.4000000000000004
2018,7,10,9,30,34.1,93,921,833,0.19,136,3.1
2018,7,10,10,30,35.4,96,948,950,0.19,132,3.5
2018,7,10,11,30,36.300000000000004,99,959,1013,0.19,130,3.8000000000000003
2018,7,10,12,30,36.9,98,961,1017,0.19,128,4
2018,7,10,13,30,37.1,97,949,961,0.19,128,4.3
2018,7,10,14,30,36.9,95,923,850,0.19,127,4.5
2018,7,10,15,30,36.2,89,884,695,0.19,129,4.7
2018,7,10,16,30,34.9,79,814,505,0.19,133,5
2018,7,10,17,30,33,64,693,300,0.19,138,4.9
2018,7,10,18,30,30.400000000000002,42,447,109,0.19,142,4.4
2018,7,10,19,30,28,0,0,0,0.19,146,4
2018,7,10,20,30,26.400000000000002,0,0,0,0.19,151,3.8000000000000003
2018,7,10,21,30,25.1,0,0,0,0.19,158,3.5
2018,7,10,22,30,24,0,0,0,0.19,168,3.1
2018,7,10,23,30,23.3,0,0,0,0.19,183,2.8000000000000003
2018,7,11,0,30,22.700000000000003,0,0,0,0.19,201,2.5
2018,7,11,1,30,22,0,0,0,0.19,218,2.1
2018,7,11,2,30,21.3,0,0,0,0.19,236,1.9000000000000001
2018,7,11,3,30,20.700000000000003,0,0,0,0.19,255,1.8
2018,7,11,4,30,21.1,0,0,0,0.19,271,2
2018,7,11,5,30,23.1,37,386,86,0.19,285,2.1
2018,7,11,6,30,26.1,64,650,269,0.19,307,1.5
2018,7,11,7,30,29.1,80,778,469,0.19,214,1.2000000000000002
2018,7,11,8,30,31.5,93,849,658,0.19,113,1.9000000000000001
2018,7,11,9,30,33.4,101,889,815,0.19,120,2.5
2018,7,11,10,30,34.6,107,914,930,0.19,119,2.9000000000000004
2018,7,11,11,30,35.300000000000004,112,922,990,0.19,119,3.3000000000000003
2018,7,11,12,30,35.4,132,883,976,0.19,123,3.8000000000000003
2018,7,11,13,30,35,430,257,664,0.19,130,4.3
2018,7,11,14,30,34.2,375,245,575,0.19,138,4.6000000000000005
2018,7,11,15,30,33.2,336,120,418,0.19,146,4.800000000000001
2018,7,11,16,30,31.8,249,246,377,0.19,155,5
2018,7,11,17,30,30.1,158,255,245,0.19,162,4.800000000000001
2018,7,11,18,30,28.1,73,32,78,0.19,168,4.1000000000000005
2018,7,11,19,30,26.200000000000003,0,0,0,0.19,171,3.4000000000000004
2018,7,11,20,30,24.8,0,0,0,0.19,171,3.1
2018,7,11,21,30,23.6,0,0,0,0.19,169,2.8000000000000003
2018,7,11,22,30,22.5,0,0,0,0.19,170,2.5
2018,7,11,23,30,21.700000000000003,0,0,0,0.19,176,2.3000000000000003
2018,7,12,0,30,21,0,0,0,0.19,185,2.1
2018,7,12,1,30,20.400000000000002,0,0,0,0.19,198,1.9000000000000001
2018,7,12,2,30,19.8,0,0,0,0.19,217,1.7000000000000002
2018,7,12,3,30,19.200000000000003,0,0,0,0.19,235,1.6
2018,7,12,4,30,19.6,0,0,0,0.19,248,1.9000000000000001
2018,7,12,5,30,21.900000000000002,38,354,82,0.19,265,2.7
2018,7,12,6,30,25.5,67,623,263,0.19,291,3
2018,7,12,7,30,28.900000000000002,87,751,461,0.19,316,2.7
2018,7,12,8,30,31.400000000000002,102,821,648,0.19,165,2.2
2018,7,12,9,30,33.4,369,375,670,0.19,19,2
2018,7,12,10,30,34.800000000000004,454,347,766,0.19,47,2.1
2018,7,12,11,30,35.7,153,858,970,0.19,64,2.3000000000000003
2018,7,12,12,30,36,149,861,971,0.19,75,2.3000000000000003
2018,7,12,13,30,35.7,382,409,754,0.19,83,2
2018,7,12,14,30,34.800000000000004,347,121,446,0.19,93,1.3
2018,7,12,15,30,33.2,336,96,402,0.19,182,1
2018,7,12,16,30,31.200000000000003,184,33,201,0.19,272,1.7000000000000002
2018,7,12,17,30,28.700000000000003,155,287,252,0.19,291,2.8000000000000003
2018,7,12,18,30,26.1,53,3,53,0.19,306,3.7
2018,7,12,19,30,23.900000000000002,0,0,0,0.19,313,4.1000000000000005
2018,7,12,20,30,22.5,0,0,0,0.19,310,3.4000000000000004
2018,7,12,21,30,21.8,0,0,0,0.19,290,2.4000000000000004
2018,7,12,22,30,21.3,0,0,0,0.19,260,2
2018,7,12,23,30,21,0,0,0,0.19,241,2.1
2018,7,13,0,30,20.900000000000002,0,0,0,0.19,238,2.2
2018,7,13,1,30,20.8,0,0,0,0.19,246,1.8
2018,7,13,2,30,20.700000000000003,0,0,0,0.19,265,1.3
2018,7,13,3,30,20.5,0,0,0,0.19,295,1
2018,7,13,4,30,21,0,0,0,0.19,324,1.3
2018,7,13,5,30,22.8,42,227,70,0.19,173,2.2
2018,7,13,6,30,25.200000000000003,71,588,255,0.19,23,3
2018,7,13,7,30,27.6,90,731,453,0.19,43,3.3000000000000003
2018,7,13,8,30,29.6,103,810,640,0.19,53,3.3000000000000003
2018,7,13,9,30,31.200000000000003,111,860,799,0.19,60,3.4000000000000004
2018,7,13,10,30,32.300000000000004,114,890,914,0.19,64,3.5
2018,7,13,11,30,32.9,117,904,977,0.19,67,3.6
2018,7,13,12,30,33.2,120,899,978,0.19,69,3.8000000000000003
2018,7,13,13,30,33.1,117,888,924,0.19,73,4
2018,7,13,14,30,32.6,246,492,647,0.19,77,4
2018,7,13,15,30,31.8,194,616,615,0.19,84,4.1000000000000005
2018,7,13,16,30,30.900000000000002,126,628,453,0.19,92,4
2018,7,13,17,30,29.6,72,623,282,0.19,99,3.6
2018,7,13,18,30,27.8,49,320,96,0.19,106,2.6
2018,7,13,19,30,26.200000000000003,0,0,0,0.19,116,1.7000000000000002
2018,7,13,20,30,25.1,0,0,0,0.19,130,1.3
2018,7,13,21,30,24.200000000000003,0,0,0,0.19,150,0.9
2018,7,13,22,30,23.400000000000002,0,0,0,0.19,179,0.5
2018,7,13,23,30,22.8,0,0,0,0.19,238,0.30000000000000004
2018,7,14,0,30,22.200000000000003,0,0,0,0.19,317,0.4
2018,7,14,1,30,21.5,0,0,0,0.19,184,0.6000000000000001
2018,7,14,2,30,20.8,0,0,0,0.19,17,0.9
2018,7,14,3,30,20.200000000000003,0,0,0,0.19,18,1
2018,7,14,4,30,20.5,0,0,0,0.19,16,1.3
2018,7,14,5,30,22,38,333,78,0.19,27,1.5
2018,7,14,6,30,24.700000000000003,65,618,257,0.19,52,1.5
2018,7,14,7,30,27.5,81,756,456,0.19,72,1.5
2018,7,14,8,30,29.8,92,835,645,0.19,82,1.7000000000000002
2018,7,14,9,30,31.5,100,880,803,0.19,89,2.2
2018,7,14,10,30,32.800000000000004,106,903,917,0.19,95,2.8000000000000003
2018,7,14,11,30,33.7,113,910,978,0.19,99,3.3000000000000003
2018,7,14,12,30,34.2,116,906,980,0.19,103,3.6
2018,7,14,13,30,34.300000000000004,114,893,925,0.19,107,3.7
2018,7,14,14,30,34.1,110,867,817,0.19,111,3.7
2018,7,14,15,30,33.6,102,825,665,0.19,116,3.7
2018,7,14,16,30,32.7,89,755,481,0.19,121,3.6
2018,7,14,17,30,31.3,139,161,193,0.19,124,3.1
2018,7,14,18,30,28.900000000000002,74,51,81,0.19,125,2.3000000000000003
2018,7,14,19,30,26.900000000000002,0,0,0,0.19,128,2.1
2018,7,14,20,30,25.900000000000002,0,0,0,0.19,137,2.3000000000000003
2018,7,14,21,30,24.900000000000002,0,0,0,0.19,151,2.1
2018,7,14,22,30,24.1,0,0,0,0.19,174,1.6
2018,7,14,23,30,23.400000000000002,0,0,0,0.19,215,1.2000000000000002
2018,7,15,0,30,22.8,0,0,0,0.19,257,1.2000000000000002
2018,7,15,1,30,22.400000000000002,0,0,0,0.19,285,1.5
2018,7,15,2,30,22.1,0,0,0,0.19,301,1.8
2018,7,15,3,30,21.6,0,0,0,0.19,312,1.9000000000000001
2018,7,15,4,30,21.900000000000002,0,0,0,0.19,323,2.2
2018,7,15,5,30,23.5,37,347,78,0.19,334,2.5
2018,7,15,6,30,26.200000000000003,63,634,259,0.19,176,2.2
2018,7,15,7,30,29.1,80,770,460,0.19,41,2.1
2018,7,15,8,30,31.1,94,839,648,0.19,75,2.8000000000000003
2018,7,15,9,30,32.300000000000004,106,876,805,0.19,82,3.4000000000000004
2018,7,15,10,30,32.800000000000004,113,898,918,0.19,83,3.6
2018,7,15,11,30,33.1,114,911,979,0.19,82,3.7
2018,7,15,12,30,33.1,115,910,982,0.19,80,3.6
2018,7,15,13,30,32.9,312,187,482,0.19,76,3.5
2018,7,15,14,30,32.2,314,30,338,0.19,72,3.4000000000000004
2018,7,15,15,30,31.1,365,117,445,0.19,68,3.4000000000000004
2018,7,15,16,30,29.6,192,22,203,0.19,65,3.4000000000000004
2018,7,15,17,30,27.700000000000003,125,18,131,0.19,62,3
2018,7,15,18,30,25.5,42,2,42,0.19,54,2.4000000000000004
2018,7,15,19,30,23.700000000000003,0,0,0,0.19,45,2.4000000000000004
2018,7,15,20,30,22.6,0,0,0,0.19,42,2.6
2018,7,15,21,30,21.900000000000002,0,0,0,0.19,45,2.5
2018,7,15,22,30,21.3,0,0,0,0.19,48,2.1
2018,7,15,23,30,20.900000000000002,0,0,0,0.19,48,1.6
2018,7,16,0,30,20.6,0,0,0,0.19,40,1.2000000000000002
2018,7,16,1,30,20.3,0,0,0,0.19,27,1.1
2018,7,16,2,30,20,0,0,0,0.19,11,1
2018,7,16,3,30,19.6,0,0,0,0.19,174,0.9
2018,7,16,4,30,19.6,0,0,0,0.19,342,1.2000000000000002
2018,7,16,5,30,20.6,37,0,37,0.19,341,1.3
2018,7,16,6,30,22.6,143,43,156,0.19,185,1
2018,7,16,7,30,25.1,196,7,199,0.19,61,0.9
2018,7,16,8,30,27.3,297,316,505,0.19,102,1.5
2018,7,16,9,30,28.700000000000003,112,845,785,0.19,110,2.3000000000000003
2018,7,16,10,30,29.6,115,878,901,0.19,113,2.9000000000000004
2018,7,16,11,30,30.1,113,897,964,0.19,114,3.4000000000000004
2018,7,16,12,30,30,113,898,968,0.19,114,3.6
2018,7,16,13,30,29.400000000000002,200,747,877,0.19,113,3.6
2018,7,16,14,30,28.8,373,212,546,0.19,113,3.4000000000000004
2018,7,16,15,30,28.3,177,4,180,0.19,115,3.1
2018,7,16,16,30,27.6,40,0,40,0.19,121,2.7
2018,7,16,17,30,26.5,109,17,115,0.19,129,1.9000000000000001
2018,7,16,18,30,24.8,66,20,69,0.19,141,1.3
2018,7,16,19,30,23.700000000000003,0,0,0,0.19,157,1.2000000000000002
2018,7,16,20,30,23.200000000000003,0,0,0,0.19,176,1.3
2018,7,16,21,30,22.8,0,0,0,0.19,193,1.3
2018,7,16,22,30,22.400000000000002,0,0,0,0.19,210,1.1
2018,7,16,23,30,22.1,0,0,0,0.19,225,1
2018,7,17,0,30,21.8,0,0,0,0.19,240,1
2018,7,17,1,30,21.400000000000002,0,0,0,0.19,254,1.1
2018,7,17,2,30,20.900000000000002,0,0,0,0.19,265,1.2000000000000002
2018,7,17,3,30,20.200000000000003,0,0,0,0.19,274,1.2000000000000002
2018,7,17,4,30,20.200000000000003,0,0,0,0.19,284,1.6
2018,7,17,5,30,21.400000000000002,36,326,73,0.19,300,2.2
2018,7,17,6,30,23.5,118,13,122,0.19,324,2.5
2018,7,17,7,30,25.6,82,742,446,0.19,174,2.5
2018,7,17,8,30,27,160,666,598,0.19,17,2.4000000000000004
2018,7,17,9,30,27.700000000000003,261,555,703,0.19,31,2.3000000000000003
2018,7,17,10,30,27.900000000000002,443,166,591,0.19,37,2
2018,7,17,11,30,27.700000000000003,412,47,457,0.19,41,1.7000000000000002
2018,7,17,12,30,27.400000000000002,494,151,638,0.19,53,1.3
2018,7,17,13,30,27.5,263,500,716,0.19,96,1.2000000000000002
2018,7,17,14,30,27.700000000000003,262,10,270,0.19,142,1.5
2018,7,17,15,30,27.8,223,228,378,0.19,161,1.9000000000000001
2018,7,17,16,30,27.5,170,129,237,0.19,168,2
2018,7,17,17,30,26.400000000000002,108,171,165,0.19,166,1.4000000000000001
2018,7,17,18,30,24.8,41,2,41,0.19,143,0.9
2018,7,17,19,30,23.5,0,0,0,0.19,120,0.9
2018,7,17,20,30,22.700000000000003,0,0,0,0.19,122,1
2018,7,17,21,30,21.900000000000002,0,0,0,0.19,146,0.9
2018,7,17,22,30,21.200000000000003,0,0,0,0.19,186,0.8
2018,7,17,23,30,20.6,0,0,0,0.19,222,0.9
2018,7,18,0,30,20.200000000000003,0,0,0,0.19,243,1
2018,7,18,1,30,19.900000000000002,0,0,0,0.19,259,1.2000000000000002
2018,7,18,2,30,19.400000000000002,0,0,0,0.19,272,1.5
2018,7,18,3,30,19,0,0,0,0.19,280,1.7000000000000002
2018,7,18,4,30,19.400000000000002,0,0,0,0.19,287,2.2
2018,7,18,5,30,21.5,36,315,72,0.19,295,2.9000000000000004
2018,7,18,6,30,25.1,102,396,222,0.19,315,3.1
2018,7,18,7,30,29,172,437,386,0.19,166,3.1
2018,7,18,8,30,31.8,107,810,639,0.19,10,3.1
2018,7,18,9,30,33.6,106,880,805,0.19,25,3
2018,7,18,10,30,34.9,162,826,900,0.19,39,2.6
2018,7,18,11,30,36,120,908,980,0.19,55,2.2
2018,7,18,12,30,36.6,128,895,979,0.19,76,2
2018,7,18,13,30,36.800000000000004,429,285,687,0.19,94,2.2
2018,7,18,14,30,36.6,168,774,796,0.19,103,2.7
2018,7,18,15,30,35.9,127,776,654,0.19,106,3.2
2018,7,18,16,30,34.7,112,691,468,0.19,107,3.7
2018,7,18,17,30,32.5,89,544,269,0.19,105,3.6
2018,7,18,18,30,29.400000000000002,49,282,89,0.19,105,3
2018,7,18,19,30,27,0,0,0,0.19,111,2.6
2018,7,18,20,30,25.700000000000003,0,0,0,0.19,125,2.2
2018,7,18,21,30,24.700000000000003,0,0,0,0.19,145,1.9000000000000001
2018,7,18,22,30,24,0,0,0,0.19,166,1.7000000000000002
2018,7,18,23,30,23.5,0,0,0,0.19,186,1.5
2018,7,19,0,30,23,0,0,0,0.19,205,1.4000000000000001
2018,7,19,1,30,22.6,0,0,0,0.19,227,1.3
2018,7,19,2,30,22.3,0,0,0,0.19,258,1.2000000000000002
2018,7,19,3,30,21.8,0,0,0,0.19,290,1.2000000000000002
2018,7,19,4,30,22.200000000000003,0,0,0,0.19,311,1.5
2018,7,19,5,30,24.3,45,55,51,0.19,325,2.2
2018,7,19,6,30,27.3,126,42,139,0.19,342,2.8000000000000003
2018,7,19,7,30,30.200000000000003,220,240,337,0.19,181,2.9000000000000004
2018,7,19,8,30,32.7,239,442,529,0.19,16,3
2018,7,19,9,30,34.6,342,306,585,0.19,25,2.9000000000000004
2018,7,19,10,30,36,175,789,879,0.19,30,2.7
2018,7,19,11,30,36.9,301,519,792,0.19,36,2.3000000000000003
2018,7,19,12,30,37.5,254,683,903,0.19,46,1.9000000000000001
2018,7,19,13,30,37.7,131,870,917,0.19,63,1.7000000000000002
2018,7,19,14,30,37.5,131,830,804,0.19,84,2
2018,7,19,15,30,36.9,128,765,647,0.19,95,2.5
2018,7,19,16,30,35.800000000000004,121,657,459,0.19,95,2.8000000000000003
2018,7,19,17,30,33.6,156,263,243,0.19,88,2.4000000000000004
2018,7,19,18,30,30.8,72,32,76,0.19,82,2.1
2018,7,19,19,30,28.8,0,0,0,0.19,89,2.1
2018,7,19,20,30,27.6,0,0,0,0.19,112,2
2018,7,19,21,30,26.5,0,0,0,0.19,142,1.8
2018,7,19,22,30,25.700000000000003,0,0,0,0.19,175,1.6
2018,7,19,23,30,25.400000000000002,0,0,0,0.19,205,1.6
2018,7,20,0,30,25.3,0,0,0,0.19,226,1.6
2018,7,20,1,30,25.1,0,0,0,0.19,247,1.5
2018,7,20,2,30,24.5,0,0,0,0.19,266,1.7000000000000002
2018,7,20,3,30,24,0,0,0,0.19,277,2
2018,7,20,4,30,24.200000000000003,0,0,0,0.19,283,2.5
2018,7,20,5,30,25.400000000000002,41,196,62,0.19,290,3.1
2018,7,20,6,30,27.400000000000002,92,465,231,0.19,301,3.4000000000000004
2018,7,20,7,30,29.900000000000002,155,527,411,0.19,311,3.3000000000000003
2018,7,20,8,30,32.4,223,543,578,0.19,327,3.1
2018,7,20,9,30,34.4,159,774,772,0.19,176,2.9000000000000004
2018,7,20,10,30,36,163,814,888,0.19,26,3.1
2018,7,20,11,30,37.1,314,563,846,0.19,46,3.5
2018,7,20,12,30,37.7,393,327,703,0.19,55,3.8000000000000003
2018,7,20,13,30,37.300000000000004,429,116,534,0.19,53,4.3
2018,7,20,14,30,35.9,363,206,530,0.19,44,4.6000000000000005
2018,7,20,15,30,34.1,327,374,580,0.19,30,3.9000000000000004
2018,7,20,16,30,32.2,182,169,269,0.19,18,2.3000000000000003
2018,7,20,17,30,29.900000000000002,76,110,112,0.19,94,1.7000000000000002
2018,7,20,18,30,27.400000000000002,35,0,35,0.19,176,3.2
2018,7,20,19,30,25.5,0,0,0,0.19,180,4
2018,7,20,20,30,24.700000000000003,0,0,0,0.19,187,3.1
2018,7,20,21,30,24.1,0,0,0,0.19,202,1.7000000000000002
2018,7,20,22,30,23.6,0,0,0,0.19,224,0.9
2018,7,20,23,30,23.200000000000003,0,0,0,0.19,245,0.9
2018,7,21,0,30,23.200000000000003,0,0,0,0.19,276,1.1
2018,7,21,1,30,23.3,0,0,0,0.19,308,1.3
2018,7,21,2,30,23.1,0,0,0,0.19,305,1.3
2018,7,21,3,30,22.900000000000002,0,0,0,0.19,286,1.4000000000000001
2018,7,21,4,30,22.8,0,0,0,0.19,276,1.5
2018,7,21,5,30,24,42,15,44,0.19,264,1.5
2018,7,21,6,30,27.1,89,2,90,0.19,213,1.9000000000000001
2018,7,21,7,30,30.5,172,216,276,0.19,165,2.5
2018,7,21,8,30,32.6,133,731,610,0.19,162,2.8000000000000003
2018,7,21,9,30,33.7,294,126,394,0.19,164,2.3000000000000003
2018,7,21,10,30,34.4,284,91,365,0.19,161,1.9000000000000001
2018,7,21,11,30,34.800000000000004,178,801,934,0.19,166,1.4000000000000001
2018,7,21,12,30,35.300000000000004,139,864,958,0.19,193,1.2000000000000002
2018,7,21,13,30,35.5,468,253,696,0.19,228,1.4000000000000001
2018,7,21,14,30,35.2,275,552,721,0.19,250,1.7000000000000002
2018,7,21,15,30,34.300000000000004,287,134,378,0.19,267,1.8
2018,7,21,16,30,33.1,127,80,168,0.19,288,1.5
2018,7,21,17,30,31.1,49,126,90,0.19,308,1.1
2018,7,21,18,30,28.8,55,17,57,0.19,322,0.9
2018,7,21,19,30,27.3,0,0,0,0.19,338,0.8
2018,7,21,20,30,26.5,0,0,0,0.19,184,0.8
2018,7,21,21,30,25.8,0,0,0,0.19,28,0.9
2018,7,21,22,30,24.900000000000002,0,0,0,0.19,33,1
2018,7,21,23,30,24,0,0,0,0.19,15,0.8
2018,7,22,0,30,23.1,0,0,0,0.19,172,0.8
2018,7,22,1,30,22.5,0,0,0,0.19,339,0.9
2018,7,22,2,30,22.1,0,0,0,0.19,326,1.1
2018,7,22,3,30,21.8,0,0,0,0.19,314,1.2000000000000002
2018,7,22,4,30,22.3,0,0,0,0.19,306,1.4000000000000001
2018,7,22,5,30,24.700000000000003,33,307,65,0.19,305,1.9000000000000001
2018,7,22,6,30,28.400000000000002,64,595,240,0.19,313,1.9000000000000001
2018,7,22,7,30,31.6,93,703,432,0.19,316,1.7000000000000002
2018,7,22,8,30,32.800000000000004,126,747,612,0.19,311,2.3000000000000003
2018,7,22,9,30,32.5,149,785,769,0.19,311,3
2018,7,22,10,30,32.6,142,845,893,0.19,317,2.9000000000000004
2018,7,22,11,30,33.9,144,868,962,0.19,331,2.3000000000000003
2018,7,22,12,30,35.6,117,905,974,0.19,180,1.9000000000000001
2018,7,22,13,30,36.7,412,265,651,0.19,31,2
2018,7,22,14,30,36.7,89,0,89,0.19,52,2.1
2018,7,22,15,30,35.9,22,0,22,0.19,67,2.1
2018,7,22,16,30,34.2,20,0,20,0.19,65,2
2018,7,22,17,30,31.3,22,0,22,0.19,37,2.4000000000000004
2018,7,22,18,30,27.900000000000002,24,0,24,0.19,189,3.1
2018,7,22,19,30,25.6,0,0,0,0.19,349,3.2
2018,7,22,20,30,24.400000000000002,0,0,0,0.19,340,2.8000000000000003
2018,7,22,21,30,23.6,0,0,0,0.19,171,2.2
2018,7,22,22,30,23.1,0,0,0,0.19,6,2.1
2018,7,22,23,30,22.6,0,0,0,0.19,14,2.4000000000000004
2018,7,23,0,30,22.1,0,0,0,0.19,24,2.9000000000000004
2018,7,23,1,30,21.700000000000003,0,0,0,0.19,33,3.3000000000000003
2018,7,23,2,30,21.400000000000002,0,0,0,0.19,39,3.2
2018,7,23,3,30,21.1,0,0,0,0.19,43,2.8000000000000003
2018,7,23,4,30,21,0,0,0,0.19,53,2.2
2018,7,23,5,30,21.400000000000002,36,34,39,0.19,70,1.8
2018,7,23,6,30,22.400000000000002,94,438,222,0.19,89,1.7000000000000002
2018,7,23,7,30,23.8,124,608,416,0.19,95,2
2018,7,23,8,30,25.200000000000003,178,619,580,0.19,94,2.5
2018,7,23,9,30,26.200000000000003,166,750,757,0.19,95,3
2018,7,23,10,30,26.8,170,793,874,0.19,99,3.4000000000000004
2018,7,23,11,30,27.3,165,822,939,0.19,108,3.6
2018,7,23,12,30,27.6,159,830,944,0.19,115,3.9000000000000004
2018,7,23,13,30,27.8,410,124,522,0.19,118,4.3
2018,7,23,14,30,27.700000000000003,213,4,216,0.19,119,4.7
2018,7,23,15,30,26.6,308,130,395,0.19,121,4.4
2018,7,23,16,30,24.8,219,87,263,0.19,127,3.1
2018,7,23,17,30,22.900000000000002,63,42,77,0.19,119,1.9000000000000001
2018,7,23,18,30,21.6,19,0,19,0.19,85,1.6
2018,7,23,19,30,20.8,0,0,0,0.19,57,2.2
2018,7,23,20,30,20.400000000000002,0,0,0,0.19,48,2.5
2018,7,23,21,30,20.1,0,0,0,0.19,53,2.3000000000000003
2018,7,23,22,30,19.900000000000002,0,0,0,0.19,69,1.9000000000000001
2018,7,23,23,30,19.700000000000003,0,0,0,0.19,86,1.5
2018,7,24,0,30,19.6,0,0,0,0.19,97,1.4000000000000001
2018,7,24,1,30,19.5,0,0,0,0.19,104,1.3
2018,7,24,2,30,19.400000000000002,0,0,0,0.19,109,1.2000000000000002
2018,7,24,3,30,19.200000000000003,0,0,0,0.19,110,1.1
2018,7,24,4,30,19.400000000000002,0,0,0,0.19,105,1
2018,7,24,5,30,20.200000000000003,37,96,47,0.19,96,1
2018,7,24,6,30,22,82,495,226,0.19,71,1.1
2018,7,24,7,30,24.400000000000002,106,662,423,0.19,55,1.6
2018,7,24,8,30,26.6,122,756,611,0.19,61,2.2
2018,7,24,9,30,28.5,131,812,770,0.19,66,2.6
2018,7,24,10,30,30.1,126,863,891,0.19,70,2.7
2018,7,24,11,30,31.200000000000003,112,901,959,0.19,74,2.9000000000000004
2018,7,24,12,30,31.900000000000002,112,901,963,0.19,80,3
2018,7,24,13,30,32.1,113,883,906,0.19,87,3.2
2018,7,24,14,30,31.700000000000003,183,169,319,0.19,97,3.4000000000000004
2018,7,24,15,30,31,245,383,502,0.19,107,3.7
2018,7,24,16,30,29.900000000000002,119,4,121,0.19,118,3.7
2018,7,24,17,30,28.200000000000003,49,1,49,0.19,126,3.2
2018,7,24,18,30,26,31,1,31,0.19,129,2.1
2018,7,24,19,30,24.3,0,0,0,0.19,115,1.7000000000000002
2018,7,24,20,30,23.6,0,0,0,0.19,98,1.8
2018,7,24,21,30,23,0,0,0,0.19,88,1.9000000000000001
2018,7,24,22,30,22.400000000000002,0,0,0,0.19,80,1.9000000000000001
2018,7,24,23,30,21.900000000000002,0,0,0,0.19,85,1.8
2018,7,25,0,30,21.5,0,0,0,0.19,113,1.8
2018,7,25,1,30,21,0,0,0,0.19,147,1.8
2018,7,25,2,30,20.400000000000002,0,0,0,0.19,177,1.9000000000000001
2018,7,25,3,30,20,0,0,0,0.19,210,1.8
2018,7,25,4,30,20.6,0,0,0,0.19,243,2.3000000000000003
2018,7,25,5,30,22.6,38,36,42,0.19,263,3.4000000000000004
2018,7,25,6,30,26.200000000000003,104,338,202,0.19,275,3.9000000000000004
2018,7,25,7,30,30.5,78,759,440,0.19,294,3.4000000000000004
2018,7,25,8,30,33.7,92,835,631,0.19,330,2.9000000000000004
2018,7,25,9,30,35.5,103,874,789,0.19,191,3.1
2018,7,25,10,30,36.300000000000004,115,890,903,0.19,36,3.9000000000000004
2018,7,25,11,30,36.2,125,890,961,0.19,45,4.6000000000000005
2018,7,25,12,30,35.6,134,875,959,0.19,48,4.7
2018,7,25,13,30,34.5,145,837,896,0.19,42,4.4
2018,7,25,14,30,32.5,160,768,777,0.19,19,3.9000000000000004
2018,7,25,15,30,29.8,264,107,336,0.19,174,4.2
2018,7,25,16,30,27.200000000000003,96,4,98,0.19,176,4.9
2018,7,25,17,30,25.3,17,0,17,0.19,18,4.9
2018,7,25,18,30,23.8,32,1,32,0.19,30,3.8000000000000003
2018,7,25,19,30,22.5,0,0,0,0.19,27,2.7
2018,7,25,20,30,21.400000000000002,0,0,0,0.19,31,2.3000000000000003
2018,7,25,21,30,20.400000000000002,0,0,0,0.19,52,2.4000000000000004
2018,7,25,22,30,19.8,0,0,0,0.19,70,2.4000000000000004
2018,7,25,23,30,19.400000000000002,0,0,0,0.19,70,1.8
2018,7,26,0,30,19.1,0,0,0,0.19,61,1
2018,7,26,1,30,18.8,0,0,0,0.19,180,0.5
2018,7,26,2,30,18.6,0,0,0,0.19,304,0.6000000000000001
2018,7,26,3,30,18.3,0,0,0,0.19,312,0.8
2018,7,26,4,30,18.400000000000002,0,0,0,0.19,327,1.1
2018,7,26,5,30,19.400000000000002,33,263,58,0.19,176,1.2000000000000002
2018,7,26,6,30,21.3,119,322,211,0.19,40,1.1
2018,7,26,7,30,23.700000000000003,87,724,431,0.19,77,1.4000000000000001
2018,7,26,8,30,25.8,103,801,619,0.19,97,1.9000000000000001
2018,7,26,9,30,27.400000000000002,117,845,779,0.19,106,2.3000000000000003
2018,7,26,10,30,28.700000000000003,131,862,893,0.19,109,2.8000000000000003
2018,7,26,11,30,29.400000000000002,144,861,951,0.19,108,3.2
2018,7,26,12,30,29.400000000000002,148,852,950,0.19,107,3.7
2018,7,26,13,30,29,364,336,665,0.19,105,3.9000000000000004
2018,7,26,14,30,28.3,64,0,64,0.19,101,3.8000000000000003
2018,7,26,15,30,27.200000000000003,310,186,434,0.19,95,3.9000000000000004
2018,7,26,16,30,25.8,204,22,215,0.19,92,4
2018,7,26,17,30,24.200000000000003,88,31,98,0.19,93,3.8000000000000003
2018,7,26,18,30,22.5,33,10,34,0.19,96,3.1
2018,7,26,19,30,21.3,0,0,0,0.19,103,2.7
2018,7,26,20,30,20.6,0,0,0,0.19,112,2.5
2018,7,26,21,30,20.200000000000003,0,0,0,0.19,124,2.4000000000000004
2018,7,26,22,30,19.8,0,0,0,0.19,137,2.2
2018,7,26,23,30,19.6,0,0,0,0.19,154,2.2
2018,7,27,0,30,19.5,0,0,0,0.19,169,2.5
2018,7,27,1,30,19.5,0,0,0,0.19,180,2.8000000000000003
2018,7,27,2,30,19.400000000000002,0,0,0,0.19,188,2.8000000000000003
2018,7,27,3,30,19.1,0,0,0,0.19,196,2.6
2018,7,27,4,30,19.1,0,0,0,0.19,203,2.7
2018,7,27,5,30,20,34,197,52,0.19,208,3.1
2018,7,27,6,30,22.200000000000003,72,490,212,0.19,217,3.5
2018,7,27,7,30,25.1,93,706,427,0.19,226,3.2
2018,7,27,8,30,28,104,804,620,0.19,229,2.4000000000000004
2018,7,27,9,30,30.5,115,852,781,0.19,223,2.3000000000000003
2018,7,27,10,30,32.4,124,877,898,0.19,217,2.7
2018,7,27,11,30,33.5,129,888,961,0.19,213,2.7
2018,7,27,12,30,33.9,137,876,961,0.19,207,2.4000000000000004
2018,7,27,13,30,33.7,384,297,650,0.19,204,2
2018,7,27,14,30,32.9,70,0,70,0.19,222,1.2000000000000002
2018,7,27,15,30,31.200000000000003,49,0,49,0.19,265,1
2018,7,27,16,30,29,167,516,425,0.19,275,1.7000000000000002
2018,7,27,17,30,26.400000000000002,114,413,244,0.18,251,2.8000000000000003
2018,7,27,18,30,24.1,48,1,48,0.18,243,4
2018,7,27,19,30,22.700000000000003,0,0,0,0.18,250,4.6000000000000005
2018,7,27,20,30,21.900000000000002,0,0,0,0.18,262,4.4
2018,7,27,21,30,21,0,0,0,0.18,275,3.7
2018,7,27,22,30,19.900000000000002,0,0,0,0.18,286,2.6
2018,7,27,23,30,19,0,0,0,0.18,280,1.8
2018,7,28,0,30,18.3,0,0,0,0.18,264,1.6
2018,7,28,1,30,17.8,0,0,0,0.18,257,1.8
2018,7,28,2,30,17.3,0,0,0,0.18,257,2
2018,7,28,3,30,16.8,0,0,0,0.18,260,2.1
2018,7,28,4,30,16.900000000000002,0,0,0,0.18,266,2.2
2018,7,28,5,30,18.6,32,224,52,0.18,276,2.5
2018,7,28,6,30,21.900000000000002,75,533,226,0.18,299,2.1
2018,7,28,7,30,25.5,101,692,427,0.18,162,1.6
2018,7,28,8,30,28.400000000000002,119,780,619,0.18,27,1.2000000000000002
2018,7,28,9,30,30.6,133,832,782,0.18,60,1.1
2018,7,28,10,30,32.4,143,859,900,0.18,81,1.3
2018,7,28,11,30,33.800000000000004,153,862,959,0.18,94,1.8
2018,7,28,12,30,34.5,208,766,927,0.18,104,2.4000000000000004
2018,7,28,13,30,34.300000000000004,304,18,320,0.18,108,2.6
2018,7,28,14,30,32.7,181,107,267,0.18,72,2.2
2018,7,28,15,30,29.900000000000002,242,31,263,0.18,186,2.5
2018,7,28,16,30,26.900000000000002,223,43,244,0.18,309,2.9000000000000004
2018,7,28,17,30,24.5,132,146,178,0.19,257,3.1
2018,7,28,18,30,22.5,47,151,65,0.19,223,3
2018,7,28,19,30,20.900000000000002,0,0,0,0.19,218,2.3000000000000003
2018,7,28,20,30,20,0,0,0,0.19,232,1.9000000000000001
2018,7,28,21,30,19.8,0,0,0,0.19,250,2.2
2018,7,28,22,30,20,0,0,0,0.19,253,2.6
2018,7,28,23,30,20.1,0,0,0,0.19,251,2.6
2018,7,29,0,30,19.8,0,0,0,0.19,257,2.4000000000000004
2018,7,29,1,30,19.1,0,0,0,0.19,267,2.2
2018,7,29,2,30,18,0,0,0,0.19,276,2
2018,7,29,3,30,17.1,0,0,0,0.19,286,1.9000000000000001
2018,7,29,4,30,16.8,0,0,0,0.19,297,2.1
2018,7,29,5,30,17.900000000000002,33,185,49,0.19,305,2.3000000000000003
2018,7,29,6,30,20.5,83,480,218,0.19,322,2.3000000000000003
2018,7,29,7,30,23.700000000000003,117,637,416,0.19,347,2.1
2018,7,29,8,30,26.3,144,720,604,0.19,193,1.8
2018,7,29,9,30,28.5,167,763,761,0.19,45,1.7000000000000002
2018,7,29,10,30,30.200000000000003,185,779,870,0.19,72,2
2018,7,29,11,30,31.400000000000002,201,780,929,0.19,88,2.6
2018,7,29,12,30,32.1,208,770,930,0.19,99,3.2
2018,7,29,13,30,32.2,212,738,870,0.19,104,3.4000000000000004
2018,7,29,14,30,32,385,152,506,0.19,101,3.2
2018,7,29,15,30,31.3,318,219,463,0.19,95,3.2
2018,7,29,16,30,30,212,213,318,0.19,91,3.4000000000000004
2018,7,29,17,30,27.6,80,63,100,0.2,89,3.3000000000000003
2018,7,29,18,30,24.700000000000003,44,102,56,0.2,85,3
2018,7,29,19,30,22.5,0,0,0,0.2,71,2.8000000000000003
2018,7,29,20,30,21.1,0,0,0,0.2,50,3
2018,7,29,21,30,19.900000000000002,0,0,0,0.2,39,3.2
2018,7,29,22,30,19.200000000000003,0,0,0,0.2,40,3.2
2018,7,29,23,30,18.7,0,0,0,0.2,47,3
2018,7,30,0,30,18.3,0,0,0,0.2,53,2.7
2018,7,30,1,30,18,0,0,0,0.2,51,2.5
2018,7,30,2,30,17.7,0,0,0,0.2,46,2.1
2018,7,30,3,30,17.400000000000002,0,0,0,0.2,41,1.7000000000000002
2018,7,30,4,30,17.5,0,0,0,0.2,34,1.8
2018,7,30,5,30,18.3,32,118,42,0.2,30,2.5
2018,7,30,6,30,19.8,100,363,201,0.2,31,3.3000000000000003
2018,7,30,7,30,21.700000000000003,155,510,393,0.2,35,3.8000000000000003
2018,7,30,8,30,23.3,199,597,579,0.2,39,4
2018,7,30,9,30,24.200000000000003,221,668,740,0.2,43,4.1000000000000005
2018,7,30,10,30,24.900000000000002,215,739,864,0.2,47,4.3
2018,7,30,11,30,25.6,197,794,937,0.2,53,4.3
2018,7,30,12,30,26.3,478,204,669,0.2,60,4.1000000000000005
2018,7,30,13,30,26.900000000000002,195,777,886,0.2,64,3.9000000000000004
2018,7,30,14,30,27.1,185,749,781,0.2,63,3.7
2018,7,30,15,30,26.8,133,762,637,0.2,61,3.6
2018,7,30,16,30,26.1,108,693,451,0.2,61,3.5
2018,7,30,17,30,24.3,80,564,253,0.2,65,3
2018,7,30,18,30,21.700000000000003,39,291,72,0.2,71,2.4000000000000004
2018,7,30,19,30,19.700000000000003,0,0,0,0.2,76,2.5
2018,7,30,20,30,18.5,0,0,0,0.2,84,2.7
2018,7,30,21,30,17.3,0,0,0,0.2,94,2.4000000000000004
2018,7,30,22,30,16.2,0,0,0,0.2,105,2.1
2018,7,30,23,30,15.3,0,0,0,0.2,116,1.9000000000000001
2018,7,31,0,30,14.5,0,0,0,0.2,126,1.6
2018,7,31,1,30,13.9,0,0,0,0.2,136,1.2000000000000002
2018,7,31,2,30,13.600000000000001,0,0,0,0.2,155,0.6000000000000001
2018,7,31,3,30,13.3,0,0,0,0.2,234,0.30000000000000004
2018,7,31,4,30,13.5,0,0,0,0.2,326,0.6000000000000001
2018,7,31,5,30,15.200000000000001,29,249,50,0.2,199,0.8
2018,7,31,6,30,18.3,65,582,226,0.2,79,0.9
2018,7,31,7,30,21.6,86,745,432,0.2,114,1.2000000000000002
2018,7,31,8,30,24.5,96,837,628,0.2,112,1.3
2018,7,31,9,30,26.900000000000002,102,894,796,0.2,102,1.6
2018,7,31,10,30,28.8,100,936,921,0.2,93,2.1
2018,7,31,11,30,30.3,95,960,989,0.2,88,2.6
2018,7,31,12,30,31.1,95,962,994,0.2,85,3
2018,7,31,13,30,31.400000000000002,101,938,934,0.2,85,3.3000000000000003
2018,7,31,14,30,31,108,891,815,0.2,90,3.4000000000000004
2018,7,31,15,30,30.200000000000003,100,841,654,0.2,97,3.5
2018,7,31,16,30,28.900000000000002,88,755,460,0.2,104,3.4000000000000004
2018,7,31,17,30,27.8,56,669,261,0.2,129,3.4000000000000004
2018,7,31,18,30,25,44,60,51,0.2,141,2.7
2018,7,31,19,30,22.900000000000002,0,0,0,0.2,157,2.6
2018,7,31,20,30,21.700000000000003,0,0,0,0.2,174,2.3000000000000003
2018,7,31,21,30,20.6,0,0,0,0.2,190,1.8
2018,7,31,22,30,19.900000000000002,0,0,0,0.2,204,1.4000000000000001
2018,7,31,23,30,19.5,0,0,0,0.2,217,1.1
2015,8,1,0,30,19.3,0,0,0,0.2,234,0.9
2015,8,1,1,30,19.200000000000003,0,0,0,0.2,265,0.8
2015,8,1,2,30,18.5,0,0,0,0.2,298,0.8
2015,8,1,3,30,17.7,0,0,0,0.2,312,0.9
2015,8,1,4,30,17.7,0,0,0,0.2,314,1
2015,8,1,5,30,19.700000000000003,24,312,50,0.2,316,1.4000000000000001
2015,8,1,6,30,23,55,633,228,0.2,329,1.4000000000000001
2015,8,1,7,30,26,73,774,432,0.2,180,1
2015,8,1,8,30,28.400000000000002,85,849,624,0.2,36,1
2015,8,1,9,30,30.5,94,893,786,0.2,62,1.2000000000000002
2015,8,1,10,30,32,99,920,904,0.2,76,1.5
2015,8,1,11,30,33,108,921,965,0.2,85,1.9000000000000001
2015,8,1,12,30,33.6,108,920,967,0.2,91,2.2
2015,8,1,13,30,33.7,107,907,911,0.2,95,2.5
2015,8,1,14,30,33.5,186,678,724,0.2,98,2.8000000000000003
2015,8,1,15,30,32.7,335,160,440,0.2,102,3
2015,8,1,16,30,31.400000000000002,249,139,318,0.2,106,2.8000000000000003
2015,8,1,17,30,29.200000000000003,29,0,29,0.21,107,2.4000000000000004
2015,8,1,18,30,26.900000000000002,45,41,49,0.21,110,2.3000000000000003
2015,8,1,19,30,25.3,0,0,0,0.21,117,2.1
2015,8,1,20,30,23.900000000000002,0,0,0,0.21,125,1.4000000000000001
2015,8,1,21,30,22.700000000000003,0,0,0,0.21,219,0.7000000000000001
2015,8,1,22,30,21.700000000000003,0,0,0,0.21,317,0.9
2015,8,1,23,30,20.900000000000002,0,0,0,0.21,325,1.8
2015,8,2,0,30,20.200000000000003,0,0,0,0.21,322,2.3000000000000003
2015,8,2,1,30,19.700000000000003,0,0,0,0.21,313,2.4000000000000004
2015,8,2,2,30,19.3,0,0,0,0.21,305,2.3000000000000003
2015,8,2,3,30,18.900000000000002,0,0,0,0.21,300,2.1
2015,8,2,4,30,19.1,0,0,0,0.21,296,1.9000000000000001
2015,8,2,5,30,20.6,28,1,28,0.21,296,2.1
2015,8,2,6,30,23.5,62,577,219,0.21,310,1.8
2015,8,2,7,30,26.8,83,732,420,0.21,191,1.4000000000000001
2015,8,2,8,30,29.200000000000003,98,814,612,0.21,69,2.1
2015,8,2,9,30,30.700000000000003,110,857,773,0.21,85,3
2015,8,2,10,30,31.5,357,542,830,0.21,94,3.4000000000000004
2015,8,2,11,30,31.6,287,548,796,0.21,99,3.5
2015,8,2,12,30,31.1,276,617,851,0.21,105,3.2
2015,8,2,13,30,30.5,321,614,865,0.21,110,2.9000000000000004
2015,8,2,14,30,30.1,411,74,469,0.21,112,2.7
2015,8,2,15,30,29.400000000000002,295,264,468,0.21,112,2.4000000000000004
2015,8,2,16,30,28.1,230,230,342,0.21,115,1.7000000000000002
2015,8,2,17,30,26.1,81,4,82,0.22,124,1.3
2015,8,2,18,30,24.200000000000003,53,12,54,0.22,141,1.3
2015,8,2,19,30,23,0,0,0,0.22,161,1.4000000000000001
2015,8,2,20,30,22.3,0,0,0,0.22,176,1.5
2015,8,2,21,30,21.8,0,0,0,0.22,188,1.7000000000000002
2015,8,2,22,30,21.400000000000002,0,0,0,0.22,199,2
2015,8,2,23,30,21,0,0,0,0.22,207,2.2
2015,8,3,0,30,20.400000000000002,0,0,0,0.22,215,2.1
2015,8,3,1,30,19.700000000000003,0,0,0,0.22,226,1.8
2015,8,3,2,30,19.1,0,0,0,0.22,238,1.5
2015,8,3,3,30,18.5,0,0,0,0.22,248,1.3
2015,8,3,4,30,18.5,0,0,0,0.22,256,1.3
2015,8,3,5,30,20.3,26,0,26,0.22,263,1.6
2015,8,3,6,30,23.400000000000002,77,0,77,0.22,238,1.7000000000000002
2015,8,3,7,30,26,255,74,289,0.22,183,1.7000000000000002
2015,8,3,8,30,27.8,350,99,413,0.22,146,2.3000000000000003
2015,8,3,9,30,29.200000000000003,182,0,182,0.22,131,2.7
2015,8,3,10,30,30.400000000000002,133,0,133,0.22,121,3
2015,8,3,11,30,31.200000000000003,478,139,606,0.22,113,3.2
2015,8,3,12,30,31.5,479,80,554,0.22,108,3.3000000000000003
2015,8,3,13,30,31.400000000000002,468,314,746,0.22,104,3.4000000000000004
2015,8,3,14,30,30.700000000000003,430,118,523,0.22,103,3.3000000000000003
2015,8,3,15,30,29.6,352,234,504,0.22,102,3.2
2015,8,3,16,30,28.1,211,368,390,0.22,105,2.7
2015,8,3,17,30,26.1,152,172,203,0.21,108,1.6
2015,8,3,18,30,23.900000000000002,36,235,60,0.21,136,0.8
2015,8,3,19,30,22.3,0,0,0,0.21,180,0.8
2015,8,3,20,30,21.200000000000003,0,0,0,0.21,208,1.1
2015,8,3,21,30,20.200000000000003,0,0,0,0.21,228,1.4000000000000001
2015,8,3,22,30,19.5,0,0,0,0.21,244,1.8
2015,8,3,23,30,18.8,0,0,0,0.21,255,2.1
2015,8,4,0,30,18.2,0,0,0,0.21,262,2.5
2015,8,4,1,30,17.7,0,0,0,0.21,266,2.9000000000000004
2015,8,4,2,30,17.3,0,0,0,0.21,265,3.1
2015,8,4,3,30,17,0,0,0,0.21,265,3.4000000000000004
2015,8,4,4,30,17.3,0,0,0,0.21,266,3.8000000000000003
2015,8,4,5,30,19.200000000000003,22,328,46,0.21,269,4.3
2015,8,4,6,30,22.8,52,657,227,0.21,272,4.4
2015,8,4,7,30,27,69,797,434,0.21,281,4.5
2015,8,4,8,30,29.8,81,870,628,0.21,292,4.5
2015,8,4,9,30,31.5,90,913,793,0.21,296,4.2
2015,8,4,10,30,32.800000000000004,96,935,911,0.21,297,3.8000000000000003
2015,8,4,11,30,33.9,96,949,974,0.21,296,3.4000000000000004
2015,8,4,12,30,34.6,98,948,979,0.21,293,3.1
2015,8,4,13,30,35.1,97,936,922,0.21,294,2.8000000000000003
2015,8,4,14,30,35.1,93,910,810,0.21,302,2.7
2015,8,4,15,30,34.7,85,870,651,0.21,314,2.7
2015,8,4,16,30,33.5,73,803,461,0.21,329,2.4000000000000004
2015,8,4,17,30,30.5,56,672,254,0.22,173,1.6
2015,8,4,18,30,26.700000000000003,29,375,66,0.22,23,1.1
2015,8,4,19,30,24.5,0,0,0,0.22,44,1.2000000000000002
2015,8,4,20,30,23.200000000000003,0,0,0,0.22,52,1.4000000000000001
2015,8,4,21,30,21.900000000000002,0,0,0,0.22,48,1.5
2015,8,4,22,30,20.8,0,0,0,0.22,39,1.5
2015,8,4,23,30,19.8,0,0,0,0.22,27,1.3
2015,8,5,0,30,19,0,0,0,0.22,12,1.1
2015,8,5,1,30,18.5,0,0,0,0.22,172,1
2015,8,5,2,30,18,0,0,0,0.22,334,1.1
2015,8,5,3,30,17.7,0,0,0,0.22,323,1.2000000000000002
2015,8,5,4,30,18,0,0,0,0.22,314,1.2000000000000002
2015,8,5,5,30,20.5,22,299,43,0.22,308,1.5
2015,8,5,6,30,24.5,53,640,222,0.22,301,1.5
2015,8,5,7,30,28.3,70,788,429,0.22,233,1
2015,8,5,8,30,31.1,81,865,623,0.22,162,1.1
2015,8,5,9,30,32.9,90,910,789,0.22,154,1.3
2015,8,5,10,30,34.300000000000004,95,936,909,0.22,148,1.6
2015,8,5,11,30,35.4,94,953,975,0.22,144,1.8
2015,8,5,12,30,36.1,95,951,976,0.22,141,2.1
2015,8,5,13,30,36.4,92,941,920,0.22,138,2.6
2015,8,5,14,30,36.300000000000004,90,914,807,0.22,136,3.1
2015,8,5,15,30,35.800000000000004,85,867,647,0.22,135,3.6
2015,8,5,16,30,34.6,75,785,453,0.22,132,3.7
2015,8,5,17,30,31.900000000000002,60,634,245,0.21,128,3.2
2015,8,5,18,30,28.700000000000003,30,309,60,0.21,129,2.9000000000000004
2015,8,5,19,30,26.5,0,0,0,0.21,138,2.9000000000000004
2015,8,5,20,30,25.3,0,0,0,0.21,153,2.9000000000000004
2015,8,5,21,30,24.1,0,0,0,0.21,172,2.8000000000000003
2015,8,5,22,30,23,0,0,0,0.21,191,2.8000000000000003
2015,8,5,23,30,22,0,0,0,0.21,213,2.9000000000000004
2015,8,6,0,30,21,0,0,0,0.21,234,3
2015,8,6,1,30,20.400000000000002,0,0,0,0.21,246,3.3000000000000003
2015,8,6,2,30,20.200000000000003,0,0,0,0.21,252,3.7
2015,8,6,3,30,20.200000000000003,0,0,0,0.21,258,4.1000000000000005
2015,8,6,4,30,20.700000000000003,0,0,0,0.21,266,4.3
2015,8,6,5,30,22.8,30,5,30,0.21,271,4.5
2015,8,6,6,30,26.400000000000002,92,499,223,0.21,275,4.6000000000000005
2015,8,6,7,30,30.1,61,838,440,0.21,287,5
2015,8,6,8,30,32.6,257,546,598,0.21,298,5.1000000000000005
2015,8,6,9,30,34.2,83,940,803,0.21,302,4.5
2015,8,6,10,30,35.5,91,959,923,0.21,304,3.7
2015,8,6,11,30,36.5,92,969,986,0.21,304,2.8000000000000003
2015,8,6,12,30,37.2,94,965,987,0.21,303,2
2015,8,6,13,30,37.5,262,733,906,0.21,303,1.3
2015,8,6,14,30,37.4,89,925,813,0.21,153,0.9
2015,8,6,15,30,36.800000000000004,83,881,652,0.21,33,0.9
2015,8,6,16,30,35.5,74,799,455,0.21,70,1.1
2015,8,6,17,30,32.5,112,369,218,0.21,81,1.2000000000000002
2015,8,6,18,30,29.1,41,2,41,0.21,93,1.6
2015,8,6,19,30,27,0,0,0,0.21,104,2.2
2015,8,6,20,30,25.6,0,0,0,0.21,111,2.4000000000000004
2015,8,6,21,30,24.5,0,0,0,0.21,113,2.3000000000000003
2015,8,6,22,30,23.6,0,0,0,0.21,107,2
2015,8,6,23,30,22.700000000000003,0,0,0,0.21,94,1.6
2015,8,7,0,30,21.900000000000002,0,0,0,0.21,79,1.5
2015,8,7,1,30,21.400000000000002,0,0,0,0.21,73,1.7000000000000002
2015,8,7,2,30,21,0,0,0,0.21,73,1.7000000000000002
2015,8,7,3,30,20.700000000000003,0,0,0,0.21,69,1.5
2015,8,7,4,30,20.700000000000003,0,0,0,0.21,60,1.4000000000000001
2015,8,7,5,30,21.6,24,160,35,0.21,61,1.6
2015,8,7,6,30,23.5,128,12,131,0.21,73,1.6
2015,8,7,7,30,25.6,243,45,263,0.21,62,1.2000000000000002
2015,8,7,8,30,27.400000000000002,284,415,542,0.21,179,1
2015,8,7,9,30,28.8,325,353,594,0.21,304,1.5
2015,8,7,10,30,30.1,346,438,725,0.21,298,2
2015,8,7,11,30,31.700000000000003,410,309,694,0.21,298,1.8
2015,8,7,12,30,33.5,449,406,824,0.21,269,1.5
2015,8,7,13,30,34.800000000000004,409,434,790,0.21,221,1.9000000000000001
2015,8,7,14,30,35,120,845,779,0.21,199,3
2015,8,7,15,30,34.4,108,796,620,0.21,203,3.5
2015,8,7,16,30,33.300000000000004,213,407,407,0.21,217,3.2
2015,8,7,17,30,30.8,134,270,211,0.2,233,2.4000000000000004
2015,8,7,18,30,27.900000000000002,27,324,56,0.2,248,2.1
2015,8,7,19,30,26.200000000000003,0,0,0,0.2,261,2.6
2015,8,7,20,30,25.200000000000003,0,0,0,0.2,269,3.1
2015,8,7,21,30,24,0,0,0,0.2,272,3.2
2015,8,7,22,30,22.900000000000002,0,0,0,0.2,272,3.2
2015,8,7,23,30,22,0,0,0,0.2,274,3
2015,8,8,0,30,21.200000000000003,0,0,0,0.2,274,2.8000000000000003
2015,8,8,1,30,20.6,0,0,0,0.2,272,2.5
2015,8,8,2,30,20.1,0,0,0,0.2,273,2
2015,8,8,3,30,19.8,0,0,0,0.2,277,1.9000000000000001
2015,8,8,4,30,19.900000000000002,0,0,0,0.2,280,2.1
2015,8,8,5,30,21.3,14,0,14,0.2,285,2.8000000000000003
2015,8,8,6,30,24.1,138,73,156,0.2,305,3
2015,8,8,7,30,26.700000000000003,86,704,402,0.2,338,2.6
2015,8,8,8,30,28.5,341,187,457,0.2,185,2.3000000000000003
2015,8,8,9,30,29.900000000000002,110,851,759,0.2,21,2.1
2015,8,8,10,30,31,121,874,876,0.2,32,1.8
2015,8,8,11,30,31.400000000000002,117,899,943,0.2,36,1.6
2015,8,8,12,30,31.400000000000002,476,97,565,0.2,37,1.4000000000000001
2015,8,8,13,30,31.1,452,88,529,0.2,92,1
2015,8,8,14,30,30.5,337,6,342,0.2,162,1.2000000000000002
2015,8,8,15,30,29.8,247,581,619,0.2,167,2
2015,8,8,16,30,28.700000000000003,241,217,344,0.2,145,2.6
2015,8,8,17,30,26.8,106,3,107,0.2,130,2.9000000000000004
2015,8,8,18,30,24.6,37,5,37,0.2,121,2.9000000000000004
2015,8,8,19,30,23.1,0,0,0,0.2,113,2.6
2015,8,8,20,30,22.200000000000003,0,0,0,0.2,109,2.1
2015,8,8,21,30,21.6,0,0,0,0.2,111,1.5
2015,8,8,22,30,21.1,0,0,0,0.2,117,0.9
2015,8,8,23,30,20.700000000000003,0,0,0,0.2,116,0.5
2015,8,9,0,30,20.3,0,0,0,0.2,76,0.4
2015,8,9,1,30,20,0,0,0,0.2,200,0.5
2015,8,9,2,30,19.700000000000003,0,0,0,0.2,346,0.7000000000000001
2015,8,9,3,30,19.5,0,0,0,0.2,330,1.2000000000000002
2015,8,9,4,30,19.6,0,0,0,0.2,325,1.9000000000000001
2015,8,9,5,30,20.6,21,214,34,0.2,326,2.8000000000000003
2015,8,9,6,30,22.8,55,586,205,0.2,334,3.4000000000000004
2015,8,9,7,30,25.5,73,755,410,0.2,172,3.5
2015,8,9,8,30,28,84,843,605,0.2,9,3.3000000000000003
2015,8,9,9,30,30,91,894,771,0.2,24,2.9000000000000004
2015,8,9,10,30,31.5,97,920,890,0.2,40,2.7
2015,8,9,11,30,32.6,95,936,954,0.2,56,2.7
2015,8,9,12,30,33.1,103,927,955,0.2,68,2.8000000000000003
2015,8,9,13,30,33,109,902,896,0.2,76,2.9000000000000004
2015,8,9,14,30,32.6,104,874,781,0.2,83,3.5
2015,8,9,15,30,31.900000000000002,94,827,621,0.2,89,4.1000000000000005
2015,8,9,16,30,30.700000000000003,79,748,430,0.2,95,4.5
2015,8,9,17,30,28.8,60,601,227,0.2,98,4.1000000000000005
2015,8,9,18,30,26.6,23,0,23,0.2,100,3.4000000000000004
2015,8,9,19,30,24.900000000000002,0,0,0,0.2,101,2.9000000000000004
2015,8,9,20,30,23.700000000000003,0,0,0,0.2,102,2.3000000000000003
2015,8,9,21,30,22.700000000000003,0,0,0,0.2,103,1.7000000000000002
2015,8,9,22,30,21.900000000000002,0,0,0,0.2,106,1.2000000000000002
2015,8,9,23,30,21.3,0,0,0,0.2,111,0.9
2015,8,10,0,30,20.8,0,0,0,0.2,114,0.6000000000000001
2015,8,10,1,30,20.5,0,0,0,0.2,114,0.4
2015,8,10,2,30,20.200000000000003,0,0,0,0.2,99,0.4
2015,8,10,3,30,20,0,0,0,0.2,86,0.5
2015,8,10,4,30,20.1,0,0,0,0.2,92,0.8
2015,8,10,5,30,20.900000000000002,22,127,29,0.2,105,1.2000000000000002
2015,8,10,6,30,22.3,109,4,110,0.2,117,1.8
2015,8,10,7,30,23.900000000000002,192,12,198,0.2,118,2
2015,8,10,8,30,25.5,352,150,445,0.2,103,2.3000000000000003
2015,8,10,9,30,26.6,161,749,730,0.2,84,2.8000000000000003
2015,8,10,10,30,26.8,171,787,848,0.2,71,3.5
2015,8,10,11,30,26.400000000000002,185,789,907,0.2,64,4.2
2015,8,10,12,30,25.8,348,594,893,0.2,64,4.6000000000000005
2015,8,10,13,30,25.3,490,234,693,0.2,67,4.800000000000001
2015,8,10,14,30,24.8,147,780,750,0.2,73,4.9
2015,8,10,15,30,24.1,284,475,586,0.2,84,4.7
2015,8,10,16,30,23.200000000000003,196,31,210,0.2,93,4.3
2015,8,10,17,30,21.900000000000002,153,72,172,0.2,94,3.5
2015,8,10,18,30,20.6,18,0,18,0.2,82,2.7
2015,8,10,19,30,19.900000000000002,0,0,0,0.2,69,2.5
2015,8,10,20,30,19.6,0,0,0,0.2,72,2.4000000000000004
2015,8,10,21,30,19.5,0,0,0,0.2,89,2.3000000000000003
2015,8,10,22,30,19.400000000000002,0,0,0,0.2,112,2
2015,8,10,23,30,19.3,0,0,0,0.2,131,1.6
2015,8,11,0,30,19.200000000000003,0,0,0,0.2,129,1.1
2015,8,11,1,30,19,0,0,0,0.2,108,0.8
2015,8,11,2,30,18.900000000000002,0,0,0,0.2,95,0.7000000000000001
2015,8,11,3,30,18.7,0,0,0,0.2,99,0.7000000000000001
2015,8,11,4,30,18.7,0,0,0,0.2,139,0.5
2015,8,11,5,30,19.200000000000003,13,0,13,0.2,230,0.5
2015,8,11,6,30,20.400000000000002,40,1,40,0.2,265,0.8
2015,8,11,7,30,22.400000000000002,100,646,386,0.2,239,1
2015,8,11,8,30,24.900000000000002,112,760,579,0.2,227,1
2015,8,11,9,30,27.3,114,835,746,0.2,210,0.9
2015,8,11,10,30,29.200000000000003,427,351,728,0.2,185,1
2015,8,11,11,30,30.5,103,912,935,0.2,151,1.2000000000000002
2015,8,11,12,30,31.3,102,915,939,0.2,125,1.7000000000000002
2015,8,11,13,30,31.200000000000003,443,310,712,0.2,118,2.3000000000000003
2015,8,11,14,30,30.400000000000002,251,482,622,0.2,119,2.8000000000000003
2015,8,11,15,30,29,341,183,457,0.2,120,3.1
2015,8,11,16,30,27.6,221,144,288,0.2,122,3.2
2015,8,11,17,30,25.700000000000003,49,1,49,0.2,123,2.8000000000000003
2015,8,11,18,30,23.700000000000003,32,4,32,0.2,127,2.3000000000000003
2015,8,11,19,30,22.3,0,0,0,0.2,132,1.8
2015,8,11,20,30,21.6,0,0,0,0.2,137,1.3
2015,8,11,21,30,21,0,0,0,0.2,144,0.9
2015,8,11,22,30,20.3,0,0,0,0.2,168,0.6000000000000001
2015,8,11,23,30,19.700000000000003,0,0,0,0.2,218,0.6000000000000001
2015,8,12,0,30,19.3,0,0,0,0.2,266,0.9
2015,8,12,1,30,18.900000000000002,0,0,0,0.2,288,1.2000000000000002
2015,8,12,2,30,18.5,0,0,0,0.2,288,1.4000000000000001
2015,8,12,3,30,18.2,0,0,0,0.2,279,1.7000000000000002
2015,8,12,4,30,18.2,0,0,0,0.2,270,2.1
2015,8,12,5,30,19.5,19,205,29,0.2,268,2.9000000000000004
2015,8,12,6,30,22.400000000000002,53,586,199,0.2,274,3.5
2015,8,12,7,30,26.400000000000002,73,751,403,0.2,285,3.8000000000000003
2015,8,12,8,30,29.8,85,837,598,0.2,294,4.1000000000000005
2015,8,12,9,30,32.1,94,884,762,0.2,307,3.8000000000000003
2015,8,12,10,30,33.800000000000004,101,911,881,0.2,324,3.4000000000000004
2015,8,12,11,30,34.9,98,932,946,0.2,340,2.9000000000000004
2015,8,12,12,30,35.4,101,928,949,0.2,174,2.4000000000000004
2015,8,12,13,30,35.5,104,907,888,0.2,10,2
2015,8,12,14,30,35.2,96,884,775,0.2,29,1.9000000000000001
2015,8,12,15,30,34.5,330,69,373,0.2,49,2.1
2015,8,12,16,30,33.300000000000004,217,306,358,0.2,64,2.3000000000000003
2015,8,12,17,30,30.700000000000003,128,218,186,0.2,74,2
2015,8,12,18,30,27.8,23,259,42,0.2,80,1.7000000000000002
2015,8,12,19,30,26.3,0,0,0,0.2,85,1.7000000000000002
2015,8,12,20,30,25.400000000000002,0,0,0,0.2,88,1.4000000000000001
2015,8,12,21,30,24.8,0,0,0,0.2,83,1
2015,8,12,22,30,24.3,0,0,0,0.2,54,0.8
2015,8,12,23,30,23.5,0,0,0,0.2,17,0.9
2015,8,13,0,30,22.700000000000003,0,0,0,0.2,178,1.3
2015,8,13,1,30,22.1,0,0,0,0.2,347,1.5
2015,8,13,2,30,21.700000000000003,0,0,0,0.2,338,1.5
2015,8,13,3,30,21.400000000000002,0,0,0,0.2,330,1.3
2015,8,13,4,30,21.400000000000002,0,0,0,0.2,323,1.1
2015,8,13,5,30,23.200000000000003,18,185,27,0.2,321,1.3
2015,8,13,6,30,26.400000000000002,54,568,194,0.2,331,1.4000000000000001
2015,8,13,7,30,29.6,74,740,398,0.2,180,1.1
2015,8,13,8,30,32.1,86,828,592,0.2,33,0.9
2015,8,13,9,30,33.800000000000004,95,877,756,0.2,57,0.9
2015,8,13,10,30,35,104,901,873,0.2,72,1
2015,8,13,11,30,35.800000000000004,99,926,940,0.2,75,1.2000000000000002
2015,8,13,12,30,36.2,103,919,940,0.2,72,1.6
2015,8,13,13,30,36.1,106,899,881,0.2,72,2.1
2015,8,13,14,30,35.5,109,855,763,0.2,74,2.8000000000000003
2015,8,13,15,30,34.7,104,791,600,0.2,77,3.2
2015,8,13,16,30,33.1,126,0,126,0.2,80,2.9000000000000004
2015,8,13,17,30,30.700000000000003,73,487,202,0.2,80,2
2015,8,13,18,30,28.400000000000002,13,0,13,0.2,73,1.5
2015,8,13,19,30,26.700000000000003,0,0,0,0.2,59,1.4000000000000001
2015,8,13,20,30,25.200000000000003,0,0,0,0.2,46,1.3
2015,8,13,21,30,23.8,0,0,0,0.2,197,0.9
2015,8,13,22,30,22.6,0,0,0,0.2,304,1
2015,8,13,23,30,21.8,0,0,0,0.2,251,1.8
2015,8,14,0,30,21.3,0,0,0,0.2,247,2.2
2015,8,14,1,30,21.1,0,0,0,0.2,253,2.3000000000000003
2015,8,14,2,30,20.900000000000002,0,0,0,0.2,263,2
2015,8,14,3,30,20.6,0,0,0,0.2,274,1.7000000000000002
2015,8,14,4,30,20.6,0,0,0,0.2,287,1.6
2015,8,14,5,30,21.700000000000003,16,0,16,0.2,300,2.1
2015,8,14,6,30,24.5,54,566,192,0.2,320,2.6
2015,8,14,7,30,27.8,72,744,396,0.2,176,2.6
2015,8,14,8,30,30.5,83,834,590,0.2,38,2.9000000000000004
2015,8,14,9,30,32.2,91,882,754,0.2,66,3.2
2015,8,14,10,30,33.2,99,906,872,0.2,85,3.4000000000000004
2015,8,14,11,30,33.800000000000004,93,931,937,0.2,98,3.5
2015,8,14,12,30,34,98,925,938,0.2,107,3.6
2015,8,14,13,30,33.9,99,905,878,0.2,116,3.6
2015,8,14,14,30,33.4,95,877,764,0.2,123,3.6
2015,8,14,15,30,32.5,89,824,603,0.2,130,3.5
2015,8,14,16,30,31.200000000000003,78,735,410,0.2,135,3.1
2015,8,14,17,30,29.200000000000003,58,575,208,0.19,141,2.3000000000000003
2015,8,14,18,30,27.1,26,2,26,0.19,148,1.9000000000000001
2015,8,14,19,30,25.900000000000002,0,0,0,0.19,156,1.9000000000000001
2015,8,14,20,30,25,0,0,0,0.19,168,1.7000000000000002
2015,8,14,21,30,24.200000000000003,0,0,0,0.19,188,1.5
2015,8,14,22,30,23.400000000000002,0,0,0,0.19,215,1.4000000000000001
2015,8,14,23,30,22.8,0,0,0,0.19,245,1.4000000000000001
2015,8,15,0,30,22.400000000000002,0,0,0,0.19,268,1.4000000000000001
2015,8,15,1,30,22,0,0,0,0.19,275,1.5
2015,8,15,2,30,21.400000000000002,0,0,0,0.19,267,1.7000000000000002
2015,8,15,3,30,20.8,0,0,0,0.19,260,2.2
2015,8,15,4,30,20.5,0,0,0,0.19,260,2.6
2015,8,15,5,30,21.6,7,0,7,0.19,261,3
2015,8,15,6,30,24.5,126,65,141,0.19,271,3
2015,8,15,7,30,28.400000000000002,235,72,266,0.19,305,2.3000000000000003
2015,8,15,8,30,31.900000000000002,87,822,585,0.19,174,2
2015,8,15,9,30,34,96,873,750,0.19,29,2.3000000000000003
2015,8,15,10,30,35.300000000000004,102,901,869,0.19,45,2.7
2015,8,15,11,30,36.2,103,917,932,0.19,56,3
2015,8,15,12,30,36.6,106,914,935,0.19,67,3.2
2015,8,15,13,30,36.6,106,898,876,0.19,75,3.4000000000000004
2015,8,15,14,30,36.1,99,871,761,0.19,82,3.5
2015,8,15,15,30,35.1,93,814,598,0.19,92,3.4000000000000004
2015,8,15,16,30,33.6,82,718,404,0.19,104,3.1
2015,8,15,17,30,31.200000000000003,84,140,120,0.19,121,2.4000000000000004
2015,8,15,18,30,28.5,20,0,20,0.19,140,1.8
2015,8,15,19,30,26.5,0,0,0,0.19,192,1.4000000000000001
2015,8,15,20,30,24.700000000000003,0,0,0,0.19,269,2
2015,8,15,21,30,23.3,0,0,0,0.19,305,3.9000000000000004
2015,8,15,22,30,22.1,0,0,0,0.19,304,4.6000000000000005
2015,8,15,23,30,21.3,0,0,0,0.19,296,4
2015,8,16,0,30,20.700000000000003,0,0,0,0.19,286,3
2015,8,16,1,30,20.3,0,0,0,0.19,275,2.4000000000000004
2015,8,16,2,30,20,0,0,0,0.19,270,2.3000000000000003
2015,8,16,3,30,19.8,0,0,0,0.19,276,2.4000000000000004
2015,8,16,4,30,19.900000000000002,0,0,0,0.19,285,2.4000000000000004
2015,8,16,5,30,20.700000000000003,16,140,22,0.19,291,2.6
2015,8,16,6,30,22.900000000000002,57,535,185,0.19,301,2.7
2015,8,16,7,30,26.400000000000002,79,716,387,0.19,158,2.2
2015,8,16,8,30,29.400000000000002,277,23,291,0.19,28,2
2015,8,16,9,30,31.200000000000003,377,86,441,0.19,56,2.2
2015,8,16,10,30,32.4,322,1,323,0.19,69,2
2015,8,16,11,30,33.2,101,921,931,0.19,80,1.8
2015,8,16,12,30,33.6,101,921,934,0.19,89,1.5
2015,8,16,13,30,33.5,99,909,876,0.19,96,1.3
2015,8,16,14,30,33.300000000000004,94,881,761,0.19,99,1.1
2015,8,16,15,30,32.9,176,5,179,0.19,105,1
2015,8,16,16,30,32,100,2,101,0.19,117,0.9
2015,8,16,17,30,30,14,0,14,0.19,136,0.6000000000000001
2015,8,16,18,30,27.8,21,1,21,0.19,170,0.4
2015,8,16,19,30,26.200000000000003,0,0,0,0.19,227,0.5
2015,8,16,20,30,25,0,0,0,0.19,267,0.7000000000000001
2015,8,16,21,30,23.8,0,0,0,0.19,275,0.9
2015,8,16,22,30,22.6,0,0,0,0.19,286,1.3
2015,8,16,23,30,21.6,0,0,0,0.19,305,1.9000000000000001
2015,8,17,0,30,20.8,0,0,0,0.19,320,2.4000000000000004
2015,8,17,1,30,20,0,0,0,0.19,328,2.6
2015,8,17,2,30,19.5,0,0,0,0.19,331,2.5
2015,8,17,3,30,18.900000000000002,0,0,0,0.19,330,2.1
2015,8,17,4,30,18.7,0,0,0,0.19,309,1.8
2015,8,17,5,30,19.6,8,0,8,0.19,275,2.2
2015,8,17,6,30,21.700000000000003,11,0,11,0.19,250,2.8000000000000003
2015,8,17,7,30,24.700000000000003,43,0,43,0.19,237,2.9000000000000004
2015,8,17,8,30,27.8,90,0,90,0.19,233,2.5
2015,8,17,9,30,30.3,186,715,719,0.19,227,1.5
2015,8,17,10,30,32.1,117,884,865,0.19,173,0.9
2015,8,17,11,30,32.7,264,668,865,0.19,115,0.8
2015,8,17,12,30,32.4,150,849,916,0.19,81,0.9
2015,8,17,13,30,31.3,159,811,850,0.19,199,1.3
2015,8,17,14,30,29.400000000000002,363,247,549,0.19,330,2.2
2015,8,17,15,30,27.400000000000002,215,13,223,0.19,316,2.5
2015,8,17,16,30,25.700000000000003,226,117,277,0.19,197,1.5
2015,8,17,17,30,24,50,433,158,0.18,101,1.3
2015,8,17,18,30,22.1,11,0,11,0.18,132,2
2015,8,17,19,30,20.8,0,0,0,0.18,153,2.3000000000000003
2015,8,17,20,30,20.200000000000003,0,0,0,0.18,170,2
2015,8,17,21,30,19.700000000000003,0,0,0,0.18,184,1.7000000000000002
2015,8,17,22,30,19.3,0,0,0,0.18,208,1.9000000000000001
2015,8,17,23,30,19,0,0,0,0.18,229,2.9000000000000004
2015,8,18,0,30,18.5,0,0,0,0.18,237,3.5
2015,8,18,1,30,17.8,0,0,0,0.18,250,3.3000000000000003
2015,8,18,2,30,17.1,0,0,0,0.18,269,3.3000000000000003
2015,8,18,3,30,16.400000000000002,0,0,0,0.18,291,3.3000000000000003
2015,8,18,4,30,15.600000000000001,0,0,0,0.18,319,3.3000000000000003
2015,8,18,5,30,16.1,14,128,19,0.18,339,3.6
2015,8,18,6,30,18.1,61,535,186,0.18,348,3.7
2015,8,18,7,30,20.700000000000003,86,725,395,0.18,180,3.2
2015,8,18,8,30,23.400000000000002,101,827,598,0.18,20,2.5
2015,8,18,9,30,26,111,883,767,0.18,45,2.2
2015,8,18,10,30,28.1,116,915,889,0.18,70,2.4000000000000004
2015,8,18,11,30,29.6,118,929,951,0.18,87,2.9000000000000004
2015,8,18,12,30,30.6,118,926,951,0.18,94,3.5
2015,8,18,13,30,30.8,116,913,891,0.18,94,4.1000000000000005
2015,8,18,14,30,30.1,110,880,770,0.18,89,4.800000000000001
2015,8,18,15,30,28.400000000000002,102,821,603,0.18,83,5.5
2015,8,18,16,30,25.900000000000002,88,718,403,0.18,78,5.9
2015,8,18,17,30,22.700000000000003,63,537,195,0.18,74,5.6000000000000005
2015,8,18,18,30,19.700000000000003,17,0,17,0.18,70,4.4
2015,8,18,19,30,17.6,0,0,0,0.18,67,3.2
2015,8,18,20,30,16.1,0,0,0,0.18,68,2.4000000000000004
2015,8,18,21,30,15,0,0,0,0.18,72,2.2
2015,8,18,22,30,14.3,0,0,0,0.18,79,2.2
2015,8,18,23,30,13.700000000000001,0,0,0,0.18,83,2.2
2015,8,19,0,30,13.3,0,0,0,0.18,79,2.2
2015,8,19,1,30,13,0,0,0,0.18,74,2.3000000000000003
2015,8,19,2,30,12.8,0,0,0,0.18,71,2.5
2015,8,19,3,30,12.5,0,0,0,0.18,68,2.6
2015,8,19,4,30,12.200000000000001,0,0,0,0.18,64,2.8000000000000003
2015,8,19,5,30,12.4,5,0,5,0.18,60,3
2015,8,19,6,30,13.600000000000001,47,0,47,0.18,54,3
2015,8,19,7,30,15.4,93,0,93,0.18,50,2.7
2015,8,19,8,30,17.3,127,0,127,0.18,50,2.3000000000000003
2015,8,19,9,30,19,268,1,269,0.18,55,1.9000000000000001
2015,8,19,10,30,20.6,473,120,574,0.18,64,1.7000000000000002
2015,8,19,11,30,22.1,517,161,660,0.18,76,2
2015,8,19,12,30,23.400000000000002,514,164,661,0.18,87,2.4000000000000004
2015,8,19,13,30,24.400000000000002,123,895,881,0.18,96,2.9000000000000004
2015,8,19,14,30,24.8,105,884,766,0.18,100,3.4000000000000004
2015,8,19,15,30,24.400000000000002,94,837,602,0.18,104,3.8000000000000003
2015,8,19,16,30,23.200000000000003,79,746,403,0.18,109,4.1000000000000005
2015,8,19,17,30,20.900000000000002,57,570,195,0.18,114,3.6
2015,8,19,18,30,18.400000000000002,17,169,24,0.18,120,2.9000000000000004
2015,8,19,19,30,16.8,0,0,0,0.18,127,2.5
2015,8,19,20,30,15.8,0,0,0,0.18,135,2.1
2015,8,19,21,30,15,0,0,0,0.18,145,1.7000000000000002
2015,8,19,22,30,14.5,0,0,0,0.18,154,1.4000000000000001
2015,8,19,23,30,14.200000000000001,0,0,0,0.18,167,1.1
2015,8,20,0,30,13.700000000000001,0,0,0,0.18,182,0.9
2015,8,20,1,30,13.100000000000001,0,0,0,0.18,209,0.8
2015,8,20,2,30,13,0,0,0,0.18,249,1
2015,8,20,3,30,13.100000000000001,0,0,0,0.18,280,1.4000000000000001
2015,8,20,4,30,13.4,0,0,0,0.18,289,1.6
2015,8,20,5,30,15.5,13,82,15,0.18,287,2.2
2015,8,20,6,30,19.200000000000003,67,465,174,0.18,288,2.7
2015,8,20,7,30,23.3,99,662,378,0.18,296,2.8000000000000003
2015,8,20,8,30,26.8,120,767,577,0.18,303,2.7
2015,8,20,9,30,29,133,833,747,0.18,306,2.3000000000000003
2015,8,20,10,30,30.6,138,875,873,0.18,303,1.9000000000000001
2015,8,20,11,30,31.8,127,913,943,0.18,296,1.5
2015,8,20,12,30,32.7,125,918,946,0.18,288,1.2000000000000002
2015,8,20,13,30,33.2,121,905,885,0.18,270,0.8
2015,8,20,14,30,33.2,119,865,763,0.18,180,0.9
2015,8,20,15,30,32.6,106,813,597,0.18,106,1.5
2015,8,20,16,30,31.1,217,313,352,0.18,109,2.1
2015,8,20,17,30,27.6,63,522,187,0.18,112,2.3000000000000003
2015,8,20,18,30,24.1,14,0,14,0.18,118,2.5
2015,8,20,19,30,22.200000000000003,0,0,0,0.18,129,2.2
2015,8,20,20,30,20.900000000000002,0,0,0,0.18,140,1.4000000000000001
2015,8,20,21,30,19.8,0,0,0,0.18,154,0.8
2015,8,20,22,30,19,0,0,0,0.18,174,0.4
2015,8,20,23,30,18.5,0,0,0,0.18,252,0.30000000000000004
2015,8,21,0,30,18.1,0,0,0,0.18,319,0.4
2015,8,21,1,30,17.8,0,0,0,0.18,320,0.6000000000000001
2015,8,21,2,30,17.2,0,0,0,0.18,313,0.8
2015,8,21,3,30,16.6,0,0,0,0.18,304,1
2015,8,21,4,30,16.2,0,0,0,0.18,295,1.4000000000000001
2015,8,21,5,30,18,12,98,15,0.18,288,2.3000000000000003
2015,8,21,6,30,21.8,60,516,177,0.18,288,3.2
2015,8,21,7,30,25.900000000000002,87,711,385,0.18,298,3.4000000000000004
2015,8,21,8,30,29.400000000000002,102,817,587,0.18,312,3.3000000000000003
2015,8,21,9,30,31.400000000000002,112,876,757,0.18,317,3.1
2015,8,21,10,30,32.800000000000004,119,912,882,0.18,318,2.9000000000000004
2015,8,21,11,30,33.7,127,917,944,0.18,320,2.6
2015,8,21,12,30,34.300000000000004,126,920,946,0.18,324,2.3000000000000003
2015,8,21,13,30,34.6,124,902,883,0.18,330,1.9000000000000001
2015,8,21,14,30,34.4,137,829,752,0.18,342,1.3
2015,8,21,15,30,33.800000000000004,136,738,579,0.18,234,0.8
2015,8,21,16,30,32,123,596,377,0.18,135,0.9
2015,8,21,17,30,28.6,133,44,144,0.18,158,1.1
2015,8,21,18,30,25.6,10,0,10,0.18,171,1.6
2015,8,21,19,30,24.1,0,0,0,0.18,190,2
2015,8,21,20,30,23.1,0,0,0,0.18,217,2.3000000000000003
2015,8,21,21,30,22.1,0,0,0,0.18,242,2.8000000000000003
2015,8,21,22,30,21.400000000000002,0,0,0,0.18,257,3.3000000000000003
2015,8,21,23,30,20.8,0,0,0,0.18,266,3.5
2015,8,22,0,30,20.3,0,0,0,0.18,270,3.7
2015,8,22,1,30,19.700000000000003,0,0,0,0.18,272,3.8000000000000003
2015,8,22,2,30,19.200000000000003,0,0,0,0.18,272,3.9000000000000004
2015,8,22,3,30,18.8,0,0,0,0.18,271,3.9000000000000004
2015,8,22,4,30,18.7,0,0,0,0.18,271,3.9000000000000004
2015,8,22,5,30,20.400000000000002,11,88,14,0.18,271,4.2
2015,8,22,6,30,23.8,61,500,173,0.18,270,4.3
2015,8,22,7,30,28.1,91,686,377,0.18,277,4
2015,8,22,8,30,31.700000000000003,111,785,575,0.18,288,3.6
2015,8,22,9,30,33.5,123,844,742,0.18,285,3.4000000000000004
2015,8,22,10,30,34.4,131,874,861,0.18,275,3.4000000000000004
2015,8,22,11,30,35,121,912,931,0.18,268,3.5
2015,8,22,12,30,35.300000000000004,120,914,933,0.18,267,3.4000000000000004
2015,8,22,13,30,35.300000000000004,117,900,871,0.18,271,3.2
2015,8,22,14,30,34.800000000000004,116,858,749,0.18,278,2.8000000000000003
2015,8,22,15,30,33.9,188,646,574,0.18,291,2.3000000000000003
2015,8,22,16,30,32.2,187,344,333,0.18,329,1.7000000000000002
2015,8,22,17,30,29.1,82,185,125,0.18,206,2.2
2015,8,22,18,30,25.5,9,0,9,0.18,59,4
2015,8,22,19,30,22.8,0,0,0,0.18,62,5.2
2015,8,22,20,30,20.700000000000003,0,0,0,0.18,57,4.800000000000001
2015,8,22,21,30,19.200000000000003,0,0,0,0.18,51,4
2015,8,22,22,30,18,0,0,0,0.18,50,3.2
2015,8,22,23,30,17,0,0,0,0.18,53,2.6
2015,8,23,0,30,16,0,0,0,0.18,59,2
2015,8,23,1,30,15.200000000000001,0,0,0,0.18,70,1.6
2015,8,23,2,30,14.3,0,0,0,0.18,84,1.5
2015,8,23,3,30,13.600000000000001,0,0,0,0.18,99,1.7000000000000002
2015,8,23,4,30,13.100000000000001,0,0,0,0.18,110,2
2015,8,23,5,30,13.100000000000001,7,23,8,0.18,120,2.1
2015,8,23,6,30,14.100000000000001,126,50,137,0.18,135,2.3000000000000003
2015,8,23,7,30,16.2,135,521,350,0.18,139,2.6
2015,8,23,8,30,18.900000000000002,159,659,547,0.18,135,3
2015,8,23,9,30,21.900000000000002,172,741,714,0.18,133,3.3000000000000003
2015,8,23,10,30,24.6,178,784,830,0.18,131,3.6
2015,8,23,11,30,26.8,258,673,854,0.18,126,3.9000000000000004
2015,8,23,12,30,28.200000000000003,158,838,902,0.18,120,4.1000000000000005
2015,8,23,13,30,28.900000000000002,159,811,836,0.18,114,4.2
2015,8,23,14,30,28.900000000000002,187,707,707,0.18,108,4.1000000000000005
2015,8,23,15,30,28.200000000000003,170,628,542,0.18,105,4
2015,8,23,16,30,26.8,138,507,351,0.18,102,3.6
2015,8,23,17,30,24.200000000000003,104,14,108,0.19,102,2.8000000000000003
2015,8,23,18,30,21.5,9,33,10,0.19,109,1.9000000000000001
2015,8,23,19,30,19.900000000000002,0,0,0,0.19,130,1.4000000000000001
2015,8,23,20,30,18.900000000000002,0,0,0,0.19,145,0.8
2015,8,23,21,30,18.1,0,0,0,0.19,245,0.5
2015,8,23,22,30,17.2,0,0,0,0.19,339,0.7000000000000001
2015,8,23,23,30,16.3,0,0,0,0.19,332,1.1
2015,8,24,0,30,15.8,0,0,0,0.19,322,1.2000000000000002
2015,8,24,1,30,15.5,0,0,0,0.19,312,1.2000000000000002
2015,8,24,2,30,15.200000000000001,0,0,0,0.19,303,1
2015,8,24,3,30,15,0,0,0,0.19,293,1
2015,8,24,4,30,14.9,0,0,0,0.19,288,1
2015,8,24,5,30,16.5,9,53,10,0.19,292,1.4000000000000001
2015,8,24,6,30,19.8,69,419,160,0.19,302,1.5
2015,8,24,7,30,23.5,106,619,362,0.19,174,1
2015,8,24,8,30,26.8,130,729,558,0.19,62,1
2015,8,24,9,30,29.400000000000002,146,793,724,0.19,86,1.7000000000000002
2015,8,24,10,30,31.200000000000003,156,829,844,0.19,90,2.3000000000000003
2015,8,24,11,30,32.300000000000004,193,794,894,0.19,94,2.6
2015,8,24,12,30,33,193,791,892,0.19,98,2.9000000000000004
2015,8,24,13,30,33.300000000000004,190,768,829,0.19,99,3.2
2015,8,24,14,30,33.2,126,830,733,0.19,98,3.5
2015,8,24,15,30,32.5,115,765,566,0.19,99,3.8000000000000003
2015,8,24,16,30,31,96,653,368,0.19,99,3.6
2015,8,24,17,30,27.8,66,446,164,0.18,99,2.7
2015,8,24,18,30,24.8,10,58,11,0.18,104,2.2
2015,8,24,19,30,23.200000000000003,0,0,0,0.18,119,2
2015,8,24,20,30,22.3,0,0,0,0.18,147,1.6
2015,8,24,21,30,22,0,0,0,0.18,182,1.3
2015,8,24,22,30,21.6,0,0,0,0.18,210,1.2000000000000002
2015,8,24,23,30,21.1,0,0,0,0.18,232,1.2000000000000002
2015,8,25,0,30,20.5,0,0,0,0.18,254,1.1
2015,8,25,1,30,19.900000000000002,0,0,0,0.18,276,1.1
2015,8,25,2,30,19.400000000000002,0,0,0,0.18,290,1.2000000000000002
2015,8,25,3,30,18.900000000000002,0,0,0,0.18,295,1.2000000000000002
2015,8,25,4,30,18.8,0,0,0,0.18,294,1.2000000000000002
2015,8,25,5,30,20.6,9,56,10,0.18,290,1.6
2015,8,25,6,30,24.3,61,461,161,0.18,287,2.1
2015,8,25,7,30,28.400000000000002,90,669,364,0.18,281,1.8
2015,8,25,8,30,31.700000000000003,108,777,562,0.18,269,1.3
2015,8,25,9,30,33.6,119,838,728,0.18,248,0.9
2015,8,25,10,30,34.9,126,872,848,0.18,184,0.7000000000000001
2015,8,25,11,30,35.7,122,901,915,0.18,128,1
2015,8,25,12,30,36.1,126,892,911,0.18,120,1.5
2015,8,25,13,30,36.1,374,306,628,0.18,119,2
2015,8,25,14,30,35.5,353,297,569,0.18,117,2.5
2015,8,25,15,30,34.7,283,257,433,0.18,114,2.9000000000000004
2015,8,25,16,30,33,62,455,249,0.18,112,2.8000000000000003
2015,8,25,17,30,29.900000000000002,85,92,105,0.18,110,2.4000000000000004
2015,8,25,18,30,27.1,5,0,5,0.18,114,2.3000000000000003
2015,8,25,19,30,25.5,0,0,0,0.18,124,2.2
2015,8,25,20,30,24.6,0,0,0,0.18,143,1.5
2015,8,25,21,30,23.8,0,0,0,0.18,183,1
2015,8,25,22,30,23,0,0,0,0.18,230,0.9
2015,8,25,23,30,22.1,0,0,0,0.18,266,1.6
2015,8,26,0,30,21.1,0,0,0,0.18,285,2.2
2015,8,26,1,30,20.5,0,0,0,0.18,284,2.4000000000000004
2015,8,26,2,30,20.3,0,0,0,0.18,273,2.2
2015,8,26,3,30,20.1,0,0,0,0.18,261,2
2015,8,26,4,30,20.200000000000003,0,0,0,0.18,253,1.9000000000000001
2015,8,26,5,30,21.6,0,0,0,0.18,248,2.5
2015,8,26,6,30,24.900000000000002,104,113,128,0.18,242,3.1
2015,8,26,7,30,28.5,79,720,372,0.18,228,3.5
2015,8,26,8,30,31.400000000000002,185,572,517,0.18,213,3.7
2015,8,26,9,30,33.1,240,568,651,0.18,199,3.9000000000000004
2015,8,26,10,30,34.300000000000004,181,669,734,0.18,188,4.3
2015,8,26,11,30,35,328,494,762,0.18,183,4.6000000000000005
2015,8,26,12,30,35.300000000000004,200,680,797,0.18,181,4.800000000000001
2015,8,26,13,30,34.800000000000004,373,318,636,0.18,185,5
2015,8,26,14,30,33.6,354,212,507,0.18,195,5.1000000000000005
2015,8,26,15,30,31.900000000000002,261,243,402,0.18,210,5.300000000000001
2015,8,26,16,30,29.6,126,478,321,0.18,227,5.6000000000000005
2015,8,26,17,30,27,36,0,37,0.18,240,5.6000000000000005
2015,8,26,18,30,24.900000000000002,0,0,0,0.18,245,5.2
2015,8,26,19,30,23.6,0,0,0,0.18,246,4.5
2015,8,26,20,30,23,0,0,0,0.18,242,3.8000000000000003
2015,8,26,21,30,22.700000000000003,0,0,0,0.18,235,3.3000000000000003
2015,8,26,22,30,22.6,0,0,0,0.18,227,3.2
2015,8,26,23,30,22.5,0,0,0,0.18,221,3.3000000000000003
2015,8,27,0,30,22.3,0,0,0,0.18,220,3.5
2015,8,27,1,30,22.1,0,0,0,0.18,223,3.5
2015,8,27,2,30,21.700000000000003,0,0,0,0.18,228,3.4000000000000004
2015,8,27,3,30,21.200000000000003,0,0,0,0.18,232,3.1
2015,8,27,4,30,20.8,0,0,0,0.18,234,2.7
2015,8,27,5,30,21.400000000000002,0,0,0,0.18,239,2.9000000000000004
2015,8,27,6,30,23.5,71,1,71,0.18,253,3.5
2015,8,27,7,30,26.200000000000003,180,354,323,0.18,272,4.3
2015,8,27,8,30,28.8,311,197,425,0.18,286,4.5
2015,8,27,9,30,30.400000000000002,218,0,218,0.18,294,3.9000000000000004
2015,8,27,10,30,31.200000000000003,327,2,329,0.18,298,3.1
2015,8,27,11,30,31.3,90,929,903,0.18,304,2.4000000000000004
2015,8,27,12,30,31.1,92,923,900,0.18,318,1.8
2015,8,27,13,30,30.6,295,606,793,0.18,166,1.5
2015,8,27,14,30,30.200000000000003,134,0,134,0.18,25,1.4000000000000001
2015,8,27,15,30,29.700000000000003,317,131,393,0.18,65,1.6
2015,8,27,16,30,28.400000000000002,67,728,360,0.18,86,2.1
2015,8,27,17,30,26.1,99,44,108,0.18,71,2.2
2015,8,27,18,30,23.6,0,0,0,0.18,38,2.8000000000000003
2015,8,27,19,30,21.900000000000002,0,0,0,0.18,21,3.8000000000000003
2015,8,27,20,30,20.900000000000002,0,0,0,0.18,19,3.6
2015,8,27,21,30,20.400000000000002,0,0,0,0.18,15,2.3000000000000003
2015,8,27,22,30,20.1,0,0,0,0.18,166,1.2000000000000002
2015,8,27,23,30,19.8,0,0,0,0.18,295,0.9
2015,8,28,0,30,19.3,0,0,0,0.18,265,0.9
2015,8,28,1,30,18.8,0,0,0,0.18,266,0.9
2015,8,28,2,30,18.3,0,0,0,0.18,281,1
2015,8,28,3,30,17.900000000000002,0,0,0,0.18,300,1.1
2015,8,28,4,30,17.6,0,0,0,0.18,316,1.2000000000000002
2015,8,28,5,30,18.7,0,0,0,0.18,328,1.8
2015,8,28,6,30,21.400000000000002,62,438,153,0.18,169,2.6
2015,8,28,7,30,24.3,99,632,353,0.18,19,3.1
2015,8,28,8,30,26.700000000000003,126,728,546,0.18,34,3.3000000000000003
2015,8,28,9,30,28.1,148,776,706,0.18,35,3.2
2015,8,28,10,30,29.3,167,798,821,0.18,33,3.1
2015,8,28,11,30,30.1,125,890,901,0.18,32,3
2015,8,28,12,30,30.6,131,883,900,0.18,32,2.9000000000000004
2015,8,28,13,30,30.700000000000003,130,863,836,0.18,34,2.9000000000000004
2015,8,28,14,30,30.5,118,837,718,0.18,37,3
2015,8,28,15,30,29.900000000000002,107,773,551,0.18,42,3.1
2015,8,28,16,30,28.700000000000003,88,666,353,0.18,50,2.8000000000000003
2015,8,28,17,30,26,75,1,75,0.18,58,2
2015,8,28,18,30,23.200000000000003,0,0,0,0.18,61,1.3
2015,8,28,19,30,21.900000000000002,0,0,0,0.18,58,1.3
2015,8,28,20,30,21.1,0,0,0,0.18,52,1.3
2015,8,28,21,30,20.400000000000002,0,0,0,0.18,48,1.2000000000000002
2015,8,28,22,30,19.8,0,0,0,0.18,51,1.1
2015,8,28,23,30,19.200000000000003,0,0,0,0.18,64,1
2015,8,29,0,30,18.6,0,0,0,0.18,74,0.8
2015,8,29,1,30,18,0,0,0,0.18,66,0.6000000000000001
2015,8,29,2,30,17.5,0,0,0,0.18,34,0.4
2015,8,29,3,30,16.8,0,0,0,0.18,181,0.4
2015,8,29,4,30,16.3,0,0,0,0.18,340,0.6000000000000001
2015,8,29,5,30,17.3,0,0,0,0.18,329,1
2015,8,29,6,30,20.1,77,298,138,0.18,329,1.2000000000000002
2015,8,29,7,30,23.6,133,505,334,0.18,217,1
2015,8,29,8,30,26.900000000000002,166,631,529,0.18,112,1.3
2015,8,29,9,30,29.200000000000003,184,712,695,0.18,122,1.9000000000000001
2015,8,29,10,30,30.700000000000003,192,764,816,0.18,121,2.2
2015,8,29,11,30,31.900000000000002,181,810,885,0.18,118,2.5
2015,8,29,12,30,32.6,176,818,886,0.18,116,2.9000000000000004
2015,8,29,13,30,32.9,168,804,824,0.18,113,3.3000000000000003
2015,8,29,14,30,32.6,157,766,703,0.18,112,3.7
2015,8,29,15,30,31.700000000000003,143,686,533,0.18,112,4
2015,8,29,16,30,30,118,551,335,0.18,114,3.9000000000000004
2015,8,29,17,30,26.900000000000002,70,330,136,0.18,119,3.3000000000000003
2015,8,29,18,30,24,0,0,0,0.18,130,3.3000000000000003
2015,8,29,19,30,22.5,0,0,0,0.18,145,3.4000000000000004
2015,8,29,20,30,21.3,0,0,0,0.18,161,3
2015,8,29,21,30,20.400000000000002,0,0,0,0.18,177,2.5
2015,8,29,22,30,19.900000000000002,0,0,0,0.18,191,2.3000000000000003
2015,8,29,23,30,19.5,0,0,0,0.18,204,2.2
2015,8,30,0,30,19.200000000000003,0,0,0,0.18,218,2.3000000000000003
2015,8,30,1,30,18.900000000000002,0,0,0,0.18,232,2.5
2015,8,30,2,30,18.6,0,0,0,0.18,242,2.7
2015,8,30,3,30,18.3,0,0,0,0.18,247,2.9000000000000004
2015,8,30,4,30,18.1,0,0,0,0.18,250,3.1
2015,8,30,5,30,19.3,0,0,0,0.18,252,3.6
2015,8,30,6,30,22.5,82,2,83,0.18,255,3.8000000000000003
2015,8,30,7,30,26.700000000000003,71,743,366,0.18,260,3.5
2015,8,30,8,30,30.5,82,848,567,0.18,266,2.7
2015,8,30,9,30,32.800000000000004,88,905,735,0.18,261,1.6
2015,8,30,10,30,34.300000000000004,91,941,858,0.18,231,1
2015,8,30,11,30,35.2,87,964,922,0.18,185,0.8
2015,8,30,12,30,35.800000000000004,87,964,921,0.18,151,1
2015,8,30,13,30,36,84,952,857,0.18,133,1.2000000000000002
2015,8,30,14,30,35.800000000000004,86,911,732,0.18,122,1.5
2015,8,30,15,30,35.1,78,857,562,0.18,116,2
2015,8,30,16,30,33.5,66,755,360,0.18,115,2
2015,8,30,17,30,30.1,45,552,152,0.18,117,1.9000000000000001
2015,8,30,18,30,27.200000000000003,0,0,0,0.18,128,2.3000000000000003
2015,8,30,19,30,25.700000000000003,0,0,0,0.18,142,2.7
2015,8,30,20,30,24.5,0,0,0,0.18,153,2.6
2015,8,30,21,30,23.6,0,0,0,0.18,169,2.3000000000000003
2015,8,30,22,30,22.8,0,0,0,0.18,195,2
2015,8,30,23,30,21.900000000000002,0,0,0,0.18,227,1.9000000000000001
2015,8,31,0,30,21.5,0,0,0,0.18,253,2.2
2015,8,31,1,30,21.1,0,0,0,0.18,270,2.6
2015,8,31,2,30,20.6,0,0,0,0.18,277,2.7
2015,8,31,3,30,20.3,0,0,0,0.18,281,2.7
2015,8,31,4,30,20.1,0,0,0,0.18,284,2.7
2015,8,31,5,30,21.3,0,0,0,0.18,287,3.1
2015,8,31,6,30,24.400000000000002,102,22,106,0.18,295,3.3000000000000003
2015,8,31,7,30,27.900000000000002,217,59,240,0.18,319,3
2015,8,31,8,30,30.400000000000002,303,63,339,0.18,346,2.6
2015,8,31,9,30,31.8,198,629,646,0.18,357,2.3000000000000003
2015,8,31,10,30,32.5,373,446,735,0.18,359,2.1
2015,8,31,11,30,32.4,313,623,850,0.18,351,1.9000000000000001
2015,8,31,12,30,31.400000000000002,130,867,877,0.18,331,1.9000000000000001
2015,8,31,13,30,30,134,835,809,0.18,314,2.2
2015,8,31,14,30,28.8,270,429,573,0.18,320,2.4000000000000004
2015,8,31,15,30,27.900000000000002,151,0,151,0.18,344,2.6
2015,8,31,16,30,26.700000000000003,138,3,139,0.18,184,2.5
2015,8,31,17,30,27.5,56,201,94,0.2,100,1.9000000000000001
2015,8,31,18,30,25.1,3,0,3,0.2,95,1.2000000000000002
2015,8,31,19,30,23.700000000000003,0,0,0,0.2,58,0.6000000000000001
2015,8,31,20,30,22.5,0,0,0,0.2,154,0.6000000000000001
2015,8,31,21,30,21.3,0,0,0,0.2,271,1.2000000000000002
2015,8,31,22,30,20.3,0,0,0,0.2,250,2
2015,8,31,23,30,19.6,0,0,0,0.2,242,2.6
2022,9,1,0,30,19,0,0,0,0.2,246,2.7
2022,9,1,1,30,18.6,0,0,0,0.2,257,2.5
2022,9,1,2,30,18.2,0,0,0,0.2,268,2.4000000000000004
2022,9,1,3,30,18,0,0,0,0.2,277,2.6
2022,9,1,4,30,17.900000000000002,0,0,0,0.2,283,2.8000000000000003
2022,9,1,5,30,18.8,6,53,6,0.2,285,3.5
2022,9,1,6,30,21.5,46,554,155,0.2,286,3.8000000000000003
2022,9,1,7,30,25.6,66,765,365,0.2,298,3.1
2022,9,1,8,30,29.5,76,867,567,0.2,325,2.1
2022,9,1,9,30,31.8,83,922,736,0.2,181,1.7000000000000002
2022,9,1,10,30,33.1,87,955,859,0.2,35,1.9000000000000001
2022,9,1,11,30,33.9,88,970,922,0.2,57,2.4000000000000004
2022,9,1,12,30,34.300000000000004,88,969,919,0.2,71,2.8000000000000003
2022,9,1,13,30,34.2,87,953,853,0.2,80,3.1
2022,9,1,14,30,33.7,84,921,729,0.2,88,3.2
2022,9,1,15,30,32.7,77,861,555,0.2,95,3.1
2022,9,1,16,30,30.6,110,572,327,0.2,104,2.5
2022,9,1,17,30,26.8,51,462,135,0.2,114,1.7000000000000002
2022,9,1,18,30,23.700000000000003,4,23,3,0.2,128,1.3
2022,9,1,19,30,22.400000000000002,0,0,0,0.2,149,1.2000000000000002
2022,9,1,20,30,21.6,0,0,0,0.2,176,1.2000000000000002
2022,9,1,21,30,20.700000000000003,0,0,0,0.2,203,1.3
2022,9,1,22,30,19.900000000000002,0,0,0,0.2,224,1.4000000000000001
2022,9,1,23,30,19.400000000000002,0,0,0,0.2,240,1.5
2022,9,2,0,30,19,0,0,0,0.2,251,1.6
2022,9,2,1,30,18.7,0,0,0,0.2,259,1.8
2022,9,2,2,30,18.400000000000002,0,0,0,0.2,265,2
2022,9,2,3,30,18.2,0,0,0,0.2,270,2.3000000000000003
2022,9,2,4,30,18.1,0,0,0,0.2,274,2.5
2022,9,2,5,30,19.6,5,35,5,0.2,278,2.9000000000000004
2022,9,2,6,30,22.900000000000002,81,244,128,0.2,282,3.2
2022,9,2,7,30,26.900000000000002,139,430,306,0.2,292,2.9000000000000004
2022,9,2,8,30,30.8,81,847,558,0.2,326,1.9000000000000001
2022,9,2,9,30,33.5,88,904,726,0.2,206,1.7000000000000002
2022,9,2,10,30,34.9,92,939,848,0.2,70,2.3000000000000003
2022,9,2,11,30,35.6,93,953,909,0.2,85,2.8000000000000003
2022,9,2,12,30,35.800000000000004,94,951,906,0.2,94,3.2
2022,9,2,13,30,35.6,189,719,764,0.2,99,3.4000000000000004
2022,9,2,14,30,35,91,895,714,0.2,101,3.6
2022,9,2,15,30,33.9,161,546,462,0.2,101,3.6
2022,9,2,16,30,31.400000000000002,80,674,332,0.2,102,2.9000000000000004
2022,9,2,17,30,27.400000000000002,64,359,128,0.2,105,2.2
2022,9,2,18,30,24.3,2,0,2,0.2,112,2.2
2022,9,2,19,30,22.900000000000002,0,0,0,0.2,122,2
2022,9,2,20,30,21.700000000000003,0,0,0,0.2,132,1.5
2022,9,2,21,30,20.900000000000002,0,0,0,0.2,144,1
2022,9,2,22,30,20.400000000000002,0,0,0,0.2,149,0.5
2022,9,2,23,30,19.900000000000002,0,0,0,0.2,78,0.5
2022,9,3,0,30,19,0,0,0,0.2,12,0.9
2022,9,3,1,30,18.400000000000002,0,0,0,0.2,10,0.9
2022,9,3,2,30,18,0,0,0,0.2,157,0.7000000000000001
2022,9,3,3,30,17.5,0,0,0,0.2,293,0.9
2022,9,3,4,30,16.8,0,0,0,0.2,276,1.2000000000000002
2022,9,3,5,30,17.6,2,0,2,0.2,280,1.8
2022,9,3,6,30,20.3,95,91,112,0.2,283,2.4000000000000004
2022,9,3,7,30,23.8,194,160,256,0.2,282,1.7000000000000002
2022,9,3,8,30,27.1,173,564,489,0.2,189,1.1
2022,9,3,9,30,29.1,191,640,641,0.2,98,2
2022,9,3,10,30,30.3,107,901,830,0.2,101,3
2022,9,3,11,30,31.1,92,948,901,0.2,103,3.6
2022,9,3,12,30,31.5,92,946,897,0.2,106,4
2022,9,3,13,30,31.5,89,932,831,0.2,109,4.2
2022,9,3,14,30,31,84,903,709,0.2,112,4.1000000000000005
2022,9,3,15,30,30.1,74,852,540,0.2,116,3.9000000000000004
2022,9,3,16,30,28.5,61,752,339,0.2,120,3.2
2022,9,3,17,30,25.3,41,532,133,0.2,122,2
2022,9,3,18,30,22.5,3,22,2,0.2,128,1.4000000000000001
2022,9,3,19,30,21.200000000000003,0,0,0,0.2,141,1.5
2022,9,3,20,30,20.400000000000002,0,0,0,0.2,157,1.5
2022,9,3,21,30,19.700000000000003,0,0,0,0.2,174,1.5
2022,9,3,22,30,19.200000000000003,0,0,0,0.2,191,1.4000000000000001
2022,9,3,23,30,18.7,0,0,0,0.2,209,1.4000000000000001
2022,9,4,0,30,18.2,0,0,0,0.2,224,1.5
2022,9,4,1,30,17.7,0,0,0,0.2,237,1.8
2022,9,4,2,30,17.400000000000002,0,0,0,0.2,247,2.1
2022,9,4,3,30,17,0,0,0,0.2,255,2.5
2022,9,4,4,30,16.7,0,0,0,0.2,260,2.8000000000000003
2022,9,4,5,30,17.400000000000002,6,54,5,0.2,265,3.2
2022,9,4,6,30,20,43,574,151,0.2,271,3.3000000000000003
2022,9,4,7,30,24,61,780,360,0.2,277,2.5
2022,9,4,8,30,27.900000000000002,71,879,562,0.2,207,1.2000000000000002
2022,9,4,9,30,30.6,79,931,731,0.2,118,1.3
2022,9,4,10,30,32.2,84,959,851,0.2,100,2.2
2022,9,4,11,30,33,85,971,910,0.2,100,2.7
2022,9,4,12,30,33.4,86,969,907,0.2,101,2.9000000000000004
2022,9,4,13,30,33.4,84,955,840,0.2,100,2.8000000000000003
2022,9,4,14,30,33,80,923,715,0.2,96,2.6
2022,9,4,15,30,32.1,72,871,544,0.2,95,2.4000000000000004
2022,9,4,16,30,30.200000000000003,60,771,341,0.2,98,1.9000000000000001
2022,9,4,17,30,26.6,40,547,132,0.2,104,1.3
2022,9,4,18,30,23.6,3,21,2,0.2,113,1.1
2022,9,4,19,30,22.400000000000002,0,0,0,0.2,129,1.1
2022,9,4,20,30,21.700000000000003,0,0,0,0.2,150,1
2022,9,4,21,30,21,0,0,0,0.2,177,0.9
2022,9,4,22,30,20.400000000000002,0,0,0,0.2,209,0.8
2022,9,4,23,30,19.8,0,0,0,0.2,248,0.8
2022,9,5,0,30,19.1,0,0,0,0.2,280,0.9
2022,9,5,1,30,18.400000000000002,0,0,0,0.2,296,1
2022,9,5,2,30,17.8,0,0,0,0.2,300,1.1
2022,9,5,3,30,17.400000000000002,0,0,0,0.2,302,1.1
2022,9,5,4,30,17.1,0,0,0,0.2,307,1.2000000000000002
2022,9,5,5,30,18.5,6,42,5,0.2,318,1.3
2022,9,5,6,30,22.1,46,528,144,0.2,328,1.7000000000000002
2022,9,5,7,30,26.200000000000003,67,747,351,0.2,170,1.7000000000000002
2022,9,5,8,30,29.400000000000002,79,850,551,0.2,37,1.5
2022,9,5,9,30,31.900000000000002,87,905,718,0.2,73,1.9000000000000001
2022,9,5,10,30,33.5,89,941,839,0.2,83,2.5
2022,9,5,11,30,34.4,86,961,900,0.2,88,3
2022,9,5,12,30,34.800000000000004,87,958,895,0.2,91,3.3000000000000003
2022,9,5,13,30,34.7,86,941,828,0.2,93,3.5
2022,9,5,14,30,34.2,83,907,703,0.2,93,3.6
2022,9,5,15,30,33.2,74,854,533,0.2,95,3.6
2022,9,5,16,30,30.900000000000002,60,753,331,0.2,100,3
2022,9,5,17,30,26.8,39,527,125,0.2,107,2
2022,9,5,18,30,23.5,0,0,0,0.2,119,1.7000000000000002
2022,9,5,19,30,21.900000000000002,0,0,0,0.2,136,1.5
2022,9,5,20,30,21,0,0,0,0.2,160,1.3
2022,9,5,21,30,20.400000000000002,0,0,0,0.2,187,1.1
2022,9,5,22,30,20.1,0,0,0,0.2,211,1.1
2022,9,5,23,30,20.1,0,0,0,0.2,232,1.1
2022,9,6,0,30,20,0,0,0,0.2,250,1
2022,9,6,1,30,20,0,0,0,0.2,264,1
2022,9,6,2,30,19.900000000000002,0,0,0,0.2,275,1
2022,9,6,3,30,19.5,0,0,0,0.2,283,1.1
2022,9,6,4,30,19,0,0,0,0.2,288,1.2000000000000002
2022,9,6,5,30,19.900000000000002,4,26,3,0.2,291,1.1
2022,9,6,6,30,23.400000000000002,45,545,144,0.2,292,1.4000000000000001
2022,9,6,7,30,27.700000000000003,65,756,351,0.2,246,1.2000000000000002
2022,9,6,8,30,31.1,79,855,552,0.2,172,1.4000000000000001
2022,9,6,9,30,33.4,88,909,719,0.2,141,2.5
2022,9,6,10,30,34.7,92,943,840,0.2,137,3.1
2022,9,6,11,30,35.5,91,962,902,0.2,134,3.5
2022,9,6,12,30,36,91,959,897,0.2,132,3.8000000000000003
2022,9,6,13,30,36,93,937,828,0.2,131,3.8000000000000003
2022,9,6,14,30,35.6,91,898,701,0.2,128,3.8000000000000003
2022,9,6,15,30,34.7,82,836,528,0.2,127,3.5
2022,9,6,16,30,32.1,69,720,324,0.2,128,2.7
2022,9,6,17,30,27.8,44,469,118,0.2,134,1.8
2022,9,6,18,30,24.6,0,0,0,0.2,147,1.8
2022,9,6,19,30,23.3,0,0,0,0.2,164,1.9000000000000001
2022,9,6,20,30,22.3,0,0,0,0.2,182,2.1
2022,9,6,21,30,21.5,0,0,0,0.2,200,2.2
2022,9,6,22,30,20.8,0,0,0,0.2,216,2.1
2022,9,6,23,30,20.3,0,0,0,0.2,229,2
2022,9,7,0,30,19.900000000000002,0,0,0,0.2,239,2
2022,9,7,1,30,19.6,0,0,0,0.2,247,2.1
2022,9,7,2,30,19.3,0,0,0,0.2,253,2.2
2022,9,7,3,30,18.900000000000002,0,0,0,0.2,257,2.2
2022,9,7,4,30,18.5,0,0,0,0.2,258,2.3000000000000003
2022,9,7,5,30,19.6,2,0,2,0.2,258,2.3000000000000003
2022,9,7,6,30,22.900000000000002,79,143,105,0.2,256,2.7
2022,9,7,7,30,27.200000000000003,167,334,292,0.2,247,2.6
2022,9,7,8,30,31.1,168,604,500,0.2,213,2.4000000000000004
2022,9,7,9,30,33.9,111,863,708,0.2,173,2.7
2022,9,7,10,30,35.2,121,892,826,0.2,148,3
2022,9,7,11,30,36,128,901,885,0.2,133,3.5
2022,9,7,12,30,36.300000000000004,127,900,880,0.2,125,4
2022,9,7,13,30,36.1,125,878,810,0.2,121,4.4
2022,9,7,14,30,35.5,120,833,682,0.2,119,4.6000000000000005
2022,9,7,15,30,34.300000000000004,105,766,510,0.2,118,4.6000000000000005
2022,9,7,16,30,31.700000000000003,83,643,308,0.2,118,3.8000000000000003
2022,9,7,17,30,27.6,48,388,107,0.2,121,2.8000000000000003
2022,9,7,18,30,24.400000000000002,0,0,0,0.2,131,2.6
2022,9,7,19,30,22.900000000000002,0,0,0,0.2,146,2.6
2022,9,7,20,30,21.700000000000003,0,0,0,0.2,165,2.5
2022,9,7,21,30,20.8,0,0,0,0.2,183,2.3000000000000003
2022,9,7,22,30,20.400000000000002,0,0,0,0.2,198,2.2
2022,9,7,23,30,20.1,0,0,0,0.2,207,2.1
2022,9,8,0,30,20,0,0,0,0.2,212,2.1
2022,9,8,1,30,19.900000000000002,0,0,0,0.2,215,2.2
2022,9,8,2,30,19.6,0,0,0,0.2,219,2.2
2022,9,8,3,30,19.200000000000003,0,0,0,0.2,224,2.2
2022,9,8,4,30,18.8,0,0,0,0.2,231,2.3000000000000003
2022,9,8,5,30,19.700000000000003,1,0,1,0.2,241,2.5
2022,9,8,6,30,22.700000000000003,55,416,129,0.2,251,2.9000000000000004
2022,9,8,7,30,26.8,88,654,332,0.2,253,2.7
2022,9,8,8,30,30.700000000000003,107,775,531,0.2,242,1.9000000000000001
2022,9,8,9,30,33.5,120,841,699,0.2,195,1.4000000000000001
2022,9,8,10,30,35.1,123,885,820,0.2,142,1.6
2022,9,8,11,30,35.9,122,910,883,0.2,121,2.3000000000000003
2022,9,8,12,30,36.300000000000004,121,908,877,0.2,116,2.9000000000000004
2022,9,8,13,30,36.2,118,889,808,0.2,115,3.2
2022,9,8,14,30,35.7,112,847,680,0.2,117,3.4000000000000004
2022,9,8,15,30,34.7,101,774,506,0.2,119,3.4000000000000004
2022,9,8,16,30,32.1,83,639,303,0.2,120,2.7
2022,9,8,17,30,27.900000000000002,48,366,102,0.2,125,1.9000000000000001
2022,9,8,18,30,25,0,0,0,0.2,137,1.8
2022,9,8,19,30,23.900000000000002,0,0,0,0.2,159,1.7000000000000002
2022,9,8,20,30,23.3,0,0,0,0.2,187,1.6
2022,9,8,21,30,22.8,0,0,0,0.2,214,1.3
2022,9,8,22,30,21.900000000000002,0,0,0,0.2,248,1
2022,9,8,23,30,20.900000000000002,0,0,0,0.2,298,0.9
2022,9,9,0,30,20.200000000000003,0,0,0,0.2,165,1.1
2022,9,9,1,30,19.5,0,0,0,0.2,9,1.9000000000000001
2022,9,9,2,30,18.6,0,0,0,0.2,9,2.8000000000000003
2022,9,9,3,30,17.6,0,0,0,0.2,178,3.5
2022,9,9,4,30,16.6,0,0,0,0.2,350,3.8000000000000003
2022,9,9,5,30,16.400000000000002,1,0,1,0.2,350,4
2022,9,9,6,30,17.5,68,256,113,0.2,181,4.2
2022,9,9,7,30,19.5,99,591,318,0.2,15,4
2022,9,9,8,30,21.8,123,715,512,0.2,28,3.5
2022,9,9,9,30,23.900000000000002,136,789,677,0.2,44,3.3000000000000003
2022,9,9,10,30,25.700000000000003,136,845,799,0.2,62,3.5
2022,9,9,11,30,26.8,128,881,862,0.2,80,3.8000000000000003
2022,9,9,12,30,27.5,127,881,857,0.2,96,4.1000000000000005
2022,9,9,13,30,27.400000000000002,125,859,788,0.2,104,4.4
2022,9,9,14,30,26.700000000000003,121,811,661,0.2,104,4.4
2022,9,9,15,30,25.400000000000002,162,596,471,0.2,100,4
2022,9,9,16,30,23.5,124,58,144,0.2,89,3.3000000000000003
2022,9,9,17,30,21.200000000000003,26,7,27,0.19,71,2.5
2022,9,9,18,30,19.200000000000003,0,0,0,0.19,59,2.3000000000000003
2022,9,9,19,30,18.1,0,0,0,0.19,57,2.4000000000000004
2022,9,9,20,30,17.1,0,0,0,0.19,67,2.1
2022,9,9,21,30,16.400000000000002,0,0,0,0.19,84,2.2
2022,9,9,22,30,15.700000000000001,0,0,0,0.19,96,2.6
2022,9,9,23,30,15.100000000000001,0,0,0,0.19,100,2.9000000000000004
2022,9,10,0,30,14.5,0,0,0,0.19,100,2.8000000000000003
2022,9,10,1,30,14,0,0,0,0.19,98,2.8000000000000003
2022,9,10,2,30,13.600000000000001,0,0,0,0.19,95,2.8000000000000003
2022,9,10,3,30,13.200000000000001,0,0,0,0.19,93,2.8000000000000003
2022,9,10,4,30,12.9,0,0,0,0.19,94,2.8000000000000003
2022,9,10,5,30,12.8,0,0,0,0.19,98,3
2022,9,10,6,30,12.8,17,0,17,0.19,100,3.3000000000000003
2022,9,10,7,30,13.200000000000001,31,0,31,0.19,99,3.2
2022,9,10,8,30,14,35,0,35,0.19,94,3
2022,9,10,9,30,15.4,154,1,155,0.19,86,2.9000000000000004
2022,9,10,10,30,17,174,7,179,0.19,81,3
2022,9,10,11,30,18.5,156,2,158,0.19,81,3.4000000000000004
2022,9,10,12,30,19.400000000000002,252,9,259,0.19,84,3.8000000000000003
2022,9,10,13,30,19.700000000000003,116,0,116,0.19,87,4.3
2022,9,10,14,30,19.1,85,0,85,0.19,89,4.7
2022,9,10,15,30,17.7,57,0,57,0.19,89,4.7
2022,9,10,16,30,15.700000000000001,54,0,54,0.19,85,4.4
2022,9,10,17,30,13.700000000000001,28,80,39,0.19,81,3.8000000000000003
2022,9,10,18,30,12.4,0,0,0,0.19,84,3
2022,9,10,19,30,11.600000000000001,0,0,0,0.19,87,2.4000000000000004
2022,9,10,20,30,11.100000000000001,0,0,0,0.19,90,1.7000000000000002
2022,9,10,21,30,10.8,0,0,0,0.19,101,1.2000000000000002
2022,9,10,22,30,10.600000000000001,0,0,0,0.19,134,0.9
2022,9,10,23,30,10.4,0,0,0,0.19,169,0.8
2022,9,11,0,30,10.200000000000001,0,0,0,0.19,176,0.8
2022,9,11,1,30,9.8,0,0,0,0.19,164,0.8
2022,9,11,2,30,9.3,0,0,0,0.19,156,0.9
2022,9,11,3,30,9,0,0,0,0.19,156,1.1
2022,9,11,4,30,8.9,0,0,0,0.19,157,1.3
2022,9,11,5,30,9.4,1,6,1,0.19,160,1.4000000000000001
2022,9,11,6,30,11.100000000000001,57,384,122,0.19,159,1.7000000000000002
2022,9,11,7,30,13.4,89,430,246,0.19,148,1.9000000000000001
2022,9,11,8,30,16.5,217,3,219,0.19,131,2
2022,9,11,9,30,19.6,342,41,370,0.19,112,2.2
2022,9,11,10,30,22.1,436,126,534,0.19,96,2.4000000000000004
2022,9,11,11,30,24,100,961,894,0.19,87,2.8000000000000003
2022,9,11,12,30,25.200000000000003,99,963,890,0.19,83,3.1
2022,9,11,13,30,25.8,98,938,814,0.19,83,3.3000000000000003
2022,9,11,14,30,25.700000000000003,95,894,683,0.19,84,3.3000000000000003
2022,9,11,15,30,25,86,824,506,0.19,85,3.2
2022,9,11,16,30,23,70,688,297,0.19,82,2.6
2022,9,11,17,30,19.700000000000003,41,404,94,0.2,73,1.7000000000000002
2022,9,11,18,30,17.1,0,0,0,0.2,66,1.2000000000000002
2022,9,11,19,30,16.2,0,0,0,0.2,60,0.9
2022,9,11,20,30,15.600000000000001,0,0,0,0.2,39,0.7000000000000001
2022,9,11,21,30,14.9,0,0,0,0.2,183,0.8
2022,9,11,22,30,14.3,0,0,0,0.2,336,1.2000000000000002
2022,9,11,23,30,14.100000000000001,0,0,0,0.2,324,1.5
2022,9,12,0,30,14,0,0,0,0.2,316,1.6
2022,9,12,1,30,13.9,0,0,0,0.2,305,1.5
2022,9,12,2,30,14,0,0,0,0.2,293,1.4000000000000001
2022,9,12,3,30,14.100000000000001,0,0,0,0.2,283,1.3
2022,9,12,4,30,14.200000000000001,0,0,0,0.2,280,1.3
2022,9,12,5,30,15.200000000000001,0,0,0,0.2,282,1.2000000000000002
2022,9,12,6,30,18.6,46,495,128,0.2,287,1.3
2022,9,12,7,30,23,72,731,336,0.2,323,1
2022,9,12,8,30,26.400000000000002,88,842,539,0.2,226,0.7000000000000001
2022,9,12,9,30,28.700000000000003,97,903,708,0.2,91,1.3
2022,9,12,10,30,30.200000000000003,100,943,830,0.2,90,1.6
2022,9,12,11,30,31.200000000000003,98,968,894,0.2,91,1.8
2022,9,12,12,30,31.8,98,968,889,0.2,91,2
2022,9,12,13,30,32,97,947,816,0.2,92,2.1
2022,9,12,14,30,31.6,95,902,684,0.2,94,2.4000000000000004
2022,9,12,15,30,30.700000000000003,85,832,505,0.2,99,2.6
2022,9,12,16,30,27.900000000000002,69,700,296,0.2,107,2.3000000000000003
2022,9,12,17,30,23.6,39,410,91,0.2,120,1.8
2022,9,12,18,30,20.700000000000003,0,0,0,0.2,136,1.7000000000000002
2022,9,12,19,30,19.400000000000002,0,0,0,0.2,154,1.7000000000000002
2022,9,12,20,30,18.400000000000002,0,0,0,0.2,177,1.8
2022,9,12,21,30,17.6,0,0,0,0.2,201,1.8
2022,9,12,22,30,17.1,0,0,0,0.2,224,1.8
2022,9,12,23,30,16.8,0,0,0,0.2,242,1.8
2022,9,13,0,30,16.7,0,0,0,0.2,254,1.8
2022,9,13,1,30,16.400000000000002,0,0,0,0.2,260,1.9000000000000001
2022,9,13,2,30,16.2,0,0,0,0.2,265,1.7000000000000002
2022,9,13,3,30,15.9,0,0,0,0.2,272,1.5
2022,9,13,4,30,15.700000000000001,0,0,0,0.2,282,1.3
2022,9,13,5,30,16.6,0,0,0,0.2,294,1.1
2022,9,13,6,30,19.900000000000002,45,490,125,0.2,308,1
2022,9,13,7,30,24,141,362,271,0.2,204,1.2000000000000002
2022,9,13,8,30,27.200000000000003,86,842,535,0.2,106,2.3000000000000003
2022,9,13,9,30,29.1,179,686,641,0.2,124,3.6
2022,9,13,10,30,30.3,232,646,730,0.2,128,4.1000000000000005
2022,9,13,11,30,31,259,574,729,0.2,130,4.3
2022,9,13,12,30,31.3,232,624,740,0.2,130,4.3
2022,9,13,13,30,31.200000000000003,353,321,595,0.2,130,4.4
2022,9,13,14,30,30.6,190,636,602,0.2,133,4.4
2022,9,13,15,30,29.400000000000002,231,296,379,0.2,146,4.1000000000000005
2022,9,13,16,30,27.200000000000003,116,102,149,0.2,170,3.7
2022,9,13,17,30,24.5,32,10,33,0.2,196,4.2
2022,9,13,18,30,22.5,0,0,0,0.2,217,5
2022,9,13,19,30,21.3,0,0,0,0.2,229,4.7
2022,9,13,20,30,20.700000000000003,0,0,0,0.2,237,3.8000000000000003
2022,9,13,21,30,20.3,0,0,0,0.2,239,3.1
2022,9,13,22,30,19.900000000000002,0,0,0,0.2,236,2.5
2022,9,13,23,30,19.400000000000002,0,0,0,0.2,234,2.1
2022,9,14,0,30,18.900000000000002,0,0,0,0.2,233,1.8
2022,9,14,1,30,18.400000000000002,0,0,0,0.2,231,1.7000000000000002
2022,9,14,2,30,17.900000000000002,0,0,0,0.2,234,1.8
2022,9,14,3,30,17.400000000000002,0,0,0,0.2,239,1.8
2022,9,14,4,30,17,0,0,0,0.2,245,1.9000000000000001
2022,9,14,5,30,17.400000000000002,0,0,0,0.2,251,2.3000000000000003
2022,9,14,6,30,19.3,26,2,26,0.2,255,2.9000000000000004
2022,9,14,7,30,22.200000000000003,141,46,157,0.2,261,3.2
2022,9,14,8,30,24.900000000000002,228,266,369,0.2,262,3
2022,9,14,9,30,26.400000000000002,272,121,353,0.2,249,2.5
2022,9,14,10,30,27.3,235,570,673,0.2,231,2.2
2022,9,14,11,30,27.6,93,927,849,0.2,216,2.1
2022,9,14,12,30,27.400000000000002,95,920,840,0.2,205,1.9000000000000001
2022,9,14,13,30,26.900000000000002,152,765,726,0.2,200,1.6
2022,9,14,14,30,26.700000000000003,166,653,586,0.2,198,1.3
2022,9,14,15,30,26.400000000000002,134,503,383,0.2,184,1
2022,9,14,16,30,25.400000000000002,77,343,185,0.2,158,0.7000000000000001
2022,9,14,17,30,23.5,34,36,38,0.2,152,0.5
2022,9,14,18,30,21.700000000000003,0,0,0,0.2,182,0.6000000000000001
2022,9,14,19,30,20.8,0,0,0,0.2,228,1
2022,9,14,20,30,20.200000000000003,0,0,0,0.2,257,2
2022,9,14,21,30,19.400000000000002,0,0,0,0.2,262,3.1
2022,9,14,22,30,18.2,0,0,0,0.2,260,3.5
2022,9,14,23,30,17.3,0,0,0,0.2,260,3.6
2022,9,15,0,30,16.6,0,0,0,0.2,262,3.7
2022,9,15,1,30,16.1,0,0,0,0.2,264,3.7
2022,9,15,2,30,15.600000000000001,0,0,0,0.2,267,3.5
2022,9,15,3,30,15.100000000000001,0,0,0,0.2,268,3.3000000000000003
2022,9,15,4,30,14.600000000000001,0,0,0,0.2,269,3.1
2022,9,15,5,30,15.100000000000001,0,0,0,0.2,271,3.3000000000000003
2022,9,15,6,30,17.3,44,460,116,0.2,278,3.6
2022,9,15,7,30,20.700000000000003,105,527,291,0.2,298,3.7
2022,9,15,8,30,23.8,183,511,452,0.2,322,3.4000000000000004
2022,9,15,9,30,25.900000000000002,243,439,536,0.2,334,2.9000000000000004
2022,9,15,10,30,27.3,169,766,754,0.2,339,2.3000000000000003
2022,9,15,11,30,28.200000000000003,288,160,418,0.2,342,1.8
2022,9,15,12,30,28.6,316,100,397,0.2,337,1.4000000000000001
2022,9,15,13,30,28.6,190,357,457,0.2,335,1.2000000000000002
2022,9,15,14,30,28.3,83,884,648,0.2,175,1.1
2022,9,15,15,30,27.700000000000003,100,752,468,0.2,32,1.2000000000000002
2022,9,15,16,30,26.1,79,584,260,0.2,63,1.3
2022,9,15,17,30,23.200000000000003,53,14,55,0.2,80,1.4000000000000001
2022,9,15,18,30,20.700000000000003,0,0,0,0.2,89,1.6
2022,9,15,19,30,19.3,0,0,0,0.2,95,1.4000000000000001
2022,9,15,20,30,18.3,0,0,0,0.2,101,1
2022,9,15,21,30,17.6,0,0,0,0.2,108,0.6000000000000001
2022,9,15,22,30,17.1,0,0,0,0.2,112,0.4
2022,9,15,23,30,16.7,0,0,0,0.2,94,0.30000000000000004
2022,9,16,0,30,16.2,0,0,0,0.2,209,0.30000000000000004
2022,9,16,1,30,15.700000000000001,0,0,0,0.2,332,0.4
2022,9,16,2,30,15,0,0,0,0.2,316,0.5
2022,9,16,3,30,14.200000000000001,0,0,0,0.2,310,0.7000000000000001
2022,9,16,4,30,13.4,0,0,0,0.2,308,0.9
2022,9,16,5,30,14,0,0,0,0.2,300,1.3
2022,9,16,6,30,16.7,38,528,120,0.2,287,2
2022,9,16,7,30,20.400000000000002,57,768,326,0.2,276,2.4000000000000004
2022,9,16,8,30,23.700000000000003,69,875,527,0.2,272,2.5
2022,9,16,9,30,26.200000000000003,76,928,692,0.2,268,2.5
2022,9,16,10,30,28.1,80,958,809,0.2,259,2.3000000000000003
2022,9,16,11,30,29.400000000000002,81,969,864,0.2,239,2.1
2022,9,16,12,30,30.3,174,765,787,0.2,214,2.1
2022,9,16,13,30,30.700000000000003,122,836,742,0.2,194,2.2
2022,9,16,14,30,30.8,202,514,528,0.2,182,2.3000000000000003
2022,9,16,15,30,30.200000000000003,139,491,377,0.2,175,2.1
2022,9,16,16,30,28.3,97,467,239,0.2,163,1.4000000000000001
2022,9,16,17,30,25.6,40,263,68,0.2,148,0.8
2022,9,16,18,30,23.8,0,0,0,0.2,152,0.7000000000000001
2022,9,16,19,30,22.5,0,0,0,0.2,198,0.7000000000000001
2022,9,16,20,30,21.1,0,0,0,0.2,252,1
2022,9,16,21,30,19.900000000000002,0,0,0,0.2,275,1.6
2022,9,16,22,30,18.5,0,0,0,0.2,289,1.9000000000000001
2022,9,16,23,30,17.3,0,0,0,0.2,305,2.1
2022,9,17,0,30,16.5,0,0,0,0.2,316,2.4000000000000004
2022,9,17,1,30,15.8,0,0,0,0.2,316,2.5
2022,9,17,2,30,15.200000000000001,0,0,0,0.2,313,2.2
2022,9,17,3,30,14.700000000000001,0,0,0,0.2,312,1.9000000000000001
2022,9,17,4,30,14.200000000000001,0,0,0,0.2,311,1.6
2022,9,17,5,30,15,0,0,0,0.2,313,1.4000000000000001
2022,9,17,6,30,18.2,38,518,116,0.2,322,1.6
2022,9,17,7,30,21.900000000000002,58,760,322,0.2,184,1.4000000000000001
2022,9,17,8,30,24.700000000000003,70,866,521,0.2,86,1
2022,9,17,9,30,26.700000000000003,78,922,687,0.2,143,1.4000000000000001
2022,9,17,10,30,28.3,80,958,806,0.2,156,2
2022,9,17,11,30,29.5,80,977,865,0.2,158,2.5
2022,9,17,12,30,30.400000000000002,78,977,857,0.2,160,3
2022,9,17,13,30,30.900000000000002,74,966,787,0.2,164,3.2
2022,9,17,14,30,30.900000000000002,70,938,660,0.2,171,3.3000000000000003
2022,9,17,15,30,30.3,61,885,485,0.2,181,3.1
2022,9,17,16,30,27.700000000000003,48,775,280,0.2,187,2.2
2022,9,17,17,30,23.400000000000002,27,485,76,0.2,192,1.5
2022,9,17,18,30,20.400000000000002,0,0,0,0.2,208,1.5
2022,9,17,19,30,19.1,0,0,0,0.2,226,1.7000000000000002
2022,9,17,20,30,18.1,0,0,0,0.2,241,1.8
2022,9,17,21,30,17.400000000000002,0,0,0,0.2,251,1.8
2022,9,17,22,30,16.8,0,0,0,0.2,260,1.7000000000000002
2022,9,17,23,30,16.2,0,0,0,0.2,269,1.6
2022,9,18,0,30,15.700000000000001,0,0,0,0.2,276,1.6
2022,9,18,1,30,15.200000000000001,0,0,0,0.2,279,1.7000000000000002
2022,9,18,2,30,14.8,0,0,0,0.2,277,1.9000000000000001
2022,9,18,3,30,14.4,0,0,0,0.2,272,2
2022,9,18,4,30,14,0,0,0,0.2,268,2.2
2022,9,18,5,30,14.700000000000001,0,0,0,0.2,265,2.5
2022,9,18,6,30,17.7,34,573,119,0.2,263,3.2
2022,9,18,7,30,22.3,51,808,329,0.2,264,3.5
2022,9,18,8,30,26.5,61,909,531,0.2,262,3.6
2022,9,18,9,30,29.400000000000002,67,962,699,0.2,255,3.5
2022,9,18,10,30,31,70,990,816,0.2,241,3.3000000000000003
2022,9,18,11,30,32.1,72,1001,873,0.2,225,3.2
2022,9,18,12,30,32.9,72,1000,865,0.2,210,3.1
2022,9,18,13,30,33.300000000000004,72,976,788,0.2,197,3.1
2022,9,18,14,30,33.300000000000004,72,935,656,0.2,186,3.1
2022,9,18,15,30,32.5,64,868,476,0.2,180,2.8000000000000003
2022,9,18,16,30,29.6,52,740,269,0.2,169,1.9000000000000001
2022,9,18,17,30,25.6,29,420,69,0.2,163,1.3
2022,9,18,18,30,23.1,0,0,0,0.2,177,1.4000000000000001
2022,9,18,19,30,21.900000000000002,0,0,0,0.2,201,1.4000000000000001
2022,9,18,20,30,21,0,0,0,0.2,222,1.6
2022,9,18,21,30,20.3,0,0,0,0.2,230,1.8
2022,9,18,22,30,19.700000000000003,0,0,0,0.2,229,2
2022,9,18,23,30,19.3,0,0,0,0.2,229,2.3000000000000003
2022,9,19,0,30,18.6,0,0,0,0.2,232,2.6
2022,9,19,1,30,17.900000000000002,0,0,0,0.2,239,2.8000000000000003
2022,9,19,2,30,17.400000000000002,0,0,0,0.2,247,2.9000000000000004
2022,9,19,3,30,17,0,0,0,0.2,254,3
2022,9,19,4,30,16.900000000000002,0,0,0,0.2,258,3.1
2022,9,19,5,30,17.7,0,0,0,0.2,262,3.3000000000000003
2022,9,19,6,30,20.400000000000002,64,35,69,0.2,266,3.7
2022,9,19,7,30,24.400000000000002,140,352,260,0.2,274,3.8000000000000003
2022,9,19,8,30,28.3,141,23,153,0.2,293,3.3000000000000003
2022,9,19,9,30,30.900000000000002,164,677,607,0.2,320,2.5
2022,9,19,10,30,32.4,318,90,386,0.2,175,1.5
2022,9,19,11,30,33.300000000000004,207,686,753,0.2,51,0.9
2022,9,19,12,30,33.800000000000004,81,961,839,0.2,104,0.9
2022,9,19,13,30,33.800000000000004,82,937,765,0.2,130,1.2000000000000002
2022,9,19,14,30,33.4,188,503,500,0.2,137,1.4000000000000001
2022,9,19,15,30,32.6,73,818,457,0.2,137,1.6
2022,9,19,16,30,30.1,58,681,254,0.2,131,1.4000000000000001
2022,9,19,17,30,26.5,31,349,62,0.2,127,1.2000000000000002
2022,9,19,18,30,24.3,0,0,0,0.2,131,1.5
2022,9,19,19,30,23.3,0,0,0,0.2,145,1.5
2022,9,19,20,30,22.6,0,0,0,0.2,168,1.5
2022,9,19,21,30,21.900000000000002,0,0,0,0.2,198,1.5
2022,9,19,22,30,20.900000000000002,0,0,0,0.2,231,1.5
2022,9,19,23,30,20.1,0,0,0,0.2,261,1.8
2022,9,20,0,30,19.400000000000002,0,0,0,0.2,285,2.1
2022,9,20,1,30,18.8,0,0,0,0.2,296,2.1
2022,9,20,2,30,18.3,0,0,0,0.2,296,2.2
2022,9,20,3,30,17.900000000000002,0,0,0,0.2,294,2.3000000000000003
2022,9,20,4,30,17.6,0,0,0,0.2,292,2.3000000000000003
2022,9,20,5,30,18.3,0,0,0,0.2,287,2.6
2022,9,20,6,30,21.3,35,533,111,0.2,282,3.4000000000000004
2022,9,20,7,30,25.6,53,776,315,0.2,288,3.5
2022,9,20,8,30,29.5,64,878,513,0.2,309,2.5
2022,9,20,9,30,32,121,792,636,0.2,338,1.6
2022,9,20,10,30,33.300000000000004,94,913,776,0.2,193,1.1
2022,9,20,11,30,34.1,311,429,651,0.2,52,1.1
2022,9,20,12,30,34.4,134,836,790,0.2,78,1.4000000000000001
2022,9,20,13,30,34.300000000000004,215,615,660,0.2,89,1.8
2022,9,20,14,30,33.800000000000004,82,878,622,0.2,94,2.3000000000000003
2022,9,20,15,30,32.7,77,791,444,0.2,98,2.4000000000000004
2022,9,20,16,30,30.200000000000003,62,631,241,0.2,100,1.9000000000000001
2022,9,20,17,30,27.3,40,42,44,0.2,106,1.4000000000000001
2022,9,20,18,30,25.8,0,0,0,0.2,119,1.3
2022,9,20,19,30,25,0,0,0,0.2,141,1.1
2022,9,20,20,30,24.400000000000002,0,0,0,0.2,181,0.7000000000000001
2022,9,20,21,30,23.900000000000002,0,0,0,0.2,244,0.6000000000000001
2022,9,20,22,30,23.3,0,0,0,0.2,294,0.7000000000000001
2022,9,20,23,30,22.5,0,0,0,0.2,315,0.9
2022,9,21,0,30,21.8,0,0,0,0.2,325,1
2022,9,21,1,30,21.200000000000003,0,0,0,0.2,324,1.2000000000000002
2022,9,21,2,30,20.8,0,0,0,0.2,322,1.5
2022,9,21,3,30,20.5,0,0,0,0.2,331,2.2
2022,9,21,4,30,20,0,0,0,0.2,343,3.1
2022,9,21,5,30,19.6,0,0,0,0.2,353,3.8000000000000003
2022,9,21,6,30,19.900000000000002,47,9,48,0.2,183,4.3
2022,9,21,7,30,20.6,65,3,66,0.2,15,4.7
2022,9,21,8,30,21.200000000000003,191,33,208,0.2,23,4.800000000000001
2022,9,21,9,30,21.8,273,67,316,0.2,27,4.5
2022,9,21,10,30,22.400000000000002,264,481,621,0.2,32,4.3
2022,9,21,11,30,22.900000000000002,347,201,505,0.2,39,4.2
2022,9,21,12,30,23.1,348,76,407,0.2,45,4.2
2022,9,21,13,30,22.6,291,48,326,0.2,51,4
2022,9,21,14,30,21.5,197,30,215,0.2,56,3.9000000000000004
2022,9,21,15,30,20.1,54,2,55,0.2,62,3.7
2022,9,21,16,30,18.5,36,7,38,0.2,67,3.5
2022,9,21,17,30,16.8,19,0,19,0.2,69,3.3000000000000003
2022,9,21,18,30,15.4,0,0,0,0.2,72,3.1
2022,9,21,19,30,14.4,0,0,0,0.2,76,2.9000000000000004
2022,9,21,20,30,13.700000000000001,0,0,0,0.2,81,2.9000000000000004
2022,9,21,21,30,13.100000000000001,0,0,0,0.2,86,2.8000000000000003
2022,9,21,22,30,12.700000000000001,0,0,0,0.2,91,2.7
2022,9,21,23,30,12.200000000000001,0,0,0,0.2,96,2.6
2022,9,22,0,30,11.9,0,0,0,0.2,100,2.4000000000000004
2022,9,22,1,30,11.700000000000001,0,0,0,0.2,103,2.3000000000000003
2022,9,22,2,30,11.5,0,0,0,0.2,103,2.1
2022,9,22,3,30,11.3,0,0,0,0.2,103,2
2022,9,22,4,30,11.100000000000001,0,0,0,0.2,104,2
2022,9,22,5,30,11.200000000000001,0,0,0,0.2,104,1.9000000000000001
2022,9,22,6,30,11.8,36,191,62,0.2,105,1.9000000000000001
2022,9,22,7,30,13.100000000000001,55,4,56,0.2,105,1.8
2022,9,22,8,30,15,41,13,48,0.2,102,1.7000000000000002
2022,9,22,9,30,17.400000000000002,62,0,62,0.2,96,1.7000000000000002
2022,9,22,10,30,19.900000000000002,276,54,316,0.2,87,1.8
2022,9,22,11,30,22,276,36,304,0.2,83,2.2
2022,9,22,12,30,23,168,10,176,0.2,86,2.5
2022,9,22,13,30,23.200000000000003,147,6,151,0.2,83,2.5
2022,9,22,14,30,22.900000000000002,273,49,303,0.2,74,2.5
2022,9,22,15,30,21.900000000000002,198,265,318,0.2,62,2.5
2022,9,22,16,30,20.200000000000003,97,40,108,0.2,54,2.4000000000000004
2022,9,22,17,30,17.8,26,2,26,0.2,51,2.3000000000000003
2022,9,22,18,30,15.9,0,0,0,0.2,44,2
2022,9,22,19,30,14.9,0,0,0,0.2,28,1.4000000000000001
2022,9,22,20,30,14.4,0,0,0,0.2,185,1
2022,9,22,21,30,14,0,0,0,0.2,343,0.9
2022,9,22,22,30,13.700000000000001,0,0,0,0.2,317,0.7000000000000001
2022,9,22,23,30,13.4,0,0,0,0.2,288,0.7000000000000001
2022,9,23,0,30,13.100000000000001,0,0,0,0.2,271,1
2022,9,23,1,30,13,0,0,0,0.2,264,1.3
2022,9,23,2,30,12.8,0,0,0,0.2,260,1.7000000000000002
2022,9,23,3,30,12.700000000000001,0,0,0,0.2,259,2.2
2022,9,23,4,30,12.600000000000001,0,0,0,0.2,260,2.6
2022,9,23,5,30,13.200000000000001,0,0,0,0.2,262,3.3000000000000003
2022,9,23,6,30,15.700000000000001,35,510,103,0.2,262,4
2022,9,23,7,30,19.8,50,797,312,0.2,268,4.5
2022,9,23,8,30,23.900000000000002,61,902,513,0.2,284,4.6000000000000005
2022,9,23,9,30,26.5,67,958,680,0.2,294,4.5
2022,9,23,10,30,28.1,70,987,796,0.2,295,3.8000000000000003
2022,9,23,11,30,29.400000000000002,70,1001,851,0.2,294,3.1
2022,9,23,12,30,30.3,70,999,841,0.2,295,2.4000000000000004
2022,9,23,13,30,30.700000000000003,69,982,766,0.2,302,1.8
2022,9,23,14,30,30.700000000000003,64,947,632,0.2,322,1.3
2022,9,23,15,30,29.900000000000002,58,881,453,0.2,174,1.1
2022,9,23,16,30,27.200000000000003,46,746,245,0.2,36,0.9
2022,9,23,17,30,23.5,24,381,50,0.2,67,0.9
2022,9,23,18,30,20.900000000000002,0,0,0,0.2,77,1
2022,9,23,19,30,19,0,0,0,0.2,81,0.8
2022,9,23,20,30,17.400000000000002,0,0,0,0.2,46,0.7000000000000001
2022,9,23,21,30,16.5,0,0,0,0.2,176,1
2022,9,23,22,30,15.5,0,0,0,0.2,345,1.6
2022,9,23,23,30,14.600000000000001,0,0,0,0.2,350,1.8
2022,9,24,0,30,13.9,0,0,0,0.2,349,1.7000000000000002
2022,9,24,1,30,13.3,0,0,0,0.2,341,1.4000000000000001
2022,9,24,2,30,12.9,0,0,0,0.2,332,1.3
2022,9,24,3,30,12.700000000000001,0,0,0,0.2,323,1.3
2022,9,24,4,30,12.4,0,0,0,0.2,314,1.4000000000000001
2022,9,24,5,30,12.9,0,0,0,0.2,309,1.6
2022,9,24,6,30,15.9,34,511,101,0.2,309,2.2
2022,9,24,7,30,20.1,53,777,306,0.2,317,2.4000000000000004
2022,9,24,8,30,23.3,64,889,507,0.2,321,1.4000000000000001
2022,9,24,9,30,25.6,71,949,675,0.2,293,0.9
2022,9,24,10,30,27.3,72,987,794,0.2,253,0.8
2022,9,24,11,30,28.6,70,1008,852,0.2,235,0.9
2022,9,24,12,30,29.5,69,1008,842,0.2,230,0.9
2022,9,24,13,30,30.1,69,993,769,0.2,237,0.6000000000000001
2022,9,24,14,30,30.1,66,955,634,0.2,158,0.5
2022,9,24,15,30,29.400000000000002,58,889,452,0.2,74,1.1
2022,9,24,16,30,26.3,45,752,242,0.2,85,1.3
2022,9,24,17,30,22.1,23,342,45,0.2,93,1.6
2022,9,24,18,30,19.5,0,0,0,0.2,95,1.8
2022,9,24,19,30,18.2,0,0,0,0.2,92,1.7000000000000002
2022,9,24,20,30,17.1,0,0,0,0.2,79,1.5
2022,9,24,21,30,16.2,0,0,0,0.2,53,1.5
2022,9,24,22,30,15.200000000000001,0,0,0,0.2,29,1.6
2022,9,24,23,30,14.100000000000001,0,0,0,0.2,15,1.8
2022,9,25,0,30,13.5,0,0,0,0.2,9,2.1
2022,9,25,1,30,12.9,0,0,0,0.2,7,2.3000000000000003
2022,9,25,2,30,12.200000000000001,0,0,0,0.2,4,2.3000000000000003
2022,9,25,3,30,11.5,0,0,0,0.2,2,2.2
2022,9,25,4,30,10.9,0,0,0,0.2,1,2
2022,9,25,5,30,11.200000000000001,0,0,0,0.2,179,1.9000000000000001
2022,9,25,6,30,13.5,37,444,94,0.2,186,2
2022,9,25,7,30,16.5,57,748,298,0.2,52,2
2022,9,25,8,30,18.6,68,864,496,0.2,106,1.9000000000000001
2022,9,25,9,30,20.400000000000002,78,920,660,0.2,133,2.1
2022,9,25,10,30,22.200000000000003,80,954,774,0.2,144,2
2022,9,25,11,30,23.8,79,972,829,0.2,136,1.8
2022,9,25,12,30,25.1,78,966,815,0.2,117,1.8
2022,9,25,13,30,25.900000000000002,76,948,740,0.2,101,2
2022,9,25,14,30,26.1,71,908,607,0.2,94,2.4000000000000004
2022,9,25,15,30,25.400000000000002,64,831,428,0.2,92,2.9000000000000004
2022,9,25,16,30,23.1,49,680,224,0.2,91,2.8000000000000003
2022,9,25,17,30,19.700000000000003,22,268,38,0.2,88,2.2
2022,9,25,18,30,17.3,0,0,0,0.2,87,1.7000000000000002
2022,9,25,19,30,16.3,0,0,0,0.2,88,1.3
2022,9,25,20,30,15.700000000000001,0,0,0,0.2,88,1
2022,9,25,21,30,15.3,0,0,0,0.2,78,0.7000000000000001
2022,9,25,22,30,14.600000000000001,0,0,0,0.2,53,0.6000000000000001
2022,9,25,23,30,14,0,0,0,0.2,24,1
2022,9,26,0,30,13.4,0,0,0,0.2,178,1.3
2022,9,26,1,30,12.9,0,0,0,0.2,332,1.4000000000000001
2022,9,26,2,30,12.5,0,0,0,0.2,314,1.5
2022,9,26,3,30,12.100000000000001,0,0,0,0.2,305,1.6
2022,9,26,4,30,11.8,0,0,0,0.2,303,1.6
2022,9,26,5,30,12.3,0,0,0,0.2,303,1.7000000000000002
2022,9,26,6,30,15.3,34,474,93,0.2,301,2.4000000000000004
2022,9,26,7,30,19.8,55,755,296,0.2,307,2.7
2022,9,26,8,30,23.700000000000003,65,874,495,0.2,331,2.1
2022,9,26,9,30,26.5,72,934,660,0.2,184,2.1
2022,9,26,10,30,28.1,75,968,775,0.2,29,2.5
2022,9,26,11,30,29.1,74,984,829,0.2,42,2.9000000000000004
2022,9,26,12,30,29.700000000000003,74,981,818,0.2,49,3.1
2022,9,26,13,30,29.700000000000003,72,963,742,0.2,54,3.1
2022,9,26,14,30,29.400000000000002,67,925,608,0.2,61,3.1
2022,9,26,15,30,28.3,60,855,430,0.2,70,2.8000000000000003
2022,9,26,16,30,25.400000000000002,46,711,225,0.2,85,2
2022,9,26,17,30,21.400000000000002,21,293,37,0.2,102,1.4000000000000001
2022,9,26,18,30,19.1,0,0,0,0.2,116,1.3
2022,9,26,19,30,18.3,0,0,0,0.2,132,1.3
2022,9,26,20,30,17.8,0,0,0,0.2,152,1.1
2022,9,26,21,30,17.6,0,0,0,0.2,178,1
2022,9,26,22,30,17.5,0,0,0,0.2,211,0.9
2022,9,26,23,30,17,0,0,0,0.2,250,0.9
2022,9,27,0,30,16,0,0,0,0.2,281,1.1
2022,9,27,1,30,15.100000000000001,0,0,0,0.2,300,1.2000000000000002
2022,9,27,2,30,14.4,0,0,0,0.2,311,1.2000000000000002
2022,9,27,3,30,13.9,0,0,0,0.2,316,1.2000000000000002
2022,9,27,4,30,13.5,0,0,0,0.2,315,1.2000000000000002
2022,9,27,5,30,13.8,0,0,0,0.2,312,1.1
2022,9,27,6,30,16.6,36,417,87,0.2,311,1.4000000000000001
2022,9,27,7,30,20.8,59,714,284,0.2,173,1.2000000000000002
2022,9,27,8,30,24.200000000000003,74,830,479,0.2,77,1.1
2022,9,27,9,30,26.5,83,890,640,0.2,118,2
2022,9,27,10,30,28,88,926,754,0.2,115,2.5
2022,9,27,11,30,29.1,87,944,807,0.2,111,2.7
2022,9,27,12,30,29.5,96,916,786,0.2,108,3
2022,9,27,13,30,29.400000000000002,243,36,268,0.2,105,3
2022,9,27,14,30,28.700000000000003,193,150,280,0.2,104,2.8000000000000003
2022,9,27,15,30,27.3,99,16,106,0.2,105,2
2022,9,27,16,30,24.900000000000002,54,165,95,0.2,101,1.1
2022,9,27,17,30,22.5,12,0,12,0.2,84,0.7000000000000001
2022,9,27,18,30,20.900000000000002,0,0,0,0.2,60,0.9
2022,9,27,19,30,19.700000000000003,0,0,0,0.2,45,1.1
2022,9,27,20,30,18.6,0,0,0,0.2,49,1.2000000000000002
2022,9,27,21,30,17.7,0,0,0,0.2,67,1
2022,9,27,22,30,17,0,0,0,0.2,91,0.9
2022,9,27,23,30,16.5,0,0,0,0.2,115,0.9
2022,9,28,0,30,16.1,0,0,0,0.2,135,1
2022,9,28,1,30,15.8,0,0,0,0.2,153,1
2022,9,28,2,30,15.4,0,0,0,0.2,172,0.9
2022,9,28,3,30,15,0,0,0,0.2,194,0.8
2022,9,28,4,30,14.8,0,0,0,0.2,218,0.9
2022,9,28,5,30,15,0,0,0,0.2,235,0.9
2022,9,28,6,30,16.900000000000002,39,353,81,0.2,234,1.1
2022,9,28,7,30,19.8,92,539,261,0.2,206,1.5
2022,9,28,8,30,22.400000000000002,179,423,384,0.2,175,2
2022,9,28,9,30,24.8,92,869,633,0.2,159,2.3000000000000003
2022,9,28,10,30,26.6,89,922,749,0.2,145,2.5
2022,9,28,11,30,27.900000000000002,84,953,807,0.2,134,2.8000000000000003
2022,9,28,12,30,28.700000000000003,83,949,794,0.2,129,3.2
2022,9,28,13,30,29,177,712,665,0.2,130,3.7
2022,9,28,14,30,28.6,215,414,453,0.2,136,3.9000000000000004
2022,9,28,15,30,27.700000000000003,154,122,206,0.2,144,4
2022,9,28,16,30,25.3,70,487,187,0.2,149,3.3000000000000003
2022,9,28,17,30,22.200000000000003,19,147,25,0.2,155,2.6
2022,9,28,18,30,20.200000000000003,0,0,0,0.2,165,2.5
2022,9,28,19,30,19.200000000000003,0,0,0,0.2,176,2.3000000000000003
2022,9,28,20,30,18.5,0,0,0,0.2,189,2.3000000000000003
2022,9,28,21,30,17.8,0,0,0,0.2,202,2.4000000000000004
2022,9,28,22,30,17.2,0,0,0,0.2,216,2.4000000000000004
2022,9,28,23,30,16.8,0,0,0,0.2,229,2.4000000000000004
2022,9,29,0,30,16.400000000000002,0,0,0,0.2,241,2.5
2022,9,29,1,30,16.2,0,0,0,0.2,250,2.6
2022,9,29,2,30,16,0,0,0,0.2,256,2.7
2022,9,29,3,30,15.700000000000001,0,0,0,0.2,259,2.7
2022,9,29,4,30,15.4,0,0,0,0.2,260,2.8000000000000003
2022,9,29,5,30,15.700000000000001,0,0,0,0.2,260,3
2022,9,29,6,30,18.1,47,179,68,0.2,261,3.5
2022,9,29,7,30,22.1,82,569,258,0.2,266,4
2022,9,29,8,30,25.8,128,612,422,0.2,274,3.9000000000000004
2022,9,29,9,30,28.1,256,387,495,0.2,274,3.2
2022,9,29,10,30,29.400000000000002,154,760,695,0.2,255,2.4000000000000004
2022,9,29,11,30,30.200000000000003,85,948,800,0.2,232,2.2
2022,9,29,12,30,30.6,178,724,717,0.2,219,2.3000000000000003
2022,9,29,13,30,30.5,230,549,604,0.2,214,2.3000000000000003
2022,9,29,14,30,30.1,262,207,380,0.2,214,2.2
2022,9,29,15,30,29.1,179,66,207,0.2,219,1.9000000000000001
2022,9,29,16,30,26.700000000000003,73,484,187,0.2,221,1.3
2022,9,29,17,30,23.6,17,3,17,0.16,224,0.9
2022,9,29,18,30,21.900000000000002,0,0,0,0.16,243,1.2000000000000002
2022,9,29,19,30,20.700000000000003,0,0,0,0.16,265,1.6
2022,9,29,20,30,19.700000000000003,0,0,0,0.16,279,1.9000000000000001
2022,9,29,21,30,18.8,0,0,0,0.16,283,2.1
2022,9,29,22,30,18,0,0,0,0.16,283,2.1
2022,9,29,23,30,17.2,0,0,0,0.16,283,2
2022,9,30,0,30,16.5,0,0,0,0.16,281,2
2022,9,30,1,30,15.9,0,0,0,0.16,276,2
2022,9,30,2,30,15.4,0,0,0,0.16,271,2
2022,9,30,3,30,15,0,0,0,0.16,267,2.2
2022,9,30,4,30,14.700000000000001,0,0,0,0.16,266,2.3000000000000003
2022,9,30,5,30,14.9,0,0,0,0.16,265,2.6
2022,9,30,6,30,17.2,31,468,84,0.16,265,3.2
2022,9,30,7,30,21.200000000000003,51,753,282,0.16,262,3.2
2022,9,30,8,30,25,64,869,479,0.16,257,2.7
2022,9,30,9,30,27.5,71,927,641,0.16,252,2
2022,9,30,10,30,28.900000000000002,75,960,754,0.16,243,1.5
2022,9,30,11,30,29.700000000000003,75,976,807,0.16,224,1.3
2022,9,30,12,30,30.1,74,972,793,0.16,198,1.3
2022,9,30,13,30,30.1,73,953,717,0.16,171,1.5
2022,9,30,14,30,29.700000000000003,187,530,486,0.16,146,1.6
2022,9,30,15,30,28.700000000000003,113,610,365,0.16,125,1.7000000000000002
2022,9,30,16,30,26,84,173,124,0.16,103,1.4000000000000001
2022,9,30,17,30,15,7,0,7,0.16,85,1.7000000000000002
2022,9,30,18,30,13.9,0,0,0,0.16,81,1.6
2022,9,30,19,30,13.3,0,0,0,0.16,80,1.7000000000000002
2022,9,30,20,30,12.700000000000001,0,0,0,0.16,85,1.6
2022,9,30,21,30,12.3,0,0,0,0.16,95,1.5
2022,9,30,22,30,11.9,0,0,0,0.16,103,1.2000000000000002
2022,9,30,23,30,11.700000000000001,0,0,0,0.16,85,1
2021,10,1,0,30,11.4,0,0,0,0.16,41,0.9
2021,10,1,1,30,11.200000000000001,0,0,0,0.16,12,1.1
2021,10,1,2,30,11,0,0,0,0.16,11,1.3
2021,10,1,3,30,10.9,0,0,0,0.16,22,1.2000000000000002
2021,10,1,4,30,10.8,0,0,0,0.16,34,1
2021,10,1,5,30,10.9,0,0,0,0.16,39,0.9
2021,10,1,6,30,11.600000000000001,12,0,12,0.16,54,0.9
2021,10,1,7,30,12.5,37,0,37,0.16,80,1
2021,10,1,8,30,13.4,226,78,263,0.16,99,1
2021,10,1,9,30,14.5,262,130,341,0.16,111,1
2021,10,1,10,30,15.8,302,187,433,0.16,129,1
2021,10,1,11,30,16.6,279,436,604,0.16,148,1.4000000000000001
2021,10,1,12,30,16.3,353,228,520,0.16,163,2
2021,10,1,13,30,15.200000000000001,327,76,378,0.16,176,2.3000000000000003
2021,10,1,14,30,14.3,197,13,204,0.16,188,2.1
2021,10,1,15,30,13.600000000000001,139,13,144,0.16,201,1.6
2021,10,1,16,30,13,59,50,70,0.16,220,1.2000000000000002
2021,10,1,17,30,12.4,9,0,9,0.16,246,0.7000000000000001
2021,10,1,18,30,11.700000000000001,0,0,0,0.16,262,0.5
2021,10,1,19,30,11.200000000000001,0,0,0,0.16,261,0.6000000000000001
2021,10,1,20,30,10.8,0,0,0,0.16,256,0.7000000000000001
2021,10,1,21,30,10.600000000000001,0,0,0,0.16,254,0.8
2021,10,1,22,30,10.5,0,0,0,0.16,260,0.9
2021,10,1,23,30,10.3,0,0,0,0.16,272,1
2021,10,2,0,30,10.200000000000001,0,0,0,0.16,288,1.1
2021,10,2,1,30,10,0,0,0,0.16,305,1.2000000000000002
2021,10,2,2,30,9.9,0,0,0,0.16,322,1.3
2021,10,2,3,30,9.8,0,0,0,0.16,335,1.4000000000000001
2021,10,2,4,30,9.9,0,0,0,0.16,345,1.4000000000000001
2021,10,2,5,30,10.3,0,0,0,0.16,351,1.3
2021,10,2,6,30,12.200000000000001,39,283,69,0.16,355,1.6
2021,10,2,7,30,15.100000000000001,79,583,253,0.16,191,2.1
2021,10,2,8,30,17.6,101,731,444,0.16,31,2.4000000000000004
2021,10,2,9,30,19.5,112,811,604,0.16,38,2.8000000000000003
2021,10,2,10,30,20.700000000000003,116,859,716,0.16,37,2.9000000000000004
2021,10,2,11,30,21.6,215,704,736,0.16,35,2.7
2021,10,2,12,30,22.3,137,827,740,0.16,31,2.3000000000000003
2021,10,2,13,30,22.6,138,750,637,0.16,30,1.9000000000000001
2021,10,2,14,30,22.5,89,840,553,0.16,36,1.6
2021,10,2,15,30,21.900000000000002,74,756,377,0.16,54,1.3
2021,10,2,16,30,20.200000000000003,54,575,179,0.16,93,0.9
2021,10,2,17,30,17.900000000000002,12,76,14,0.16,132,0.8
2021,10,2,18,30,16.400000000000002,0,0,0,0.16,153,1
2021,10,2,19,30,15.700000000000001,0,0,0,0.16,171,0.9
2021,10,2,20,30,15.200000000000001,0,0,0,0.16,196,0.8
2021,10,2,21,30,14.8,0,0,0,0.16,228,0.7000000000000001
2021,10,2,22,30,14.200000000000001,0,0,0,0.16,259,0.8
2021,10,2,23,30,13.700000000000001,0,0,0,0.16,281,0.9
2021,10,3,0,30,13.3,0,0,0,0.16,298,0.9
2021,10,3,1,30,13,0,0,0,0.16,313,0.9
2021,10,3,2,30,12.600000000000001,0,0,0,0.16,323,0.9
2021,10,3,3,30,12,0,0,0,0.16,326,0.9
2021,10,3,4,30,11.4,0,0,0,0.16,321,1
2021,10,3,5,30,11.3,0,0,0,0.16,313,1
2021,10,3,6,30,13.5,34,358,71,0.16,310,1.4000000000000001
2021,10,3,7,30,17.3,62,677,262,0.16,329,1.4000000000000001
2021,10,3,8,30,20.5,77,810,455,0.16,198,0.9
2021,10,3,9,30,22.8,88,875,615,0.16,56,1
2021,10,3,10,30,24.200000000000003,91,914,726,0.16,67,1.2000000000000002
2021,10,3,11,30,25.1,91,935,779,0.16,75,1.3
2021,10,3,12,30,25.6,89,933,765,0.16,82,1.4000000000000001
2021,10,3,13,30,25.8,83,920,690,0.16,92,1.5
2021,10,3,14,30,25.700000000000003,73,883,557,0.16,106,1.6
2021,10,3,15,30,24.900000000000002,62,807,381,0.16,119,1.8
2021,10,3,16,30,22.3,46,636,181,0.16,129,1.6
2021,10,3,17,30,18.8,12,119,14,0.16,139,1.4000000000000001
2021,10,3,18,30,17,0,0,0,0.16,151,1.4000000000000001
2021,10,3,19,30,16.2,0,0,0,0.16,166,1.4000000000000001
2021,10,3,20,30,15.700000000000001,0,0,0,0.16,182,1.3
2021,10,3,21,30,15.200000000000001,0,0,0,0.16,200,1.3
2021,10,3,22,30,14.8,0,0,0,0.16,221,1.2000000000000002
2021,10,3,23,30,14.5,0,0,0,0.16,242,1.2000000000000002
2021,10,4,0,30,14.200000000000001,0,0,0,0.16,263,1.2000000000000002
2021,10,4,1,30,13.8,0,0,0,0.16,282,1.2000000000000002
2021,10,4,2,30,13.200000000000001,0,0,0,0.16,301,1.2000000000000002
2021,10,4,3,30,12.700000000000001,0,0,0,0.16,317,1.2000000000000002
2021,10,4,4,30,12.200000000000001,0,0,0,0.16,328,1.3
2021,10,4,5,30,12.100000000000001,0,0,0,0.16,333,1.3
2021,10,4,6,30,14.600000000000001,29,434,72,0.16,333,1.6
2021,10,4,7,30,18.7,51,745,269,0.16,341,1.8
2021,10,4,8,30,22.400000000000002,62,868,464,0.16,208,1.3
2021,10,4,9,30,25,71,928,626,0.16,80,1.3
2021,10,4,10,30,26.5,74,960,737,0.16,98,1.6
2021,10,4,11,30,27.400000000000002,75,975,788,0.16,102,1.8
2021,10,4,12,30,27.900000000000002,74,971,773,0.16,104,2
2021,10,4,13,30,27.900000000000002,73,949,695,0.16,103,2.3000000000000003
2021,10,4,14,30,27.5,69,903,559,0.16,102,2.6
2021,10,4,15,30,26.3,60,821,380,0.16,103,2.7
2021,10,4,16,30,23.200000000000003,44,644,178,0.16,106,2.2
2021,10,4,17,30,19.400000000000002,11,118,12,0.16,113,1.7000000000000002
2021,10,4,18,30,17.3,0,0,0,0.16,123,1.8
2021,10,4,19,30,16.1,0,0,0,0.16,132,1.9000000000000001
2021,10,4,20,30,15,0,0,0,0.16,141,1.9000000000000001
2021,10,4,21,30,14,0,0,0,0.16,153,1.7000000000000002
2021,10,4,22,30,13.3,0,0,0,0.16,166,1.4000000000000001
2021,10,4,23,30,13.100000000000001,0,0,0,0.16,178,1.2000000000000002
2021,10,5,0,30,13.200000000000001,0,0,0,0.16,185,1
2021,10,5,1,30,13.5,0,0,0,0.16,193,0.8
2021,10,5,2,30,13.600000000000001,0,0,0,0.16,225,0.5
2021,10,5,3,30,13.100000000000001,0,0,0,0.16,289,0.5
2021,10,5,4,30,12.200000000000001,0,0,0,0.16,335,0.8
2021,10,5,5,30,11.700000000000001,0,0,0,0.16,345,0.9
2021,10,5,6,30,13.5,30,414,70,0.16,346,1.2000000000000002
2021,10,5,7,30,17,53,737,266,0.16,192,1.2000000000000002
2021,10,5,8,30,20.400000000000002,65,864,462,0.16,78,1.5
2021,10,5,9,30,23.200000000000003,73,924,622,0.16,125,2.4000000000000004
2021,10,5,10,30,25,76,956,732,0.16,131,2.8000000000000003
2021,10,5,11,30,26.3,78,970,783,0.16,128,3.1
2021,10,5,12,30,27.1,78,963,766,0.16,122,3.4000000000000004
2021,10,5,13,30,27.3,74,943,687,0.16,118,3.7
2021,10,5,14,30,26.900000000000002,68,903,553,0.16,115,4.1000000000000005
2021,10,5,15,30,25.700000000000003,58,819,373,0.16,114,4.1000000000000005
2021,10,5,16,30,22.8,43,636,172,0.16,112,3.3000000000000003
2021,10,5,17,30,19.3,10,108,11,0.16,118,2.5
2021,10,5,18,30,17.3,0,0,0,0.16,134,2.5
2021,10,5,19,30,16.1,0,0,0,0.16,153,2.4000000000000004
2021,10,5,20,30,15.100000000000001,0,0,0,0.16,170,2.1
2021,10,5,21,30,14.5,0,0,0,0.16,183,2
2021,10,5,22,30,14.100000000000001,0,0,0,0.16,193,1.9000000000000001
2021,10,5,23,30,13.700000000000001,0,0,0,0.16,201,1.9000000000000001
2021,10,6,0,30,13.200000000000001,0,0,0,0.16,210,1.8
2021,10,6,1,30,12.700000000000001,0,0,0,0.16,220,1.8
2021,10,6,2,30,12.3,0,0,0,0.16,232,1.8
2021,10,6,3,30,12.100000000000001,0,0,0,0.16,245,1.7000000000000002
2021,10,6,4,30,11.9,0,0,0,0.16,258,1.6
2021,10,6,5,30,12,0,0,0,0.16,267,1.5
2021,10,6,6,30,14,32,330,63,0.16,275,1.8
2021,10,6,7,30,17.400000000000002,51,732,260,0.16,277,1.6
2021,10,6,8,30,20.900000000000002,64,853,452,0.16,237,1.4000000000000001
2021,10,6,9,30,23.8,71,911,609,0.16,193,2
2021,10,6,10,30,25.8,86,914,709,0.16,186,2.4000000000000004
2021,10,6,11,30,27,137,817,727,0.16,191,2.5
2021,10,6,12,30,27.5,149,736,672,0.16,208,2.6
2021,10,6,13,30,27.5,240,407,503,0.16,228,2.8000000000000003
2021,10,6,14,30,27.1,248,150,328,0.16,244,3.1
2021,10,6,15,30,26.1,112,357,248,0.16,254,2.9000000000000004
2021,10,6,16,30,23.200000000000003,43,618,165,0.16,262,2
2021,10,6,17,30,19.700000000000003,10,98,10,0.16,265,1.5
2021,10,6,18,30,18.1,0,0,0,0.16,262,1.7000000000000002
2021,10,6,19,30,17.1,0,0,0,0.16,256,2.1
2021,10,6,20,30,16.3,0,0,0,0.16,253,2.7
2021,10,6,21,30,15.600000000000001,0,0,0,0.16,254,3.1
2021,10,6,22,30,15,0,0,0,0.16,260,3.3000000000000003
2021,10,6,23,30,14.4,0,0,0,0.16,273,3.3000000000000003
2021,10,7,0,30,14,0,0,0,0.16,289,3.3000000000000003
2021,10,7,1,30,13.5,0,0,0,0.16,294,3.1
2021,10,7,2,30,13,0,0,0,0.16,287,2.8000000000000003
2021,10,7,3,30,12.5,0,0,0,0.16,283,2.6
2021,10,7,4,30,12.100000000000001,0,0,0,0.16,279,2.4000000000000004
2021,10,7,5,30,12.200000000000001,0,0,0,0.16,275,2.4000000000000004
2021,10,7,6,30,14.3,28,403,64,0.16,273,2.8000000000000003
2021,10,7,7,30,17.8,130,228,194,0.16,277,2.7
2021,10,7,8,30,21,140,553,390,0.16,284,1.7000000000000002
2021,10,7,9,30,23.200000000000003,108,805,580,0.16,268,1.1
2021,10,7,10,30,24.400000000000002,112,861,695,0.16,231,1.2000000000000002
2021,10,7,11,30,24.900000000000002,105,893,746,0.16,208,1.6
2021,10,7,12,30,25.1,158,750,687,0.16,204,2
2021,10,7,13,30,25.3,160,690,602,0.16,205,2.1
2021,10,7,14,30,25.6,111,752,508,0.16,202,1.9000000000000001
2021,10,7,15,30,25.200000000000003,128,404,279,0.16,181,1.4000000000000001
2021,10,7,16,30,22.700000000000003,78,355,146,0.16,145,1
2021,10,7,17,30,19.5,5,1,5,0.16,125,1.1
2021,10,7,18,30,17.7,0,0,0,0.16,133,1.3
2021,10,7,19,30,16.400000000000002,0,0,0,0.16,155,1.4000000000000001
2021,10,7,20,30,15.600000000000001,0,0,0,0.16,196,1.5
2021,10,7,21,30,15,0,0,0,0.16,234,1.9000000000000001
2021,10,7,22,30,14.600000000000001,0,0,0,0.16,251,2.4000000000000004
2021,10,7,23,30,14.4,0,0,0,0.16,261,2.8000000000000003
2021,10,8,0,30,14,0,0,0,0.16,267,3
2021,10,8,1,30,13.5,0,0,0,0.16,271,3
2021,10,8,2,30,13,0,0,0,0.16,275,2.8000000000000003
2021,10,8,3,30,12.600000000000001,0,0,0,0.16,276,2.6
2021,10,8,4,30,12.3,0,0,0,0.16,274,2.5
2021,10,8,5,30,12.5,0,0,0,0.16,273,2.6
2021,10,8,6,30,14.5,33,57,38,0.16,274,3
2021,10,8,7,30,17.7,118,298,201,0.16,273,3.3000000000000003
2021,10,8,8,30,21.200000000000003,160,456,364,0.16,271,2.9000000000000004
2021,10,8,9,30,24.400000000000002,255,252,402,0.16,269,2.2
2021,10,8,10,30,26.400000000000002,219,542,584,0.16,255,1.9000000000000001
2021,10,8,11,30,27.5,316,324,547,0.16,230,1.9000000000000001
2021,10,8,12,30,27.900000000000002,286,394,562,0.16,207,2.1
2021,10,8,13,30,27.8,259,407,518,0.16,192,2.4000000000000004
2021,10,8,14,30,27.6,264,160,348,0.16,188,2.7
2021,10,8,15,30,26.6,158,127,205,0.16,198,2.6
2021,10,8,16,30,23.900000000000002,62,13,64,0.16,214,2.1
2021,10,8,17,30,21.1,2,0,2,0.16,228,2
2021,10,8,18,30,19.400000000000002,0,0,0,0.16,238,2.1
2021,10,8,19,30,18.1,0,0,0,0.16,241,2
2021,10,8,20,30,17.1,0,0,0,0.16,241,2
2021,10,8,21,30,16.6,0,0,0,0.16,242,2
2021,10,8,22,30,16.2,0,0,0,0.16,245,2.1
2021,10,8,23,30,15.8,0,0,0,0.16,250,2.1
2021,10,9,0,30,15.4,0,0,0,0.16,253,2.2
2021,10,9,1,30,15,0,0,0,0.16,252,2.3000000000000003
2021,10,9,2,30,14.700000000000001,0,0,0,0.16,248,2.5
2021,10,9,3,30,14.4,0,0,0,0.16,243,2.5
2021,10,9,4,30,14.100000000000001,0,0,0,0.16,241,2.4000000000000004
2021,10,9,5,30,14.200000000000001,0,0,0,0.16,242,2.4000000000000004
2021,10,9,6,30,16.5,38,19,40,0.16,246,2.9000000000000004
2021,10,9,7,30,20.200000000000003,89,483,222,0.16,256,4.3
2021,10,9,8,30,22.700000000000003,191,296,322,0.16,268,6
2021,10,9,9,30,24.1,254,318,438,0.16,273,6.800000000000001
2021,10,9,10,30,24.900000000000002,258,450,559,0.16,271,6.9
2021,10,9,11,30,25.400000000000002,148,803,717,0.16,269,6.7
2021,10,9,12,30,25.8,193,690,673,0.16,267,6.300000000000001
2021,10,9,13,30,26,168,683,598,0.16,265,5.800000000000001
2021,10,9,14,30,25.700000000000003,148,638,478,0.16,261,5.300000000000001
2021,10,9,15,30,24.400000000000002,123,553,324,0.16,257,4.2
2021,10,9,16,30,21.200000000000003,59,469,144,0.16,254,2.7
2021,10,9,17,30,17.6,4,16,4,0.16,259,1.8
2021,10,9,18,30,15.600000000000001,0,0,0,0.16,271,1.8
2021,10,9,19,30,14.4,0,0,0,0.16,287,2
2021,10,9,20,30,13.4,0,0,0,0.16,299,2.1
2021,10,9,21,30,12.3,0,0,0,0.16,308,2
2021,10,9,22,30,11.200000000000001,0,0,0,0.16,317,1.8
2021,10,9,23,30,10.3,0,0,0,0.16,332,1.6
2021,10,10,0,30,9.600000000000001,0,0,0,0.16,351,1.5
2021,10,10,1,30,9,0,0,0,0.16,184,1.3
2021,10,10,2,30,8.6,0,0,0,0.16,9,1.3
2021,10,10,3,30,8.4,0,0,0,0.16,7,1.2000000000000002
2021,10,10,4,30,8.3,0,0,0,0.16,175,1.2000000000000002
2021,10,10,5,30,8.4,0,0,0,0.16,343,1.2000000000000002
2021,10,10,6,30,9.700000000000001,35,16,36,0.16,341,1.6
2021,10,10,7,30,11.700000000000001,112,389,218,0.16,184,2.3000000000000003
2021,10,10,8,30,13.5,89,760,424,0.16,28,2.8000000000000003
2021,10,10,9,30,15,100,843,584,0.16,29,2.8000000000000003
2021,10,10,10,30,16.2,235,551,601,0.16,19,2.3000000000000003
2021,10,10,11,30,17.2,94,929,748,0.16,180,1.7000000000000002
2021,10,10,12,30,18,90,934,735,0.16,337,1.4000000000000001
2021,10,10,13,30,18.6,81,919,656,0.16,321,1.2000000000000002
2021,10,10,14,30,18.8,72,883,524,0.16,314,1
2021,10,10,15,30,18.400000000000002,59,799,346,0.16,236,0.6000000000000001
2021,10,10,16,30,16.400000000000002,41,601,147,0.16,149,0.6000000000000001
2021,10,10,17,30,13.8,4,32,3,0.16,140,1.1
2021,10,10,18,30,12.100000000000001,0,0,0,0.16,145,1.2000000000000002
2021,10,10,19,30,11.100000000000001,0,0,0,0.16,160,1.1
2021,10,10,20,30,10.4,0,0,0,0.16,188,1.1
2021,10,10,21,30,9.9,0,0,0,0.16,220,1.2000000000000002
2021,10,10,22,30,9.4,0,0,0,0.16,245,1.2000000000000002
2021,10,10,23,30,9,0,0,0,0.16,264,1.3
2021,10,11,0,30,8.700000000000001,0,0,0,0.16,282,1.3
2021,10,11,1,30,8.200000000000001,0,0,0,0.16,299,1.3
2021,10,11,2,30,7.5,0,0,0,0.16,308,1.3
2021,10,11,3,30,7,0,0,0,0.16,306,1.3
2021,10,11,4,30,6.7,0,0,0,0.16,299,1.3
2021,10,11,5,30,6.7,0,0,0,0.16,291,1.4000000000000001
2021,10,11,6,30,8.6,25,388,55,0.16,284,1.9000000000000001
2021,10,11,7,30,12.3,48,732,244,0.16,253,1.9000000000000001
2021,10,11,8,30,15.5,60,865,438,0.16,188,2.1
2021,10,11,9,30,17.7,67,932,599,0.16,150,3.2
2021,10,11,10,30,19.400000000000002,69,972,711,0.16,149,3.6
2021,10,11,11,30,20.900000000000002,94,925,741,0.16,148,3.7
2021,10,11,12,30,22.1,68,992,748,0.16,147,3.6
2021,10,11,13,30,22.900000000000002,64,972,667,0.16,146,3.6
2021,10,11,14,30,23.1,60,932,532,0.16,147,3.6
2021,10,11,15,30,22.200000000000003,51,844,350,0.16,148,3.1
2021,10,11,16,30,18.900000000000002,37,642,147,0.16,152,2.2
2021,10,11,17,30,15.3,4,34,3,0.16,171,1.9000000000000001
2021,10,11,18,30,13.8,0,0,0,0.16,197,2.4000000000000004
2021,10,11,19,30,12.700000000000001,0,0,0,0.16,210,2.6
2021,10,11,20,30,11.600000000000001,0,0,0,0.16,211,2.3000000000000003
2021,10,11,21,30,10.8,0,0,0,0.16,206,2
2021,10,11,22,30,10.100000000000001,0,0,0,0.16,198,2
2021,10,11,23,30,9.600000000000001,0,0,0,0.16,191,2.2
2021,10,12,0,30,9.1,0,0,0,0.16,187,2.2
2021,10,12,1,30,8.6,0,0,0,0.16,185,2.1
2021,10,12,2,30,8.1,0,0,0,0.16,184,1.9000000000000001
2021,10,12,3,30,7.800000000000001,0,0,0,0.16,184,2
2021,10,12,4,30,7.5,0,0,0,0.16,186,2.1
2021,10,12,5,30,7.300000000000001,0,0,0,0.16,191,2.3000000000000003
2021,10,12,6,30,9.4,27,356,53,0.16,193,3.1
2021,10,12,7,30,13.200000000000001,51,713,240,0.16,187,4.3
2021,10,12,8,30,16.6,70,834,431,0.16,187,5.7
2021,10,12,9,30,19.1,82,890,586,0.16,195,6.9
2021,10,12,10,30,20.400000000000002,90,919,693,0.16,201,7.300000000000001
2021,10,12,11,30,21.200000000000003,95,933,743,0.16,206,7.4
2021,10,12,12,30,21.400000000000002,163,741,668,0.16,211,7.4
2021,10,12,13,30,20.8,186,106,251,0.16,219,7.6000000000000005
2021,10,12,14,30,19.200000000000003,229,205,332,0.16,231,7.800000000000001
2021,10,12,15,30,16.8,92,366,220,0.16,244,7.800000000000001
2021,10,12,16,30,14,54,447,129,0.16,255,7.4
2021,10,12,17,30,11.3,2,14,2,0.16,258,6.6000000000000005
2021,10,12,18,30,9.3,0,0,0,0.16,255,6
2021,10,12,19,30,8,0,0,0,0.16,254,5.6000000000000005
2021,10,12,20,30,7.1000000000000005,0,0,0,0.16,255,5.1000000000000005
2021,10,12,21,30,6.4,0,0,0,0.16,257,4.6000000000000005
2021,10,12,22,30,5.9,0,0,0,0.16,261,4.3
2021,10,12,23,30,5.2,0,0,0,0.16,265,3.8000000000000003
2021,10,13,0,30,4.4,0,0,0,0.16,266,3.2
2021,10,13,1,30,3.7,0,0,0,0.16,263,2.9000000000000004
2021,10,13,2,30,3.4000000000000004,0,0,0,0.16,258,3
2021,10,13,3,30,3.2,0,0,0,0.16,256,3.2
2021,10,13,4,30,3.2,0,0,0,0.16,258,3.3000000000000003
2021,10,13,5,30,3.2,0,0,0,0.16,262,3.1
2021,10,13,6,30,5.1000000000000005,26,370,52,0.16,266,3.5
2021,10,13,7,30,8.6,49,750,245,0.16,274,4.5
2021,10,13,8,30,11.8,62,886,442,0.16,283,5.1000000000000005
2021,10,13,9,30,14.5,70,952,605,0.16,285,4.9
2021,10,13,10,30,16.7,74,985,716,0.16,284,4.6000000000000005
2021,10,13,11,30,18.400000000000002,75,999,765,0.16,283,4.4
2021,10,13,12,30,19.5,74,996,748,0.16,281,4.3
2021,10,13,13,30,20,71,975,666,0.16,280,4.3
2021,10,13,14,30,19.8,65,927,526,0.16,280,4.2
2021,10,13,15,30,18.6,56,829,341,0.16,281,3.6
2021,10,13,16,30,15.4,40,600,137,0.16,283,2.5
2021,10,13,17,30,12.100000000000001,1,11,1,0.16,283,2
2021,10,13,18,30,10.5,0,0,0,0.16,283,2.4000000000000004
2021,10,13,19,30,9.600000000000001,0,0,0,0.16,285,3.1
2021,10,13,20,30,8.8,0,0,0,0.16,287,3.7
2021,10,13,21,30,8,0,0,0,0.16,288,4
2021,10,13,22,30,7.1000000000000005,0,0,0,0.16,290,3.9000000000000004
2021,10,13,23,30,6.300000000000001,0,0,0,0.16,295,3.6
2021,10,14,0,30,5.5,0,0,0,0.16,302,3.3000000000000003
2021,10,14,1,30,4.800000000000001,0,0,0,0.16,313,3
2021,10,14,2,30,4.3,0,0,0,0.16,327,2.7
2021,10,14,3,30,4.2,0,0,0,0.16,341,2.3000000000000003
2021,10,14,4,30,4.2,0,0,0,0.16,174,1.8
2021,10,14,5,30,4.1000000000000005,0,0,0,0.16,8,1.3
2021,10,14,6,30,4.9,21,1,21,0.16,17,1.3
2021,10,14,7,30,6.6000000000000005,116,76,136,0.16,188,1.6
2021,10,14,8,30,8.5,202,164,272,0.16,354,1.8
2021,10,14,9,30,10.5,75,915,586,0.16,350,1.8
2021,10,14,10,30,12.200000000000001,79,955,697,0.16,345,1.6
2021,10,14,11,30,13.5,81,970,746,0.16,330,1.5
2021,10,14,12,30,14.200000000000001,80,965,728,0.16,303,1.7000000000000002
2021,10,14,13,30,14.700000000000001,76,948,650,0.16,281,1.9000000000000001
2021,10,14,14,30,14.8,108,761,482,0.16,272,2
2021,10,14,15,30,14.3,58,801,329,0.16,276,1.7000000000000002
2021,10,14,16,30,12.100000000000001,41,534,125,0.16,151,1.1
2021,10,14,17,30,9.4,0,0,0,0.16,29,1.1
2021,10,14,18,30,8.200000000000001,0,0,0,0.16,37,1.9000000000000001
2021,10,14,19,30,7.4,0,0,0,0.16,31,2.5
2021,10,14,20,30,6.5,0,0,0,0.16,23,2.4000000000000004
2021,10,14,21,30,5.7,0,0,0,0.16,19,2
2021,10,14,22,30,5.1000000000000005,0,0,0,0.16,23,1.5
2021,10,14,23,30,4.6000000000000005,0,0,0,0.16,29,1.2000000000000002
2021,10,15,0,30,4.1000000000000005,0,0,0,0.16,29,0.8
2021,10,15,1,30,3.6,0,0,0,0.16,15,0.6000000000000001
2021,10,15,2,30,3.3000000000000003,0,0,0,0.16,180,0.5
2021,10,15,3,30,3.1,0,0,0,0.16,347,0.5
2021,10,15,4,30,2.8000000000000003,0,0,0,0.16,328,0.5
2021,10,15,5,30,2.6,0,0,0,0.16,311,0.5
2021,10,15,6,30,3.9000000000000004,28,2,28,0.16,311,0.7000000000000001
2021,10,15,7,30,6.4,64,637,226,0.16,165,0.9
2021,10,15,8,30,8.5,73,840,427,0.16,183,1.1
2021,10,15,9,30,10.100000000000001,81,919,590,0.16,350,1.3
2021,10,15,10,30,11.600000000000001,83,969,706,0.16,346,1.4000000000000001
2021,10,15,11,30,13,82,989,755,0.16,343,1.3
2021,10,15,12,30,14.100000000000001,80,993,742,0.16,343,1.3
2021,10,15,13,30,14.8,75,978,662,0.16,351,1.1
2021,10,15,14,30,15,67,932,521,0.16,198,0.8
2021,10,15,15,30,14.4,57,834,335,0.16,69,0.8
2021,10,15,16,30,11.700000000000001,39,600,130,0.16,112,0.9
2021,10,15,17,30,8.6,0,0,0,0.17,133,1
2021,10,15,18,30,6.9,0,0,0,0.17,151,1
2021,10,15,19,30,6,0,0,0,0.17,175,1
2021,10,15,20,30,5.2,0,0,0,0.17,204,1.1
2021,10,15,21,30,4.6000000000000005,0,0,0,0.17,229,1.2000000000000002
2021,10,15,22,30,4.2,0,0,0,0.17,247,1.3
2021,10,15,23,30,3.9000000000000004,0,0,0,0.17,258,1.4000000000000001
2021,10,16,0,30,3.6,0,0,0,0.17,268,1.5
2021,10,16,1,30,3.1,0,0,0,0.17,278,1.8
2021,10,16,2,30,2.7,0,0,0,0.17,287,2
2021,10,16,3,30,2.4000000000000004,0,0,0,0.17,293,2
2021,10,16,4,30,2.4000000000000004,0,0,0,0.17,297,1.9000000000000001
2021,10,16,5,30,2.7,0,0,0,0.17,300,1.7000000000000002
2021,10,16,6,30,5.2,23,333,43,0.17,301,1.8
2021,10,16,7,30,9.600000000000001,46,751,234,0.17,307,1.8
2021,10,16,8,30,13.100000000000001,58,891,430,0.17,333,1.2000000000000002
2021,10,16,9,30,15.9,65,957,591,0.17,216,0.9
2021,10,16,10,30,17.900000000000002,68,992,701,0.17,88,1.3
2021,10,16,11,30,19.3,67,1008,749,0.17,101,1.6
2021,10,16,12,30,20.200000000000003,67,1001,729,0.17,104,1.7000000000000002
2021,10,16,13,30,20.700000000000003,63,980,646,0.17,103,2
2021,10,16,14,30,20.400000000000002,57,936,508,0.17,103,2.4000000000000004
2021,10,16,15,30,18.900000000000002,49,841,326,0.17,103,2.5
2021,10,16,16,30,15,34,612,124,0.17,104,2
2021,10,16,17,30,11.100000000000001,0,0,0,0.17,111,1.5
2021,10,16,18,30,9.4,0,0,0,0.17,125,1.4000000000000001
2021,10,16,19,30,8.700000000000001,0,0,0,0.17,145,1.2000000000000002
2021,10,16,20,30,8.700000000000001,0,0,0,0.17,169,1.1
2021,10,16,21,30,8.8,0,0,0,0.17,203,1
2021,10,16,22,30,8.6,0,0,0,0.17,246,1
2021,10,16,23,30,8.1,0,0,0,0.17,285,1.1
2021,10,17,0,30,7.4,0,0,0,0.17,305,1.2000000000000002
2021,10,17,1,30,6.9,0,0,0,0.17,309,1.3
2021,10,17,2,30,6.5,0,0,0,0.17,301,1.3
2021,10,17,3,30,6,0,0,0,0.17,291,1.5
2021,10,17,4,30,5.6000000000000005,0,0,0,0.17,284,1.7000000000000002
2021,10,17,5,30,5.4,0,0,0,0.17,280,2
2021,10,17,6,30,7.5,22,340,42,0.17,278,2.5
2021,10,17,7,30,11.5,44,759,231,0.17,281,2.9000000000000004
2021,10,17,8,30,15.8,55,899,427,0.17,280,2.5
2021,10,17,9,30,19.700000000000003,61,972,591,0.17,266,1.9000000000000001
2021,10,17,10,30,22.700000000000003,64,1005,701,0.17,240,1.7000000000000002
2021,10,17,11,30,24.8,66,1017,749,0.17,211,1.7000000000000002
2021,10,17,12,30,26,65,1013,731,0.17,183,1.9000000000000001
2021,10,17,13,30,26.400000000000002,63,991,648,0.17,165,2.2
2021,10,17,14,30,26,58,943,508,0.17,153,2.4000000000000004
2021,10,17,15,30,23.8,50,838,321,0.17,139,2
2021,10,17,16,30,19.400000000000002,34,601,120,0.17,129,1.5
2021,10,17,17,30,15.4,0,0,0,0.17,135,1.4000000000000001
2021,10,17,18,30,13.8,0,0,0,0.17,169,1.2000000000000002
2021,10,17,19,30,13.200000000000001,0,0,0,0.17,216,1.3
2021,10,17,20,30,13.200000000000001,0,0,0,0.17,246,1.8
2021,10,17,21,30,13.100000000000001,0,0,0,0.17,256,2.2
2021,10,17,22,30,12.8,0,0,0,0.17,257,2.4000000000000004
2021,10,17,23,30,12.5,0,0,0,0.17,257,2.4000000000000004
2021,10,18,0,30,12.3,0,0,0,0.17,258,2.5
2021,10,18,1,30,12,0,0,0,0.17,260,2.5
2021,10,18,2,30,11.4,0,0,0,0.17,261,2.5
2021,10,18,3,30,10.8,0,0,0,0.17,261,2.6
2021,10,18,4,30,10.4,0,0,0,0.17,261,2.8000000000000003
2021,10,18,5,30,10.4,0,0,0,0.17,259,3
2021,10,18,6,30,12.100000000000001,14,0,14,0.17,258,3.6
2021,10,18,7,30,15.5,45,53,58,0.17,257,3.9000000000000004
2021,10,18,8,30,19.400000000000002,94,713,386,0.17,256,4
2021,10,18,9,30,22.5,84,867,553,0.17,253,4.1000000000000005
2021,10,18,10,30,24.200000000000003,73,954,673,0.17,245,3.8000000000000003
2021,10,18,11,30,25.200000000000003,73,970,720,0.17,233,3.6
2021,10,18,12,30,25.8,72,963,700,0.17,221,3.6
2021,10,18,13,30,25.900000000000002,70,936,618,0.17,213,3.6
2021,10,18,14,30,25.5,64,884,481,0.17,208,3.6
2021,10,18,15,30,24.1,53,786,304,0.17,209,2.8000000000000003
2021,10,18,16,30,20.400000000000002,34,548,110,0.17,213,1.9000000000000001
2021,10,18,17,30,16.900000000000002,0,0,0,0.17,219,1.8
2021,10,18,18,30,15.4,0,0,0,0.17,226,2.2
2021,10,18,19,30,14.5,0,0,0,0.17,228,2.6
2021,10,18,20,30,13.700000000000001,0,0,0,0.17,224,2.8000000000000003
2021,10,18,21,30,13.200000000000001,0,0,0,0.17,220,3
2021,10,18,22,30,12.9,0,0,0,0.17,222,3.5
2021,10,18,23,30,12.8,0,0,0,0.17,231,3.9000000000000004
2021,10,19,0,30,12.5,0,0,0,0.17,241,3.8000000000000003
2021,10,19,1,30,11.700000000000001,0,0,0,0.17,246,3.1
2021,10,19,2,30,10.700000000000001,0,0,0,0.17,248,2.6
2021,10,19,3,30,9.9,0,0,0,0.17,246,2.2
2021,10,19,4,30,9.3,0,0,0,0.17,243,2.1
2021,10,19,5,30,8.9,0,0,0,0.17,242,2
2021,10,19,6,30,10.4,22,263,35,0.17,243,2.6
2021,10,19,7,30,13.8,48,700,215,0.17,248,4
2021,10,19,8,30,16.5,62,858,410,0.17,257,5.7
2021,10,19,9,30,18.3,123,287,277,0.17,263,6.5
2021,10,19,10,30,19.400000000000002,71,976,681,0.17,267,6.5
2021,10,19,11,30,20.200000000000003,72,998,733,0.17,272,6.300000000000001
2021,10,19,12,30,20.700000000000003,70,995,714,0.17,276,5.800000000000001
2021,10,19,13,30,20.900000000000002,68,972,632,0.17,280,5.1000000000000005
2021,10,19,14,30,20.400000000000002,63,917,491,0.17,284,4.4
2021,10,19,15,30,19,54,803,306,0.17,292,3.3000000000000003
2021,10,19,16,30,16,35,537,107,0.17,323,2.5
2021,10,19,17,30,13,0,0,0,0.17,175,2.7
2021,10,19,18,30,11.100000000000001,0,0,0,0.17,180,3.4000000000000004
2021,10,19,19,30,9.700000000000001,0,0,0,0.17,357,3.1
2021,10,19,20,30,8.3,0,0,0,0.17,357,2
2021,10,19,21,30,6.9,0,0,0,0.17,182,1
2021,10,19,22,30,6.1000000000000005,0,0,0,0.17,23,0.6000000000000001
2021,10,19,23,30,5.6000000000000005,0,0,0,0.17,84,0.5
2021,10,20,0,30,4.9,0,0,0,0.17,139,0.6000000000000001
2021,10,20,1,30,4.2,0,0,0,0.17,153,0.7000000000000001
2021,10,20,2,30,3.6,0,0,0,0.17,157,0.6000000000000001
2021,10,20,3,30,3,0,0,0,0.17,157,0.5
2021,10,20,4,30,2.4000000000000004,0,0,0,0.17,150,0.4
2021,10,20,5,30,1.9000000000000001,0,0,0,0.17,232,0.30000000000000004
2021,10,20,6,30,3.2,20,265,33,0.17,210,0.5
2021,10,20,7,30,6.4,45,725,216,0.17,101,0.7000000000000001
2021,10,20,8,30,9.600000000000001,58,873,409,0.17,115,0.9
2021,10,20,9,30,12.4,65,943,568,0.17,128,1.1
2021,10,20,10,30,14.700000000000001,69,982,678,0.17,128,1.4000000000000001
2021,10,20,11,30,16.6,70,1001,728,0.17,122,1.5
2021,10,20,12,30,18.2,68,997,709,0.17,110,1.5
2021,10,20,13,30,19.3,65,974,626,0.17,98,1.6
2021,10,20,14,30,19.5,60,921,486,0.17,91,1.8
2021,10,20,15,30,18.3,51,818,304,0.17,89,2
2021,10,20,16,30,14.700000000000001,33,566,106,0.17,86,1.8
2021,10,20,17,30,11,0,0,0,0.17,86,1.5
2021,10,20,18,30,9.5,0,0,0,0.17,86,1.3
2021,10,20,19,30,8.8,0,0,0,0.17,74,1
2021,10,20,20,30,8.200000000000001,0,0,0,0.17,52,0.7000000000000001
2021,10,20,21,30,7.5,0,0,0,0.17,199,0.6000000000000001
2021,10,20,22,30,6.7,0,0,0,0.17,337,0.6000000000000001
2021,10,20,23,30,6,0,0,0,0.17,309,0.8
2021,10,21,0,30,5.6000000000000005,0,0,0,0.17,298,1
2021,10,21,1,30,5.300000000000001,0,0,0,0.17,291,1.4000000000000001
2021,10,21,2,30,5.1000000000000005,0,0,0,0.17,285,1.8
2021,10,21,3,30,4.9,0,0,0,0.17,280,2.1
2021,10,21,4,30,4.7,0,0,0,0.17,278,2.3000000000000003
2021,10,21,5,30,4.7,0,0,0,0.17,280,2.3000000000000003
2021,10,21,6,30,6.5,21,5,21,0.17,282,2.3000000000000003
2021,10,21,7,30,10.4,127,83,146,0.17,293,2.6
2021,10,21,8,30,14.3,198,214,283,0.17,329,2.4000000000000004
2021,10,21,9,30,17.3,252,262,391,0.17,188,1.9000000000000001
2021,10,21,10,30,19.3,309,232,452,0.17,31,1.6
2021,10,21,11,30,20.700000000000003,350,188,473,0.17,47,1.5
2021,10,21,12,30,21.5,288,354,514,0.17,59,1.5
2021,10,21,13,30,21.6,248,373,461,0.17,68,1.5
2021,10,21,14,30,21.200000000000003,213,316,358,0.17,80,1.7000000000000002
2021,10,21,15,30,19.6,52,790,293,0.17,94,1.6
2021,10,21,16,30,16.2,33,542,100,0.17,108,1.4000000000000001
2021,10,21,17,30,12.8,0,0,0,0.17,122,1.4000000000000001
2021,10,21,18,30,11.100000000000001,0,0,0,0.17,141,1.4000000000000001
2021,10,21,19,30,9.8,0,0,0,0.17,163,1.3
2021,10,21,20,30,9,0,0,0,0.17,186,1.3
2021,10,21,21,30,8.4,0,0,0,0.17,209,1.4000000000000001
2021,10,21,22,30,8.200000000000001,0,0,0,0.17,232,1.4000000000000001
2021,10,21,23,30,8,0,0,0,0.17,254,1.6
2021,10,22,0,30,7.7,0,0,0,0.17,272,1.7000000000000002
2021,10,22,1,30,7.2,0,0,0,0.17,280,2
2021,10,22,2,30,6.800000000000001,0,0,0,0.17,281,2.3000000000000003
2021,10,22,3,30,6.7,0,0,0,0.17,280,2.6
2021,10,22,4,30,6.6000000000000005,0,0,0,0.17,279,2.7
2021,10,22,5,30,6.5,0,0,0,0.17,279,2.6
2021,10,22,6,30,8.4,18,279,30,0.17,280,2.8000000000000003
2021,10,22,7,30,12.600000000000001,42,747,212,0.17,287,3
2021,10,22,8,30,16.900000000000002,54,892,405,0.17,308,2.6
2021,10,22,9,30,20.200000000000003,202,510,470,0.17,329,1.8
2021,10,22,10,30,22.400000000000002,99,889,643,0.17,342,1.3
2021,10,22,11,30,24,66,990,708,0.17,175,1.2000000000000002
2021,10,22,12,30,24.900000000000002,66,979,686,0.17,13,1.2000000000000002
2021,10,22,13,30,25.200000000000003,146,700,542,0.17,36,1.3
2021,10,22,14,30,24.8,62,889,464,0.17,65,1.7000000000000002
2021,10,22,15,30,22.900000000000002,111,457,248,0.17,89,1.9000000000000001
2021,10,22,16,30,18.900000000000002,64,106,77,0.17,103,2
2021,10,22,17,30,15.5,0,0,0,0.17,113,2.1
2021,10,22,18,30,13.700000000000001,0,0,0,0.17,126,1.9000000000000001
2021,10,22,19,30,12.3,0,0,0,0.17,151,1.6
2021,10,22,20,30,11.3,0,0,0,0.17,194,1.5
2021,10,22,21,30,10.9,0,0,0,0.17,232,1.9000000000000001
2021,10,22,22,30,10.600000000000001,0,0,0,0.17,251,2.3000000000000003
2021,10,22,23,30,10.200000000000001,0,0,0,0.17,262,2.8000000000000003
2021,10,23,0,30,9.700000000000001,0,0,0,0.17,267,3.2
2021,10,23,1,30,9.200000000000001,0,0,0,0.17,268,3.4000000000000004
2021,10,23,2,30,8.9,0,0,0,0.17,267,3.3000000000000003
2021,10,23,3,30,8.5,0,0,0,0.17,265,3.1
2021,10,23,4,30,8.200000000000001,0,0,0,0.17,264,2.9000000000000004
2021,10,23,5,30,8,0,0,0,0.17,264,2.8000000000000003
2021,10,23,6,30,9.600000000000001,18,264,28,0.17,264,3.1
2021,10,23,7,30,13.3,92,187,134,0.17,265,3.4000000000000004
2021,10,23,8,30,17.400000000000002,103,10,107,0.17,266,3.7
2021,10,23,9,30,20.8,183,26,197,0.17,266,4.2
2021,10,23,10,30,22.5,254,45,281,0.17,264,4.7
2021,10,23,11,30,23.200000000000003,266,56,302,0.17,259,5.300000000000001
2021,10,23,12,30,23.1,146,16,156,0.17,259,5.6000000000000005
2021,10,23,13,30,22.5,192,451,445,0.17,262,4.800000000000001
2021,10,23,14,30,22,179,113,230,0.17,259,3.4000000000000004
2021,10,23,15,30,20.900000000000002,129,99,158,0.17,247,2.3000000000000003
2021,10,23,16,30,18.6,59,52,65,0.17,234,1.7000000000000002
2021,10,23,17,30,16.7,0,0,0,0.17,228,2
2021,10,23,18,30,15.5,0,0,0,0.17,237,2.7
2021,10,23,19,30,14.5,0,0,0,0.17,255,3.4000000000000004
2021,10,23,20,30,13.8,0,0,0,0.17,272,4
2021,10,23,21,30,13.3,0,0,0,0.17,284,4.5
2021,10,23,22,30,12.5,0,0,0,0.17,290,4.800000000000001
2021,10,23,23,30,11.600000000000001,0,0,0,0.17,292,4.4
2021,10,24,0,30,10.600000000000001,0,0,0,0.17,296,3.6
2021,10,24,1,30,9.9,0,0,0,0.17,298,2.7
2021,10,24,2,30,9.3,0,0,0,0.17,296,1.8
2021,10,24,3,30,8.6,0,0,0,0.17,287,1.3
2021,10,24,4,30,8.4,0,0,0,0.17,269,1.2000000000000002
2021,10,24,5,30,8.3,0,0,0,0.17,254,1.2000000000000002
2021,10,24,6,30,9.5,17,179,23,0.17,252,1.5
2021,10,24,7,30,12.600000000000001,46,681,196,0.17,261,2
2021,10,24,8,30,15.9,183,195,258,0.17,282,2.7
2021,10,24,9,30,18.2,131,685,485,0.17,301,3.9000000000000004
2021,10,24,10,30,19.900000000000002,67,964,648,0.17,308,4.6000000000000005
2021,10,24,11,30,21.1,67,981,694,0.17,310,4.5
2021,10,24,12,30,21.900000000000002,63,976,672,0.17,312,3.6
2021,10,24,13,30,22.3,59,955,591,0.17,311,2.5
2021,10,24,14,30,22.3,77,812,437,0.17,321,1.5
2021,10,24,15,30,21.1,75,610,253,0.17,206,0.8
2021,10,24,16,30,18.1,28,479,81,0.17,92,1
2021,10,24,17,30,15.3,0,0,0,0.17,110,1.7000000000000002
2021,10,24,18,30,13.9,0,0,0,0.17,121,2
2021,10,24,19,30,12.600000000000001,0,0,0,0.17,132,1.9000000000000001
2021,10,24,20,30,11.700000000000001,0,0,0,0.17,150,1.5
2021,10,24,21,30,11,0,0,0,0.17,197,1.2000000000000002
2021,10,24,22,30,10.3,0,0,0,0.17,243,1.1
2021,10,24,23,30,9.4,0,0,0,0.17,259,1.1
2021,10,25,0,30,8.6,0,0,0,0.17,265,1.2000000000000002
2021,10,25,1,30,7.9,0,0,0,0.17,272,1.2000000000000002
2021,10,25,2,30,7.6000000000000005,0,0,0,0.17,278,1.2000000000000002
2021,10,25,3,30,7.4,0,0,0,0.17,284,1.3
2021,10,25,4,30,7,0,0,0,0.17,287,1.4000000000000001
2021,10,25,5,30,6.7,0,0,0,0.17,286,1.5
2021,10,25,6,30,7.7,8,0,8,0.17,286,1.9000000000000001
2021,10,25,7,30,10.700000000000001,21,0,21,0.17,287,2.2
2021,10,25,8,30,15,170,50,189,0.17,283,2.2
2021,10,25,9,30,19.8,232,284,377,0.17,273,2.1
2021,10,25,10,30,23.6,65,942,628,0.17,251,2
2021,10,25,11,30,26.200000000000003,64,961,674,0.17,227,2.2
2021,10,25,12,30,28,62,962,657,0.17,215,2.8000000000000003
2021,10,25,13,30,28.900000000000002,60,942,580,0.17,211,3.3000000000000003
2021,10,25,14,30,28.700000000000003,57,887,446,0.17,208,3.5
2021,10,25,15,30,26.400000000000002,47,781,271,0.17,204,2.8000000000000003
2021,10,25,16,30,21.700000000000003,29,505,83,0.17,198,1.8
2021,10,25,17,30,18,0,0,0,0.18,203,1.7000000000000002
2021,10,25,18,30,16.400000000000002,0,0,0,0.18,219,1.9000000000000001
2021,10,25,19,30,15.200000000000001,0,0,0,0.18,229,2.2
2021,10,25,20,30,14.200000000000001,0,0,0,0.18,233,2.5
2021,10,25,21,30,13.5,0,0,0,0.18,234,2.5
2021,10,25,22,30,13.100000000000001,0,0,0,0.18,235,2.6
2021,10,25,23,30,12.8,0,0,0,0.18,236,2.7
2021,10,26,0,30,12.5,0,0,0,0.18,238,2.7
2021,10,26,1,30,12.100000000000001,0,0,0,0.18,238,2.6
2021,10,26,2,30,11.600000000000001,0,0,0,0.18,234,2.4000000000000004
2021,10,26,3,30,11.3,0,0,0,0.18,228,2.3000000000000003
2021,10,26,4,30,11.3,0,0,0,0.18,225,2.5
2021,10,26,5,30,11.4,0,0,0,0.18,224,2.7
2021,10,26,6,30,12.8,15,186,20,0.18,222,2.9000000000000004
2021,10,26,7,30,16,41,690,188,0.18,217,3.9000000000000004
2021,10,26,8,30,19.3,52,851,374,0.18,219,5.5
2021,10,26,9,30,21.3,59,925,528,0.18,225,6.9
2021,10,26,10,30,22.1,66,952,631,0.18,227,7.7
2021,10,26,11,30,22.200000000000003,72,958,676,0.18,231,8.1
2021,10,26,12,30,21.6,174,609,548,0.18,238,8.200000000000001
2021,10,26,13,30,20.5,209,410,434,0.18,246,8.200000000000001
2021,10,26,14,30,19.1,62,892,449,0.18,254,7.7
2021,10,26,15,30,17.400000000000002,51,769,268,0.18,266,6.7
2021,10,26,16,30,15.100000000000001,40,298,71,0.18,282,5.9
2021,10,26,17,30,13,0,0,0,0.18,298,5.9
2021,10,26,18,30,11.5,0,0,0,0.18,318,6.4
2021,10,26,19,30,9.9,0,0,0,0.18,339,6.7
2021,10,26,20,30,8.6,0,0,0,0.18,346,6.1000000000000005
2021,10,26,21,30,8,0,0,0,0.18,344,4.7
2021,10,26,22,30,7.7,0,0,0,0.18,338,3.6
2021,10,26,23,30,7.300000000000001,0,0,0,0.18,331,2.9000000000000004
2021,10,27,0,30,6.7,0,0,0,0.18,318,2.4000000000000004
2021,10,27,1,30,6.1000000000000005,0,0,0,0.18,303,2.2
2021,10,27,2,30,5.7,0,0,0,0.18,294,2.3000000000000003
2021,10,27,3,30,5.2,0,0,0,0.18,291,2.6
2021,10,27,4,30,4.5,0,0,0,0.18,291,2.9000000000000004
2021,10,27,5,30,4.1000000000000005,0,0,0,0.18,297,3.3000000000000003
2021,10,27,6,30,5.1000000000000005,11,0,11,0.18,302,4
2021,10,27,7,30,7.7,52,648,188,0.18,309,5
2021,10,27,8,30,10.5,51,908,390,0.18,321,6
2021,10,27,9,30,12.8,57,978,549,0.18,330,6.4
2021,10,27,10,30,14.600000000000001,61,1002,651,0.18,336,6.2
2021,10,27,11,30,16,64,1012,697,0.18,343,5.9
2021,10,27,12,30,16.900000000000002,63,998,672,0.18,351,5.5
2021,10,27,13,30,17.3,61,972,589,0.18,356,5.2
2021,10,27,14,30,17.1,56,916,450,0.18,359,5.1000000000000005
2021,10,27,15,30,15.8,47,797,269,0.18,181,4.5
2021,10,27,16,30,12.700000000000001,29,491,78,0.18,7,3.2
2021,10,27,17,30,9.9,0,0,0,0.18,6,2.6
2021,10,27,18,30,8.8,0,0,0,0.18,174,3.1
2021,10,27,19,30,8,0,0,0,0.18,336,3.4000000000000004
2021,10,27,20,30,7.2,0,0,0,0.18,319,3.3000000000000003
2021,10,27,21,30,6.6000000000000005,0,0,0,0.18,305,3.3000000000000003
2021,10,27,22,30,6.1000000000000005,0,0,0,0.18,292,3.4000000000000004
2021,10,27,23,30,5.800000000000001,0,0,0,0.18,285,3.4000000000000004
2021,10,28,0,30,5.300000000000001,0,0,0,0.18,284,3.3000000000000003
2021,10,28,1,30,5,0,0,0,0.18,288,3.1
2021,10,28,2,30,4.6000000000000005,0,0,0,0.18,295,3
2021,10,28,3,30,4.2,0,0,0,0.18,303,2.7
2021,10,28,4,30,3.7,0,0,0,0.18,308,2.3000000000000003
2021,10,28,5,30,3.2,0,0,0,0.18,312,2
2021,10,28,6,30,4.4,9,0,9,0.18,316,2.3000000000000003
2021,10,28,7,30,7.1000000000000005,41,694,184,0.18,331,3.3000000000000003
2021,10,28,8,30,9.5,53,856,370,0.18,345,4
2021,10,28,9,30,11.700000000000001,61,931,526,0.18,346,4.1000000000000005
2021,10,28,10,30,14,64,966,629,0.18,350,4.1000000000000005
2021,10,28,11,30,15.9,64,980,673,0.18,178,4.2
2021,10,28,12,30,17.3,64,975,654,0.18,9,4.4
2021,10,28,13,30,18,61,950,572,0.18,17,4.4
2021,10,28,14,30,17.900000000000002,54,896,435,0.18,25,4.3
2021,10,28,15,30,16.5,45,782,259,0.18,37,3.6
2021,10,28,16,30,13,27,486,73,0.18,53,2.2
2021,10,28,17,30,9.700000000000001,0,0,0,0.18,71,1.3
2021,10,28,18,30,8.6,0,0,0,0.18,97,0.9
2021,10,28,19,30,8.1,0,0,0,0.18,149,0.7000000000000001
2021,10,28,20,30,7.4,0,0,0,0.18,207,0.9
2021,10,28,21,30,6.7,0,0,0,0.18,240,1.2000000000000002
2021,10,28,22,30,6.4,0,0,0,0.18,258,1.4000000000000001
2021,10,28,23,30,6.5,0,0,0,0.18,276,1.4000000000000001
2021,10,29,0,30,6.5,0,0,0,0.18,295,1.5
2021,10,29,1,30,6.2,0,0,0,0.18,312,1.5
2021,10,29,2,30,6,0,0,0,0.18,321,1.5
2021,10,29,3,30,5.9,0,0,0,0.18,321,1.4000000000000001
2021,10,29,4,30,6,0,0,0,0.18,307,1.5
2021,10,29,5,30,6,0,0,0,0.18,288,1.6
2021,10,29,6,30,7.5,14,183,17,0.18,276,1.7000000000000002
2021,10,29,7,30,11.5,38,701,180,0.18,269,2.3000000000000003
2021,10,29,8,30,15.700000000000001,50,864,366,0.18,256,2.1
2021,10,29,9,30,18.7,57,938,521,0.18,218,1.2000000000000002
2021,10,29,10,30,20.700000000000003,59,978,627,0.18,174,1.2000000000000002
2021,10,29,11,30,22.1,60,996,674,0.18,151,1.4000000000000001
2021,10,29,12,30,23.1,58,992,654,0.18,142,1.7000000000000002
2021,10,29,13,30,23.400000000000002,57,965,572,0.18,136,2
2021,10,29,14,30,23.1,53,908,435,0.18,129,2.3000000000000003
2021,10,29,15,30,21,44,794,258,0.18,122,2.2
2021,10,29,16,30,16.8,26,493,71,0.18,119,1.9000000000000001
2021,10,29,17,30,13.5,0,0,0,0.18,129,1.8
2021,10,29,18,30,11.9,0,0,0,0.18,148,1.6
2021,10,29,19,30,10.8,0,0,0,0.18,186,1.2000000000000002
2021,10,29,20,30,10.3,0,0,0,0.18,241,1.1
2021,10,29,21,30,10,0,0,0,0.18,278,1.6
2021,10,29,22,30,9.5,0,0,0,0.18,285,2.1
2021,10,29,23,30,9,0,0,0,0.18,282,2.5
2021,10,30,0,30,8.6,0,0,0,0.18,278,2.9000000000000004
2021,10,30,1,30,8.3,0,0,0,0.18,276,3.3000000000000003
2021,10,30,2,30,8.200000000000001,0,0,0,0.18,275,3.5
2021,10,30,3,30,8.200000000000001,0,0,0,0.18,275,3.6
2021,10,30,4,30,8.200000000000001,0,0,0,0.18,275,3.6
2021,10,30,5,30,8.1,0,0,0,0.18,276,3.4000000000000004
2021,10,30,6,30,9.5,11,160,14,0.18,277,3.6
2021,10,30,7,30,13,37,728,181,0.18,281,4
2021,10,30,8,30,17.2,48,882,367,0.18,300,4
2021,10,30,9,30,20.700000000000003,55,952,522,0.18,160,3.2
2021,10,30,10,30,22.8,59,987,628,0.18,35,2.4000000000000004
2021,10,30,11,30,23.900000000000002,60,1000,672,0.18,76,2.2
2021,10,30,12,30,24.5,60,995,653,0.18,93,2.4000000000000004
2021,10,30,13,30,24.6,56,965,567,0.18,98,2.7
2021,10,30,14,30,23.900000000000002,51,910,430,0.18,98,3.3000000000000003
2021,10,30,15,30,21.900000000000002,43,787,252,0.18,96,3.6
2021,10,30,16,30,18.400000000000002,26,477,67,0.18,94,3.9000000000000004
2021,10,30,17,30,15.200000000000001,0,0,0,0.18,95,4.4
2021,10,30,18,30,13,0,0,0,0.18,94,3.9000000000000004
2021,10,30,19,30,11.100000000000001,0,0,0,0.18,89,2.6
2021,10,30,20,30,9.5,0,0,0,0.18,81,1.5
2021,10,30,21,30,8.6,0,0,0,0.18,73,1.1
2021,10,30,22,30,8,0,0,0,0.18,72,0.9
2021,10,30,23,30,7.2,0,0,0,0.18,77,0.9
2021,10,31,0,30,6.300000000000001,0,0,0,0.18,85,1
2021,10,31,1,30,5.4,0,0,0,0.18,93,1.2000000000000002
2021,10,31,2,30,4.9,0,0,0,0.18,98,1.4000000000000001
2021,10,31,3,30,4.6000000000000005,0,0,0,0.18,100,1.7000000000000002
2021,10,31,4,30,4.5,0,0,0,0.18,97,1.9000000000000001
2021,10,31,5,30,4.2,0,0,0,0.18,93,2.1
2021,10,31,6,30,4.2,6,0,6,0.18,92,2.6
2021,10,31,7,30,4.6000000000000005,48,4,49,0.18,97,3.1
2021,10,31,8,30,5.1000000000000005,22,0,22,0.18,102,3
2021,10,31,9,30,6,34,0,34,0.18,104,2.6
2021,10,31,10,30,7.2,50,0,50,0.18,106,2.2
2021,10,31,11,30,8.5,107,1,108,0.18,105,2.1
2021,10,31,12,30,9.600000000000001,122,1,123,0.18,99,2.1
2021,10,31,13,30,10.3,94,1,95,0.18,93,2.5
2021,10,31,14,30,10.200000000000001,104,6,106,0.18,90,3.1
2021,10,31,15,30,9.200000000000001,86,76,106,0.18,86,3.4000000000000004
2021,10,31,16,30,7.7,20,0,20,0.18,82,3.4000000000000004
2021,10,31,17,30,5.300000000000001,0,0,0,0.42,61,1
2021,10,31,18,30,3.8000000000000003,0,0,0,0.42,34,0.7000000000000001
2021,10,31,19,30,2.4000000000000004,0,0,0,0.42,171,0.8
2021,10,31,20,30,1.8,0,0,0,0.42,320,1
2021,10,31,21,30,1.6,0,0,0,0.42,304,1.2000000000000002
2021,10,31,22,30,1.7000000000000002,0,0,0,0.42,292,1.4000000000000001
2021,10,31,23,30,1.8,0,0,0,0.42,281,1.5
2023,11,1,0,30,1.8,0,0,0,0.42,272,1.7000000000000002
2023,11,1,1,30,1.9000000000000001,0,0,0,0.42,266,1.9000000000000001
2023,11,1,2,30,1.9000000000000001,0,0,0,0.42,264,2.1
2023,11,1,3,30,2,0,0,0,0.42,265,2.2
2023,11,1,4,30,2.2,0,0,0,0.42,266,2.3000000000000003
2023,11,1,5,30,2.5,0,0,0,0.42,269,2.4000000000000004
2023,11,1,6,30,3.9000000000000004,8,1,8,0.42,271,2.6
2023,11,1,7,30,7.2,94,28,99,0.42,275,2.9000000000000004
2023,11,1,8,30,11,188,251,277,0.42,283,2.8000000000000003
2023,11,1,9,30,14.4,231,367,409,0.42,293,2.1
2023,11,1,10,30,17.3,133,764,568,0.42,308,1.7000000000000002
2023,11,1,11,30,19,61,1003,668,0.42,329,1.7000000000000002
2023,11,1,12,30,19.900000000000002,200,660,589,0.42,351,2
2023,11,1,13,30,20.1,168,620,492,0.42,188,2.2
2023,11,1,14,30,19.6,172,42,189,0.42,27,2.1
2023,11,1,15,30,17.1,104,140,140,0.42,54,1.6
2023,11,1,16,30,13.200000000000001,40,9,41,0.42,79,1.3
2023,11,1,17,30,10.8,0,0,0,0.18,94,1.3
2023,11,1,18,30,10,0,0,0,0.18,108,1.1
2023,11,1,19,30,9.4,0,0,0,0.18,142,0.7000000000000001
2023,11,1,20,30,8.8,0,0,0,0.18,223,0.7000000000000001
2023,11,1,21,30,7.800000000000001,0,0,0,0.18,294,1.1
2023,11,1,22,30,6.4,0,0,0,0.18,315,1.4000000000000001
2023,11,1,23,30,5.4,0,0,0,0.18,318,1.6
2023,11,2,0,30,4.7,0,0,0,0.18,310,1.7000000000000002
2023,11,2,1,30,4.2,0,0,0,0.18,297,1.9000000000000001
2023,11,2,2,30,3.9000000000000004,0,0,0,0.18,288,2.2
2023,11,2,3,30,3.8000000000000003,0,0,0,0.18,284,2.5
2023,11,2,4,30,3.8000000000000003,0,0,0,0.18,280,2.7
2023,11,2,5,30,4,0,0,0,0.18,277,2.8000000000000003
2023,11,2,6,30,5.4,11,136,12,0.18,277,3.1
2023,11,2,7,30,8.8,38,696,169,0.18,278,3.7
2023,11,2,8,30,12.700000000000001,49,870,355,0.18,285,3.7
2023,11,2,9,30,16.3,54,946,508,0.18,293,2.9000000000000004
2023,11,2,10,30,18.900000000000002,56,982,611,0.18,296,2.2
2023,11,2,11,30,20.5,57,996,655,0.18,293,1.8
2023,11,2,12,30,21.5,56,986,633,0.18,287,1.6
2023,11,2,13,30,22,55,957,551,0.18,285,1.6
2023,11,2,14,30,21.900000000000002,51,893,414,0.18,284,1.4000000000000001
2023,11,2,15,30,19.8,43,764,238,0.18,247,0.9
2023,11,2,16,30,16.2,27,391,57,0.18,207,0.6000000000000001
2023,11,2,17,30,13.9,0,0,0,0.18,225,1
2023,11,2,18,30,12.5,0,0,0,0.18,262,1.7000000000000002
2023,11,2,19,30,11.100000000000001,0,0,0,0.18,280,2.5
2023,11,2,20,30,10.4,0,0,0,0.18,284,2.9000000000000004
2023,11,2,21,30,9.9,0,0,0,0.18,282,3.2
2023,11,2,22,30,9.5,0,0,0,0.18,278,3.4000000000000004
2023,11,2,23,30,9,0,0,0,0.18,277,3.4000000000000004
2023,11,3,0,30,8.5,0,0,0,0.18,279,3.3000000000000003
2023,11,3,1,30,8.200000000000001,0,0,0,0.18,283,3.1
2023,11,3,2,30,8,0,0,0,0.18,284,3
2023,11,3,3,30,8,0,0,0,0.18,283,3
2023,11,3,4,30,7.9,0,0,0,0.18,281,3
2023,11,3,5,30,7.800000000000001,0,0,0,0.18,280,3
2023,11,3,6,30,9.1,6,1,6,0.18,279,3.3000000000000003
2023,11,3,7,30,12.3,38,2,38,0.18,283,4
2023,11,3,8,30,16,127,20,134,0.18,299,4
2023,11,3,9,30,19,226,231,336,0.18,327,3.4000000000000004
2023,11,3,10,30,21.1,240,123,309,0.18,349,2.8000000000000003
2023,11,3,11,30,22.5,212,19,223,0.18,184,2
2023,11,3,12,30,23.200000000000003,143,10,149,0.18,25,1.4000000000000001
2023,11,3,13,30,23.3,186,490,438,0.18,63,1.1
2023,11,3,14,30,22.900000000000002,190,215,276,0.18,99,1.4000000000000001
2023,11,3,15,30,20.8,110,27,117,0.18,115,1.5
2023,11,3,16,30,17.2,29,3,29,0.18,121,1.6
2023,11,3,17,30,14.700000000000001,0,0,0,0.18,131,1.8
2023,11,3,18,30,13.4,0,0,0,0.18,148,1.8
2023,11,3,19,30,11.8,0,0,0,0.18,174,1.5
2023,11,3,20,30,10.600000000000001,0,0,0,0.18,206,1.3
2023,11,3,21,30,10.200000000000001,0,0,0,0.18,240,1.1
2023,11,3,22,30,10,0,0,0,0.18,276,1.1
2023,11,3,23,30,9.5,0,0,0,0.18,295,1.2000000000000002
2023,11,4,0,30,8.8,0,0,0,0.18,294,1.5
2023,11,4,1,30,7.9,0,0,0,0.18,288,1.9000000000000001
2023,11,4,2,30,7.300000000000001,0,0,0,0.18,284,2.2
2023,11,4,3,30,7.2,0,0,0,0.18,282,2.6
2023,11,4,4,30,7.5,0,0,0,0.18,282,2.9000000000000004
2023,11,4,5,30,7.800000000000001,0,0,0,0.18,282,3.1
2023,11,4,6,30,8.6,8,88,8,0.18,286,3.4000000000000004
2023,11,4,7,30,11,44,585,150,0.18,294,3.8000000000000003
2023,11,4,8,30,14.5,50,852,343,0.18,314,4
2023,11,4,9,30,17.5,57,931,496,0.18,343,3.6
2023,11,4,10,30,19.400000000000002,60,971,600,0.18,186,2.9000000000000004
2023,11,4,11,30,20.700000000000003,59,988,644,0.18,27,2.2
2023,11,4,12,30,21.5,59,981,624,0.18,49,1.9000000000000001
2023,11,4,13,30,21.8,57,948,541,0.18,71,2
2023,11,4,14,30,21.400000000000002,54,882,405,0.18,88,2.3000000000000003
2023,11,4,15,30,19.3,44,756,231,0.18,100,2.3000000000000003
2023,11,4,16,30,15.4,24,411,53,0.18,109,2.1
2023,11,4,17,30,12.5,0,0,0,0.18,121,2.2
2023,11,4,18,30,11.200000000000001,0,0,0,0.18,137,2.2
2023,11,4,19,30,10,0,0,0,0.18,159,1.9000000000000001
2023,11,4,20,30,9.3,0,0,0,0.18,183,1.5
2023,11,4,21,30,8.8,0,0,0,0.18,206,1.2000000000000002
2023,11,4,22,30,8.3,0,0,0,0.18,232,1
2023,11,4,23,30,7.800000000000001,0,0,0,0.18,258,1.2000000000000002
2023,11,5,0,30,7.6000000000000005,0,0,0,0.18,269,1.8
2023,11,5,1,30,7.300000000000001,0,0,0,0.18,266,2.5
2023,11,5,2,30,7.1000000000000005,0,0,0,0.18,263,3
2023,11,5,3,30,7.2,0,0,0,0.18,261,3.5
2023,11,5,4,30,7.7,0,0,0,0.18,262,3.8000000000000003
2023,11,5,5,30,8.3,0,0,0,0.18,263,3.9000000000000004
2023,11,5,6,30,9.600000000000001,3,0,3,0.18,263,4
2023,11,5,7,30,12.3,48,3,49,0.18,261,4.3
2023,11,5,8,30,15.700000000000001,109,13,113,0.18,258,4.2
2023,11,5,9,30,19.700000000000003,175,33,190,0.18,259,4
2023,11,5,10,30,23,256,242,390,0.18,263,3.9000000000000004
2023,11,5,11,30,24.900000000000002,269,160,363,0.18,258,3.6
2023,11,5,12,30,25.8,200,506,489,0.18,250,3.4000000000000004
2023,11,5,13,30,26.200000000000003,216,367,402,0.18,247,3.2
2023,11,5,14,30,25.700000000000003,138,510,339,0.18,250,2.5
2023,11,5,15,30,23.3,85,480,202,0.18,248,1.5
2023,11,5,16,30,19.700000000000003,36,19,37,0.18,242,1.1
2023,11,5,17,30,17,0,0,0,0.17,251,1.3
2023,11,5,18,30,15,0,0,0,0.17,270,1.8
2023,11,5,19,30,13.5,0,0,0,0.17,282,2.3000000000000003
2023,11,5,20,30,13,0,0,0,0.17,287,2.6
2023,11,5,21,30,12.700000000000001,0,0,0,0.17,284,2.6
2023,11,5,22,30,12.3,0,0,0,0.17,277,2.5
2023,11,5,23,30,11.700000000000001,0,0,0,0.17,273,2.5
2023,11,6,0,30,11.3,0,0,0,0.17,273,2.4000000000000004
2023,11,6,1,30,11,0,0,0,0.17,276,2.1
2023,11,6,2,30,10.4,0,0,0,0.17,278,1.6
2023,11,6,3,30,9.600000000000001,0,0,0,0.17,279,1.2000000000000002
2023,11,6,4,30,8.700000000000001,0,0,0,0.17,276,1
2023,11,6,5,30,8.200000000000001,0,0,0,0.17,266,1
2023,11,6,6,30,8.8,4,0,4,0.17,253,1.2000000000000002
2023,11,6,7,30,11.3,61,15,64,0.17,246,1.5
2023,11,6,8,30,14.9,145,302,246,0.17,244,2.2
2023,11,6,9,30,18.2,64,898,480,0.17,255,3.2
2023,11,6,10,30,21,67,946,585,0.17,268,4.1000000000000005
2023,11,6,11,30,23.1,90,899,615,0.17,269,4.6000000000000005
2023,11,6,12,30,24.5,82,921,605,0.17,264,4.800000000000001
2023,11,6,13,30,25.200000000000003,80,875,519,0.17,257,4.7
2023,11,6,14,30,25,73,810,389,0.17,252,4
2023,11,6,15,30,22.400000000000002,45,745,224,0.17,244,2.9000000000000004
2023,11,6,16,30,18.400000000000002,23,391,48,0.17,239,2.3000000000000003
2023,11,6,17,30,15.700000000000001,0,0,0,0.18,241,2.7
2023,11,6,18,30,14.3,0,0,0,0.18,246,3.1
2023,11,6,19,30,13,0,0,0,0.18,250,3.3000000000000003
2023,11,6,20,30,12,0,0,0,0.18,252,3.3000000000000003
2023,11,6,21,30,11.200000000000001,0,0,0,0.18,253,3.2
2023,11,6,22,30,10.4,0,0,0,0.18,253,3.1
2023,11,6,23,30,9.8,0,0,0,0.18,253,3.2
2023,11,7,0,30,9.3,0,0,0,0.18,254,3.3000000000000003
2023,11,7,1,30,9,0,0,0,0.18,253,3.5
2023,11,7,2,30,8.8,0,0,0,0.18,251,3.8000000000000003
2023,11,7,3,30,8.700000000000001,0,0,0,0.18,250,4
2023,11,7,4,30,8.700000000000001,0,0,0,0.18,251,4.1000000000000005
2023,11,7,5,30,8.6,0,0,0,0.18,251,4.1000000000000005
2023,11,7,6,30,9.600000000000001,6,67,5,0.18,252,4.4
2023,11,7,7,30,12.5,36,688,153,0.18,252,4.9
2023,11,7,8,30,16.5,49,871,338,0.18,255,5.300000000000001
2023,11,7,9,30,20.200000000000003,57,950,493,0.18,261,5.7
2023,11,7,10,30,22.900000000000002,61,988,598,0.18,264,5.9
2023,11,7,11,30,24.5,62,1003,643,0.18,263,6
2023,11,7,12,30,25.5,61,997,623,0.18,259,6.1000000000000005
2023,11,7,13,30,25.8,57,965,537,0.18,255,6
2023,11,7,14,30,25.200000000000003,66,860,398,0.18,253,5.4
2023,11,7,15,30,22.5,101,356,185,0.18,251,4.1000000000000005
2023,11,7,16,30,18.400000000000002,30,27,32,0.18,250,3.2
2023,11,7,17,30,15.8,0,0,0,0.18,252,3.3000000000000003
2023,11,7,18,30,14.700000000000001,0,0,0,0.18,257,3.4000000000000004
2023,11,7,19,30,13.600000000000001,0,0,0,0.18,264,3.1
2023,11,7,20,30,12.5,0,0,0,0.18,274,2.8000000000000003
2023,11,7,21,30,11.4,0,0,0,0.18,282,2.5
2023,11,7,22,30,10.3,0,0,0,0.18,293,2.3000000000000003
2023,11,7,23,30,9.4,0,0,0,0.18,308,2.2
2023,11,8,0,30,8.5,0,0,0,0.18,321,2.1
2023,11,8,1,30,7.7,0,0,0,0.18,332,1.9000000000000001
2023,11,8,2,30,7,0,0,0,0.18,341,1.7000000000000002
2023,11,8,3,30,6.5,0,0,0,0.18,351,1.5
2023,11,8,4,30,6,0,0,0,0.18,179,1.4000000000000001
2023,11,8,5,30,5.5,0,0,0,0.18,6,1.3
2023,11,8,6,30,5.800000000000001,6,67,5,0.18,19,1.4000000000000001
2023,11,8,7,30,8.3,38,643,145,0.18,26,1.9000000000000001
2023,11,8,8,30,11.5,53,837,327,0.18,22,2.3000000000000003
2023,11,8,9,30,13.8,63,917,480,0.18,22,2.7
2023,11,8,10,30,15.100000000000001,69,947,580,0.18,28,3.3000000000000003
2023,11,8,11,30,15.600000000000001,75,948,620,0.18,35,4.2
2023,11,8,12,30,14.9,208,36,228,0.18,39,5.5
2023,11,8,13,30,13.3,142,15,149,0.18,38,6.7
2023,11,8,14,30,11.200000000000001,113,609,346,0.18,34,7
2023,11,8,15,30,9,81,3,82,0.18,31,6.5
2023,11,8,16,30,7.1000000000000005,10,0,10,0.18,28,5.2
2023,11,8,17,30,5.9,0,0,0,0.18,21,3.8000000000000003
2023,11,8,18,30,5.1000000000000005,0,0,0,0.18,9,2.9000000000000004
2023,11,8,19,30,4.6000000000000005,0,0,0,0.18,173,2.3000000000000003
2023,11,8,20,30,4.2,0,0,0,0.18,342,2
2023,11,8,21,30,3.8000000000000003,0,0,0,0.18,341,1.9000000000000001
2023,11,8,22,30,3.4000000000000004,0,0,0,0.18,346,1.7000000000000002
2023,11,8,23,30,2.7,0,0,0,0.18,352,1.4000000000000001
2023,11,9,0,30,2.1,0,0,0,0.18,354,1.2000000000000002
2023,11,9,1,30,1.9000000000000001,0,0,0,0.18,347,1
2023,11,9,2,30,1.9000000000000001,0,0,0,0.18,328,0.7000000000000001
2023,11,9,3,30,1.7000000000000002,0,0,0,0.18,269,0.6000000000000001
2023,11,9,4,30,1.3,0,0,0,0.18,214,0.7000000000000001
2023,11,9,5,30,0.7000000000000001,0,0,0,0.18,203,0.9
2023,11,9,6,30,1.3,1,0,1,0.18,197,1.2000000000000002
2023,11,9,7,30,3.6,65,9,66,0.18,191,2
2023,11,9,8,30,6.300000000000001,117,493,277,0.18,189,2.7
2023,11,9,9,30,8.6,76,862,465,0.18,193,2.3000000000000003
2023,11,9,10,30,10.4,315,85,361,0.18,196,1.3
2023,11,9,11,30,11.5,320,133,396,0.18,119,0.8
2023,11,9,12,30,12,82,923,595,0.18,45,1.3
2023,11,9,13,30,12.100000000000001,207,349,378,0.18,49,2.2
2023,11,9,14,30,11.600000000000001,69,820,380,0.18,54,2.8000000000000003
2023,11,9,15,30,10.100000000000001,91,416,187,0.18,62,2.6
2023,11,9,16,30,7.300000000000001,23,26,24,0.18,74,1.9000000000000001
2023,11,9,17,30,5.1000000000000005,0,0,0,0.18,91,1.5
2023,11,9,18,30,4.1000000000000005,0,0,0,0.18,112,1.3
2023,11,9,19,30,3.3000000000000003,0,0,0,0.18,137,1.3
2023,11,9,20,30,2.8000000000000003,0,0,0,0.18,163,1.3
2023,11,9,21,30,2.3000000000000003,0,0,0,0.18,183,1.3
2023,11,9,22,30,1.9000000000000001,0,0,0,0.18,198,1.4000000000000001
2023,11,9,23,30,1.5,0,0,0,0.18,210,1.3
2023,11,10,0,30,1.2000000000000002,0,0,0,0.18,220,1.3
2023,11,10,1,30,0.9,0,0,0,0.18,228,1.3
2023,11,10,2,30,0.7000000000000001,0,0,0,0.18,237,1.2000000000000002
2023,11,10,3,30,0.5,0,0,0,0.18,251,1.2000000000000002
2023,11,10,4,30,0.5,0,0,0,0.18,265,1.3
2023,11,10,5,30,0.30000000000000004,0,0,0,0.18,271,1.5
2023,11,10,6,30,1.1,4,30,3,0.18,271,1.9000000000000001
2023,11,10,7,30,3.5,39,596,134,0.18,275,2.5
2023,11,10,8,30,7.1000000000000005,57,804,314,0.18,288,2.6
2023,11,10,9,30,10.4,66,894,466,0.18,299,2.1
2023,11,10,10,30,12.8,71,940,571,0.18,300,1.4000000000000001
2023,11,10,11,30,14.100000000000001,72,958,615,0.18,297,0.9
2023,11,10,12,30,14.9,71,951,596,0.18,313,0.7000000000000001
2023,11,10,13,30,15.100000000000001,68,919,515,0.18,186,0.6000000000000001
2023,11,10,14,30,14.700000000000001,61,851,380,0.18,55,0.8
2023,11,10,15,30,12.8,48,705,208,0.18,73,0.9
2023,11,10,16,30,9.600000000000001,22,293,37,0.18,83,1
2023,11,10,17,30,7.4,0,0,0,0.18,94,1.2000000000000002
2023,11,10,18,30,6.4,0,0,0,0.18,108,1.1
2023,11,10,19,30,5.800000000000001,0,0,0,0.18,137,0.9
2023,11,10,20,30,5.5,0,0,0,0.18,189,0.7000000000000001
2023,11,10,21,30,5.1000000000000005,0,0,0,0.18,243,0.8
2023,11,10,22,30,4.3,0,0,0,0.18,272,1.2000000000000002
2023,11,10,23,30,3.4000000000000004,0,0,0,0.18,281,1.6
2023,11,11,0,30,2.8000000000000003,0,0,0,0.18,285,1.9000000000000001
2023,11,11,1,30,2.6,0,0,0,0.18,287,2
2023,11,11,2,30,2.4000000000000004,0,0,0,0.18,284,2
2023,11,11,3,30,2.3000000000000003,0,0,0,0.18,280,2.1
2023,11,11,4,30,2.1,0,0,0,0.18,278,2.1
2023,11,11,5,30,1.9000000000000001,0,0,0,0.18,279,2.2
2023,11,11,6,30,2.8000000000000003,4,38,3,0.18,280,2.5
2023,11,11,7,30,6,35,677,140,0.18,283,3.3000000000000003
2023,11,11,8,30,9.8,48,879,326,0.18,297,3.9000000000000004
2023,11,11,9,30,12.8,55,964,482,0.18,319,3.7
2023,11,11,10,30,14.8,58,1004,588,0.18,334,3.3000000000000003
2023,11,11,11,30,16.1,60,1018,633,0.18,340,3
2023,11,11,12,30,16.900000000000002,59,1009,612,0.18,346,2.5
2023,11,11,13,30,17.1,58,970,526,0.18,175,1.8
2023,11,11,14,30,16.7,53,904,389,0.18,22,1.2000000000000002
2023,11,11,15,30,14.3,43,765,214,0.18,73,0.8
2023,11,11,16,30,10.700000000000001,21,340,38,0.18,117,1
2023,11,11,17,30,8.200000000000001,0,0,0,0.18,146,1.2000000000000002
2023,11,11,18,30,6.4,0,0,0,0.18,178,1.2000000000000002
2023,11,11,19,30,5.300000000000001,0,0,0,0.18,212,1.4000000000000001
2023,11,11,20,30,4.7,0,0,0,0.18,243,1.8
2023,11,11,21,30,4.4,0,0,0,0.18,265,2.1
2023,11,11,22,30,4.2,0,0,0,0.18,275,2.4000000000000004
2023,11,11,23,30,4,0,0,0,0.18,278,2.7
2023,11,12,0,30,3.8000000000000003,0,0,0,0.18,281,2.8000000000000003
2023,11,12,1,30,3.7,0,0,0,0.18,286,2.9000000000000004
2023,11,12,2,30,3.6,0,0,0,0.18,291,2.7
2023,11,12,3,30,3.4000000000000004,0,0,0,0.18,296,2.4000000000000004
2023,11,12,4,30,3.3000000000000003,0,0,0,0.18,301,2.3000000000000003
2023,11,12,5,30,3.3000000000000003,0,0,0,0.18,305,2.2
2023,11,12,6,30,4.3,3,34,2,0.18,309,2.1
2023,11,12,7,30,8,35,639,132,0.18,315,2.4000000000000004
2023,11,12,8,30,12.5,49,844,313,0.18,333,2.7
2023,11,12,9,30,15.600000000000001,58,931,467,0.18,191,2.5
2023,11,12,10,30,17.8,61,974,571,0.18,50,2.4000000000000004
2023,11,12,11,30,19.1,61,992,616,0.18,77,2.5
2023,11,12,12,30,19.8,61,986,597,0.18,92,2.6
2023,11,12,13,30,19.8,58,959,517,0.18,100,2.7
2023,11,12,14,30,19,51,898,382,0.18,103,2.6
2023,11,12,15,30,15.8,40,761,208,0.18,101,1.9000000000000001
2023,11,12,16,30,11.3,20,345,36,0.18,104,1.6
2023,11,12,17,30,8.8,0,0,0,0.17,116,1.9000000000000001
2023,11,12,18,30,7.7,0,0,0,0.17,134,2
2023,11,12,19,30,6.800000000000001,0,0,0,0.17,154,1.7000000000000002
2023,11,12,20,30,6.4,0,0,0,0.17,175,1.4000000000000001
2023,11,12,21,30,6.2,0,0,0,0.17,194,1.1
2023,11,12,22,30,6.1000000000000005,0,0,0,0.17,211,0.9
2023,11,12,23,30,5.9,0,0,0,0.17,228,0.8
2023,11,13,0,30,5.5,0,0,0,0.17,241,0.8
2023,11,13,1,30,5.1000000000000005,0,0,0,0.17,246,0.9
2023,11,13,2,30,4.6000000000000005,0,0,0,0.17,249,1
2023,11,13,3,30,4.2,0,0,0,0.17,254,1
2023,11,13,4,30,3.8000000000000003,0,0,0,0.17,260,1.1
2023,11,13,5,30,3.5,0,0,0,0.17,267,1.2000000000000002
2023,11,13,6,30,4,0,0,0,0.17,272,1.2000000000000002
2023,11,13,7,30,6.800000000000001,32,660,130,0.17,274,1.4000000000000001
2023,11,13,8,30,10.700000000000001,45,863,311,0.17,241,1.4000000000000001
2023,11,13,9,30,13.9,51,956,467,0.17,190,2.2
2023,11,13,10,30,16.5,54,998,572,0.17,170,3.3000000000000003
2023,11,13,11,30,18.2,54,1014,617,0.17,168,3.5
2023,11,13,12,30,19.3,53,1009,598,0.17,164,3.2
2023,11,13,13,30,19.700000000000003,52,979,517,0.17,159,2.9000000000000004
2023,11,13,14,30,19.1,48,913,382,0.17,151,2.6
2023,11,13,15,30,16.2,39,776,208,0.17,142,2
2023,11,13,16,30,12,19,315,33,0.17,145,2
2023,11,13,17,30,9.8,0,0,0,0.17,164,2.3000000000000003
2023,11,13,18,30,8.5,0,0,0,0.17,190,2.2
2023,11,13,19,30,7.300000000000001,0,0,0,0.17,218,2.1
2023,11,13,20,30,6.6000000000000005,0,0,0,0.17,238,2.5
2023,11,13,21,30,6.4,0,0,0,0.17,249,2.8000000000000003
2023,11,13,22,30,6,0,0,0,0.17,252,3.3000000000000003
2023,11,13,23,30,5.6000000000000005,0,0,0,0.17,254,3.7
2023,11,14,0,30,5.2,0,0,0,0.17,255,4.1000000000000005
2023,11,14,1,30,4.9,0,0,0,0.17,256,4.3
2023,11,14,2,30,4.9,0,0,0,0.17,257,4.4
2023,11,14,3,30,5.1000000000000005,0,0,0,0.17,260,4.5
2023,11,14,4,30,5.300000000000001,0,0,0,0.17,263,4.4
2023,11,14,5,30,5.4,0,0,0,0.17,266,4.3
2023,11,14,6,30,6.2,0,0,0,0.17,268,4.4
2023,11,14,7,30,9.1,49,7,50,0.17,269,4.5
2023,11,14,8,30,12.9,158,109,191,0.17,270,4.2
2023,11,14,9,30,16.6,203,188,284,0.17,283,3.6
2023,11,14,10,30,19.8,122,776,522,0.17,309,2.8000000000000003
2023,11,14,11,30,21.6,56,1001,608,0.17,330,1.8
2023,11,14,12,30,22.5,55,998,590,0.17,188,1
2023,11,14,13,30,22.700000000000003,50,972,509,0.17,74,0.8
2023,11,14,14,30,22,45,911,375,0.17,112,0.9
2023,11,14,15,30,19,36,775,203,0.17,116,1
2023,11,14,16,30,15,18,317,31,0.17,125,1.2000000000000002
2023,11,14,17,30,12.4,0,0,0,0.17,143,1.3
2023,11,14,18,30,10.5,0,0,0,0.17,166,1.2000000000000002
2023,11,14,19,30,9.3,0,0,0,0.17,206,1.1
2023,11,14,20,30,9,0,0,0,0.17,253,1.4000000000000001
2023,11,14,21,30,8.4,0,0,0,0.17,280,2
2023,11,14,22,30,7.6000000000000005,0,0,0,0.17,289,2.4000000000000004
2023,11,14,23,30,7.1000000000000005,0,0,0,0.17,292,2.7
2023,11,15,0,30,6.800000000000001,0,0,0,0.17,294,2.7
2023,11,15,1,30,6.4,0,0,0,0.17,298,2.6
2023,11,15,2,30,6,0,0,0,0.17,304,2.3000000000000003
2023,11,15,3,30,5.800000000000001,0,0,0,0.17,312,2.1
2023,11,15,4,30,5.800000000000001,0,0,0,0.17,318,1.9000000000000001
2023,11,15,5,30,6,0,0,0,0.17,323,1.7000000000000002
2023,11,15,6,30,6.800000000000001,0,0,0,0.17,325,1.4000000000000001
2023,11,15,7,30,9.5,61,99,75,0.17,325,1.4000000000000001
2023,11,15,8,30,13.200000000000001,154,71,175,0.17,329,1.6
2023,11,15,9,30,15.700000000000001,218,295,344,0.17,174,1.4000000000000001
2023,11,15,10,30,17.5,62,956,551,0.17,48,1
2023,11,15,11,30,19,61,977,596,0.17,108,1.1
2023,11,15,12,30,20.3,265,231,388,0.17,142,1.3
2023,11,15,13,30,21.1,120,703,449,0.17,142,1.5
2023,11,15,14,30,20.900000000000002,50,879,366,0.17,124,1.5
2023,11,15,15,30,17.8,39,738,196,0.17,106,1.3
2023,11,15,16,30,13.700000000000001,19,236,28,0.17,107,1.4000000000000001
2023,11,15,17,30,11.5,0,0,0,0.17,129,1.4000000000000001
2023,11,15,18,30,10.700000000000001,0,0,0,0.17,163,1.1
2023,11,15,19,30,10.3,0,0,0,0.17,204,1.1
2023,11,15,20,30,10,0,0,0,0.17,240,1.8
2023,11,15,21,30,9.8,0,0,0,0.17,257,2.7
2023,11,15,22,30,9.600000000000001,0,0,0,0.17,261,3.4000000000000004
2023,11,15,23,30,9.8,0,0,0,0.17,262,4
2023,11,16,0,30,10,0,0,0,0.17,263,4.3
2023,11,16,1,30,10,0,0,0,0.17,263,4.3
2023,11,16,2,30,9.9,0,0,0,0.17,262,4.4
2023,11,16,3,30,10.100000000000001,0,0,0,0.17,261,4.6000000000000005
2023,11,16,4,30,10.200000000000001,0,0,0,0.17,260,4.5
2023,11,16,5,30,10.100000000000001,0,0,0,0.17,260,4.5
2023,11,16,6,30,10.200000000000001,0,0,0,0.17,261,4.800000000000001
2023,11,16,7,30,11.9,66,24,69,0.17,263,5.300000000000001
2023,11,16,8,30,15.5,123,346,226,0.17,267,5.4
2023,11,16,9,30,19.3,99,695,393,0.17,277,5.5
2023,11,16,10,30,22,55,944,534,0.17,286,5.6000000000000005
2023,11,16,11,30,23.400000000000002,55,965,580,0.17,289,5.4
2023,11,16,12,30,24,218,437,449,0.17,291,5.5
2023,11,16,13,30,23.900000000000002,53,932,487,0.17,293,5.5
2023,11,16,14,30,23.1,48,870,358,0.17,295,5.1000000000000005
2023,11,16,15,30,20.400000000000002,38,724,190,0.17,298,3.8000000000000003
2023,11,16,16,30,16.400000000000002,18,71,21,0.17,303,2.7
2023,11,16,17,30,13.8,0,0,0,0.17,310,2.4000000000000004
2023,11,16,18,30,12.4,0,0,0,0.17,327,2.2
2023,11,16,19,30,11.100000000000001,0,0,0,0.17,182,2.1
2023,11,16,20,30,9.9,0,0,0,0.17,37,2.1
2023,11,16,21,30,9,0,0,0,0.17,56,1.6
2023,11,16,22,30,8.1,0,0,0,0.17,71,1
2023,11,16,23,30,7.2,0,0,0,0.17,95,0.8
2023,11,17,0,30,6.300000000000001,0,0,0,0.17,123,0.8
2023,11,17,1,30,5.7,0,0,0,0.17,147,0.7000000000000001
2023,11,17,2,30,5.2,0,0,0,0.17,181,0.7000000000000001
2023,11,17,3,30,4.9,0,0,0,0.17,227,0.8
2023,11,17,4,30,4.7,0,0,0,0.17,264,1.2000000000000002
2023,11,17,5,30,4.5,0,0,0,0.17,278,1.7000000000000002
2023,11,17,6,30,5,0,0,0,0.17,279,2.2
2023,11,17,7,30,7.5,31,610,113,0.17,280,3
2023,11,17,8,30,11.4,46,829,289,0.17,286,3.3000000000000003
2023,11,17,9,30,15,53,919,439,0.17,299,2.8000000000000003
2023,11,17,10,30,17.6,56,964,542,0.17,316,2.3000000000000003
2023,11,17,11,30,19.1,56,982,587,0.17,340,1.6
2023,11,17,12,30,20,56,976,569,0.17,205,1.1
2023,11,17,13,30,20.200000000000003,54,946,491,0.17,71,1.1
2023,11,17,14,30,19.700000000000003,49,877,359,0.17,87,1.4000000000000001
2023,11,17,15,30,17.1,39,732,190,0.17,90,1.4000000000000001
2023,11,17,16,30,13.5,17,271,27,0.17,94,1.4000000000000001
2023,11,17,17,30,11.200000000000001,0,0,0,0.17,101,1.7000000000000002
2023,11,17,18,30,10,0,0,0,0.17,109,1.6
2023,11,17,19,30,9.1,0,0,0,0.17,122,1.3
2023,11,17,20,30,8.5,0,0,0,0.17,152,0.9
2023,11,17,21,30,8,0,0,0,0.17,218,0.7000000000000001
2023,11,17,22,30,7.1000000000000005,0,0,0,0.17,283,1
2023,11,17,23,30,6.1000000000000005,0,0,0,0.17,300,1.4000000000000001
2023,11,18,0,30,5.4,0,0,0,0.17,294,1.7000000000000002
2023,11,18,1,30,5.1000000000000005,0,0,0,0.17,287,2
2023,11,18,2,30,4.9,0,0,0,0.17,282,2.2
2023,11,18,3,30,4.6000000000000005,0,0,0,0.17,276,2.3000000000000003
2023,11,18,4,30,4.4,0,0,0,0.17,272,2.3000000000000003
2023,11,18,5,30,4.3,0,0,0,0.17,270,2.4000000000000004
2023,11,18,6,30,5,0,0,0,0.17,269,2.6
2023,11,18,7,30,7.9,29,628,111,0.17,273,3.2
2023,11,18,8,30,12.100000000000001,42,844,287,0.17,278,3.4000000000000004
2023,11,18,9,30,15.600000000000001,49,929,436,0.17,280,3.1
2023,11,18,10,30,18.3,70,912,526,0.17,281,3
2023,11,18,11,30,19.700000000000003,255,207,366,0.17,288,2.2
2023,11,18,12,30,20.3,225,216,338,0.17,265,1.6
2023,11,18,13,30,19.8,169,52,193,0.17,243,2
2023,11,18,14,30,17.900000000000002,109,107,147,0.17,249,2.2
2023,11,18,15,30,15.5,33,2,33,0.17,249,2.1
2023,11,18,16,30,13.5,12,1,12,0.17,247,3
2023,11,18,17,30,12,0,0,0,0.17,241,4
2023,11,18,18,30,10.600000000000001,0,0,0,0.17,236,4.3
2023,11,18,19,30,9.200000000000001,0,0,0,0.17,242,4.1000000000000005
2023,11,18,20,30,8.200000000000001,0,0,0,0.17,255,4.1000000000000005
2023,11,18,21,30,7.800000000000001,0,0,0,0.17,267,4.7
2023,11,18,22,30,7.4,0,0,0,0.17,275,4.9
2023,11,18,23,30,6.800000000000001,0,0,0,0.17,277,4.5
2023,11,19,0,30,6.2,0,0,0,0.17,276,4
2023,11,19,1,30,5.7,0,0,0,0.17,276,3.6
2023,11,19,2,30,5.300000000000001,0,0,0,0.17,278,3.3000000000000003
2023,11,19,3,30,4.9,0,0,0,0.17,279,3.1
2023,11,19,4,30,4.5,0,0,0,0.17,278,3
2023,11,19,5,30,4.3,0,0,0,0.17,277,2.9000000000000004
2023,11,19,6,30,4.800000000000001,0,0,0,0.17,277,2.9000000000000004
2023,11,19,7,30,7.300000000000001,55,16,57,0.17,280,3.5
2023,11,19,8,30,10.8,132,270,209,0.17,300,3.5
2023,11,19,9,30,13.5,204,276,318,0.17,161,2.8000000000000003
2023,11,19,10,30,14.8,228,340,397,0.17,11,2.2
2023,11,19,11,30,15.3,207,446,445,0.17,20,1.7000000000000002
2023,11,19,12,30,15.3,268,167,355,0.17,20,1.4000000000000001
2023,11,19,13,30,14.9,228,231,333,0.17,17,1.3
2023,11,19,14,30,14.100000000000001,180,86,210,0.17,20,1.3
2023,11,19,15,30,12.700000000000001,67,6,68,0.17,25,1
2023,11,19,16,30,11,10,0,10,0.17,30,0.9
2023,11,19,17,30,9.9,0,0,0,0.17,39,1
2023,11,19,18,30,9.200000000000001,0,0,0,0.17,49,1.1
2023,11,19,19,30,8.5,0,0,0,0.17,55,1
2023,11,19,20,30,8,0,0,0,0.17,44,1.1
2023,11,19,21,30,7.6000000000000005,0,0,0,0.17,194,1.6
2023,11,19,22,30,7,0,0,0,0.17,348,2.3000000000000003
2023,11,19,23,30,6.4,0,0,0,0.17,338,3.1
2023,11,20,0,30,6,0,0,0,0.17,331,3.7
2023,11,20,1,30,5.800000000000001,0,0,0,0.17,325,4.1000000000000005
2023,11,20,2,30,5.5,0,0,0,0.17,322,4.1000000000000005
2023,11,20,3,30,5.1000000000000005,0,0,0,0.17,322,3.9000000000000004
2023,11,20,4,30,4.800000000000001,0,0,0,0.17,325,3.9000000000000004
2023,11,20,5,30,4.7,0,0,0,0.17,331,4.2
2023,11,20,6,30,5.2,0,0,0,0.17,340,4.800000000000001
2023,11,20,7,30,6.4,34,2,34,0.17,347,5.7
2023,11,20,8,30,7.9,112,35,122,0.17,354,7
2023,11,20,9,30,8.8,174,33,187,0.17,358,8.1
2023,11,20,10,30,9.5,192,21,202,0.17,358,8.8
2023,11,20,11,30,9.9,222,41,244,0.17,358,9.200000000000001
2023,11,20,12,30,9.9,138,6,141,0.17,358,9.4
2023,11,20,13,30,9.600000000000001,122,5,124,0.17,357,9.200000000000001
2023,11,20,14,30,8.8,71,7,73,0.17,357,8.700000000000001
2023,11,20,15,30,7.800000000000001,54,6,55,0.17,357,7.4
2023,11,20,16,30,6.4,8,0,8,0.17,356,5.6000000000000005
2023,11,20,17,30,5,0,0,0,0.17,353,4.2
2023,11,20,18,30,4,0,0,0,0.17,348,3.6
2023,11,20,19,30,3.4000000000000004,0,0,0,0.17,342,3.4000000000000004
2023,11,20,20,30,3.2,0,0,0,0.17,340,3.6
2023,11,20,21,30,3.1,0,0,0,0.17,343,3.9000000000000004
2023,11,20,22,30,2.9000000000000004,0,0,0,0.17,345,4
2023,11,20,23,30,2.4000000000000004,0,0,0,0.17,347,3.9000000000000004
2023,11,21,0,30,1.8,0,0,0,0.17,346,3.5
2023,11,21,1,30,1,0,0,0,0.17,341,2.8000000000000003
2023,11,21,2,30,0.30000000000000004,0,0,0,0.17,334,2.1
2023,11,21,3,30,0,0,0,0,0.17,327,1.7000000000000002
2023,11,21,4,30,-0.1,0,0,0,0.17,321,1.4000000000000001
2023,11,21,5,30,-0.2,0,0,0,0.17,315,1.1
2023,11,21,6,30,0.4,0,0,0,0.17,308,0.9
2023,11,21,7,30,2.8000000000000003,31,564,99,0.17,311,0.8
2023,11,21,8,30,5.9,46,808,272,0.17,330,0.9
2023,11,21,9,30,8.200000000000001,53,914,424,0.17,342,1.1
2023,11,21,10,30,10.200000000000001,55,966,528,0.17,351,1.4000000000000001
2023,11,21,11,30,11.8,54,987,574,0.17,183,1.7000000000000002
2023,11,21,12,30,12.8,53,983,557,0.17,11,1.9000000000000001
2023,11,21,13,30,13.3,49,955,479,0.17,14,1.9000000000000001
2023,11,21,14,30,13.200000000000001,43,886,347,0.17,21,1.7000000000000002
2023,11,21,15,30,11.5,34,738,180,0.17,56,1.1
2023,11,21,16,30,9.200000000000001,14,233,21,0.17,106,0.8
2023,11,21,17,30,8,0,0,0,0.2,144,0.9
2023,11,21,18,30,7.1000000000000005,0,0,0,0.2,180,0.9
2023,11,21,19,30,6.2,0,0,0,0.2,213,1
2023,11,21,20,30,5.300000000000001,0,0,0,0.2,241,1.3
2023,11,21,21,30,4.5,0,0,0,0.2,261,1.4000000000000001
2023,11,21,22,30,3.9000000000000004,0,0,0,0.2,272,1.6
2023,11,21,23,30,3.5,0,0,0,0.2,275,1.8
2023,11,22,0,30,3.3000000000000003,0,0,0,0.2,274,1.9000000000000001
2023,11,22,1,30,3.2,0,0,0,0.2,272,2
2023,11,22,2,30,3.2,0,0,0,0.2,268,2
2023,11,22,3,30,3.2,0,0,0,0.2,265,2.1
2023,11,22,4,30,3.3000000000000003,0,0,0,0.2,263,2.3000000000000003
2023,11,22,5,30,3.6,0,0,0,0.2,262,2.5
2023,11,22,6,30,4.4,0,0,0,0.2,261,2.7
2023,11,22,7,30,7.300000000000001,64,40,69,0.2,261,3.3000000000000003
2023,11,22,8,30,11.4,122,316,209,0.2,261,3.7
2023,11,22,9,30,15.100000000000001,187,297,306,0.2,258,3.3000000000000003
2023,11,22,10,30,18.6,52,981,529,0.2,248,2.7
2023,11,22,11,30,21,51,1000,574,0.2,238,2.3000000000000003
2023,11,22,12,30,22.1,50,996,558,0.2,230,2
2023,11,22,13,30,22.5,49,966,481,0.2,225,1.8
2023,11,22,14,30,21.3,44,899,350,0.2,219,1.3
2023,11,22,15,30,17.7,34,755,182,0.2,208,1
2023,11,22,16,30,13.700000000000001,15,239,21,0.2,210,1.3
2023,11,22,17,30,11.700000000000001,0,0,0,0.2,230,1.7000000000000002
2023,11,22,18,30,10.5,0,0,0,0.2,252,2.4000000000000004
2023,11,22,19,30,9.4,0,0,0,0.2,270,3
2023,11,22,20,30,8.9,0,0,0,0.2,288,3.4000000000000004
2023,11,22,21,30,8.700000000000001,0,0,0,0.2,303,3.8000000000000003
2023,11,22,22,30,8.3,0,0,0,0.2,310,3.9000000000000004
2023,11,22,23,30,8.1,0,0,0,0.2,316,3.7
2023,11,23,0,30,8,0,0,0,0.2,324,3.5
2023,11,23,1,30,7.9,0,0,0,0.2,332,3.3000000000000003
2023,11,23,2,30,7.5,0,0,0,0.2,338,3.2
2023,11,23,3,30,7.1000000000000005,0,0,0,0.2,343,3.3000000000000003
2023,11,23,4,30,6.5,0,0,0,0.2,350,3.4000000000000004
2023,11,23,5,30,5.7,0,0,0,0.2,181,3.6
2023,11,23,6,30,4.800000000000001,0,0,0,0.2,11,4
2023,11,23,7,30,4.7,31,529,91,0.2,23,4.7
2023,11,23,8,30,5.1000000000000005,128,149,169,0.2,35,5
2023,11,23,9,30,5.7,195,231,287,0.2,40,4.7
2023,11,23,10,30,6.5,225,237,340,0.2,41,4.5
2023,11,23,11,30,7.1000000000000005,171,13,178,0.2,41,4.4
2023,11,23,12,30,7.5,190,32,206,0.2,44,4.3
2023,11,23,13,30,7.5,215,123,270,0.2,49,4.2
2023,11,23,14,30,6.9,136,18,142,0.2,55,4
2023,11,23,15,30,5.6000000000000005,17,0,17,0.2,63,3.9000000000000004
2023,11,23,16,30,4,8,0,8,0.2,72,3.9000000000000004
2023,11,23,17,30,2.7,0,0,0,0.76,79,4.2
2023,11,23,18,30,1.7000000000000002,0,0,0,0.76,82,4.4
2023,11,23,19,30,0.8,0,0,0,0.76,82,4.4
2023,11,23,20,30,0.1,0,0,0,0.76,82,4.4
2023,11,23,21,30,-0.5,0,0,0,0.76,83,4.5
2023,11,23,22,30,-1.2000000000000002,0,0,0,0.76,86,4.5
2023,11,23,23,30,-1.8,0,0,0,0.76,90,4.5
2023,11,24,0,30,-2.3000000000000003,0,0,0,0.76,92,4.4
2023,11,24,1,30,-2.8000000000000003,0,0,0,0.76,92,4.3
2023,11,24,2,30,-3.3000000000000003,0,0,0,0.76,91,4.2
2023,11,24,3,30,-3.8000000000000003,0,0,0,0.76,89,4.1000000000000005
2023,11,24,4,30,-4.3,0,0,0,0.76,88,3.9000000000000004
2023,11,24,5,30,-4.800000000000001,0,0,0,0.76,88,3.8000000000000003
2023,11,24,6,30,-5.2,0,0,0,0.76,89,3.6
2023,11,24,7,30,-5.2,40,125,54,0.76,91,3.6
2023,11,24,8,30,-4.7,79,1,79,0.76,94,3.5
2023,11,24,9,30,-3.7,85,0,85,0.76,97,3.5
2023,11,24,10,30,-2.7,113,0,113,0.76,101,3.6
2023,11,24,11,30,-1.8,238,2,239,0.76,101,3.7
2023,11,24,12,30,-1.4000000000000001,159,0,159,0.76,98,3.8000000000000003
2023,11,24,13,30,-1.5,93,430,283,0.76,97,4
2023,11,24,14,30,-1.9000000000000001,73,668,297,0.76,97,4.1000000000000005
2023,11,24,15,30,-2.8000000000000003,52,566,161,0.76,97,4
2023,11,24,16,30,-4.1000000000000005,15,135,18,0.76,93,3.8000000000000003
2023,11,24,17,30,-5.2,0,0,0,0.8,88,3.5
2023,11,24,18,30,-5.800000000000001,0,0,0,0.8,82,3.2
2023,11,24,19,30,-6.2,0,0,0,0.8,77,3.2
2023,11,24,20,30,-6.300000000000001,0,0,0,0.8,77,3.2
2023,11,24,21,30,-6.4,0,0,0,0.8,78,3.2
2023,11,24,22,30,-6.300000000000001,0,0,0,0.8,77,3.1
2023,11,24,23,30,-6.2,0,0,0,0.8,73,2.8000000000000003
2023,11,25,0,30,-6,0,0,0,0.8,68,2.7
2023,11,25,1,30,-5.9,0,0,0,0.8,67,2.5
2023,11,25,2,30,-5.800000000000001,0,0,0,0.8,66,2.1
2023,11,25,3,30,-5.6000000000000005,0,0,0,0.8,62,1.7000000000000002
2023,11,25,4,30,-5.2,0,0,0,0.8,52,1.5
2023,11,25,5,30,-5,0,0,0,0.8,45,1.6
2023,11,25,6,30,-5,0,0,0,0.8,43,1.9000000000000001
2023,11,25,7,30,-4.5,33,0,33,0.8,33,2.1
2023,11,25,8,30,-3,116,23,122,0.8,17,2.4000000000000004
2023,11,25,9,30,-1.2000000000000002,186,9,190,0.8,15,2.7
2023,11,25,10,30,0.4,278,4,280,0.8,23,3
2023,11,25,11,30,1.5,336,20,346,0.8,30,3.2
2023,11,25,12,30,2.1,306,23,318,0.8,34,3.2
2023,11,25,13,30,2.2,294,116,345,0.8,41,3.3000000000000003
2023,11,25,14,30,1.7000000000000002,174,188,237,0.8,49,3.4000000000000004
2023,11,25,15,30,0.1,74,267,125,0.8,56,3.1
2023,11,25,16,30,-1.7000000000000002,11,0,11,0.8,62,2.5
2023,11,25,17,30,-3,0,0,0,0.2,74,1.7000000000000002
2023,11,25,18,30,-3.5,0,0,0,0.2,117,0.9
2023,11,25,19,30,-3.9000000000000004,0,0,0,0.2,176,1
2023,11,25,20,30,-4.1000000000000005,0,0,0,0.2,206,1.3
2023,11,25,21,30,-4.1000000000000005,0,0,0,0.2,219,1.5
2023,11,25,22,30,-3.9000000000000004,0,0,0,0.2,229,1.5
2023,11,25,23,30,-3.7,0,0,0,0.2,241,1.4000000000000001
2023,11,26,0,30,-3.6,0,0,0,0.2,257,1.4000000000000001
2023,11,26,1,30,-3.5,0,0,0,0.2,277,1.5
2023,11,26,2,30,-3.6,0,0,0,0.2,293,1.6
2023,11,26,3,30,-3.8000000000000003,0,0,0,0.2,302,1.6
2023,11,26,4,30,-4,0,0,0,0.2,302,1.6
2023,11,26,5,30,-4.1000000000000005,0,0,0,0.2,298,1.5
2023,11,26,6,30,-3.7,0,0,0,0.2,291,1.3
2023,11,26,7,30,-1.5,29,571,88,0.2,274,1.6
2023,11,26,8,30,1.5,45,835,264,0.2,231,1.7000000000000002
2023,11,26,9,30,3.5,53,938,418,0.2,193,1.8
2023,11,26,10,30,4.9,58,985,524,0.2,180,2.1
2023,11,26,11,30,6,59,1003,572,0.2,169,2.5
2023,11,26,12,30,6.7,60,997,557,0.2,156,2.8000000000000003
2023,11,26,13,30,6.800000000000001,57,965,480,0.2,142,3.1
2023,11,26,14,30,6,51,896,348,0.2,128,3
2023,11,26,15,30,3,39,741,179,0.2,116,2.4000000000000004
2023,11,26,16,30,-0.6000000000000001,14,210,19,0.2,116,2.1
2023,11,26,17,30,-2,0,0,0,0.2,128,1.9000000000000001
2023,11,26,18,30,-2.5,0,0,0,0.2,145,1.5
2023,11,26,19,30,-2.7,0,0,0,0.2,175,0.9
2023,11,26,20,30,-2.9000000000000004,0,0,0,0.2,239,0.6000000000000001
2023,11,26,21,30,-3.2,0,0,0,0.2,291,0.9
2023,11,26,22,30,-3.4000000000000004,0,0,0,0.2,302,1.3
2023,11,26,23,30,-3.7,0,0,0,0.2,305,1.5
2023,11,27,0,30,-4,0,0,0,0.2,306,1.6
2023,11,27,1,30,-4.3,0,0,0,0.2,302,1.7000000000000002
2023,11,27,2,30,-4.5,0,0,0,0.2,297,1.8
2023,11,27,3,30,-4.6000000000000005,0,0,0,0.2,293,1.8
2023,11,27,4,30,-4.6000000000000005,0,0,0,0.2,292,1.7000000000000002
2023,11,27,5,30,-4.6000000000000005,0,0,0,0.2,296,1.5
2023,11,27,6,30,-4.1000000000000005,0,0,0,0.2,307,1.3
2023,11,27,7,30,-1.8,28,562,85,0.2,327,1.5
2023,11,27,8,30,1.1,45,828,260,0.2,186,1.6
2023,11,27,9,30,3.4000000000000004,53,933,413,0.2,50,1.4000000000000001
2023,11,27,10,30,5.1000000000000005,57,984,520,0.2,77,1.4000000000000001
2023,11,27,11,30,6.300000000000001,58,1004,568,0.2,94,1.5
2023,11,27,12,30,7,58,998,553,0.2,102,1.6
2023,11,27,13,30,7.2,55,968,477,0.2,105,1.8
2023,11,27,14,30,6.300000000000001,49,900,346,0.2,108,1.7000000000000002
2023,11,27,15,30,3,37,746,177,0.2,117,1.5
2023,11,27,16,30,-0.6000000000000001,15,217,19,0.2,135,1.5
2023,11,27,17,30,-1.9000000000000001,0,0,0,0.2,160,1.6
2023,11,27,18,30,-2,0,0,0,0.2,186,1.6
2023,11,27,19,30,-1.8,0,0,0,0.2,209,1.6
2023,11,27,20,30,-1.4000000000000001,0,0,0,0.2,229,1.5
2023,11,27,21,30,-0.9,0,0,0,0.2,250,1.5
2023,11,27,22,30,-0.6000000000000001,0,0,0,0.2,271,1.6
2023,11,27,23,30,-0.8,0,0,0,0.2,282,1.9000000000000001
2023,11,28,0,30,-1.2000000000000002,0,0,0,0.2,285,2.3000000000000003
2023,11,28,1,30,-1.3,0,0,0,0.2,284,2.8000000000000003
2023,11,28,2,30,-1.2000000000000002,0,0,0,0.2,280,3.2
2023,11,28,3,30,-1,0,0,0,0.2,277,3.3000000000000003
2023,11,28,4,30,-0.8,0,0,0,0.2,276,3.2
2023,11,28,5,30,-0.6000000000000001,0,0,0,0.2,276,3.1
2023,11,28,6,30,0.1,0,0,0,0.2,277,3.2
2023,11,28,7,30,2.6,26,579,83,0.2,279,3.8000000000000003
2023,11,28,8,30,6.2,41,843,257,0.2,285,4.2
2023,11,28,9,30,9.5,49,945,410,0.2,301,3.8000000000000003
2023,11,28,10,30,12.5,53,992,517,0.2,327,3.5
2023,11,28,11,30,14.200000000000001,56,1023,573,0.2,350,3.1
2023,11,28,12,30,14.9,55,1018,558,0.2,182,2.5
2023,11,28,13,30,14.8,53,988,481,0.2,16,1.7000000000000002
2023,11,28,14,30,13.100000000000001,48,919,350,0.2,50,1
2023,11,28,15,30,9.8,37,766,179,0.2,91,1
2023,11,28,16,30,6.6000000000000005,15,226,19,0.2,119,1.4000000000000001
2023,11,28,17,30,4.7,0,0,0,0.21,139,1.5
2023,11,28,18,30,3.8000000000000003,0,0,0,0.21,159,1.5
2023,11,28,19,30,3.2,0,0,0,0.21,181,1.4000000000000001
2023,11,28,20,30,3.1,0,0,0,0.21,206,1.4000000000000001
2023,11,28,21,30,3.2,0,0,0,0.21,229,1.3
2023,11,28,22,30,3.2,0,0,0,0.21,247,1.2000000000000002
2023,11,28,23,30,2.9000000000000004,0,0,0,0.21,259,1.1
2023,11,29,0,30,2.4000000000000004,0,0,0,0.21,263,1.2000000000000002
2023,11,29,1,30,1.8,0,0,0,0.21,262,1.4000000000000001
2023,11,29,2,30,1.2000000000000002,0,0,0,0.21,260,1.6
2023,11,29,3,30,0.8,0,0,0,0.21,262,1.8
2023,11,29,4,30,0.5,0,0,0,0.21,265,2
2023,11,29,5,30,0.4,0,0,0,0.21,265,2.2
2023,11,29,6,30,0.8,0,0,0,0.21,263,2.5
2023,11,29,7,30,2.8000000000000003,48,22,50,0.21,260,3.1
2023,11,29,8,30,6,58,741,245,0.21,257,3.4000000000000004
2023,11,29,9,30,9.1,51,938,407,0.21,251,3.2
2023,11,29,10,30,12.4,55,989,514,0.21,249,2.9000000000000004
2023,11,29,11,30,14.9,56,1008,563,0.21,257,2.5
2023,11,29,12,30,16,96,877,527,0.21,270,2.1
2023,11,29,13,30,16.1,98,793,440,0.21,285,1.8
2023,11,29,14,30,14.4,56,856,336,0.21,303,1.3
2023,11,29,15,30,11.100000000000001,36,739,172,0.21,326,0.9
2023,11,29,16,30,7.9,14,212,18,0.21,336,1
2023,11,29,17,30,5.800000000000001,0,0,0,0.19,328,1.2000000000000002
2023,11,29,18,30,4.2,0,0,0,0.19,319,1.4000000000000001
2023,11,29,19,30,3.1,0,0,0,0.19,315,1.6
2023,11,29,20,30,2.4000000000000004,0,0,0,0.19,316,1.7000000000000002
2023,11,29,21,30,1.8,0,0,0,0.19,320,1.8
2023,11,29,22,30,1.3,0,0,0,0.19,326,1.8
2023,11,29,23,30,0.8,0,0,0,0.19,331,1.8
2023,11,30,0,30,0.4,0,0,0,0.19,332,1.6
2023,11,30,1,30,0.30000000000000004,0,0,0,0.19,335,1.5
2023,11,30,2,30,0.5,0,0,0,0.19,341,1.5
2023,11,30,3,30,1,0,0,0,0.19,174,1.5
2023,11,30,4,30,1.2000000000000002,0,0,0,0.19,13,1.6
2023,11,30,5,30,0.8,0,0,0,0.19,27,1.5
2023,11,30,6,30,0.5,0,0,0,0.19,33,1.5
2023,11,30,7,30,1.1,38,155,52,0.19,30,1.6
2023,11,30,8,30,2.3000000000000003,130,71,148,0.19,33,2
2023,11,30,9,30,3.5,191,254,287,0.19,45,2.5
2023,11,30,10,30,4.5,186,521,427,0.19,53,2.6
2023,11,30,11,30,5.2,70,940,540,0.19,52,2.3000000000000003
2023,11,30,12,30,5.4,133,728,489,0.19,50,2.1
2023,11,30,13,30,5.300000000000001,171,502,387,0.19,50,2
2023,11,30,14,30,4.800000000000001,145,397,274,0.19,54,2
2023,11,30,15,30,3.3000000000000003,94,150,122,0.19,65,1.7000000000000002
2023,11,30,16,30,0.9,10,2,10,0.19,78,1.3
2023,11,30,17,30,-1,0,0,0,0.2,195,1
2023,11,30,18,30,-1.7000000000000002,0,0,0,0.2,335,1.1
2023,11,30,19,30,-2.4000000000000004,0,0,0,0.2,309,1.4000000000000001
2023,11,30,20,30,-3,0,0,0,0.2,303,1.6
2023,11,30,21,30,-3.4000000000000004,0,0,0,0.2,300,1.8
2023,11,30,22,30,-3.6,0,0,0,0.2,300,1.9000000000000001
2023,11,30,23,30,-3.8000000000000003,0,0,0,0.2,299,2
2016,12,1,0,30,-3.6,0,0,0,0.2,296,2
2016,12,1,1,30,-3.2,0,0,0,0.2,293,2
2016,12,1,2,30,-2.7,0,0,0,0.2,290,1.9000000000000001
2016,12,1,3,30,-2.5,0,0,0,0.2,287,1.8
2016,12,1,4,30,-2.4000000000000004,0,0,0,0.2,289,1.6
2016,12,1,5,30,-2.5,0,0,0,0.2,297,1.3
2016,12,1,6,30,-2.6,0,0,0,0.2,302,1.1
2016,12,1,7,30,-1.6,29,1,29,0.2,303,1.5
2016,12,1,8,30,0.6000000000000001,129,10,131,0.2,311,1.8
2016,12,1,9,30,2.6,52,912,391,0.2,328,1.7000000000000002
2016,12,1,10,30,4.2,56,964,497,0.2,344,1.6
2016,12,1,11,30,5.300000000000001,57,985,546,0.2,353,1.6
2016,12,1,12,30,6,57,979,533,0.2,181,1.5
2016,12,1,13,30,6.300000000000001,55,948,460,0.2,16,1.4000000000000001
2016,12,1,14,30,5.9,96,695,321,0.2,45,1.3
2016,12,1,15,30,3.5,100,75,114,0.2,75,1.3
2016,12,1,16,30,0.7000000000000001,0,0,0,0.2,93,1.4000000000000001
2016,12,1,17,30,-0.7000000000000001,0,0,0,0.2,106,1.5
2016,12,1,18,30,-1.3,0,0,0,0.2,115,1.4000000000000001
2016,12,1,19,30,-1.6,0,0,0,0.2,122,1.1
2016,12,1,20,30,-1.6,0,0,0,0.2,124,0.9
2016,12,1,21,30,-1.7000000000000002,0,0,0,0.2,108,0.7000000000000001
2016,12,1,22,30,-1.9000000000000001,0,0,0,0.2,71,0.6000000000000001
2016,12,1,23,30,-2.3000000000000003,0,0,0,0.2,34,0.6000000000000001
2016,12,2,0,30,-2.7,0,0,0,0.2,10,0.7000000000000001
2016,12,2,1,30,-3,0,0,0,0.2,3,0.8
2016,12,2,2,30,-3.3000000000000003,0,0,0,0.2,9,0.9
2016,12,2,3,30,-3.4000000000000004,0,0,0,0.2,19,1
2016,12,2,4,30,-3.3000000000000003,0,0,0,0.2,28,1.2000000000000002
2016,12,2,5,30,-3.2,0,0,0,0.2,33,1.4000000000000001
2016,12,2,6,30,-3,0,0,0,0.2,38,1.8
2016,12,2,7,30,-2.1,30,0,30,0.2,48,2.1
2016,12,2,8,30,-0.7000000000000001,79,5,80,0.2,77,2.3000000000000003
2016,12,2,9,30,0.7000000000000001,197,43,213,0.2,107,2.7
2016,12,2,10,30,1.3,197,21,206,0.2,116,3.1
2016,12,2,11,30,1.4000000000000001,278,102,328,0.2,114,3.3000000000000003
2016,12,2,12,30,1.6,271,106,323,0.2,106,3.4000000000000004
2016,12,2,13,30,1.7000000000000002,119,0,119,0.2,100,3.4000000000000004
2016,12,2,14,30,1.6,180,195,243,0.2,94,3.3000000000000003
2016,12,2,15,30,0.5,100,50,109,0.2,84,2.7
2016,12,2,16,30,-1.1,0,0,0,0.2,75,2.1
2016,12,2,17,30,-2.2,0,0,0,0.2,73,1.8
2016,12,2,18,30,-2.7,0,0,0,0.2,69,1.3
2016,12,2,19,30,-2.9000000000000004,0,0,0,0.2,66,0.9
2016,12,2,20,30,-2.8000000000000003,0,0,0,0.2,79,0.5
2016,12,2,21,30,-2.8000000000000003,0,0,0,0.2,115,0.30000000000000004
2016,12,2,22,30,-2.9000000000000004,0,0,0,0.2,154,0.30000000000000004
2016,12,2,23,30,-3.1,0,0,0,0.2,156,0.30000000000000004
2016,12,3,0,30,-3.4000000000000004,0,0,0,0.2,128,0.30000000000000004
2016,12,3,1,30,-3.7,0,0,0,0.2,104,0.30000000000000004
2016,12,3,2,30,-3.9000000000000004,0,0,0,0.2,82,0.30000000000000004
2016,12,3,3,30,-4,0,0,0,0.2,185,0.30000000000000004
2016,12,3,4,30,-4.1000000000000005,0,0,0,0.2,285,0.5
2016,12,3,5,30,-4.2,0,0,0,0.2,266,0.9
2016,12,3,6,30,-4,0,0,0,0.2,261,1.3
2016,12,3,7,30,-2.5,25,472,63,0.2,263,1.8
2016,12,3,8,30,0.30000000000000004,45,780,231,0.2,278,2.3000000000000003
2016,12,3,9,30,3.4000000000000004,54,899,383,0.2,296,2.5
2016,12,3,10,30,5.9,59,953,490,0.2,312,2.7
2016,12,3,11,30,7.5,61,983,545,0.2,327,2.7
2016,12,3,12,30,8.3,60,980,533,0.2,343,2.7
2016,12,3,13,30,8.3,56,952,459,0.2,181,2.7
2016,12,3,14,30,7,49,882,332,0.2,24,2.4000000000000004
2016,12,3,15,30,3.5,36,714,166,0.2,45,1.9000000000000001
2016,12,3,16,30,0.2,0,0,0,0.2,55,1.9000000000000001
2016,12,3,17,30,-0.8,0,0,0,0.2,50,1.8
2016,12,3,18,30,-1.2000000000000002,0,0,0,0.2,33,1.6
2016,12,3,19,30,-1.6,0,0,0,0.2,189,1.3
2016,12,3,20,30,-1.9000000000000001,0,0,0,0.2,347,1.2000000000000002
2016,12,3,21,30,-2.2,0,0,0,0.2,328,1.2000000000000002
2016,12,3,22,30,-2.4000000000000004,0,0,0,0.2,314,1.3
2016,12,3,23,30,-2.6,0,0,0,0.2,306,1.4000000000000001
2016,12,4,0,30,-2.7,0,0,0,0.2,301,1.5
2016,12,4,1,30,-2.8000000000000003,0,0,0,0.2,296,1.7000000000000002
2016,12,4,2,30,-3,0,0,0,0.2,292,1.9000000000000001
2016,12,4,3,30,-3.2,0,0,0,0.2,288,2.2
2016,12,4,4,30,-3.5,0,0,0,0.2,284,2.4000000000000004
2016,12,4,5,30,-3.7,0,0,0,0.2,280,2.4000000000000004
2016,12,4,6,30,-3.4000000000000004,0,0,0,0.2,277,2.5
2016,12,4,7,30,-1.6,31,0,31,0.2,276,3.1
2016,12,4,8,30,1.5,117,308,189,0.2,272,3
2016,12,4,9,30,4.800000000000001,46,922,381,0.2,250,2.2
2016,12,4,10,30,7.6000000000000005,49,973,487,0.2,230,1.9000000000000001
2016,12,4,11,30,9.600000000000001,51,992,537,0.2,226,1.7000000000000002
2016,12,4,12,30,11,51,988,526,0.2,221,1.5
2016,12,4,13,30,11.5,50,948,450,0.2,194,1.3
2016,12,4,14,30,9.9,44,880,326,0.2,161,1.2000000000000002
2016,12,4,15,30,6.2,34,716,163,0.2,159,1.2000000000000002
2016,12,4,16,30,3.1,0,0,0,0.2,183,1.3
2016,12,4,17,30,2.1,0,0,0,0.2,218,1.6
2016,12,4,18,30,2.3000000000000003,0,0,0,0.2,249,2.3000000000000003
2016,12,4,19,30,2.2,0,0,0,0.2,262,3
2016,12,4,20,30,1.7000000000000002,0,0,0,0.2,262,3.3000000000000003
2016,12,4,21,30,1.4000000000000001,0,0,0,0.2,259,3.6
2016,12,4,22,30,1.3,0,0,0,0.2,257,3.9000000000000004
2016,12,4,23,30,1.2000000000000002,0,0,0,0.2,256,4.1000000000000005
2016,12,5,0,30,1,0,0,0,0.2,255,4.2
2016,12,5,1,30,0.8,0,0,0,0.2,254,4.2
2016,12,5,2,30,0.6000000000000001,0,0,0,0.2,253,4.2
2016,12,5,3,30,0.4,0,0,0,0.2,253,4.1000000000000005
2016,12,5,4,30,0.30000000000000004,0,0,0,0.2,253,4.2
2016,12,5,5,30,0.30000000000000004,0,0,0,0.2,255,4.4
2016,12,5,6,30,0.7000000000000001,0,0,0,0.2,257,4.6000000000000005
2016,12,5,7,30,2.3000000000000003,37,10,37,0.2,259,5.2
2016,12,5,8,30,5.2,39,786,223,0.2,261,5.5
2016,12,5,9,30,8.5,48,899,373,0.2,268,5.9
2016,12,5,10,30,11.4,53,958,482,0.2,280,6.5
2016,12,5,11,30,13.100000000000001,51,984,531,0.2,289,6.5
2016,12,5,12,30,13.8,50,981,520,0.2,296,6
2016,12,5,13,30,13.4,48,951,449,0.2,300,5.300000000000001
2016,12,5,14,30,11.700000000000001,44,890,328,0.2,306,4
2016,12,5,15,30,7.800000000000001,34,732,166,0.2,317,2.5
2016,12,5,16,30,3.9000000000000004,0,0,0,0.2,326,1.8
2016,12,5,17,30,2.1,0,0,0,0.2,332,1.8
2016,12,5,18,30,1,0,0,0,0.2,171,1.7000000000000002
2016,12,5,19,30,0.2,0,0,0,0.2,28,1.9000000000000001
2016,12,5,20,30,-0.6000000000000001,0,0,0,0.2,67,2.1
2016,12,5,21,30,-2,0,0,0,0.2,92,2.2
2016,12,5,22,30,-3.5,0,0,0,0.2,104,2.1
2016,12,5,23,30,-4.5,0,0,0,0.2,109,2
2016,12,6,0,30,-5.300000000000001,0,0,0,0.2,110,2
2016,12,6,1,30,-5.9,0,0,0,0.2,111,2
2016,12,6,2,30,-6.2,0,0,0,0.2,114,2
2016,12,6,3,30,-6.4,0,0,0,0.2,124,2
2016,12,6,4,30,-6.5,0,0,0,0.2,135,2.1
2016,12,6,5,30,-6.5,0,0,0,0.2,141,2.3000000000000003
2016,12,6,6,30,-6.4,0,0,0,0.2,142,2.5
2016,12,6,7,30,-5.2,16,0,16,0.2,138,3.1
2016,12,6,8,30,-3,45,766,222,0.2,132,3.7
2016,12,6,9,30,-0.9,58,870,370,0.2,128,4
2016,12,6,10,30,0.7000000000000001,69,910,474,0.2,123,4.1000000000000005
2016,12,6,11,30,1.6,71,930,522,0.2,115,4.1000000000000005
2016,12,6,12,30,1.7000000000000002,78,900,508,0.2,107,4.1000000000000005
2016,12,6,13,30,1.3,217,259,326,0.2,99,3.9000000000000004
2016,12,6,14,30,0.9,144,371,262,0.2,88,3.4000000000000004
2016,12,6,15,30,0.2,37,0,37,0.2,74,2.8000000000000003
2016,12,6,16,30,-0.7000000000000001,0,0,0,0.2,63,2.7
2016,12,6,17,30,-1.4000000000000001,0,0,0,0.8,53,2.8000000000000003
2016,12,6,18,30,-1.9000000000000001,0,0,0,0.8,44,2.8000000000000003
2016,12,6,19,30,-2.6,0,0,0,0.8,39,2.8000000000000003
2016,12,6,20,30,-3.3000000000000003,0,0,0,0.8,37,2.7
2016,12,6,21,30,-4,0,0,0,0.8,37,2.7
2016,12,6,22,30,-4.6000000000000005,0,0,0,0.8,37,2.6
2016,12,6,23,30,-5,0,0,0,0.8,36,2.4000000000000004
2016,12,7,0,30,-5.1000000000000005,0,0,0,0.8,33,2.2
2016,12,7,1,30,-4.9,0,0,0,0.8,31,2.2
2016,12,7,2,30,-4.7,0,0,0,0.8,27,2.4000000000000004
2016,12,7,3,30,-4.5,0,0,0,0.8,24,2.9000000000000004
2016,12,7,4,30,-4.7,0,0,0,0.8,23,3.6
2016,12,7,5,30,-5.300000000000001,0,0,0,0.8,24,3.8000000000000003
2016,12,7,6,30,-6,0,0,0,0.8,27,3.7
2016,12,7,7,30,-5.800000000000001,36,3,37,0.8,27,3.6
2016,12,7,8,30,-4.6000000000000005,128,2,129,0.8,24,3.8000000000000003
2016,12,7,9,30,-3.2,265,107,303,0.8,21,3.7
2016,12,7,10,30,-2,150,0,150,0.8,21,3.6
2016,12,7,11,30,-1,215,0,215,0.8,29,3.5
2016,12,7,12,30,-0.4,376,57,403,0.8,41,3.4000000000000004
2016,12,7,13,30,-0.2,254,2,255,0.8,54,3.5
2016,12,7,14,30,-0.9,236,35,247,0.8,66,3.8000000000000003
2016,12,7,15,30,-2.6,105,30,111,0.8,75,3.8000000000000003
2016,12,7,16,30,-4.800000000000001,0,0,0,0.8,80,3.8000000000000003
2016,12,7,17,30,-6.300000000000001,0,0,0,0.8,81,3.7
2016,12,7,18,30,-7.300000000000001,0,0,0,0.8,79,3.6
2016,12,7,19,30,-8.1,0,0,0,0.8,75,3.2
2016,12,7,20,30,-8.6,0,0,0,0.8,71,2.7
2016,12,7,21,30,-8.8,0,0,0,0.8,69,2.4000000000000004
2016,12,7,22,30,-9,0,0,0,0.8,71,2.3000000000000003
2016,12,7,23,30,-9.200000000000001,0,0,0,0.8,75,2.3000000000000003
2016,12,8,0,30,-9.5,0,0,0,0.8,80,2.1
2016,12,8,1,30,-9.8,0,0,0,0.8,87,2.1
2016,12,8,2,30,-10.200000000000001,0,0,0,0.8,91,2
2016,12,8,3,30,-10.600000000000001,0,0,0,0.8,90,2
2016,12,8,4,30,-10.9,0,0,0,0.8,90,1.9000000000000001
2016,12,8,5,30,-11.3,0,0,0,0.8,88,1.8
2016,12,8,6,30,-11.3,0,0,0,0.8,85,1.8
2016,12,8,7,30,-10.600000000000001,25,0,25,0.8,88,2
2016,12,8,8,30,-9,124,2,125,0.8,99,2.1
2016,12,8,9,30,-7,229,11,233,0.8,108,1.9000000000000001
2016,12,8,10,30,-4.9,307,24,318,0.8,102,1.9000000000000001
2016,12,8,11,30,-2.8000000000000003,290,3,291,0.8,87,2
2016,12,8,12,30,-1.2000000000000002,284,3,285,0.8,77,2.1
2016,12,8,13,30,-0.4,205,1,205,0.8,77,2.5
2016,12,8,14,30,-0.6000000000000001,140,0,140,0.8,83,3
2016,12,8,15,30,-2.1,99,3,99,0.8,84,3.1
2016,12,8,16,30,-3.9000000000000004,0,0,0,0.8,80,2.9000000000000004
2016,12,8,17,30,-5.300000000000001,0,0,0,0.21,75,2.5
2016,12,8,18,30,-6.300000000000001,0,0,0,0.21,60,2.1
2016,12,8,19,30,-7.1000000000000005,0,0,0,0.21,40,1.9000000000000001
2016,12,8,20,30,-7.7,0,0,0,0.21,31,1.8
2016,12,8,21,30,-8,0,0,0,0.21,25,1.4000000000000001
2016,12,8,22,30,-8.1,0,0,0,0.21,13,1.2000000000000002
2016,12,8,23,30,-8,0,0,0,0.21,3,1.2000000000000002
2016,12,9,0,30,-7.800000000000001,0,0,0,0.21,1,1.3
2016,12,9,1,30,-7.4,0,0,0,0.21,180,1.1
2016,12,9,2,30,-6.9,0,0,0,0.21,358,0.9
2016,12,9,3,30,-6.4,0,0,0,0.21,301,0.8
2016,12,9,4,30,-6,0,0,0,0.21,240,0.8
2016,12,9,5,30,-5.5,0,0,0,0.21,237,1.1
2016,12,9,6,30,-5,0,0,0,0.21,240,1.5
2016,12,9,7,30,-3.1,20,456,50,0.21,244,2.1
2016,12,9,8,30,0.5,38,774,212,0.21,249,3
2016,12,9,9,30,4.4,47,895,361,0.21,260,3.8000000000000003
2016,12,9,10,30,7.9,51,950,468,0.21,275,4.4
2016,12,9,11,30,10.3,56,965,520,0.21,287,4.7
2016,12,9,12,30,11.4,56,956,508,0.21,293,4.3
2016,12,9,13,30,11,153,486,356,0.21,295,2.9000000000000004
2016,12,9,14,30,9.600000000000001,106,571,288,0.21,291,1.4000000000000001
2016,12,9,15,30,7.7,89,174,120,0.21,267,0.9
2016,12,9,16,30,5.7,0,0,0,0.21,241,0.9
2016,12,9,17,30,4.1000000000000005,0,0,0,0.21,237,1
2016,12,9,18,30,3.1,0,0,0,0.21,250,1.2000000000000002
2016,12,9,19,30,2.5,0,0,0,0.21,264,1.5
2016,12,9,20,30,1.8,0,0,0,0.21,276,2
2016,12,9,21,30,1.2000000000000002,0,0,0,0.21,279,2.5
2016,12,9,22,30,0.8,0,0,0,0.21,275,2.8000000000000003
2016,12,9,23,30,0.5,0,0,0,0.21,269,3.1
2016,12,10,0,30,0.30000000000000004,0,0,0,0.21,264,3.5
2016,12,10,1,30,0.2,0,0,0,0.21,261,3.8000000000000003
2016,12,10,2,30,0.2,0,0,0,0.21,258,3.9000000000000004
2016,12,10,3,30,0.30000000000000004,0,0,0,0.21,256,4.1000000000000005
2016,12,10,4,30,0.2,0,0,0,0.21,255,4.2
2016,12,10,5,30,0.1,0,0,0,0.21,254,4.3
2016,12,10,6,30,0.30000000000000004,0,0,0,0.21,254,4.3
2016,12,10,7,30,1.7000000000000002,30,5,30,0.21,255,4.7
2016,12,10,8,30,4.5,112,220,160,0.21,252,4.800000000000001
2016,12,10,9,30,7.7,176,192,243,0.21,251,4.800000000000001
2016,12,10,10,30,10.700000000000001,198,358,355,0.21,252,5.1000000000000005
2016,12,10,11,30,13.100000000000001,160,627,461,0.21,254,5.2
2016,12,10,12,30,14.200000000000001,218,485,448,0.21,254,4.9
2016,12,10,13,30,13.9,210,359,360,0.21,253,4.2
2016,12,10,14,30,11.9,45,858,317,0.21,255,3.8000000000000003
2016,12,10,15,30,8.6,96,76,110,0.21,260,3.6
2016,12,10,16,30,5.6000000000000005,0,0,0,0.21,265,3.5
2016,12,10,17,30,4.1000000000000005,0,0,0,0.21,266,3.6
2016,12,10,18,30,3.6,0,0,0,0.21,267,3.8000000000000003
2016,12,10,19,30,3.5,0,0,0,0.21,267,3.8000000000000003
2016,12,10,20,30,3.2,0,0,0,0.21,267,3.7
2016,12,10,21,30,2.7,0,0,0,0.21,265,3.5
2016,12,10,22,30,2.5,0,0,0,0.21,263,3.4000000000000004
2016,12,10,23,30,2.4000000000000004,0,0,0,0.21,261,3.5
2016,12,11,0,30,2.5,0,0,0,0.21,260,3.6
2016,12,11,1,30,2.7,0,0,0,0.21,261,3.7
2016,12,11,2,30,3,0,0,0,0.21,262,3.7
2016,12,11,3,30,3.1,0,0,0,0.21,264,3.5
2016,12,11,4,30,2.9000000000000004,0,0,0,0.21,274,3.1
2016,12,11,5,30,2.8000000000000003,0,0,0,0.21,303,2.7
2016,12,11,6,30,3,0,0,0,0.21,168,2.4000000000000004
2016,12,11,7,30,3.4000000000000004,17,0,17,0.21,22,2.4000000000000004
2016,12,11,8,30,4.7,70,4,70,0.21,42,2.7
2016,12,11,9,30,6.6000000000000005,55,861,354,0.21,59,2.7
2016,12,11,10,30,8.4,60,927,464,0.21,57,2.1
2016,12,11,11,30,10.100000000000001,61,961,521,0.21,177,2.1
2016,12,11,12,30,11.3,58,965,512,0.21,303,3.2
2016,12,11,13,30,11.600000000000001,51,952,447,0.21,296,4
2016,12,11,14,30,10.3,44,898,328,0.21,292,3.8000000000000003
2016,12,11,15,30,7.4,33,764,170,0.21,296,2.9000000000000004
2016,12,11,16,30,4.3,0,0,0,0.21,302,2.2
2016,12,11,17,30,2.5,0,0,0,0.21,307,1.9000000000000001
2016,12,11,18,30,1.6,0,0,0,0.21,308,1.7000000000000002
2016,12,11,19,30,1,0,0,0,0.21,302,1.5
2016,12,11,20,30,0.5,0,0,0,0.21,287,1.4000000000000001
2016,12,11,21,30,0,0,0,0,0.21,263,1.4000000000000001
2016,12,11,22,30,-0.5,0,0,0,0.21,245,1.7000000000000002
2016,12,11,23,30,-0.8,0,0,0,0.21,239,2
2016,12,12,0,30,-0.9,0,0,0,0.21,239,2.3000000000000003
2016,12,12,1,30,-0.9,0,0,0,0.21,245,2.5
2016,12,12,2,30,-1,0,0,0,0.21,254,2.7
2016,12,12,3,30,-1.2000000000000002,0,0,0,0.21,261,2.8000000000000003
2016,12,12,4,30,-1.4000000000000001,0,0,0,0.21,263,2.7
2016,12,12,5,30,-1.5,0,0,0,0.21,262,2.6
2016,12,12,6,30,-1.1,0,0,0,0.21,261,2.5
2016,12,12,7,30,0.5,23,1,23,0.21,260,2.9000000000000004
2016,12,12,8,30,3.6,101,23,106,0.21,259,3.4000000000000004
2016,12,12,9,30,7.2,189,108,226,0.21,262,4
2016,12,12,10,30,10.5,228,252,338,0.21,273,4.7
2016,12,12,11,30,12.4,254,215,357,0.21,283,5.4
2016,12,12,12,30,13.200000000000001,280,221,384,0.21,288,5.7
2016,12,12,13,30,12.9,52,933,440,0.21,290,5.6000000000000005
2016,12,12,14,30,11.3,46,865,319,0.21,294,4.9
2016,12,12,15,30,8.1,34,713,162,0.21,300,3.7
2016,12,12,16,30,4.9,0,0,0,0.21,304,2.7
2016,12,12,17,30,3.3000000000000003,0,0,0,0.21,306,2.2
2016,12,12,18,30,2.8000000000000003,0,0,0,0.21,302,2
2016,12,12,19,30,2.6,0,0,0,0.21,296,2.2
2016,12,12,20,30,2.3000000000000003,0,0,0,0.21,291,2.4000000000000004
2016,12,12,21,30,1.8,0,0,0,0.21,288,2.5
2016,12,12,22,30,1.2000000000000002,0,0,0,0.21,288,2.6
2016,12,12,23,30,0.6000000000000001,0,0,0,0.21,289,2.5
2016,12,13,0,30,-0.1,0,0,0,0.21,292,2.3000000000000003
2016,12,13,1,30,-0.8,0,0,0,0.21,298,1.9000000000000001
2016,12,13,2,30,-1.4000000000000001,0,0,0,0.21,313,1.5
2016,12,13,3,30,-2.1,0,0,0,0.21,338,1.2000000000000002
2016,12,13,4,30,-2.6,0,0,0,0.21,190,1
2016,12,13,5,30,-2.9000000000000004,0,0,0,0.21,44,1
2016,12,13,6,30,-3.2,0,0,0,0.21,75,1.1
2016,12,13,7,30,-2.1,27,3,27,0.21,101,1.4000000000000001
2016,12,13,8,30,0.4,40,764,205,0.21,120,1.5
2016,12,13,9,30,3,51,891,357,0.21,128,1.5
2016,12,13,10,30,5.4,56,949,467,0.21,130,1.3
2016,12,13,11,30,7.300000000000001,57,974,521,0.21,128,1.2000000000000002
2016,12,13,12,30,8.5,127,686,449,0.21,119,1.2000000000000002
2016,12,13,13,30,9,156,549,384,0.21,75,1.2000000000000002
2016,12,13,14,30,8,150,413,281,0.21,40,1.1
2016,12,13,15,30,5.2,99,81,114,0.21,27,1
2016,12,13,16,30,2.6,6,0,6,0.21,185,0.9
2016,12,13,17,30,1.7000000000000002,0,0,0,0.21,345,0.8
2016,12,13,18,30,1.3,0,0,0,0.21,316,0.9
2016,12,13,19,30,1.2000000000000002,0,0,0,0.21,286,0.9
2016,12,13,20,30,1.3,0,0,0,0.21,268,1.1
2016,12,13,21,30,1.3,0,0,0,0.21,259,1.2000000000000002
2016,12,13,22,30,1.2000000000000002,0,0,0,0.21,258,1.4000000000000001
2016,12,13,23,30,1.1,0,0,0,0.21,261,1.5
2016,12,14,0,30,0.8,0,0,0,0.21,272,1.5
2016,12,14,1,30,0.2,0,0,0,0.21,290,1.4000000000000001
2016,12,14,2,30,-0.6000000000000001,0,0,0,0.21,325,1.4000000000000001
2016,12,14,3,30,-1.5,0,0,0,0.21,190,1.7000000000000002
2016,12,14,4,30,-2.3000000000000003,0,0,0,0.21,35,2.4000000000000004
2016,12,14,5,30,-2.9000000000000004,0,0,0,0.21,51,2.5
2016,12,14,6,30,-3.2,0,0,0,0.21,73,2.4000000000000004
2016,12,14,7,30,-2.6,19,359,39,0.21,93,2.9000000000000004
2016,12,14,8,30,-1.1,43,715,195,0.21,104,3.5
2016,12,14,9,30,0.7000000000000001,54,850,345,0.21,109,3.6
2016,12,14,10,30,2.7,164,478,371,0.21,108,3.4000000000000004
2016,12,14,11,30,4.4,63,930,504,0.21,103,3.3000000000000003
2016,12,14,12,30,5.5,62,924,496,0.21,96,3.3000000000000003
2016,12,14,13,30,5.9,57,898,430,0.21,92,3.4000000000000004
2016,12,14,14,30,5,53,817,311,0.21,89,3.4000000000000004
2016,12,14,15,30,2.5,39,656,157,0.21,85,2.9000000000000004
2016,12,14,16,30,-0.2,11,198,15,0.21,76,2.5
2016,12,14,17,30,-1.7000000000000002,0,0,0,0.21,69,2.4000000000000004
2016,12,14,18,30,-2.4000000000000004,0,0,0,0.21,68,2.4000000000000004
2016,12,14,19,30,-2.8000000000000003,0,0,0,0.21,70,2.4000000000000004
2016,12,14,20,30,-3.3000000000000003,0,0,0,0.21,75,2.4000000000000004
2016,12,14,21,30,-3.8000000000000003,0,0,0,0.21,84,2.2
2016,12,14,22,30,-4.1000000000000005,0,0,0,0.21,94,2
2016,12,14,23,30,-4.1000000000000005,0,0,0,0.21,99,1.7000000000000002
2016,12,15,0,30,-3.9000000000000004,0,0,0,0.21,96,1.4000000000000001
2016,12,15,1,30,-3.4000000000000004,0,0,0,0.21,89,1.4000000000000001
2016,12,15,2,30,-2.9000000000000004,0,0,0,0.21,87,1.6
2016,12,15,3,30,-2.6,0,0,0,0.21,84,1.6
2016,12,15,4,30,-2.3000000000000003,0,0,0,0.21,75,1.4000000000000001
2016,12,15,5,30,-2.1,0,0,0,0.21,37,1.1
2016,12,15,6,30,-1.6,0,0,0,0.21,142,1.1
2016,12,15,7,30,0.30000000000000004,21,0,21,0.21,264,1.6
2016,12,15,8,30,3.7,117,58,129,0.21,242,2.1
2016,12,15,9,30,7.5,141,415,282,0.21,238,3
2016,12,15,10,30,11.200000000000001,176,436,363,0.21,246,3.9000000000000004
2016,12,15,11,30,14.100000000000001,167,538,422,0.21,255,4.5
2016,12,15,12,30,15.700000000000001,164,562,427,0.21,261,4.7
2016,12,15,13,30,15.700000000000001,137,603,387,0.21,264,4.3
2016,12,15,14,30,13.8,190,93,219,0.21,264,3.7
2016,12,15,15,30,10.8,86,21,89,0.21,267,3.5
2016,12,15,16,30,8,6,0,6,0.21,271,3.5
2016,12,15,17,30,6.6000000000000005,0,0,0,0.2,271,3.6
2016,12,15,18,30,5.800000000000001,0,0,0,0.2,269,3.7
2016,12,15,19,30,5.6000000000000005,0,0,0,0.2,266,3.9000000000000004
2016,12,15,20,30,5.9,0,0,0,0.2,263,4
2016,12,15,21,30,6.4,0,0,0,0.2,260,4
2016,12,15,22,30,6.7,0,0,0,0.2,257,3.9000000000000004
2016,12,15,23,30,6.9,0,0,0,0.2,256,3.8000000000000003
2016,12,16,0,30,6.9,0,0,0,0.2,256,3.7
2016,12,16,1,30,6.7,0,0,0,0.2,257,3.8000000000000003
2016,12,16,2,30,6.5,0,0,0,0.2,260,4
2016,12,16,3,30,6.4,0,0,0,0.2,261,4
2016,12,16,4,30,6.5,0,0,0,0.2,259,3.9000000000000004
2016,12,16,5,30,6.6000000000000005,0,0,0,0.2,254,3.9000000000000004
2016,12,16,6,30,6.800000000000001,0,0,0,0.2,248,4
2016,12,16,7,30,7.4,23,3,24,0.2,246,4.7
2016,12,16,8,30,9.200000000000001,111,128,138,0.2,247,5.9
2016,12,16,9,30,11.700000000000001,45,871,340,0.2,249,7.5
2016,12,16,10,30,14.200000000000001,48,931,447,0.2,253,9.5
2016,12,16,11,30,15.8,172,542,429,0.2,256,11.5
2016,12,16,12,30,16.2,44,962,495,0.2,257,12.200000000000001
2016,12,16,13,30,16,42,935,431,0.2,258,11.8
2016,12,16,14,30,15.100000000000001,40,871,316,0.2,259,10.600000000000001
2016,12,16,15,30,13.200000000000001,32,723,163,0.2,258,8.8
2016,12,16,16,30,10.9,11,272,16,0.2,255,7.2
2016,12,16,17,30,9.600000000000001,0,0,0,0.8,248,6.300000000000001
2016,12,16,18,30,9,0,0,0,0.8,242,6.300000000000001
2016,12,16,19,30,8.9,0,0,0,0.8,239,6.7
2016,12,16,20,30,8.6,0,0,0,0.8,235,6.7
2016,12,16,21,30,7.6000000000000005,0,0,0,0.8,228,6.6000000000000005
2016,12,16,22,30,6.300000000000001,0,0,0,0.8,224,6.1000000000000005
2016,12,16,23,30,4.1000000000000005,0,0,0,0.8,236,4.2
2016,12,17,0,30,0.30000000000000004,0,0,0,0.8,135,3.8000000000000003
2016,12,17,1,30,-4.3,0,0,0,0.8,25,6
2016,12,17,2,30,-7.7,0,0,0,0.8,30,7.4
2016,12,17,3,30,-9.5,0,0,0,0.8,32,7.300000000000001
2016,12,17,4,30,-10.600000000000001,0,0,0,0.8,31,6.5
2016,12,17,5,30,-11.200000000000001,0,0,0,0.8,35,5.4
2016,12,17,6,30,-11.5,0,0,0,0.8,42,4.6000000000000005
2016,12,17,7,30,-11.5,13,0,13,0.8,48,4
2016,12,17,8,30,-11,69,1,70,0.8,53,4
2016,12,17,9,30,-10.4,144,4,146,0.8,54,4.6000000000000005
2016,12,17,10,30,-10.100000000000001,258,21,267,0.8,52,4.800000000000001
2016,12,17,11,30,-10,96,0,96,0.8,49,4.5
2016,12,17,12,30,-9.9,116,0,117,0.8,47,3.9000000000000004
2016,12,17,13,30,-9.8,57,0,57,0.8,47,2.9000000000000004
2016,12,17,14,30,-9.5,161,9,164,0.8,56,1.8
2016,12,17,15,30,-9.5,86,4,87,0.8,82,1.3
2016,12,17,16,30,-9.9,7,0,7,0.8,111,1.6
2016,12,17,17,30,-10.4,0,0,0,0.8,121,2.1
2016,12,17,18,30,-10.700000000000001,0,0,0,0.8,118,2.5
2016,12,17,19,30,-10.9,0,0,0,0.8,113,2.5
2016,12,17,20,30,-11.100000000000001,0,0,0,0.8,114,2.5
2016,12,17,21,30,-11.100000000000001,0,0,0,0.8,118,2.3000000000000003
2016,12,17,22,30,-11.100000000000001,0,0,0,0.8,120,2
2016,12,17,23,30,-11.200000000000001,0,0,0,0.8,120,1.7000000000000002
2016,12,18,0,30,-11.200000000000001,0,0,0,0.8,119,1.5
2016,12,18,1,30,-10.8,0,0,0,0.8,115,1.2000000000000002
2016,12,18,2,30,-10.3,0,0,0,0.8,78,0.9
2016,12,18,3,30,-10,0,0,0,0.8,33,0.8
2016,12,18,4,30,-9.9,0,0,0,0.8,183,0.8
2016,12,18,5,30,-10.100000000000001,0,0,0,0.8,313,0.9
2016,12,18,6,30,-10.200000000000001,0,0,0,0.8,277,1.3
2016,12,18,7,30,-8.9,21,0,21,0.8,274,1.8
2016,12,18,8,30,-5.9,117,12,120,0.8,284,2.7
2016,12,18,9,30,-2.8000000000000003,185,391,317,0.8,299,3.5
2016,12,18,10,30,-0.4,141,0,141,0.8,312,3.5
2016,12,18,11,30,1.1,66,1015,545,0.8,322,2.9000000000000004
2016,12,18,12,30,2,67,1012,540,0.8,332,2.4000000000000004
2016,12,18,13,30,2.4000000000000004,63,983,472,0.8,173,1.7000000000000002
2016,12,18,14,30,1.9000000000000001,55,916,347,0.8,44,1.2000000000000002
2016,12,18,15,30,-0.7000000000000001,41,764,181,0.8,94,1.2000000000000002
2016,12,18,16,30,-3.6,13,305,19,0.8,110,1.4000000000000001
2016,12,18,17,30,-5.1000000000000005,0,0,0,0.8,112,1.5
2016,12,18,18,30,-5.9,0,0,0,0.8,103,1.2000000000000002
2016,12,18,19,30,-6.6000000000000005,0,0,0,0.8,66,0.8
2016,12,18,20,30,-7.2,0,0,0,0.8,191,0.8
2016,12,18,21,30,-7.800000000000001,0,0,0,0.8,333,1
2016,12,18,22,30,-8.4,0,0,0,0.8,314,1.3
2016,12,18,23,30,-8.8,0,0,0,0.8,300,1.5
2016,12,19,0,30,-9,0,0,0,0.8,289,1.9000000000000001
2016,12,19,1,30,-9.200000000000001,0,0,0,0.8,280,2.4000000000000004
2016,12,19,2,30,-9.200000000000001,0,0,0,0.8,275,2.9000000000000004
2016,12,19,3,30,-9.1,0,0,0,0.8,273,3.2
2016,12,19,4,30,-8.8,0,0,0,0.8,271,3.3000000000000003
2016,12,19,5,30,-8.3,0,0,0,0.8,271,3.3000000000000003
2016,12,19,6,30,-7.6000000000000005,0,0,0,0.8,272,3.4000000000000004
2016,12,19,7,30,-5.2,22,1,22,0.8,273,3.5
2016,12,19,8,30,-1.4000000000000001,138,106,160,0.8,272,3.7
2016,12,19,9,30,2.1,49,946,366,0.8,270,3.3000000000000003
2016,12,19,10,30,4.9,215,1,215,0.8,267,2.9000000000000004
2016,12,19,11,30,6.9,59,1024,543,0.8,265,3
2016,12,19,12,30,8.1,58,1025,538,0.8,262,3.1
2016,12,19,13,30,8.3,52,1001,469,0.8,259,2.9000000000000004
2016,12,19,14,30,6.800000000000001,45,940,345,0.8,257,2.9000000000000004
2016,12,19,15,30,4,33,802,181,0.8,257,3.5
2016,12,19,16,30,1.8,11,382,20,0.8,260,4.1000000000000005
2016,12,19,17,30,1,0,0,0,0.65,264,4.800000000000001
2016,12,19,18,30,0.6000000000000001,0,0,0,0.65,267,5.300000000000001
2016,12,19,19,30,0.30000000000000004,0,0,0,0.65,269,5.7
2016,12,19,20,30,0.1,0,0,0,0.65,269,6
2016,12,19,21,30,0,0,0,0,0.65,270,6.300000000000001
2016,12,19,22,30,0,0,0,0,0.65,272,6.4
2016,12,19,23,30,0,0,0,0,0.65,272,6.2
2016,12,20,0,30,-0.1,0,0,0,0.65,272,5.9
2016,12,20,1,30,-0.30000000000000004,0,0,0,0.65,271,5.6000000000000005
2016,12,20,2,30,-0.30000000000000004,0,0,0,0.65,271,5.4
2016,12,20,3,30,-0.1,0,0,0,0.65,271,5.1000000000000005
2016,12,20,4,30,0.1,0,0,0,0.65,270,4.7
2016,12,20,5,30,0.1,0,0,0,0.65,271,4.4
2016,12,20,6,30,0.1,0,0,0,0.65,272,4.3
2016,12,20,7,30,1.4000000000000001,17,0,17,0.65,273,4.3
2016,12,20,8,30,4.1000000000000005,121,74,136,0.65,273,4.4
2016,12,20,9,30,6.800000000000001,49,877,342,0.65,272,4
2016,12,20,10,30,9.4,56,941,457,0.65,274,3.4000000000000004
2016,12,20,11,30,11.5,69,948,515,0.65,275,3.4000000000000004
2016,12,20,12,30,12.600000000000001,69,944,511,0.65,271,3.4000000000000004
2016,12,20,13,30,12.3,64,919,447,0.65,264,3.1
2016,12,20,14,30,10.3,56,856,329,0.65,258,2.8000000000000003
2016,12,20,15,30,7.1000000000000005,40,707,171,0.65,255,2.8000000000000003
2016,12,20,16,30,4.6000000000000005,13,273,19,0.65,253,3.1
2016,12,20,17,30,3.7,0,0,0,0.2,254,3.5
2016,12,20,18,30,3.5,0,0,0,0.2,257,3.7
2016,12,20,19,30,3.3000000000000003,0,0,0,0.2,259,3.9000000000000004
2016,12,20,20,30,3.2,0,0,0,0.2,260,4.3
2016,12,20,21,30,3,0,0,0,0.2,260,4.800000000000001
2016,12,20,22,30,2.7,0,0,0,0.2,261,5.1000000000000005
2016,12,20,23,30,2.4000000000000004,0,0,0,0.2,262,5.300000000000001
2016,12,21,0,30,2.1,0,0,0,0.2,264,5.300000000000001
2016,12,21,1,30,2,0,0,0,0.2,265,5.4
2016,12,21,2,30,2.3000000000000003,0,0,0,0.2,267,5.4
2016,12,21,3,30,2.8000000000000003,0,0,0,0.2,270,5.4
2016,12,21,4,30,3,0,0,0,0.2,273,5
2016,12,21,5,30,3.1,0,0,0,0.2,274,4.6000000000000005
2016,12,21,6,30,3.3000000000000003,0,0,0,0.2,275,4.3
2016,12,21,7,30,3.8000000000000003,17,1,17,0.2,278,3.9000000000000004
2016,12,21,8,30,4.7,74,9,76,0.2,283,3.3000000000000003
2016,12,21,9,30,5.9,76,3,77,0.2,297,2.5
2016,12,21,10,30,7.300000000000001,153,515,372,0.2,174,2.3000000000000003
2016,12,21,11,30,7.9,153,587,430,0.2,53,3.3000000000000003
2016,12,21,12,30,7.6000000000000005,60,947,503,0.2,70,4.2
2016,12,21,13,30,6.9,136,591,382,0.2,76,3.9000000000000004
2016,12,21,14,30,5.5,50,853,323,0.2,79,3.2
2016,12,21,15,30,2.7,38,701,169,0.2,79,2.5
2016,12,21,16,30,0,13,267,20,0.2,79,2.1
2016,12,21,17,30,-1.3,0,0,0,0.2,80,2.1
2016,12,21,18,30,-2.1,0,0,0,0.2,84,1.8
2016,12,21,19,30,-2.6,0,0,0,0.2,93,1.4000000000000001
2016,12,21,20,30,-2.7,0,0,0,0.2,113,1.1
2016,12,21,21,30,-2.5,0,0,0,0.2,140,0.9
2016,12,21,22,30,-2.3000000000000003,0,0,0,0.2,158,0.7000000000000001
2016,12,21,23,30,-2.2,0,0,0,0.2,158,0.6000000000000001
2016,12,22,0,30,-2,0,0,0,0.2,149,0.6000000000000001
2016,12,22,1,30,-1.6,0,0,0,0.2,132,0.7000000000000001
2016,12,22,2,30,-1.4000000000000001,0,0,0,0.2,111,0.8
2016,12,22,3,30,-1.4000000000000001,0,0,0,0.2,97,1.1
2016,12,22,4,30,-1.4000000000000001,0,0,0,0.2,91,1.3
2016,12,22,5,30,-1.4000000000000001,0,0,0,0.2,88,1.2000000000000002
2016,12,22,6,30,-1.2000000000000002,0,0,0,0.2,86,1.2000000000000002
2016,12,22,7,30,-0.9,12,0,12,0.2,94,1.6
2016,12,22,8,30,-0.1,56,3,57,0.2,117,2
2016,12,22,9,30,1,72,1,73,0.2,144,2.3000000000000003
2016,12,22,10,30,2.1,94,1,95,0.2,162,2.2
2016,12,22,11,30,3.4000000000000004,144,0,144,0.2,167,1.8
2016,12,22,12,30,4.7,227,73,261,0.2,153,1.5
2016,12,22,13,30,5.800000000000001,152,1,153,0.2,148,1.5
2016,12,22,14,30,5.300000000000001,173,144,220,0.2,118,1.2000000000000002
2016,12,22,15,30,3.5,19,0,20,0.2,80,0.8
2016,12,22,16,30,2.2,6,0,6,0.2,99,0.9
2016,12,22,17,30,1.7000000000000002,0,0,0,0.2,133,0.8
2016,12,22,18,30,1.3,0,0,0,0.2,167,0.6000000000000001
2016,12,22,19,30,0.7000000000000001,0,0,0,0.2,207,0.6000000000000001
2016,12,22,20,30,0.2,0,0,0,0.2,247,0.7000000000000001
2016,12,22,21,30,0.1,0,0,0,0.2,260,0.9
2016,12,22,22,30,0.2,0,0,0,0.2,245,1.3
2016,12,22,23,30,0.8,0,0,0,0.2,235,1.9000000000000001
2016,12,23,0,30,1.2000000000000002,0,0,0,0.2,240,2.7
2016,12,23,1,30,1.3,0,0,0,0.2,244,3.8000000000000003
2016,12,23,2,30,1.5,0,0,0,0.2,248,4.6000000000000005
2016,12,23,3,30,1.8,0,0,0,0.2,251,5
2016,12,23,4,30,2,0,0,0,0.2,255,5
2016,12,23,5,30,1.8,0,0,0,0.2,260,4.6000000000000005
2016,12,23,6,30,1.6,0,0,0,0.2,264,4.2
2016,12,23,7,30,2.9000000000000004,13,398,30,0.2,270,4.2
2016,12,23,8,30,5.4,31,764,185,0.2,275,4.4
2016,12,23,9,30,7.800000000000001,42,898,340,0.2,282,4.7
2016,12,23,10,30,10,48,955,453,0.2,292,4.6000000000000005
2016,12,23,11,30,11.4,52,984,515,0.2,306,3.8000000000000003
2016,12,23,12,30,12.200000000000001,53,981,513,0.2,319,2.6
2016,12,23,13,30,12.100000000000001,50,955,450,0.2,330,1.5
2016,12,23,14,30,10.4,45,892,333,0.2,232,0.8
2016,12,23,15,30,6.9,35,749,176,0.2,142,0.9
2016,12,23,16,30,3.6,13,334,22,0.2,167,1.3
2016,12,23,17,30,2,0,0,0,0.2,194,1.6
2016,12,23,18,30,1.3,0,0,0,0.2,219,2
2016,12,23,19,30,0.8,0,0,0,0.2,237,2.6
2016,12,23,20,30,0.5,0,0,0,0.2,247,3.2
2016,12,23,21,30,0.30000000000000004,0,0,0,0.2,250,3.5
2016,12,23,22,30,0.30000000000000004,0,0,0,0.2,250,3.5
2016,12,23,23,30,0.2,0,0,0,0.2,249,3.3000000000000003
2016,12,24,0,30,0.1,0,0,0,0.2,245,3.1
2016,12,24,1,30,-0.2,0,0,0,0.2,242,2.9000000000000004
2016,12,24,2,30,-0.8,0,0,0,0.2,241,2.9000000000000004
2016,12,24,3,30,-1.2000000000000002,0,0,0,0.2,242,3
2016,12,24,4,30,-1.1,0,0,0,0.2,246,3.1
2016,12,24,5,30,-0.9,0,0,0,0.2,249,3.2
2016,12,24,6,30,-0.4,0,0,0,0.2,251,3.2
2016,12,24,7,30,1.3,14,387,30,0.2,250,3.5
2016,12,24,8,30,4,34,771,188,0.2,246,3.4000000000000004
2016,12,24,9,30,6.9,145,536,323,0.2,239,3.2
2016,12,24,10,30,10,49,973,461,0.2,231,3.6
2016,12,24,11,30,12.4,51,987,516,0.2,220,3.9000000000000004
2016,12,24,12,30,13.700000000000001,49,988,513,0.2,206,3.9000000000000004
2016,12,24,13,30,13.8,47,963,451,0.2,194,3.2
2016,12,24,14,30,12,42,902,335,0.2,172,2.1
2016,12,24,15,30,8.4,33,763,179,0.2,150,1.7000000000000002
2016,12,24,16,30,5.5,13,353,23,0.2,151,2.3000000000000003
2016,12,24,17,30,4.4,0,0,0,0.19,164,2.9000000000000004
2016,12,24,18,30,3.8000000000000003,0,0,0,0.19,177,3.2
2016,12,24,19,30,3.3000000000000003,0,0,0,0.19,185,3.3000000000000003
2016,12,24,20,30,2.9000000000000004,0,0,0,0.19,189,3.2
2016,12,24,21,30,2.5,0,0,0,0.19,189,2.9000000000000004
2016,12,24,22,30,2.5,0,0,0,0.19,186,2.9000000000000004
2016,12,24,23,30,2.9000000000000004,0,0,0,0.19,181,3.3000000000000003
2016,12,25,0,30,3.7,0,0,0,0.19,177,3.6
2016,12,25,1,30,4.1000000000000005,0,0,0,0.19,177,3.8000000000000003
2016,12,25,2,30,3.8000000000000003,0,0,0,0.19,176,3.7
2016,12,25,3,30,3.7,0,0,0,0.19,179,4.2
2016,12,25,4,30,3.7,0,0,0,0.19,199,5.800000000000001
2016,12,25,5,30,3,0,0,0,0.19,222,7.2
2016,12,25,6,30,1.8,0,0,0,0.19,233,7.6000000000000005
2016,12,25,7,30,1.6,17,2,17,0.19,236,8.200000000000001
2016,12,25,8,30,2.6,104,231,150,0.19,242,9.5
2016,12,25,9,30,3.7,183,261,269,0.19,249,11.200000000000001
2016,12,25,10,30,4.7,225,206,312,0.19,253,12.600000000000001
2016,12,25,11,30,5.2,203,463,421,0.19,257,13.100000000000001
2016,12,25,12,30,5.4,257,136,321,0.19,261,12.9
2016,12,25,13,30,5.2,53,958,456,0.19,265,12.3
2016,12,25,14,30,4.800000000000001,46,910,343,0.19,266,11.5
2016,12,25,15,30,3.9000000000000004,36,773,184,0.19,266,10.700000000000001
2016,12,25,16,30,2.7,13,373,25,0.19,265,9.8
2016,12,25,17,30,1.8,0,0,0,0.19,265,9.1
2016,12,25,18,30,1,0,0,0,0.19,266,8.5
2016,12,25,19,30,0.30000000000000004,0,0,0,0.19,268,8.200000000000001
2016,12,25,20,30,-0.4,0,0,0,0.19,270,8.1
2016,12,25,21,30,-1,0,0,0,0.19,271,7.9
2016,12,25,22,30,-1.7000000000000002,0,0,0,0.19,272,7.6000000000000005
2016,12,25,23,30,-2.3000000000000003,0,0,0,0.19,273,7.1000000000000005
2016,12,26,0,30,-2.9000000000000004,0,0,0,0.19,273,6.7
2016,12,26,1,30,-3.4000000000000004,0,0,0,0.19,275,6.300000000000001
2016,12,26,2,30,-3.6,0,0,0,0.19,276,6.1000000000000005
2016,12,26,3,30,-3.6,0,0,0,0.19,276,5.9
2016,12,26,4,30,-3.7,0,0,0,0.19,276,5.7
2016,12,26,5,30,-3.8000000000000003,0,0,0,0.19,277,5.5
2016,12,26,6,30,-3.8000000000000003,0,0,0,0.19,278,5.300000000000001
2016,12,26,7,30,-2.6,14,427,31,0.19,280,5.6000000000000005
2016,12,26,8,30,-0.2,34,811,194,0.19,286,6.300000000000001
2016,12,26,9,30,2,43,941,354,0.19,293,6.6000000000000005
2016,12,26,10,30,3.6,47,999,471,0.19,297,6.300000000000001
2016,12,26,11,30,4.7,49,1023,532,0.19,297,6.1000000000000005
2016,12,26,12,30,5.300000000000001,51,1021,532,0.19,297,6.2
2016,12,26,13,30,5.5,50,995,469,0.19,298,5.9
2016,12,26,14,30,4.9,45,935,351,0.19,301,4.5
2016,12,26,15,30,2.6,34,803,190,0.19,296,2.6
2016,12,26,16,30,0.1,14,407,28,0.19,276,1.8
2016,12,26,17,30,-1.4000000000000001,0,0,0,0.19,261,2.4000000000000004
2016,12,26,18,30,-2.3000000000000003,0,0,0,0.19,263,3.2
2016,12,26,19,30,-2.9000000000000004,0,0,0,0.19,267,3.7
2016,12,26,20,30,-3.3000000000000003,0,0,0,0.19,269,3.8000000000000003
2016,12,26,21,30,-3.8000000000000003,0,0,0,0.19,269,3.9000000000000004
2016,12,26,22,30,-4.1000000000000005,0,0,0,0.19,267,4.1000000000000005
2016,12,26,23,30,-4.4,0,0,0,0.19,267,4.3
2016,12,27,0,30,-4.4,0,0,0,0.19,269,4.5
2016,12,27,1,30,-4.3,0,0,0,0.19,271,4.6000000000000005
2016,12,27,2,30,-4.2,0,0,0,0.19,271,4.5
2016,12,27,3,30,-4.1000000000000005,0,0,0,0.19,270,4.2
2016,12,27,4,30,-4,0,0,0,0.19,269,4
2016,12,27,5,30,-3.9000000000000004,0,0,0,0.19,267,3.8000000000000003
2016,12,27,6,30,-3.7,0,0,0,0.19,265,3.8000000000000003
2016,12,27,7,30,-2.2,15,413,30,0.19,264,4.2
2016,12,27,8,30,0.8,112,158,143,0.19,261,4.4
2016,12,27,9,30,4.2,148,523,321,0.19,258,4.2
2016,12,27,10,30,7.800000000000001,48,983,465,0.19,258,4.5
2016,12,27,11,30,10.700000000000001,56,987,522,0.19,262,5.4
2016,12,27,12,30,12.3,56,975,517,0.19,264,5.9
2016,12,27,13,30,12.4,54,950,456,0.19,264,5.800000000000001
2016,12,27,14,30,10.8,48,887,340,0.19,263,5.300000000000001
2016,12,27,15,30,7.800000000000001,37,749,184,0.19,264,4.800000000000001
2016,12,27,16,30,4.9,14,368,28,0.19,265,4.3
2016,12,27,17,30,3.3000000000000003,0,0,0,0.19,265,4.2
2016,12,27,18,30,2.3000000000000003,0,0,0,0.19,265,4.1000000000000005
2016,12,27,19,30,1.6,0,0,0,0.19,264,4.1000000000000005
2016,12,27,20,30,1,0,0,0,0.19,263,4
2016,12,27,21,30,0.5,0,0,0,0.19,261,4
2016,12,27,22,30,0.2,0,0,0,0.19,260,4.2
2016,12,27,23,30,0,0,0,0,0.19,260,4.4
2016,12,28,0,30,-0.1,0,0,0,0.19,261,4.6000000000000005
2016,12,28,1,30,-0.1,0,0,0,0.19,260,4.6000000000000005
2016,12,28,2,30,-0.2,0,0,0,0.19,259,4.6000000000000005
2016,12,28,3,30,-0.1,0,0,0,0.19,258,4.5
2016,12,28,4,30,-0.1,0,0,0,0.19,260,4.3
2016,12,28,5,30,-0.1,0,0,0,0.19,262,3.9000000000000004
2016,12,28,6,30,0.1,0,0,0,0.19,264,3.7
2016,12,28,7,30,1.8,14,358,27,0.19,266,3.8000000000000003
2016,12,28,8,30,4.7,36,749,183,0.19,268,4
2016,12,28,9,30,7.7,46,885,338,0.19,273,4.3
2016,12,28,10,30,10.4,52,947,453,0.19,284,4.9
2016,12,28,11,30,12.100000000000001,56,969,514,0.19,296,5.7
2016,12,28,12,30,12.700000000000001,55,971,514,0.19,302,6.4
2016,12,28,13,30,12.3,52,947,454,0.19,305,6.6000000000000005
2016,12,28,14,30,10.8,46,886,339,0.19,307,5.800000000000001
2016,12,28,15,30,7.5,36,748,185,0.19,313,4
2016,12,28,16,30,3.9000000000000004,15,0,15,0.19,324,2.4000000000000004
2016,12,28,17,30,2,0,0,0,0.19,342,1.7000000000000002
2016,12,28,18,30,1,0,0,0,0.19,186,1.3
2016,12,28,19,30,0.1,0,0,0,0.19,24,0.9
2016,12,28,20,30,-0.9,0,0,0,0.19,98,0.6000000000000001
2016,12,28,21,30,-1.5,0,0,0,0.19,177,0.6000000000000001
2016,12,28,22,30,-1.8,0,0,0,0.19,190,0.8
2016,12,28,23,30,-2.1,0,0,0,0.19,181,0.6000000000000001
2016,12,29,0,30,-2.4000000000000004,0,0,0,0.19,135,0.5
2016,12,29,1,30,-2.9000000000000004,0,0,0,0.19,92,0.6000000000000001
2016,12,29,2,30,-3.3000000000000003,0,0,0,0.19,87,0.7000000000000001
2016,12,29,3,30,-3.7,0,0,0,0.19,92,0.7000000000000001
2016,12,29,4,30,-4,0,0,0,0.19,105,0.6000000000000001
2016,12,29,5,30,-4.2,0,0,0,0.19,142,0.6000000000000001
2016,12,29,6,30,-4.1000000000000005,0,0,0,0.19,186,0.6000000000000001
2016,12,29,7,30,-2.4000000000000004,14,365,27,0.19,208,0.9
2016,12,29,8,30,0.6000000000000001,36,756,184,0.19,185,1.1
2016,12,29,9,30,3.4000000000000004,148,518,318,0.19,148,1.2000000000000002
2016,12,29,10,30,5.800000000000001,50,967,461,0.19,137,1.1
2016,12,29,11,30,7.7,54,991,523,0.19,114,0.9
2016,12,29,12,30,9,54,991,524,0.19,89,0.8
2016,12,29,13,30,9.600000000000001,52,965,463,0.19,90,1
2016,12,29,14,30,8.5,47,894,344,0.19,99,0.9
2016,12,29,15,30,5.300000000000001,37,758,188,0.19,109,0.9
2016,12,29,16,30,2.7,15,379,30,0.19,126,0.9
2016,12,29,17,30,1.8,0,0,0,0.19,168,0.8
2016,12,29,18,30,1.4000000000000001,0,0,0,0.19,238,1
2016,12,29,19,30,0.8,0,0,0,0.19,278,1.7000000000000002
2016,12,29,20,30,0.5,0,0,0,0.19,276,2.5
2016,12,29,21,30,0.4,0,0,0,0.19,271,3.2
2016,12,29,22,30,0.4,0,0,0,0.19,268,3.9000000000000004
2016,12,29,23,30,0.5,0,0,0,0.19,268,4.4
2016,12,30,0,30,0.7000000000000001,0,0,0,0.19,268,4.6000000000000005
2016,12,30,1,30,0.8,0,0,0,0.19,268,4.7
2016,12,30,2,30,0.8,0,0,0,0.19,267,4.6000000000000005
2016,12,30,3,30,0.8,0,0,0,0.19,266,4.7
2016,12,30,4,30,0.7000000000000001,0,0,0,0.19,265,4.800000000000001
2016,12,30,5,30,0.6000000000000001,0,0,0,0.19,264,4.800000000000001
2016,12,30,6,30,0.8,0,0,0,0.19,263,4.9
2016,12,30,7,30,2.5,13,411,28,0.19,260,5.5
2016,12,30,8,30,5.5,33,814,192,0.19,256,6
2016,12,30,9,30,8.8,41,929,347,0.19,252,5.7
2016,12,30,10,30,12.100000000000001,46,988,466,0.19,254,6
2016,12,30,11,30,14.4,48,1013,529,0.19,260,6.800000000000001
2016,12,30,12,30,15.4,151,662,466,0.19,263,7
2016,12,30,13,30,15.200000000000001,47,989,470,0.19,264,6.6000000000000005
2016,12,30,14,30,13.4,44,915,350,0.19,264,5.5
2016,12,30,15,30,9.8,36,781,194,0.19,265,4.4
2016,12,30,16,30,6.6000000000000005,15,397,32,0.19,266,4.1000000000000005
2016,12,30,17,30,5.2,0,0,0,0.19,269,4.5
2016,12,30,18,30,4.4,0,0,0,0.19,272,4.7
2016,12,30,19,30,3.6,0,0,0,0.19,275,4.800000000000001
2016,12,30,20,30,2.8000000000000003,0,0,0,0.19,275,4.5
2016,12,30,21,30,2.1,0,0,0,0.19,273,4.3
2016,12,30,22,30,1.6,0,0,0,0.19,272,4.3
2016,12,30,23,30,1.2000000000000002,0,0,0,0.19,271,4.1000000000000005
2016,12,31,0,30,0.7000000000000001,0,0,0,0.19,272,3.7
2016,12,31,1,30,0.2,0,0,0,0.19,275,3
2016,12,31,2,30,-0.30000000000000004,0,0,0,0.19,280,2.2
2016,12,31,3,30,-0.9,0,0,0,0.19,286,1.4000000000000001
2016,12,31,4,30,-1.3,0,0,0,0.19,155,0.8
2016,12,31,5,30,-1.8,0,0,0,0.19,58,0.6000000000000001
2016,12,31,6,30,-2.3000000000000003,0,0,0,0.19,99,1
2016,12,31,7,30,-1.6,15,1,15,0.19,107,1.7000000000000002
2016,12,31,8,30,0.30000000000000004,114,46,123,0.19,121,2.2
2016,12,31,9,30,2.3000000000000003,162,352,278,0.19,135,2
2016,12,31,10,30,4.6000000000000005,54,938,453,0.19,136,1.5
2016,12,31,11,30,6.5,54,969,515,0.19,101,1
2016,12,31,12,30,7.9,54,970,517,0.19,63,1
2016,12,31,13,30,8.700000000000001,178,462,377,0.19,68,1.2000000000000002
2016,12,31,14,30,8.3,143,469,301,0.19,85,1.5
2016,12,31,15,30,5.9,108,48,118,0.19,93,1.5
2016,12,31,16,30,3.5,16,0,16,0.19,101,1.4000000000000001
2016,12,31,17,30,-1,0,0,0,0.19,66,1.1
2016,12,31,18,30,-1.8,0,0,0,0.19,34,0.9
2016,12,31,19,30,-2.7,0,0,0,0.19,173,1
2016,12,31,20,30,-3.1,0,0,0,0.19,339,1.3
2016,12,31,21,30,-3.1,0,0,0,0.19,344,1.4000000000000001
2016,12,31,22,30,-3.1,0,0,0,0.19,352,1.5
2016,12,31,23,30,-3.1,0,0,0,0.19,355,1.7000000000000002
