ylat,xlong,p_area,p_cap_ac
35.4774,-97.6764,50723,2.5
43.0168,-78.9779,77051,4
39.4045,-90.0025,56943,2
42.3708,-74.0406,40085,2
42.3804,-89.8412,55382,2
45.5976,-94.8633,17245,1
45.2466,-68.6177,92332,4.9
35.6608,-117.8126,152996,11.9
43.8906,-70.3193,101010,4.9
44.8738,-68.8482,92813,4.9
44.798,-68.7135,62277,5
45.3954,-94.7412,23485,1
44.9847,-95.7144,23417,1
43.982,-95.7658,23355,1
44.8066,-95.2071,29010,1
43.1993,-76.178,57356,4
43.2618,-75.1949,69759,5
44.1998,-70.0705,88442,4.5
44.974,-69.0921,74830,4
44.5352,-94.9102,18483,1
42.8978,-77.7288,96692,5
46.537,-68.3448,69634,5
45.653,-94.0301,17925,1
43.2793,-77.7626,87188,2
43.0419,-78.1359,71365,5
45.48,-92.8128,42311,1
44.7326,-94.6082,26515,1
38.8237,-76.9352,52483,3
46.6829,-68.0371,44785,3
46.7058,-68.0438,53163,3
44.7165,-69.8112,37273,2
44.8535,-69.9043,30365,2
43.1946,-76.1748,94841,5
43.3504,-75.7352,84453,5
39.6307,-77.9091,51289,2
45.4975,-95.1616,25547,1
44.7275,-93.9626,21253,1
42.3121,-89.9094,39284,2
41.593,-75.0272,48615,2
44.1213,-93.2688,23451,1
44.0986,-91.7938,6184,1
41.7534,-74.9609,40001,2
41.392,-74.4548,6737,2
42.5696,-72.1619,16870,1
39.4138,-108.0899,28730,2
40.2404,-104.7709,38571,2
44.9429,-92.854,32072,1
45.4882,-92.8506,24851,1
45.3916,-92.6851,94091,5
43.8658,-91.3271,22176,1
44.3681,-92.028,22637,1
41.0329,-89.3984,36251,2
42.2438,-72.1006,15716,1
40.2585,-104.8249,35236,2
45.3197,-92.798,68957,3
43.8581,-91.3254,22785,1
44.7322,-94.6227,26667,1
45.674,-94.7509,33250,1
45.3483,-92.9232,30930,1
45.5173,-94.1107,33636,1
45.4283,-94.7059,28285,1
44.0355,-93.4953,18151,1
44.6564,-93.108,21381,1
44.6819,-93.7627,31342,1
42.7606,-78.5596,41873,2
42.7266,-74.0008,40462,2
43.6352,-76.0848,81756,2
43.9643,-75.9836,40681,2
41.208,-87.8351,57875,2
41.1027,-87.9773,52563,2
42.2562,-71.9741,19368,1
37.7896,-89.063,46473,2
40.472,-90.6494,47370,2
42.0279,-71.5957,14903,1
42.2547,-71.888,57401,2.6
41.9847,-70.8554,27427,1.7
42.5931,-71.8681,73982,4.7
42.1345,-71.6301,101757,5
42.1393,-71.6334,106165,5
42.1743,-71.796,107690,5
42.0752,-71.9982,162760,4.3
41.4553,-74.5495,102435,5
42.2199,-71.9722,34417,2
42.0752,-72.0112,37648,2.8
42.6772,-71.4508,99030,5
42.5856,-72.5576,48006,2.5
41.4491,-74.5548,43505,1.8
35.6562,-117.8103,409581,19.9
44.6203,-68.509,24211,3.3
42.1537,-71.9885,41046,1.9
44.7036,-93.7872,24506,3
43.1721,-77.8465,49676,2.5
43.1035,-77.3472,26935,2
43.1742,-77.847,50103,2.2
43.0181,-77.2606,34139,2.3
42.2576,-71.9741,18590,1
38.9384,-76.0451,325223,10
44.2671,-92.6643,19638,1
42.2416,-72.1044,13234,1
42.8968,-73.7017,54532,2
40.4654,-104.6089,49353,2.4
27.5231,-80.7462,1330668,74.5
44.5522,-92.637,138961,5
38.5435,-121.7748,22732,1.2
39.5989,-76.8528,88803,6
41.5779,-71.5655,33053,2.8
44.6929,-69.7887,104353,4.9
44.2897,-70.1163,103071,4.9
42.6787,-73.9471,29631,2.3
44.6054,-75.1591,98929,4.4
44.6784,-74.9638,73551,5.2
42.9523,-78.6165,124109,5
44.9358,-95.375,26982,1
45.0589,-123.4974,34849,2.5
44.4686,-93.1234,99059,5
38.21,-103.7459,41520,2
42.0576,-71.9257,25322,1.9
41.3628,-74.4833,28643,1.7
29.7613,-81.7634,1377622,74.5
42.0716,-72.0003,18658,1
45.3911,-122.344,45103,2.9
45.6422,-95.3581,72296,3
42.964,-74.1425,81492,4.9
42.0724,-71.9974,17987,1
44,-93.5011,16099,1
43.9559,-75.6178,126928,5
26.7532,-81.1911,1310312,74.5
44.2129,-93.5489,109944,5
45.4179,-94.0088,131924,4.8
45.2722,-93.8282,141816,5
44.2412,-93.963,51049,3
44.846,-92.8749,86366,4
44.0934,-93.4051,38565,3.4
45.4307,-94.0239,23694,0.9
29.8804,-81.6949,1598197,74.5
27.5998,-80.566,1287969,74.5
27.3238,-81.7912,1479077,74.5
44.6626,-93.1143,17465,1
42.064,-78.4779,73484,5
44.2618,-94.2932,25743,1
45.4315,-122.2865,37717,1.8
29.7609,-81.4338,1506953,74.5
27.8552,-80.669,1080012,74.5
30.2946,-82.186,1452005,74.5
30.0002,-82.299,1527151,74.5
33.1022,-82.01,13240,2.4
42.5196,-72.9195,35352,2
42.2432,-71.6722,28761,2
42.0713,-71.8608,23440,1.3
44.0241,-92.5916,104176,5
44.5204,-94.5242,80375,3.3
44.5504,-92.6602,121367,4.5
42.4611,-77.7359,49435,4
42.469,-77.7068,71011,5
41.7388,-71.2661,29732,3.4
40.6152,-103.2339,10814,2
44.0161,-96.3139,27651,1
43.1609,-76.2852,66395,3.5
43.2158,-78.9024,100913,5
41.5668,-73.8327,29194,2
42.0399,-73.9786,35987,1.9
35.9873,-119.4806,67959,3
36.2492,-119.885,70886,3
36.6968,-119.8858,270712,10
45.0761,-122.9333,42745,2.5
45.2128,-93.7187,85658,5
41.3558,-74.6219,30297,2
32.889,-81.105,41255,2
37.8402,-121.2152,15105,1
45.5569,-94.1662,3104,1
30.3793,-83.3128,1362996,74.5
46.0003,-68.4573,44575,3
42.2524,-75.8263,62918,5
39.7278,-105.1131,31427,1.5
29,-82.6706,1094340,74.9
30.8761,-86.2077,1402983,74.5
27.5467,-80.6675,1301892,74.5
42.0646,-89.4973,53699,2
39.4148,-108.0893,13507,1
43.847,-93.8376,36815,1.8
42.4855,-76.3205,75713,1.3
45.0108,-69.032,102909,5
37.8269,-89.0129,46979,2
45.6592,-93.9317,14730,1
42.1736,-89.0892,48295,2
45.4952,-94.1168,89384,5
44.1103,-93.5029,26174,1
44.1046,-91.8685,19920,1
41.3532,-74.5163,21357,1
31.6943,-102.6884,708041,30
44.2519,-93.2741,18347,1
43.276,-77.955,38753,1.5
40.2802,-103.618,33620,1.5
37.0711,-106.0052,11766,1.2
27.2197,-80.741,1240151,74.5
27.6396,-81.9374,1008113,74.9
42.5624,-72.5887,84871,4.5
44.6563,-93.1114,15489,1
45.0854,-94.2137,75336,4
44.1975,-93.6136,28166,1
44.1114,-92.747,30598,1
41.7754,-74.7747,36604,2
41.7748,-75.0339,21297,1.4
44.9327,-73.6712,42201,2
42.8263,-74.0593,39588,2
42.9132,-73.601,41142,2
42.7662,-77.3433,38735,2
42.9855,-78.2895,45878,4
41.6154,-71.566,91144,6.7
41.4585,-71.7057,71151,4.5
37.1907,-105.9847,41143,1.5
41.9948,-72.5254,74870,4
46.9167,-67.8564,71837,3.8
46.9261,-67.8329,59920,2.9
44.2502,-93.2696,24608,1
44.9533,-95.7005,30459,1
41.4567,-96.0048,127731,5
42.6081,-76.1327,108889,5
45.4381,-94.0452,109992,5
44.9499,-95.497,47637,1.8
42.3336,-71.9918,16069,1
35.7592,-119.3484,20734,1
39.8432,-111.8893,1994937,80
42.9144,-77.4534,29252,1.2
38.9157,-76.9171,12671,1.9
44.4863,-121.2482,47826,2.9
44.6288,-123.0201,46285,2.9
45.0278,-123.0939,38826,3
45.1265,-122.6077,43595,2.5
45.6613,-93.9422,27950,2
37.5719,-106.0998,42773,1.6
42.8981,-77.4595,43083,2.3
42.259,-72.0174,45190,2.3
39.5631,-77.1618,32403,2
45.4927,-92.8663,16126,1
41.6792,-70.8948,51389,2.5
41.6635,-70.3998,54977,5
36.3614,-119.392,30878,2.5
27.7858,-82.3903,334486,19
29.1121,-96.5242,3096642,150.5
34.0609,-93.0839,94256,5
40.3363,-104.8843,105098,5
42.012,-73.3466,36266,2
34.4431,-84.7094,67065,3
42.4641,-88.2797,46070,2
42.4666,-88.5981,52760,2
41.3902,-87.5958,45374,2
38.5803,-89.6896,95389,2
38.578,-89.6998,92203,2
39.5597,-89.2712,96477,5
38.5049,-89.1471,36227,2
38.1792,-88.1707,1318767,150
39.9801,-90.4812,4182728,150
41.7744,-89.7869,32610,5
42.4521,-70.9682,22793,1.5
42.4254,-72.5185,71899,5
42.1582,-73.2894,66063,5
42.1623,-72.8513,52048,3
39.16,-76.7862,68280,1.5
44.1823,-70.5098,43952,5
44.2814,-70.5253,46435,4
44.3474,-70.1306,354643,20
45.0861,-94.1821,48779,1
35.742,-80.2924,290262,4.5
40.5294,-74.3882,40079,2.5
39.9078,-74.23,37111,4
39.9065,-74.2275,72678,4
44.3488,-75.4855,78088,5
42.6594,-76.9278,73111,5
41.4073,-74.5852,38928,2
43.0691,-75.9445,97735,5
42.7937,-77.5264,95268,5
42.9782,-77.8749,59898,5
43.5241,-76.1586,90286,5
43.2732,-73.5225,99363,5
43.2778,-73.523,101762,5
44.6162,-75.4463,97382,5
43.8641,-73.4478,93856,5
43.8522,-73.4488,94580,5
43.8974,-73.4229,47061,2.5
34.6827,-96.7692,111694,5
36.9772,-82.5241,38942,3
36.5945,-77.6715,1099899,80
34.2158,-118.5004,21593,2.5
45.0202,-123.0981,39623,2.5
44.036,-117.0036,68579,3
33.9304,-93.857,49743,2
41.9782,-72.5391,28985,2
32.9959,-82.7326,3240337,150
30.8679,-84.4248,4153142,200
31.4937,-83.4965,69096,3
43.2745,-91.941,35802,1.5
42.3886,-89.4835,166801,5
40.9354,-88.6412,140878,5
41.7674,-89.8587,38613,2
41.9944,-90.1131,35933,1.5
41.2599,-89.2133,37949,2
42.2327,-89.0272,21832,2
46.7734,-67.8521,97376,5
46.6368,-68.3903,51039,2.5
43.9916,-84.5194,453213,20
42.3904,-84.4891,180619,10
40.6632,-74.1678,18428,1.5
40.7388,-74.138,26395,2
43.8688,-73.4342,107849,5
37.9585,-76.819,116362,5
45.4784,-92.3692,46400,2
35.0487,-119.1808,15670,2.5
41.2621,-89.2134,38672,2
27.6637,-82.2822,1464532,74.5
42.2976,-84.7507,4735016,149
36.5361,-77.7661,1681058,120
31.0289,-102.4841,5576807,306
35.1991,-106.8455,8163200,300
35.526,-81.2351,85746,5
35.4388,-77.8636,94069,5
40.5268,-74.4278,18090,1.5
34.6506,-118.0519,46327,1.5
43.4222,-70.7277,316514,5
39.8998,-76.8234,345306,20
44.8391,-69.3061,76962,5
35.7785,-81.1767,109744,5
42.932,-78.5649,39170,2
35.8358,-77.2666,81624,5
36.7309,-79.5095,248160,5
30.8152,-83.2589,63898,3
42.4619,-88.9993,22277,1.5
41.7674,-89.8609,45210,2
40.7666,-90.0074,36437,2
38.6246,-90.0869,39777,2
42.1774,-71.9974,17080,1
44.9486,-69.652,66390,5
44.4501,-69.7268,20356,1.5
44.2776,-69.7547,65518,5
44.8382,-69.8845,65741,4
43.5522,-92.3567,1019882,45
40.3974,-74.4497,18814,1.5
40.5247,-74.4711,23167,1.5
43.2076,-78.9042,80490,5
42.9521,-77.6998,90421,5
45.9379,-111.4604,79815,2
42.6582,-77.8581,3140017,177
27.2436,-80.6719,1050633,74.5
36.3059,-76.9951,153138,5
35.3317,-77.6663,101427,5
35.8277,-77.4577,156821,5
43.341,-70.7292,101915,5
40.0774,-109.2914,234881,12.5
36.7094,-86.5498,80746,2.5
39.7896,-83.3424,9492783,577
35.2614,-119.1475,59527,2
39.654,-104.5312,35905,1.5
35.0221,-80.0961,117893,5
42.8353,-73.9481,72919,5
36.3165,-76.9942,86149,17
43.0707,-75.5404,68571,4
38.5015,-121.693,41431,2.5
37.8877,-78.3181,71111,5
36.4311,-120.0125,15843,1
40.4698,-104.6533,106518,5
41.3435,-73.0606,11194,1
41.3427,-73.0615,10646,1
41.5206,-72.9046,25157,2
42.434,-89.9033,43105,2
42.4321,-89.904,43673,2
38.637,-89.1114,18997,1
38.5879,-89.8098,88734,5
41.5638,-89.494,115903,5
38.5081,-89.1471,41042,2
38.5931,-89.2748,34084,2
39.5748,-87.695,86854,4
40.6222,-89.6793,47065,2
39.6077,-87.7295,12383,2
41.4689,-87.7391,38574,2
42.4412,-88.3027,51574,2
40.6808,-89.585,7908,1
41.9278,-87.7893,7318,1
41.6726,-88.0616,7589,1
42.4821,-89.9938,124859,2
39.2504,-87.4341,8639443,250
41.2051,-86.9594,8272935,435
38.3066,-87.5193,2248791,200
38.8946,-98.7824,489305,20
37.2615,-98.4908,4053532,189
39.0864,-96.8002,12972,1
37.6718,-87.5595,6523668,160
37.9148,-86.2479,301111,200
30.8052,-90.5498,2084200,100
41.9645,-70.7852,45891,5
38.6177,-75.8892,52016,2
39.1853,-76.9237,34812,2
38.3871,-75.4153,44630,2
39.3822,-79.3657,41401,2
39.3874,-79.3858,41468,2
39.6675,-75.861,55025,4
43.8566,-84.7517,47322,2
43.1929,-84.5198,1944104,100
42.0702,-85.0954,3147341,150
41.8724,-85.07,7008408,150
43.9928,-96.337,24362,1
44.3389,-91.999,41908,1
44.3494,-92.0051,30410,1
45.4203,-94.0303,158266,1
44.364,-92.0267,22023,1
44.786,-95.4816,52671,1
44.4742,-93.2186,48740,1
44.5384,-94.8972,26591,1
43.9779,-95.9117,24140,1
40.1234,-92.5457,3590661,250
43.3289,-78.0701,194287,5
42.1542,-79.6055,60145,5
42.1528,-77.8055,73066,5
41.5618,-74.1416,30813,2
42.9917,-74.3143,94194,5
42.9926,-74.3106,91828,5
43.357,-73.5664,255750,5
42.6812,-78.9525,59055,4
42.9637,-74.3798,84659,5
43.8047,-76.0335,94398,5
42.9645,-77.1127,80632,5
41.7388,-74.7369,75836,4
40.6782,-83.8235,6292810,250
39.3837,-83.401,934420,45
41.3385,-82.8273,2124588,125
39.586,-83.1642,2958336,100
39.551,-83.1861,1267633,100
45.2965,-122.5115,32948,2
30.9038,-97.0566,596296,40
32.8314,-97.3494,39211,4
31.15,-97.2227,4186986,200
30.5995,-97.1563,799575,50
42.7626,-88.0608,119828,6
37.7698,-121.9664,18134,1
33.8378,-118.2266,1859,1
35.1312,-119.2634,3426361,150
34.8399,-118.3643,1355819,140
37.0026,-120.6379,43581,3
36.6039,-120.4014,4140281,200
35.932,-119.8597,85635,3
38.2922,-120.9191,11614,1
33.3829,-112.7927,4868585,300
32.6283,-114.4287,1484963,70
40.3179,-104.889,106141,5
40.3142,-104.7707,118858,5
43.2914,-116.0039,6742938,200
35.261,-106.8613,2702969,140
36.7896,-114.1375,32584,3
36.8906,-114.0807,2873785,185
42.1537,-123.6247,50417,3
31.5181,-100.5773,4362118,195
43.4494,-84.6985,1609865,80
36.2506,-107.3249,2630512,140
34.9689,-80.0517,107134,5
39.8044,-104.6171,74441,1.5
36.0505,-119.3059,36852,2.1
41.7702,-70.5743,123113,4.3
36.0461,-119.3194,102553,4.2
38.2105,-89.8449,1284314,68.4
41.0204,-73.7581,9816,1.2
39.0638,-89.3874,874558,44.2
36.1599,-94.0511,48537,2.9
31.4996,-83.513,66327,2.9
34.4379,-84.7045,45729,2.4
34.4997,-85.4509,50624,2.4
38.8819,-76.706,36121,1.6
44.4014,-68.9959,115234,4.8
43.3775,-70.9414,83184,3.8
42.6593,-76.9345,68283,4.6
42.5022,-79.2779,69694,4.6
42.8301,-75.8245,48966,4.7
42.485,-78.4987,49714,2.3
39.601,-84.2057,31606,1.1
42.422,-123.0091,24762,1.4
40.1908,-79.3238,246368,13.8
40.5673,-75.6004,30075,2.8
43.9487,-89.6819,147942,8.3
38.5536,-121.4226,21038,1.3
40.5662,-74.2176,15781,1.4
40.0206,-74.2499,61056,4.2
37.5537,-79.0172,84810,4.9
43.4351,-88.1751,28292,1.9
43.4329,-88.1633,42580,2.3
33.4176,-112.177,53373,2.9
45.1263,-122.5581,22353,1.3
36.9871,-121.9238,26658,2.4
42.313,-72.9513,82071,4.8
35.2164,-77.4997,85195,4.9
34.9964,-77.2197,89732,5
36.3486,-77.6323,85223,5
33.818,-118.1421,22656,1.8
44.3147,-69.81,33823,2.2
43.3271,-70.6347,90420,4.8
46.694,-67.9695,58801,2.8
41.6133,-71.1584,152296,11.8
36.3004,-119.8216,81994,7.9
40.0483,-105.1805,24632,0.9
41.0654,-73.8212,18138,2.1
40.8592,-74.2987,17944,1.5
41.7308,-112.1794,45798,3.1
36.4601,-78.9567,108724,5
41.9621,-70.9778,57113,3
31.0273,-83.0551,45298,1.8
39.5509,-74.6282,15652,1.6
39.8532,-86.0145,18047,1.9
44.6525,-70.1562,68360,4.9
39.7874,-104.5861,36898,1.2
31.0751,-83.5988,496103,20
34.273,-79.8805,42048,2
33.6678,-78.918,31485,1.6
36.8478,-76.4072,16622,1
38.5245,-121.9941,57060,3
44.967,-122.9579,36576,2.2
40.8947,-86.8088,3100409,200
37.7749,-84.7191,150349,10
42.2524,-73.3345,28364,2
42.5027,-73.2278,77503,4.5
42.6082,-73.135,58367,5
42.1092,-70.8651,14342,1
42.492,-73.2193,101718,4.5
44.4671,-95.7799,186510,10
35.0965,-78.8323,14603,1
31.453,-96.8581,3237273,150
41.7166,-70.4794,44482,2
42.1119,-71.6486,48984,5
42.1117,-71.6459,31818,5
41.5348,-74.3252,35984,2
42.4939,-72.6226,46965,2
37.3748,-121.1459,1316848,20
33.3122,-112.8016,8226900,215
42.2045,-114.6077,2460516,100
41.0068,-73.7575,16355,2
36.08,-94.066,93359,5
41.3764,-74.3916,82371,5
41.4248,-74.3642,37683,2
36.9465,-120.0776,44354,3
36.0282,-119.4015,28249,1
37.8584,-121.013,13309,1
33.1314,-91.9412,25794,1
36.0058,-94.016,25567,1
35.1458,-93.8739,66078,4
35.1463,-93.8716,47618,4
35.6179,-90.1048,27815,1
35.2659,-91.7159,15484,1
34.7245,-92.1968,121373,1
34.8559,-91.0748,2088180,100
33.1014,-91.9287,2256668,100
35.5091,-93.8348,20590,1
34.7419,-92.1783,106729,5
34.7406,-92.1798,35972,2
36.3921,-91.8788,28094,1
34.5867,-94.1993,22534,1
34.1624,-93.0858,23106,1
33.5178,-94.0258,25328,1
33.9624,-91.8084,28661,1
35.0393,-90.8244,22348,1
40.6674,-103.2057,100495,5
42.0206,-73.3121,28428,2
41.9796,-73.1493,51357,4
41.9645,-72.5633,53175,4
41.9365,-72.5027,29181,2
41.5285,-72.9024,24187,2
41.8809,-72.5475,35816,2
29.8866,-82.7377,1377952,74.5
29.7051,-82.2958,25526,1
29.7044,-82.2935,23960,1
30.3219,-82.1905,1353382,74.5
42.0932,-91.803,1028797,150
41.0646,-94.3252,893153,50
40.732,-91.2669,2663753,150
41.4276,-90.1549,21129,1
42.472,-88.6072,55262,2
42.472,-88.6034,62556,2
40.4377,-88.993,45879,2
38.4896,-89.9524,50914,2
38.1754,-89.8488,97109,2
41.76,-89.8663,46985,2
41.6572,-89.8986,119063,2
40.9226,-90.4002,59188,2
40.924,-90.4049,76567,2
41.536,-88.5664,39403,2
42.3631,-88.4246,127590,2
40.4377,-89.6882,121114,2
37.6745,-98.7812,23773,1
37.1206,-96.2125,22587,1
37.2814,-99.3623,46689,2
37.5778,-99.3206,23903,1
38.0416,-97.2094,22083,1
38.0505,-98.3277,22168,1
38.5668,-97.7254,22248,1
37.7673,-97.5077,23955,1
37.1579,-95.4478,23957,1
39.0393,-96.8697,21892,1
39.1482,-95.3279,22157,1
37.514,-94.9844,23497,1
38.8498,-97.3709,23704,1
39.2339,-96.4556,23751,1
37.5074,-95.7961,23588,1
37.6006,-95.3689,23859,1
42.1769,-72.0001,26149,1
42.1394,-71.9179,39504,2
41.8879,-70.7481,36888,2
42.0871,-73.0094,81888,5
41.5399,-71.074,38714,2.5
41.949,-70.8085,56628,5
39.1528,-77.3115,3542,1
39.3213,-77.0056,58537,2
39.37,-79.4032,35712,2
39.3774,-79.4091,37134,2
39.261,-76.9865,31272,2
43.8904,-70.3416,62118,5
46.6466,-68.4,67529,3
44.7679,-68.8227,88256,5
44.4431,-70.3213,51814,3
46.7568,-67.8684,43392,2
44.1316,-69.4272,39887,2.5
44.0736,-70.5434,63681,4
44.4083,-69.5258,69373,4.5
44.3063,-69.1096,61371,4
47.3094,-68.3756,48104,2.5
46.5713,-67.9103,42285,2.5
44.7575,-69.6357,89652,5
44.8492,-68.801,29566,2
44.8467,-68.7129,31880,2
44.4512,-68.993,68379,5
44.1062,-70.3735,18431,1
44.0764,-70.1377,86841,5
43.8562,-70.4587,17988,1
44.2724,-85.2126,46369,2
45.4664,-94.3959,26749,1
38.8634,-94.2974,37267,3
39.3057,-91.5445,5126119,200
35.7506,-80.2906,136482,3
35.7547,-80.289,29792,1.5
40.656,-96.7468,21165,1
40.0862,-97.7072,20940,1
40.8277,-97.0789,22090,1
41.2157,-98.4451,21392,1
41.1243,-97.5787,21737,1
40.7339,-74.0857,40224,3
40.1307,-74.2196,16194,1
40.1987,-74.6346,11604,1
40.6843,-74.1914,10677,1
40.6851,-74.1913,7432,1
40.6858,-74.1912,8376,1
43.2046,-75.2659,72005,5
43.077,-73.9009,50190,3.5
43.0673,-73.9182,45805,3.5
42.3896,-79.428,48116,2.5
41.3379,-74.4809,50397,2
41.3329,-74.4843,49742,2
42.9691,-78.2106,40706,3
43.0364,-77.1471,101840,5
43.0337,-77.1468,82631,4
44.8826,-73.5822,198418,5
42.6591,-76.9311,71685,5
42.6731,-73.8639,73126,5
43.1855,-77.7456,108729,5
43.1857,-77.7499,59439,2.5
43.2814,-77.9636,64881,5
42.2694,-73.746,241481,5
44.7352,-74.6467,118475,5
43.0117,-75.9658,117500,5
43.0126,-75.9693,87706,5
43.0145,-77.8818,117186,5
43.1331,-79.0282,60042,3
42.4477,-76.6021,79987,5
42.4487,-76.6076,74678,5
43.0718,-76.3148,90617,5
43.5211,-76.1596,87451,5
43.7964,-76.0841,96064,5
44.7549,-74.6509,79648,4
44.7523,-74.6575,49694,2.5
42.7567,-73.6462,51040,4
43.1918,-78.8912,79684,5
43.3247,-73.6099,170894,5
42.4415,-79.2918,110451,5
43.1278,-78.8465,70831,4
42.8957,-73.9528,62799,5
42.984,-74.2003,117790,5
43.0457,-76.0262,80416,4.5
42.7759,-73.6545,50075,4
42.4368,-79.2969,79438,3.5
43.8787,-73.4396,113032,5
43.1511,-77.0775,58859,3
42.545,-77.4563,70354,5
43.1936,-77.9854,100797,5
42.8474,-76.6732,118208,5
40.2624,-84.0054,2973933,144
39.964,-83.0848,9810,1
41.5595,-71.3004,13516,1
41.613,-71.6733,68743,4
31.6978,-97.3818,3217048,161
37.3572,-76.5367,273751,20
39.2868,-78.6412,218090,20
36.249,-119.5814,138339,4
35.5769,-119.2224,144172,5
35.6797,-120.6372,72633,3
35.6594,-119.973,47602,3
37.0839,-120.6344,22873,1
36.7015,-119.7491,23278,1.5
34.9869,-118.9054,131459,5
40.3179,-104.8338,82193,4
40.3388,-104.8777,96609,5
36.867,-101.1952,16450,1
42.1276,-121.9066,21453,1
35.5687,-92.4553,23232,1
41.3368,-72.9867,11996,1
41.8901,-73.1126,33858,2
29.6077,-82.6698,1428316,74.5
28.166,-81.085,1387144,74.5
32.199,-84.0747,1629580,80
32.285,-82.3886,5294423,250
41.5162,-87.5717,54538,2
41.385,-87.7603,50669,2
38.7289,-90.1357,30972,2
42.3941,-89.5385,50134,2
40.9192,-88.6201,39360,2
40.7685,-90.0084,37278,2
41.217,-87.8845,121999,2
40.7131,-86.7826,3315963,150
30.7893,-90.2186,977499,50
42.2575,-71.4761,63527,4.5
41.6104,-70.5963,28206,1.5
42.0869,-71.8522,88698,4
41.764,-70.9656,16414,1
42.1106,-73.3224,34140,2
41.6557,-70.5029,7435,1
42.2212,-71.7335,18667,1
42.1591,-71.3747,14445,1
41.7237,-70.8403,14635,1
42.565,-72.4034,19972,1
44.1019,-70.7059,74122,5
44.2358,-69.3739,37600,4
43.9358,-69.7841,76639,5
44.9485,-69.8789,90038,5
43.6141,-70.4154,65402,5
44.5724,-69.6924,75782,5
46.8183,-67.9926,65290,5
44.6363,-84.176,210844,10
43.0453,-85.3888,127894,5
44.2899,-85.2123,45792,2
42.2786,-84.8118,572191,20
45.6424,-95.5272,21490,1
43.565,-92.6715,1050072,50
44.9369,-94.8916,28558,1
45.1363,-94.7605,28268,1
34.303,-89.9892,78500,3.5
35.4163,-77.9188,32224,2
35.3881,-78.5404,34849,2
35.3896,-77.6018,64422,3
34.7811,-79.569,108457,5
40.3022,-74.4978,13286,1
39.9883,-74.1747,17817,1
40.6834,-74.1914,8358,1
43.1715,-77.9512,167647,5
43.2801,-78.3713,39177,3
43.3356,-75.1774,71432,3.5
42.5563,-75.4954,225266,5
42.0906,-77.8209,156922,5
43.1534,-78.7046,97334,5
42.7132,-74.0205,109508,5
41.0616,-83.5565,53971,2
45.2673,-123.0137,39960,2.5
41.6096,-71.6477,247215,20
37.9051,-79.4038,49810,2.5
38.7865,-77.5541,24675,2
36.8946,-76.7127,352818,20
45.0488,-91.9755,33178,1.5
44.9715,-91.8047,32963,1.5
42.7163,-87.9004,20476,1.5
45.1233,-89.1758,96264,6
43.599,-88.2386,82059,5
44.731,-88.3741,127139,7.5
43.3123,-88.0904,121415,7.5
42.6773,-88.3393,117626,7.5
42.6998,-88.5307,97589,6
36.3215,-119.351,10105,1
37.2742,-120.6283,39112,1.5
32.9297,-111.4902,3804987,200
36.2514,-115.0817,19805,1
45.2099,-122.6763,33295,2
45.0558,-122.8036,41713,3
46.5285,-120.2393,1634764,80
41.4954,-87.5611,54538,2
30.6544,-84.7226,1447249,74.5
41.5262,-87.6007,47202,2
41.7924,-90.034,49341,2
39.7886,-90.3541,2558414,140
41.215,-87.9178,38646,2
40.3531,-86.5014,3550573,195
33.2181,-95.4592,4630226,250
36.9209,-120.1081,208801,10
35.4663,-119.1565,57818,2.5
34.4364,-79.0897,22767,1
34.7237,-118.2938,51106,1.5
42.618,-72.2302,51003,2.5
42.5721,-70.8686,42950,3.5
46.9762,-96.4881,23123,1
34.3252,-78.7644,127412,5
33.729,-79.8248,191973,10
34.0427,-79.9179,40553,2
42.9026,-78.7154,78628,5
41.7715,-74.736,40599,2
35.5324,-77.9692,92278,5
35.2429,-79.3198,69955,5
35.5674,-77.0502,116980,5
36.4793,-78.9147,176233,5
35.5646,-78.7102,100027,5
43.9957,-75.6614,107240,5
34.3244,-78.6917,92677,5
35.0211,-78.789,112394,5
34.909,-79.8286,113274,5
36.5155,-77.6571,117341,5
41.8015,-70.7032,38276,2
36.4347,-77.5663,94362,5
34.4993,-78.6532,39772,2
41.3388,-74.2881,35091,2
39.1571,-112.3744,584816,20
44.0068,-93.4942,23117,1
34.9719,-80.6013,87053,5
34.989,-80.3843,96354,5
35.6688,-77.3839,102547,5
35.2422,-78.3876,93952,5
36.4329,-77.9704,80654,5
35.8179,-79.7718,85632,5
34.7964,-79.5398,95357,5
41.4639,-74.2496,77802,5
41.2905,-74.5357,32388,2
43.2638,-78.4007,86600,5
36.141,-77.2117,123687,5
35.231,-77.5534,107809,5
35.2601,-81.5174,109595,5
32.0798,-97.7653,142998,5
35.6304,-81.1607,96728,5
42.0667,-76.3423,83309,5
33.7821,-92.6946,65939,1
41.6734,-88.6824,41784,2
36.329,-119.3179,24055,1.5
36.0256,-90.4871,27620,1.5
29.6026,-81.5259,1526795,74.5
28.2795,-81.069,1382043,74.5
41.8435,-94.1204,14023,1
42.4622,-88.2794,46200,2
41.76,-89.8641,46764,2
41.7739,-89.8647,62815,2
40.4532,-90.6883,42173,2
39.8192,-86.4511,140175,7
39.6857,-76.7377,44248,2
39.7046,-75.9431,43416,2
39.7023,-78.0828,35655,2
43.9642,-69.5165,78028,5
43.7512,-70.5459,60019,5
45.6349,-68.7115,80287,5
47.3445,-68.2376,46378,4
45.5888,-93.1817,51096,2
43.9805,-95.9549,19179,1
34.3007,-78.7092,35824,2
40.6795,-74.1633,38353,3
40.5029,-74.2801,57148,2.5
42.0518,-76.3185,59571,4
42.7809,-74.0653,66769,5
42.4462,-76.6074,77712,5
42.3126,-75.6733,148936,5
40.3882,-84.4001,107269,1
35.142,-89.59,359623,16
44.4793,-72.9606,28002,2
43.4704,-91.1406,32175,1.5
43.7348,-88.4736,27208,1
43.7786,-88.346,106503,5
42.576,-88.1912,116064,7.5
36.8571,-121.4458,15760,1
35.469,-119.1692,61692,2.5
32.1251,-110.9139,16906,1
31.822,-106.3479,15717,1.5
41.8846,-72.5477,40680,2
38.6252,-89.1161,51188,2
39.1344,-90.3706,414076,110
36.7124,-86.5476,64096,3.5
42.2287,-72.0067,44501,2.5
39.5176,-76.2741,391591,30
42.0713,-77.7965,228590,5
43.0728,-76.3096,104699,5
41.5863,-83.7878,26553,1.5
41.5645,-71.2912,147072,10
41.5827,-71.5215,120928,10
32.9869,-96.0893,900058,50
37.4885,-121.9493,10062,1
36.9914,-120.3052,133304,5
40.1342,-104.6462,214437,11
41.3431,-85.0933,181778,11
44.5142,-70.5201,131495,4
42.9255,-77.7365,57133,4
44.9652,-69.8894,23215,1
44.4768,-93.1542,15142,1
42.9227,-76.608,87576,5
42.9226,-76.6036,87020,5
41.0166,-104.8003,3008620,150
41.9489,-91.6925,83427,4.5
44.0718,-102.8348,3018079,128
42.9199,-76.6081,89466,5
35.8027,-77.8679,95621,5
35.4186,-77.9861,95031,5
42.4482,-74.0197,84140,5
34.8463,-79.1293,101281,5
36.283,-79.5668,78981,5
35.2081,-77.058,115457,5
41.9564,-70.7746,222992,5
42.303,-78.0757,139906,5
36.4365,-79.2788,92465,5
42.3054,-78.0719,67366,5
39.8217,-90.552,41528,2
41.7817,-88.9237,55330,2
44.2747,-85.2119,54514,2
39.6817,-77.8015,23692,2
35.7557,-81.4156,101183,5
35.219,-77.0709,81295,5
35.4693,-80.2951,100131,5
43.7774,-75.4973,35091,2
42.0871,-76.1118,81002,5
42.1723,-89.0876,28380,2
35.7996,-78.1012,91256,5
34.636,-78.9288,85054,5
29.4346,-98.6144,91432,5
35.2235,-79.5496,103568,5
38.588,-89.149,58194,2
42.1083,-91.7906,1416890,50
34.6096,-77.9242,91869,5
42.9928,-78.5035,97691,5
43.9695,-70.579,35963,2
42.3025,-78.0726,76819,5
42.3028,-78.0702,31755,5
41.3394,-87.5844,43533,2
41.3428,-87.5843,43456,2
43.0886,-75.1769,45948,4
43.0711,-75.1269,71426,5
38.7953,-75.6061,114533,4.5
38.5665,-76.109,26386,1.5
43.3336,-77.9553,160470,4.5
36.4723,-119.3457,32043,1
36.5231,-87.3166,46025,2
44.6248,-92.5761,39112,2
44.7324,-94.6054,20795,1
44.2316,-93.9624,20461,1
44.0992,-94.0525,10811,1
42.7935,-71.178,39711,2
44.9848,-95.7194,23430,1
35.2196,-78.0699,103230,5
34.8177,-79.2005,110702,5
38.4695,-121.1825,61409,3
38.3609,-121.3843,99866,5
38.3644,-121.3853,145883,5
43.9894,-92.8573,27140,1
36.4381,-76.5966,137283,5
36.0482,-78.0294,97111,5
34.7252,-79.3374,98893,5
35.5027,-76.8764,116749,5
35.9501,-78.0933,67694,5
40.064,-74.593,86604,5
34.9082,-78.9154,44164,2
34.9091,-78.9163,57304,2
42.9545,-74.1222,37708,2
33.161,-96.2407,299924,10
35.3077,-93.9244,119374,5
40.6937,-89.9794,20423,2
36.2726,-79.7628,89594,5
41.7678,-72.0774,21902,2
41.4717,-88.0435,35254,2
40.5138,-85.6423,44498,2.5
40.0861,-85.632,58084,3
39.1493,-77.3177,16311,1
35.4208,-79.7048,45064,2
35.5557,-78.3005,31427,2
43.0963,-73.808,33037,2
42.7747,-74.5661,46184,2
42.894,-74.2157,39469,2
34.2876,-79.1497,127575,5
34.639,-82.3287,45302,2
34.112,-117.2734,51904,3
43.2123,-116.4442,553649,20
41.4162,-72.2347,80630,4
41.7014,-88.1585,14990,1
42.6037,-72.4727,18192,1
43.6586,-70.4125,58554,5
44.4432,-94.3851,26691,1
34.7395,-79.4626,87253,5
36.1385,-78.1461,74006,5
35.433,-77.439,83893,5
35.375,-81.087,79543,5
36.5079,-77.6146,62580,3
36.2302,-78.9499,95006,5
35.7135,-78.3246,83017,5
34.7923,-79.4658,91748,5
36.4536,-77.8875,88764,5
35.1512,-76.8241,138784,5
41.4082,-74.5115,67364,2
42.441,-74.0147,33400,2
42.0274,-77.5825,71340,5
36.2119,-119.1338,59043,4
45.5206,-94.2638,139328,5
33.9003,-79.756,52268,2
41.6786,-71.9049,13216,1
36.0674,-78.0195,101399,5
32.7904,-115.8633,20476,1
32.7932,-115.8574,19259,1
35.3653,-77.4517,86040,5
35.853,-77.1128,182814,5
41.7659,-70.6457,20273,1
34.0439,-117.5307,21252,1
44.7576,-94.8965,24766,1
40.5587,-74.4564,18792,2
38.5548,-121.4171,13758,1
39.1957,-77.1097,30369,2
39.1955,-77.112,27831,2
41.5948,-74.4597,61909,3
36.4576,-119.7635,28356,1.5
42.0629,-93.8563,14700,1
39.2031,-76.956,29417,2
39.3265,-76.7841,34945,2
38.3228,-75.543,50271,2
45.3193,-94.5544,22592,1
39.8924,-77.8551,374215,150
36.1238,-83.2861,45646,2
37.2263,-78.6845,58633,4
44.9535,-90.9646,32044,1.5
41.2296,-73.0239,17936,1.5
42.6126,-76.1725,139803,5
44.7327,-94.6244,20002,1
37.6534,-76.3824,97271,5
41.192,-87.6675,66270,2
35.4994,-76.8474,59168,5
44.7859,-73.0836,44628,2
41.8553,-90.1619,46193,2
36.941,-120.0464,25159,1
34.4157,-93.2013,11754,1
29.885,-81.7652,1285541,74.5
36.4247,-77.0631,111826,5
35.9665,-76.9126,126904,5
44.2635,-75.9915,133566,5
40.5123,-107.5006,63812,4
28.4859,-80.6811,131932,10
35.8143,-90.5797,266387,10
38.7084,-76.7463,38013,2
44.895,-90.4419,44406,2
36.3627,-119.426,65863,4
32.6183,-116.1323,311697,20
35.3039,-77.83,90874,5
35.9072,-79.1889,115960,5
42.3522,-85.0552,3742347,200
35.3534,-77.4749,89866,5
35.3335,-78.662,73346,5
41.8211,-71.5627,74257,5
37.5024,-78.384,508782,20
41.6183,-72.1422,18083,1
43.9069,-93.4889,26424,1
42.7555,-74.2035,37759,2
37.3855,-102.4673,112581,4
40.919,-88.6257,31466,2
42.1615,-89.041,42432,2
35.3952,-77.6617,80536,5
35.4571,-79.0943,55927,2
36.1642,-94.0824,18895,1
42.1362,-72.021,39799,2
39.2991,-76.9605,48021,2
36.289,-78.6073,88887,5
36.0519,-76.5448,97540,5
42.9961,-78.2758,61916,3
45.5873,-120.5958,336995,10
40.7655,-89.5673,40568,2
42.1067,-72.0187,46132,2
35.4158,-77.9157,86335,5
36.642,-77.569,1149616,80
43.9816,-73.1721,125960,5
34.6479,-118.0611,126849,4
38.4,-121.9629,13669,1
38.3905,-112.9939,117339,5
38.6968,-76.9784,33864,2
41.5288,-71.5617,94850,5
35.8151,-119.4597,496755,20
41.7479,-71.5222,150452,10
45.471,-92.8927,28231,1
40.4705,-74.6853,47009,1.5
38.9352,-77.0042,59602,3
34.5445,-117.1928,20010,1.5
29.2205,-98.2505,10290,1
33.7688,-117.021,15785,1
37.102,-120.1522,55678,2
44.9286,-73.665,39045,2
41.7548,-74.9588,19174,2
41.4144,-72.8457,20473,1
39.3427,-76.835,33048,2
38.799,-76.7876,31798,2
44.7954,-95.2027,25267,1
44.1974,-93.6181,22261,1
34.5846,-117.3422,41889,1.5
34.5823,-117.3416,35635,2
34.7236,-118.2907,31235,1
34.0435,-118.154,19871,1
41.8751,-88.7263,41115,2
41.028,-73.7588,7592,1
34.9958,-82.0413,51907,2
36.9837,-120.6308,2713,1
41.7938,-70.7253,23664,1
41.5531,-74.1455,31078,2
42.7537,-73.2277,45198,2
42.1752,-120.3632,80061,2
39.5524,-77.4133,86559,2
43.1429,-76.3528,111833,5
42.1149,-71.2372,8152,0.5
42.5364,-73.2228,40837,3.6
41.9527,-70.9712,6997,0.5
41.6643,-70.936,6596,0.5
37.6279,-122.4275,9592,1.2
19.6558,-155.009,10427,0.8
42.466,-73.1858,9294,0.5
42.021,-71.3404,79664,4.1
37.7112,-121.709,12083,1.2
36.4608,-119.3198,21590,1.1
36.0691,-115.8118,2423744,60
34.7241,-112.4323,552527,19
42.1959,-72.0247,78901,5
42.2482,-72.2754,48982,3
66.8385,-162.5531,8740,1.7
27.3303,-81.3714,1192486,45
41.829,-70.726,119736,5
34.7656,-106.8001,4258309,190
33.2123,-117.3019,25951,4.5
42.5825,-70.9968,67682,5
35.4216,-77.7299,92438,5
34.9633,-118.129,1697210,154.4
42.2826,-72.6745,72811,5
42.1688,-72.394,40548,4
41.6029,-74.2793,32621,2
32.9947,-99.6173,2011277,225
34.9644,-118.088,2491666,68
38.3245,-104.404,6220552,325
20.838,-156.4829,1156298,60
33.7227,-115.2652,7685173,263
42.6366,-72.9005,37302,2.5
34.9443,-118.0873,2391051,148.9
35.7111,-79.79,13225,1
44.4837,-73.0414,105033,4.5
44.6574,-73.1796,93809,5
27.762,-82.656,8789,1
37.2627,-122.0128,35240,2.7
41.7356,-70.019,10357,0.8
35.1154,-119.1159,3974063,100
44.256,-75.9993,200332,5
33.0255,-113.3594,488595,14
38.173,-104.3821,5223812,248
36.2384,-77.8391,149454,5
42.5242,-71.6775,59650,4.6
30.9532,-83.2164,614682,49.5
44.0966,-73.1706,52119,4.9
36.8382,-108.3549,3745450,200
32.6845,-83.6242,779455,128
33.6455,-80.641,1403355,66
40.7199,-117.0628,2191228,101
31.3005,-84.1336,5450505,195.5
42.097,-71.5068,16502,1
41.5959,-70.6007,63754,5
41.0181,-84.5941,45156,4
38.8589,-121.3461,37598,3
36.4262,-114.8884,2692404,150
33.7112,-115.3545,4309552,250
42.2658,-72.0642,101449,4.3
44.2516,-76.0115,88736,5
42.3991,-72.5241,47766,2.1
21.6424,-157.9284,23721,3.1
42.0414,-92.8746,42317,2.6
33.0209,-112.6617,502334,17.6
33.0352,-112.6604,483194,17
41.8049,-70.7211,95876,5
42.0272,-71.5281,103434,4.2
43.1224,-89.5447,24602,1.9
21.9937,-159.7592,371508,14
37.7588,-121.9541,23933,0.9
38.6397,-75.7106,12056,0.8
35.0235,-79.4895,9722,1
34.9105,-118.3551,3711258,128
36.0706,-94.2335,92452,5
41.5783,-72.1047,31763,3.5
42.3061,-72.7031,75297,4.3
42.0246,-71.3574,66564,5
41.7963,-70.8274,90960,5
33.9181,-80.6537,1973186,73.6
31.7369,-98.2141,2095937,100
33.3321,-97.3024,5630300,275
31.556,-109.7014,427421,20
32.9372,-113.47,10204744,200
41.3829,-72.0796,59681,3.5
35.636,-76.5359,36063,2
35.7202,-79.9084,30692,2
43.3394,-76.355,56277,1.5
33.5572,-116.6422,60787,3.4
35.285,-118.0051,2150141,90
33.66,-114.7366,4457426,137.4
35.1915,-117.9776,6241076,309.6
35.0142,-117.556,1720179,90
35.9439,-107.5702,6295379,300
36.536,-114.8301,12062747,200
45.5597,-119.6099,1344443,50
35.9228,-90.5638,27575,1
42.105,-72.4658,19251,1
42.2,-72.4815,94419,5
42.5512,-75.5312,106428,5
44.2545,-76.0131,68802,5
41.741,-73.8825,44444,2
34.7309,-118.1376,46805,3
36.219,-119.8742,7348312,50.5
34.9044,-119.5848,25233,1.6
36.6105,-120.3571,10622126,200
37.4009,-121.1608,3097052,190
33.3567,-112.9141,1062237,60
33.2441,-112.5403,8240646,490
38.6727,-104.612,5214012,175
21.4215,-158.017,449049,39
33.6065,-92.5486,42282,2
42.4788,-71.7171,20334,1
41.669,-70.9827,30088,1
35.0203,-118.1254,3028686,44.6
42.6076,-72.0439,94897,7.1
37.5242,-77.9362,423998,17
40.0943,-89.418,1618301,70
34.9947,-114.5551,267739,10
28.5394,-81.2183,16669,1.9
41.8486,-70.7284,43173,1.5
34.7985,-77.9467,27120,2
33.6819,-114.7695,3289904,137.4
34.8091,-118.3193,755063,56
33.4279,-111.9288,128210,2.4
27.9767,-81.5932,1362615,74.5
27.956,-82.1993,481344,25
33.9789,-84.5565,3640,1.5
43.0072,-85.7239,12044,0.8
41.9023,-74.0195,80893,4
34.0958,-117.7826,15811,1.7
39.7232,-121.8157,27067,1.7
19.9011,-155.7646,692618,30
21.4223,-157.971,431392,36
32.5659,-116.9315,52178,4.6
34.9935,-114.5483,406720,17.6
46.3576,-119.3201,60641,3.2
41.8002,-70.7268,40266,3
42.5667,-70.8805,21353,3.8
42.215,-71.8689,78281,4.9
26.5212,-98.9988,2395384,136
33.7908,-115.3426,3428132,70
29.304,-100.5232,3803874,160
41.6733,-70.9924,21470,1
43.1502,-76.087,68486,5
34.9748,-118.0876,2028614,41.2
32.8673,-111.5832,4331365,300
34.6332,-117.3702,2025689,100
42.1746,-72.3111,90350,5
32.2665,-106.7347,75082,3
41.3339,-74.3992,60095,4.4
34.9898,-118.1016,469403,37.7
35.0277,-117.3563,1548154,85
42.0486,-71.3908,16397,1
40.8433,-105.0152,542747,22
34.8709,-116.7749,6624768,300
36.578,-120.4057,6694262,205.3
34.8264,-118.5325,5147747,180
42.2138,-72.9363,111666,4.9
43.1473,-76.0864,75989,5
33.7866,-118.0487,178629,10
39.3624,-86.0255,58299,2
42.0816,-71.4921,61108,4.4
43.0165,-74.3261,77285,3.6
41.3912,-74.5231,46864,1.6
41.3695,-74.3661,44009,2
35.0422,-117.3501,2214883,75
36.1582,-120.116,3456223,150
32.074,-106.3322,3385514,120
32.0919,-102.5722,8718328,420
41.807,-70.7325,141643,5
33.7406,-115.3506,1765368,100
33.7263,-115.3715,5135690,250
35.2229,-91.6951,1832670,100
26.8644,-81.7401,1255562,74.5
30.2805,-82.7785,1296296,74.5
30.4561,-81.7159,178123,5
30.2963,-82.8685,1477856,74.5
42.2906,-72.7081,47605,3.6
42.1763,-72.1542,48925,1.5
41.7997,-70.7029,86080,5
32.3231,-80.6787,64642,6
33.6842,-114.7398,4087638,131.2
33.7115,-114.7867,4758177,233
34.8578,-116.7473,3885627,182
34.9627,-118.1336,186844,149.3
34.9398,-118.1359,1592674,27.4
33.5609,-114.7456,6417017,300
32.9486,-112.7698,1024980,37.1
32.5531,-111.2831,1142264,40
32.0683,-109.8887,518459,20
32.1018,-110.819,41716,2
31.262,-102.2807,4987274,180
31.2162,-102.1963,8061729,410
34.8764,-118.3536,1760494,100
34.8324,-118.2842,4731501,125
42.0116,-71.7607,71251,5
43.0785,-75.7827,123236,5
42.8578,-74.0039,82928,5
42.8814,-74.0752,50087,2.5
42.6495,-87.9927,4267653,200
32.6395,-114.4314,1291273,37.4
39.6561,-119.3459,3693971,200
29.1681,-95.7396,1806581,100
34.9437,-118.1253,1232988,137.8
33.3268,-112.9187,1195240,52.5
32.9237,-113.5948,4030998,300
21.9999,-159.3803,169819,13
21.9081,-159.4911,419463,20
33.0269,-113.3486,501322,16
33.2131,-117.3043,18313,1.5
41.7917,-70.7247,72971,5
40.3293,-74.8052,6528,0.9
35.4469,-119.0502,54820,4.3
42.3132,-71.0353,3014,0.7
41.8013,-70.7433,30755,1
37.5687,-122.2779,6858,1.1
27.6281,-82.3553,1253762,74.5
37.3683,-120.4179,37796,4.5
36.9758,-121.5696,10914,1.4
36.8188,-119.7713,12081,1.2
36.7343,-119.7178,16410,1.6
42.0255,-71.5927,32030,2
42.5709,-72.2562,60154,3.3
42.0289,-97.4824,182420,8.5
41.2763,-73.8672,8202,1
31.0119,-97.2221,14048999,355.4
44.2786,-89.8465,3415349,150
36.8188,-119.8099,11786,1.2
27.7356,-82.2703,1334762,74.5
38.1495,-87.5483,41793,2
42.4509,-71.7426,9876,1.1
44.2251,-73.2498,120331,5
36.9909,-122.0527,24592,2
42.0687,-72.0024,40336,2
42.3931,-71.6545,78712,5
42.1647,-72.0014,124273,4.5
42.5868,-71.7566,24519,1
38.999,-77.0593,10590,1.7
40.9674,-124.1044,28995,1.8
33.788,-118.0656,158323,10
32.7454,-116.9387,14526,1.4
34.0228,-117.8508,10813,1.8
37.9847,-121.3129,44164,4.5
37.4056,-122.0188,27073,1.6
37.7888,-121.1944,17811,1.5
37.7671,-121.964,13996,1
33.5755,-114.7401,4722514,223.6
42.468,-72.0696,81808,5
42.2468,-72.0488,82948,4.2
42.2278,-72.207,59684,4
33.144,-112.6627,278308,11.2
42.2284,-72.5367,42017,3
42.1063,-71.4449,63443,4
35.8863,-82.8255,40971,1.9
41.3915,-74.347,83011,5
32.5273,-96.4286,3147229,146
36.6156,-121.6352,85968,1.7
32.8033,-115.2708,2031632,136.8
34.6109,-117.4415,1096443,50
32.8913,-111.4996,2310888,122
42.6376,-71.4034,16522,1.6
32.5955,-89.454,33326,1.3
33.4102,-88.6252,2362287,150
32.0854,-96.2647,4491964,236
21.3743,-158.0631,139885,12.5
36.2329,-107.2733,934619,50
43.0785,-75.7776,113651,5
42.6619,-71.5162,115100,4.5
33.7017,-114.7558,6954929,270.6
32.0346,-110.8919,2795345,130
36.4167,-105.2833,161645,9.8
33.9266,-93.8589,67401,2.8
36.368,-93.5424,34119,1.2
35.2082,-91.7205,117831,2.8
35.61,-91.2588,73170,2.9
35.9665,-94.401,44796,2.4
34.6905,-92.2148,78829,4.6
33.2126,-111.5668,31299,1.4
42.0329,-72.5056,23674,1.8
38.9041,-76.9508,14790,1.3
28.8171,-81.683,32534,2.1
28.7949,-81.6237,23993,1.9
34.9528,-84.9545,24592,1.1
34.0492,-85.2122,51924,2.4
31.2542,-82.2996,42447,1.9
32.4037,-81.7513,52166,2.9
42.3754,-89.0035,34618,1.7
38.6508,-95.828,25673,1.8
42.1961,-72.5057,114362,6.9
42.4439,-73.0586,53040,3.3
41.999,-70.7953,35317,2.4
42.5662,-71.9259,72666,4.9
39.1738,-76.6328,13878,1.8
44.0657,-70.1024,55764,4.9
44.0122,-69.9495,58871,3.8
44.3708,-69.7043,61527,3.8
44.5742,-68.4488,52490,1.6
44.1805,-69.8124,55334,3.3
43.59,-70.7236,66914,4.9
44.7115,-67.9627,86361,4.9
44.7895,-68.5608,60763,4.9
45.4059,-93.939,4212661,222.9
40.9259,-98.3094,179299,9.9
40.7292,-74.1432,24029,2.2
39.9256,-75.0526,18507,1.8
42.8389,-76.4498,106116,4.7
44.352,-75.4886,79867,4.8
41.8487,-74.09,14659,1.1
42.1086,-76.2974,86958,4.9
42.1057,-76.2908,47201,2.2
42.67,-73.8584,32893,3.8
43.201,-77.2082,52370,2.3
42.504,-79.2778,68867,4.6
44.7594,-75.1592,86076,4.3
44.6224,-75.2063,67490,4.1
43.2969,-78.8172,105229,4.2
42.3057,-76.8912,57512,3.9
44.5997,-75.3545,87225,4.9
44.6016,-75.1307,103800,4.9
43.0156,-75.9693,36754,1.4
42.3341,-75.9036,57443,3.8
42.7265,-76.3938,69860,3.6
43.7291,-75.4663,40762,2.2
42.9738,-73.9287,47171,2.3
42.9786,-73.9274,30639,3.4
42.8939,-73.9603,40073,2.8
43.2054,-77.987,77291,3.6
42.9874,-74.1816,135822,4.1
43.1402,-75.5505,39523,2.4
42.6648,-79.0001,58730,3.2
42.5216,-79.1292,42400,2.2
42.5279,-79.1523,58321,2.7
42.9903,-74.1947,66954,3.6
43.0785,-73.3833,78451,4.2
40.947,-83.1623,18169,1.3
40.6504,-75.6006,19441,2.2
31.7832,-97.5125,1312702,71.4
36.6794,-78.9387,54765,3.1
32.8138,-117.0054,13747,2.6
36.4605,-120.0305,31775,1.7
34.2364,-118.5784,24394,1.8
36.3469,-119.3974,15819,1.3
38.1942,-122.2606,11712,1.1
35.7299,-120.6731,6728,1.1
38.0365,-122.247,299817,30.2
38.469,-121.4251,27153,1.7
36.2502,-120.23,29911,1.3
35.7164,-119.4306,57864,3.1
36.442,-120.3873,22726,2.1
35.2989,-118.9776,16167,1.2
35.5031,-119.1468,42974,2.9
35.605,-119.3285,107592,4.6
35.0771,-118.9297,38156,2.2
34.6057,-118.1073,429499,20.9
34.2945,-109.2715,377464,13.6
33.4962,-112.4303,27568,2.4
37.1239,-107.8606,31585,1.7
40.4792,-104.7173,144629,3.3
41.2088,-112.0047,41499,3.4
34.828,-86.6296,539863,32.4
29.8024,-82.6629,1199156,74.9
32.8563,-83.5505,49408,2.3
38.5219,-94.9394,103835,4.9
42.5026,-71.6931,22581,3.9
42.1089,-71.8957,32947,1.7
42.7306,-71.2126,20115,1.8
42.4826,-71.0398,18998,1.3
42.4569,-73.1928,19871,2.3
39.2179,-76.4827,66676,3.8
39.5635,-77.1829,114078,8.2
44.8563,-68.8178,51453,4.6
45.2573,-68.6634,57755,4.6
44.3113,-68.6583,71866,4.9
44.0247,-70.9585,113048,4.9
46.5148,-67.8858,52332,2.6
34.3416,-89.912,102460,4.8
40.5301,-74.4018,18309,1.4
40.526,-74.4671,13994,1.3
42.0598,-76.308,66938,3.8
44.4277,-75.2111,36912,2.2
43.4701,-76.4715,65974,4.8
43.0626,-76.0099,37523,2.8
45.0815,-122.6674,32801,1.9
41.9754,-71.6163,27421,1.8
31.8911,-96.872,888642,49.6
36.8547,-79.4683,71525,2.2
39.2033,-78.219,20269,1.4
38.4671,-77.4558,15079,1.3
43.1835,-88.0967,38134,2.2
42.9418,-87.8636,37438,2.3
42.9169,-88.8538,34241,2.3
37.7394,-121.536,26597,2.4
38.4957,-122.7489,26617,1.3
42.4679,-122.8328,36887,2.3
45.2629,-122.3498,38554,2.6
35.6073,-119.3283,110738,4.6
35.2211,-118.909,47601,2.4
37.0485,-76.7691,4252044,155.6
36.0392,-119.0607,22726,1.1
35.526,-78.6281,62960,5
34.9212,-79.7184,128571,4.9
34.9804,-79.607,117886,4.9
35.3692,-77.4538,85277,4.9
33.914,-118.0487,21674,1.3
33.9124,-118.0487,20615,1.2
39.3839,-119.7467,60012,5.5
42.1269,-72.3322,45653,3
42.1733,-71.4536,63522,2.4
41.7132,-70.987,50855,3.2
35.4873,-78.1922,84590,5
35.8786,-80.5428,99856,5
35.3172,-81.9274,54806,3
35.328,-81.6219,44287,3
34.9041,-77.7842,35225,1.5
35.2208,-81.3279,65133,3
34.8609,-79.1433,89983,5
40.4866,-74.8524,150642,8
40.4811,-74.4959,38163,3.8
43.645,-76.153,40471,2.4
36.1419,-120.1327,185941,10
34.7129,-118.2905,47905,1.5
32.1299,-103.1384,289614,9.9
34.7119,-118.292,24851,1.5
33.6995,-101.9682,110557,4.4
41.7695,-70.5206,20643,1.2
42.1403,-72.5383,66003,3.2
37.0419,-93.3399,154264,7.9
35.5556,-80.3859,88818,4.9
35.5572,-79.1968,91818,6.5
34.5075,-79.137,86625,6.5
36.2689,-76.2993,85638,3.1
34.9072,-77.782,86993,4.9
35.8976,-78.1471,938609,50.2
35.3191,-81.6237,58310,4
40.2563,-74.4432,162394,10.6
43.1666,-75.3913,42008,1.9
43.1683,-75.4037,40205,1.9
41.3446,-74.5612,20888,2
42.9115,-73.2183,34869,2.2
45.2106,-91.4333,66329,2.5
35.9961,-120.1519,382739,15.8
42.3388,-89.1983,62304,2
42.1705,-72.1997,320427,5
42.5823,-72.2939,50958,2
42.5892,-73.1293,22764,2
35.4344,-77.9902,91028,4.9
36.2487,-78.3483,84027,5
35.6583,-82.7106,52658,3.6
35.4267,-78.402,85676,5
36.3698,-78.4134,96117,5
35.3689,-82.359,33990,1.5
34.6961,-79.2172,80173,6.5
35.1689,-106.6001,45526,2
43.0425,-74.2505,47142,4
42.7407,-77.0741,97847,5
40.5632,-77.3803,348148,20
36.5053,-119.5401,63991,3.7
34.4158,-117.4698,29748,1.5
35.4507,-119.127,491966,20
41.5392,-89.1482,39135,2
38.926,-91.1423,7525136,139
40.8198,-74.4112,18282,1.7
29.6376,-82.8432,1874151,74.9
42.1647,-88.4634,26579,1.9
42.1857,-88.4087,18976,1.3
38.3194,-86.9679,35212,2
38.6531,-87.209,69261,4
42.2271,-71.8695,9759,1
42.2023,-72.3134,54426,3.5
42.4258,-73.345,39446,2
37.7563,-90.4259,45375,2.5
35.38,-81.8136,83884,4.9
35.4118,-78.6038,82752,4.3
35.7288,-79.7482,104093,5
35.2547,-78.3684,125436,5
39.4087,-75.2216,62340,3.8
43.1714,-77.392,53424,3.4
41.3793,-74.2637,42097,2
41.5623,-74.3461,34653,2
44.9337,-73.6691,43250,2
42.1404,-76.2843,68782,5
41.796,-71.7882,45293,2
41.4327,-71.8048,157811,2.5
33.995,-79.6053,44772,2
31.2857,-96.8773,129289,5.3
33.6566,-97.1489,101759,5.2
38.9297,-78.1801,51913,2.5
36.709,-120.4144,1128758,50
33.7642,-118.2882,20491,2.3
39.0477,-108.4188,27287,1.5
45.1296,-122.8996,42561,2.2
33.4752,-91.3577,2565309,100
35.4696,-93.4449,32416,2.2
38.6645,-75.3992,49184,3
27.5659,-80.6411,1426674,74.5
31.7886,-84.4579,45082,1.7
42.4529,-89.6367,57060,2
38.7496,-88.5471,5539641,250
42.5895,-70.9093,32581,2
42.2635,-71.9781,47389,2
39.1193,-76.9606,27083,2
47.8696,-96.3196,11950,1
44.2207,-93.4557,20604,1
44.7249,-94.4959,25177,1
35.783,-77.8479,792498,40
36.0083,-77.8082,40770,2
35.0599,-77.8267,81741,4.8
34.3245,-78.7924,69004,5
36.0611,-77.7505,99570,4
36.2761,-76.6467,108997,5
41.1992,-96.375,1370216,81
39.3733,-121.6815,55563,2.5
35.6476,-119.7163,27556,1.5
34.5498,-117.4667,22297,1.5
33.7981,-117.0172,48657,1.3
37.361,-108.5246,43267,2.2
42.9004,-115.1919,934089,40
35.7824,-114.9937,1659898,48
41.5827,-71.9016,16786,1
34.5489,-117.4674,22163,1.5
41.7636,-72.5579,14724,1
41.7635,-72.5629,17079,1
41.3979,-72.0773,16683,1
41.6557,-72.16,40200,1
30.3765,-83.1702,161011,8.8
28.8976,-81.3295,1022684,74.5
31.8229,-84.3813,36846,1.9
33.3634,-82.0218,26207,2.3
42.4816,-92.458,27875,1.5
40.0817,-88.2441,68099,4.7
42.1645,-88.3823,16698,1.5
40.0452,-85.0514,1006953,200
42.2278,-71.8736,41313,1.9
42.5621,-71.756,41524,2
42.4883,-73.2421,72476,5.8
42.2444,-73.3672,45901,2
42.4336,-73.3361,32574,2
42.2982,-73.2286,29486,1.9
42.0452,-72.436,62961,3.2
41.6791,-70.8358,72840,4.8
42.2222,-72.5087,15229,2.5
42.5507,-71.5092,67486,4
42.0384,-72.4485,131739,3.5
41.6972,-70.9028,17528,1
39.1138,-75.9618,105101,6
39.427,-76.3931,22868,1
44.3172,-93.8976,53524,3
44.797,-93.4399,54453,3
45.3904,-92.7647,80618,3.9
45.6712,-95.3885,19158,1
44.9324,-95.1936,27702,1
45.175,-93.6847,21329,1
44.1879,-93.6506,14699,1
39.1175,-94.2885,68670,4
35.2515,-78.3666,35892,1.9
36.2581,-78.4183,84657,4.9
35.5004,-77.1077,237602,4.5
35.363,-82.3518,35271,2
35.4032,-79.553,86694,5.2
35.4479,-78.4128,82358,5
34.8132,-79.2014,93704,5
34.8155,-79.203,64732,4.9
35.378,-79.9112,95377,5
35.3401,-79.9004,90028,4.9
36.27,-76.0327,130554,5
35.5258,-79.2016,93778,4.9
34.8385,-79.3862,1516842,64.5
36.4754,-78.3161,845051,50
34.5326,-78.312,640241,38.9
35.5496,-78.1785,87606,5.2
35.3234,-77.873,102404,5
34.7474,-77.9874,86164,5.3
35.4372,-78.1066,36817,2
35.4032,-78.0535,103487,5
34.6702,-79.198,86074,2
34.929,-79.6536,79818,5
38.9773,-74.9068,23006,1.5
40.8372,-75.0651,133578,10
40.0903,-74.2652,13271,1.2
41.1536,-74.6381,117215,7.8
40.4511,-74.8679,116916,8.4
39.5372,-118.5641,598247,20
43.3206,-77.7439,94431,6
42.2916,-74.0054,30491,1.6
43.1847,-75.4335,42380,2
41.7959,-75.0629,37405,2
40.5432,-74.2373,35597,1.7
42.8112,-78.8541,32143,2
42.0975,-78.4433,26939,1.6
42.4676,-76.6544,38042,2.2
44.7259,-73.4648,72940,3.7
44.7287,-75.3327,30731,1.5
42.8413,-73.9163,15961,1
35.2265,-97.3605,38678,5
40.6163,-80.4584,142172,17.1
41.5567,-71.5074,492276,40
33.7743,-81.1098,255488,10.2
33.6181,-80.3631,47095,2
34.1081,-80.1281,50013,2
33.8878,-79.7836,45868,2
33.6193,-96.6286,144943,5
44.0777,-73.2178,80635,2.2
36.3954,-120.1078,346423,15
37.2285,-121.7387,29517,3.1
36.2648,-117.9954,51897,4
36.0645,-119.559,46544,5
34.8185,-118.3971,5820081,314.4
39.5231,-107.816,33374,1.5
40.2669,-103.6578,37092,2
39.7868,-104.591,34757,1.5
21.3378,-158.0108,282174,20
35.6584,-105.1837,29203,1.5
36.5445,-105.2769,26976,1
37.044,-113.6277,30188,2
39.3841,-75.7591,908804,50
30.8505,-87.346,1044220,74.5
27.9451,-82.0677,401698,23
31.8089,-82.5805,371341,21
32.1764,-81.1727,26594,2.2
30.9115,-84.2285,38660,2
34.0279,-83.7572,42468,2
38.3164,-88.7542,52090,2
39.6055,-90.2251,37978,2
41.6738,-88.6615,95762,2
41.2167,-87.9171,35025,1.5
37.5473,-95.8178,39402,2
42.4822,-71.7172,70707,3
42.5819,-71.7602,17826,1.9
42.2016,-72.3221,20005,1.4
42.3521,-72.5386,40049,2
42.4313,-71.986,40170,2.6
42.0541,-71.9753,57677,3
42.6818,-72.0763,49143,3.1
42.3926,-71.9293,41307,2
41.8781,-71.1615,44357,2.5
39.6079,-79.3284,46505,2
39.5606,-76.0577,96636,2.1
39.6936,-75.9188,23150,1
45.2475,-69.0143,57536,4.5
44.4811,-70.1701,47407,3.3
44.0506,-70.3071,54828,4.9
45.1013,-70.3437,82018,5
44.791,-94.0823,26484,1
44.3368,-93.9158,20518,1
44.7824,-95.3622,50532,1
43.9802,-95.8726,25090,1
44.2322,-93.9775,27699,1
44.6135,-95.6408,24650,1
43.8944,-92.8682,23174,1
45.2722,-93.8316,23330,1
45.43,-94.0259,24354,1
37.2463,-93.167,102703,4.9
30.4466,-89.5048,1753955,78.5
35.4418,-77.8494,44906,2
35.3953,-77.7031,36872,2
36.1268,-78.1529,39854,2
34.8959,-77.8096,90229,4.9
34.561,-79.2806,101609,4.9
35.7557,-81.2348,82663,5
34.9561,-77.9848,40309,2
35.3028,-79.7017,98578,5
35.9043,-80.4183,99450,5
35.3973,-78.5112,63914,4
36.4684,-77.5938,119446,5
34.3097,-78.8339,86177,4.9
36.2466,-77.0827,138729,5
35.7765,-77.8805,99800,4.9
35.7975,-78.1414,150273,11.7
35.1606,-77.1086,103059,5
35.8795,-81.1812,87926,5
34.5869,-78.96,79088,4.9
34.7856,-77.6388,30851,1.9
34.6872,-77.5451,30388,1.9
40.0058,-74.7304,121723,7
40.2925,-74.8557,79723,4.1
40.0649,-74.5829,108901,5
42.2851,-76.954,93747,4
41.7137,-73.8859,41450,2
41.7596,-74.6707,33591,2
41.4283,-74.3976,77979,3.4
42.3543,-78.8563,115572,5
41.3455,-74.5621,18226,2
41.314,-74.5267,18027,1.4
43.0932,-78.7531,85279,5
41.6667,-73.9691,37392,2
42.8577,-76.7997,90003,5
42.4642,-74.078,34566,2
43.0204,-77.7135,82965,5
42.9471,-76.7858,44179,2
43.1967,-76.1157,95235,5
41.8078,-73.9036,23169,2.1
43.2025,-75.4,18509,4.8
41.7974,-71.5469,19350,1.6
41.3854,-71.7414,57779,4
34.1441,-82.1737,48452,2
34.0716,-82.2264,36170,1.5
35.1487,-88.5547,324072,15.8
32.2652,-98.208,287941,9.9
29.2836,-99.625,4090785,203.5
31.874,-96.9561,12310239,250
33.1558,-97.2547,46340,2.5
38.4025,-112.9881,59215,3
38.2883,-77.8406,976244,62.5
43.2813,-72.5986,52389,2.2
42.5781,-89.039,97656,4.4
35.4028,-119.0381,19331,1.1
35.9807,-120.1023,694586,19
36.266,-119.1283,57857,3.5
37.2673,-120.4833,50986,1.5
34.5538,-117.3697,96515,7
36.4928,-119.469,31092,1.6
38.5769,-121.2946,13862,1.1
36.1759,-119.5608,90799,4.1
35.696,-119.8085,29887,1.9
33.3422,-112.9199,2740776,170
38.957,-104.8065,117031,5.2
39.9827,-104.941,32933,1.8
45.5599,-123.0715,41986,3
44.9303,-122.9369,24507,1.8
45.1029,-123.413,59745,3
34.986,-118.9041,36593,1
42.5859,-73.8654,47368,2
29.2408,-95.4217,5947191,202.8
38.0374,-86.789,1174500,50.4
42.2509,-71.9504,15974,1
38.5172,-76.0206,69774,3.2
34.5811,-78.9445,64535,4.3
36.4181,-76.3667,343380,19.6
36.1263,-80.7992,82400,4
35.0014,-78.1253,1124788,64.8
29.8902,-82.6868,1951294,74.9
36.055,-77.7422,82405,5.2
42.1873,-76.8456,30185,2
42.6115,-121.8626,235881,9.9
34.6014,-78.9718,34656,2
36.2908,-79.6236,90695,5
35.2558,-107.2485,223799,7.6
34.6951,-118.0626,20640,1.5
37.1205,-120.3245,447630,20
41.8919,-72.9892,17418,1
26.8589,-81.7265,1333364,74.5
27.6221,-80.7856,1214263,74.5
39.521,-87.1806,119114,5.2
41.6863,-86.1217,46476,2.6
41.5934,-71.0186,97600,4.6
42.2376,-71.6861,13159,1
39.4356,-76.2234,21414,2
43.0998,-82.6997,32185,1.9
42.3243,-83.6947,20261,1
45.1149,-93.8139,54970,2.3
44.3962,-92.6091,58038,1
31.2774,-89.3032,788869,50.6
35.452,-79.1842,91235,4.9
34.7126,-79.3021,89327,4.9
34.5834,-79.0322,108304,5
34.9616,-78.4708,48060,2
36.4306,-79.3495,95046,4.9
35.4757,-77.1114,67927,5
34.8975,-77.7951,87992,5
35.2204,-79.5183,76203,5
35.5934,-79.0303,70054,5
40.7252,-75.0601,123026,8.8
39.5032,-74.9644,89391,5.9
41.8014,-71.5585,19906,1
41.4923,-71.6189,52282,3
33.6144,-96.6903,156193,5.3
33.5008,-96.3763,300452,10
37.2689,-121.8611,15573,1.7
35.5909,-119.4048,36274,1.5
35.4709,-120.6351,23468,1.1
40.3858,-104.5496,54159,3.5
32.921,-106.0737,129140,5
36.2749,-115.9723,242077,14
42.1702,-73.0246,73966,4.7
39.6875,-78.1088,35613,2
34.9687,-79.2132,105759,4.9
35.2007,-78.0847,120644,5
34.9704,-77.9738,72219,4.5
35.9224,-80.8392,90626,4.9
40.5217,-75.0123,50253,3
34.554,-117.3767,586986,20
32.1686,-107.7556,201597,9
38.9462,-76.0807,25738,1.5
33.8791,-117.8887,25565,1.9
36.0169,-76.8816,128086,5
42.8345,-73.8977,59144,3.5
40.9362,-76.0399,41100,1.8
34.0511,-117.4467,46148,4
35.6447,-105.2073,111244,5
38.8743,-77.0083,9711,1
39.2309,-76.4703,24891,1.3
40.5341,-74.2738,92844,6
41.2943,-74.5541,39486,2
33.9109,-118.0489,31458,1.8
33.4347,-111.983,11431,1.1
32.1648,-110.8163,15188,1.1
42.0996,-88.0305,14028,1.1
41.7538,-87.7893,13155,1.5
39.7759,-86.0427,61574,4
39.8766,-75.0083,10219,1.1
40.2047,-74.5807,65995,2.6
39.4806,-74.5161,21386,2.1
34.0876,-117.5873,26682,1.3
33.4294,-112.0449,34045,1.6
35.444,-119.1867,21008,1.6
34.2093,-119.1344,31152,1
38.1343,-122.5756,12155,1
34.306,-89.9846,106884,4.8
42.1553,-79.6029,64083,4.7
34.0491,-117.4602,17117,1.1
36.2773,-119.3171,11041,1.1
31.4576,-83.5583,81960,1.9
34.2546,-84.8358,53517,2.6
41.0351,-93.3295,34759,2.3
32.849,-91.7887,2179786,98.1
39.6387,-77.793,24167,1.8
44.2468,-69.8012,64598,4.9
42.9746,-78.2063,24048,1.6
41.5655,-83.6951,32903,2.4
30.2046,-97.6686,23426,1.8
42.6494,-87.8452,68069,2.3
43.1071,-88.227,37741,2.3
36.299,-119.5001,50388,2.9
36.1225,-119.4477,19259,1.2
36.4533,-119.319,36291,1.8
35.528,-119.3107,53891,2.3
44.6617,-69.992,60547,3.6
40.4791,-74.4383,27207,1.2
43.2887,-77.8589,83578,4.4
29.9485,-94.8534,2758132,109.9
37.9693,-78.3983,221933,13.3
37.5447,-76.6084,1695052,54.9
44.9427,-92.8558,13945,0.9
35.0987,-79.7334,30278,1.5
40.6841,-74.4044,16475,1
40.9016,-74.0932,13803,1.2
34.5096,-117.3873,32421,1.6
35.0008,-118.8983,34138,1.3
36.9028,-85.7169,1035825,55
43.9592,-69.7108,70499,5
43.4352,-86.3526,485726,20
34.9014,-77.7836,34916,2
34.8328,-106.7722,154117,7
41.734,-71.5282,227699,16.2
41.7626,-92.7155,66785,3.9
39.8235,-84.9481,95056,6.1
39.5955,-79.3883,52914,2
44.3289,-69.8198,15950,1
42.9644,-84.1436,504660,20
44.5455,-94.2229,15765,1
42.9633,-73.5973,366305,20
42.9672,-73.5712,283596,20
42.839,-77.7215,50580,5
43.0274,-78.9239,66125,5
34.493,-82.6741,38754,2
34.9821,-117.892,28742,1.1
33.7556,-117.1986,103142,3.4
45.3831,-122.0791,264624,10
39.2961,-76.4898,14029,0.8
44.3913,-75.4429,41961,1.5
29.2717,-98.4455,1135610,40.7
32.2006,-86.3302,1445346,100
41.4336,-71.8205,95847,12
27.2907,-80.5442,1077134,74.5
30.2962,-83.3007,1674758,74.9
33.6761,-83.6767,463770,30
32.1872,-82.5343,1777652,80
41.4552,-87.7516,21109,1.6
39.6998,-86.3224,187490,7.5
41.716,-70.9745,29595,1.6
42.1476,-72.4982,52983,3.5
38.9274,-76.7062,46684,2
39.6287,-77.8746,53329,2
38.9147,-76.6959,34563,2
44.5408,-68.365,209128,7
45.6502,-95.5331,14262,1
43.9176,-92.8625,26645,1
39.278,-92.1464,750159,30
36.2882,-78.989,55087,2.5
35.1547,-79.6354,809993,47.7
34.999,-84.1574,15809,0.9
35.6554,-81.1838,91935,5
36.4202,-77.1004,115261,5
35.2313,-81.5648,17765,2
40.5594,-74.7121,134203,7.7
42.4345,-73.8098,88773,5.6
42.2485,-73.7394,92862,5
41.7558,-73.8742,33431,2
43.0992,-75.7665,59326,3.3
42.8239,-73.947,65031,4.6
43.0614,-89.258,182212,8
33.8911,-116.5431,78292,4
36.7346,-120.6147,14322,1
36.6479,-120.2462,21515,1.3
40.5928,-105.1475,65846,3
38.6639,-107.9974,157113,7.8
43.319,-121.008,266737,9.9
45.3492,-122.4295,39457,3.1
42.0333,-72.5048,14906,2
38.5365,-106.077,30876,3
35.3201,-81.7658,33258,1.5
32.6606,-115.6607,2741905,130
34.4008,-101.596,10142681,500
30.9591,-103.3528,824210,29.8
42.109,-72.3382,33708,2
42.6104,-72.4752,39256,1.9
45.2679,-68.9898,309731,20
34.9676,-78.3546,86745,5.3
36.1485,-80.6565,91237,4.9
36.4854,-78.9216,77152,5
35.7949,-114.9649,3546586,154
38.5484,-77.7801,374877,20
32.1038,-110.8208,237862,5
35.1816,-106.8107,245942,1.2
41.2073,-87.9278,41638,1.7
39.0444,-84.5831,13773,1.3
40.6913,-74.1966,12587,1.4
40.5813,-75.3552,55726,2.6
39.2727,-76.5484,19989,1.5
39.2732,-76.546,14057,1.5
44.3629,-92.0224,31609,1
42.9199,-76.6046,85164,4.9
36.9894,-120.8783,73205,3
39.2733,-76.5444,14505,1.5
40.5355,-74.3913,52582,3.8
34.5092,-117.1538,29298,1
34.6551,-118.0511,57613,2
41.8326,-71.9224,302382,20
36.41,-77.0478,235832,16
40.0911,-74.8086,35364,2.6
43.9333,-75.8721,39779,2
43.2014,-78.9485,57652,5
43.0735,-74.3211,123809,4
40.1527,-76.5813,47552,2
35.8554,-119.0685,474176,20
35.8447,-119.0664,485220,20
33.0104,-116.8721,31317,2
41.328,-87.6109,58368,2
41.6621,-71.0424,20013,1
38.9006,-76.6869,42243,2
39.2704,-76.5509,30073,1.5
44.3166,-93.8953,32151,1
35.5178,-77.0879,88921,5
36.4129,-79.3155,113428,5
35.1787,-81.6651,59298,4
36.2686,-77.0606,80379,5
36.4173,-77.6556,207487,15.8
43.0595,-75.9358,85614,5
36.2213,-119.8299,678971,20
33.597,-114.572,13490,1.5
33.2331,-117.0015,102751,5
35.4422,-119.0933,16709,1.3
34.0902,-117.3562,10344,0.9
42.2647,-72.0725,18402,1.5
42.9533,-85.9012,49205,3
45.4861,-92.8759,26429,1
44.0902,-93.5541,24511,1
31.4013,-89.5004,1271931,52
35.3521,-77.4713,85413,5
34.762,-79.5026,91854,4.9
34.9692,-79.9429,93445,5
35.1485,-76.8098,81537,5
35.6876,-78.0263,73688,3.8
34.8158,-79.1948,86961,4.9
40.5234,-74.8438,68439,4.7
40.5389,-74.5317,39689,2.7
44.0677,-121.2281,204128,9.9
40.1989,-76.161,72021,3.6
34.6577,-82.5023,23762,1
34.2745,-79.8862,50700,2
45.7358,-90.4679,82232,2.5
32.7934,-115.7815,91830,2.9
20.7389,-156.4333,41685,2.9
43.7981,-117.0629,307234,10
42.2391,-121.5856,365404,10
43.9991,-117.1005,129799,4.5
30.9342,-86.2452,1346907,74.5
42.3466,-90.011,75220,3.8
39.2219,-76.4832,37776,1.6
43.5455,-70.9074,53000,3.5
44.4692,-93.1306,23995,1
36.4224,-78.1524,41275,3
34.5442,-79.2997,86445,5
35.3132,-79.6921,91029,5
34.966,-79.6101,107824,5
35.8644,-79.5823,44766,2.6
41.9268,-71.5782,185120,8
31.0336,-96.9235,11483249,250
43.6046,-73.1902,53475,2.2
34.6008,-117.6423,61009,2
34.6544,-117.9733,32453,1.3
33.2462,-115.4971,382874,23
34.768,-117.3233,30397,1
40.1222,-122.1894,132592,8.4
33.6961,-117.2167,49336,1.6
35.0812,-119.3182,130124,4.5
37.361,-120.7194,32908,2
39.7674,-104.5897,36949,1.5
39.7522,-104.6656,31828,1.5
39.5861,-119.5232,580968,54.6
41.4381,-71.7791,127688,10.6
42.0311,-72.5042,13125,1
30.1094,-85.3954,411477,74.9
27.6177,-80.7932,1199910,74.5
34.6,-117.9491,98912,3
41.9441,-71.8843,43675,2.4
38.8524,-77.0092,15913,5.9
39.2795,-75.6224,18792,1.2
30.1225,-83.561,78161,5.1
26.6873,-81.3163,1269895,74.5
26.367,-81.044,1090883,74.5
33.3873,-82.131,549424,30
33.8449,-83.6971,49021,3
31.561,-84.894,2252684,106
42.0631,-89.4343,35623,2
37.9025,-88.8772,49703,2
40.0524,-85.7334,88508,5
38.2712,-85.9853,31277,1.1
29.9748,-90.7339,688064,20
42.2043,-71.5294,31562,2
42.427,-72.7687,80840,4
42.2521,-71.4262,31077,2.4
42.0983,-72.2907,26955,2.5
42.0983,-72.2894,18488,2
41.7837,-70.693,16988,1
41.7825,-70.6907,23803,1.5
41.7823,-70.6878,21741,1.5
42.0577,-70.9828,50856,2.3
44.0938,-93.7097,34192,1
44.6694,-93.5052,29425,1
45.6666,-95.4021,20686,1
44.2466,-92.5451,23774,1
39.0949,-93.211,46423,2.8
35.5108,-78.2907,89794,5
35.4153,-78.6902,76914,4.9
36.3932,-78.331,83590,5
36.2664,-78.365,103577,5
34.9614,-77.9804,94462,5
34.3077,-78.2236,59313,4.5
36.083,-79.243,50713,3
35.8201,-77.308,148131,10
35.7361,-78.3547,87988,5
35.2996,-80.4963,1519444,74.8
36.1272,-77.4087,92243,3
36.4692,-77.5975,118151,5
34.9822,-79.2649,79860,5
34.5445,-78.7518,665705,35
35.362,-77.8959,88745,4.9
42.8229,-73.8485,102654,4.7
42.985,-76.06,42255,2
42.5058,-76.2876,39054,2
43.1033,-77.3454,32476,1.4
42.8819,-73.8786,63939,4
42.4521,-76.1218,95387,5
42.4498,-76.122,76955,5
43.0052,-74.1857,94473,1.5
42.5394,-78.163,40672,2
42.9944,-74.3144,42400,2
44.4892,-75.2442,47784,3
43.0172,-77.7986,72206,4.5
40.141,-84.2305,28874,1.8
41.4413,-71.7142,66107,4
41.9861,-71.5848,20315,1
41.5784,-71.2796,69255,4.5
34.3373,-80.0813,51223,2
34.3709,-80.0252,40118,1.1
35.1674,-88.645,221995,8
36.6112,-77.2091,2939023,103.6
44.4803,-73.1726,59507,1.3
35.211,-119.3875,39783,1.5
35.315,-118.8103,419694,20
33.0196,-116.8606,50130,3.7
32.8255,-115.7753,171492,6
39.9149,-108.3851,115567,4
35.1526,-106.5471,23356,1
43.9627,-117.2588,246560,10
45.1686,-123.1351,22372,2.2
42.031,-121.6111,192056,8
27.792,-82.0001,850631,60
26.4252,-81.0338,1088778,74.5
27.2563,-80.554,1087207,74.5
32.9797,-82.5919,122522,7.7
32.3877,-81.8197,58705,3
32.3877,-81.8166,58171,3
33.3116,-82.0822,58021,3
32.933,-84.2757,57597,3
42.7211,-93.2064,131002,7
40.892,-90.6676,830052,35
41.8679,-70.9595,36315,2.7
41.664,-70.877,73563,2.9
39.6857,-77.6436,35376,2
42.4715,-86.0951,351151,20
44.1028,-92.7452,28417,1
38.2737,-94.3528,45068,2.8
32.5182,-89.7301,5039729,175
35.8683,-77.9542,24620,1.2
34.4758,-79.0971,63006,3.5
35.6281,-81.3264,120375,5
35.9479,-78.2514,74350,4
36.081,-78.3536,86261,5
36.4312,-76.0842,429567,20
34.7139,-79.3535,60481,3.5
35.5419,-80.364,60889,4
35.9504,-79.3614,49412,3
35.5857,-81.3161,84395,5
35.3054,-81.6969,68436,4.5
35.3299,-78.6144,85750,2
35.6634,-78.5215,65347,4
36.1206,-79.5221,75847,5
35.204,-78.6797,113965,5
36.4611,-80.6006,81186,3.5
35.299,-77.5547,39617,1.8
35.0721,-78.808,68207,4
35.8337,-80.5743,250234,15.4
35.0585,-77.8525,98192,5
36.2721,-78.6538,93164,5
35.5316,-79.7864,80300,4.5
39.9222,-74.8067,20100,1.3
40.4566,-74.329,24473,1.3
44.6721,-74.9499,45795,2
42.8651,-77.0496,40553,1.8
43.0643,-74.7291,134692,5
42.2086,-73.9916,36939,2
42.9825,-74.2736,113287,5
42.5514,-77.9646,99639,5
42.358,-77.3035,96576,5
39.8618,-76.2217,109514,5
40.7605,-75.2384,78919,2.8
39.8669,-75.6676,31418,1.3
40.2156,-79.6453,40138,3.3
40.9868,-76.7922,339801,20
41.7925,-71.5542,37572,2
34.9524,-81.9842,60283,3.6
31.3252,-97.0938,2437246,100
43.5799,-72.9531,30537,2.2
42.9502,-90.3286,2403630,150
33.6661,-114.6569,32527,1.2
37.2687,-120.4833,50425,1.5
37.6942,-105.9198,633315,30.4
37.3038,-108.5794,50213,2
39.9,-104.6734,29785,1.5
38.4973,-113.024,1976018,80
37.8082,-113.0892,58372,3
38.023,-112.7303,60723,3
38.2893,-113.0091,58826,3
31.2268,-85.0753,1597230,70
31.8857,-84.0297,2954723,165
44.7942,-69.7359,109989,5
35.9056,-78.1865,82667,5
40.9208,-72.7431,46059,1.3
39.4954,-83.0446,5413017,274
41.66,-84.2733,1965706,107
40.4418,-83.4664,6164403,325
36.9305,-79.2317,626480,42
43.7911,-72.4976,69573,1.8
37.1097,-120.2983,18849,1.1
36.6566,-119.5875,10768,1.5
45.2688,-122.3291,35010,2.3
41.9252,-88.6719,58119,2
33.0068,-113.505,3282609,179
40.8801,-83.3175,261524,10.1
34.6438,-118.1621,105083,4
26.7579,-80.3354,1119063,74.5
40.7468,-92.4369,30231,1.6
43.859,-91.3243,15332,1
34.831,-79.121,40774,4.9
35.3408,-79.9925,37279,2
33.1654,-115.5406,524049,30
40.2299,-105.0311,193358,6.5
42.936,-77.4712,29792,1.4
33.6372,-92.7034,322070,12.5
27.9255,-81.7776,99938,7.3
27.8708,-80.5268,1226716,74.5
27.2223,-80.543,1230187,74.5
27.4876,-80.4426,1067999,74.5
32.6254,-83.3788,359438,20
32.2871,-81.2838,385131,15.7
42.188,-72.3631,42849,2.5
42.2595,-72.4003,20038,1
41.8015,-70.551,51412,2.5
42.2712,-72.2102,96962,4
42.6018,-72.354,72779,5
42.1467,-72.0044,29684,2
39.4356,-76.2211,36396,1.4
45.4043,-94.831,21314,1
44.9453,-94.0823,68510,3
36.1408,-80.6104,62879,3.5
35.7332,-80.7636,101809,5
34.8087,-78.9514,121163,5
34.991,-80.0972,104086,5
34.7168,-79.315,81981,4.9
35.5131,-80.4569,121456,5
34.6802,-77.9777,1564664,70.1
35.22,-79.5339,65654,5
34.3211,-78.2074,101677,5
35.8609,-79.5801,82440,5
39.4885,-75.2219,139387,6.8
42.0274,-77.5577,71616,7
33.5739,-80.8372,18564,1.2
45.728,-107.6357,107401,3
36.4001,-114.9019,1064416,79
45.6798,-118.8503,125922,6
45.4308,-122.2845,38995,2.2
39.7358,-75.5126,19369,1.2
41.361,-70.5211,17472,1
35.8903,-78.1823,80368,5
34.8567,-79.1052,80293,4.9
35.3085,-79.7204,99308,5
32.9114,-80.6961,55296,2.5
28.8706,-97.6983,266652,10
33.2106,-117.1783,10117,1.1
32.101,-110.8157,128673,5.1
42.5179,-73.8348,330002,20
33.9125,-118.0419,14896,1
42.6248,-71.1819,23981,1.7
37.3342,-121.8825,16413,1.7
33.7497,-118.276,7557,1
39.7885,-75.2447,20608,1.1
36.1314,-120.2526,25870,2
33.8659,-117.2218,19141,1
34.0947,-117.2669,19537,1
34.05,-117.5918,41146,1.5
42.3931,-72.5203,8685,0.8
44.2267,-93.4203,22972,1
41.265,-73.9585,20715,1.8
33.7629,-118.2866,18326,1.8
33.7622,-118.2884,30887,2.9
39.4477,-76.6338,12484,1.9
40.3702,-74.5824,39220,3.6
30.2161,-97.6188,137787,1.9
37.2292,-78.2734,44253,3
33.912,-118.0524,22227,1.3
40.0876,-74.8383,50473,3.9
42.011,-72.515,19142,1
41.8607,-72.5898,25607,1.2
39.8899,-86.2535,35198,2.7
29.9927,-90.0286,16673,1.9
42.5613,-71.1368,22885,1.6
42.5442,-71.5862,31071,2.2
42.0195,-71.0543,57926,3.8
39.4734,-76.1982,28547,1.6
40.8145,-74.4761,15324,1.3
41.0776,-74.1528,14479,1
40.5831,-74.2573,24410,1.9
42.0045,-76.6179,21259,1.6
42.0827,-79.3602,28379,1.8
41.6325,-71.4962,47197,5
34.2441,-118.4777,67448,4.4
33.7925,-118.2526,19507,1.3
37.7119,-122.1504,20253,2
38.6826,-121.7208,24895,2.3
34.3018,-118.8329,26090,2.6
41.5493,-73.0242,40550,3.4
41.8604,-72.7236,35082,2.8
38.8647,-76.9946,8876,1.1
30.5157,-86.5254,773964,30
41.9143,-70.8013,13904,1.5
42.2967,-71.4352,1672,1
39.4838,-76.2293,29672,1.4
38.911,-76.8942,16142,1.1
44.8811,-93.2072,30335,3.2
34.9877,-78.1374,94186,5
35.3257,-80.9971,16955,1
40.2646,-74.2782,2415,1.4
40.3759,-74.4904,45889,4.6
40.699,-74.3035,8195,1
40.3136,-74.5025,66541,5
39.8231,-75.2166,51966,3.8
40.5067,-74.3243,30229,2
41.2204,-73.7203,27655,1.6
29.5885,-97.9797,45166,4.9
37.6699,-121.8736,8967,1.1
34.013,-118.2419,12632,0.9
37.9095,-121.1951,18281,1.1
35.4056,-118.9732,37755,1.1
40.9523,-74.1956,18920,1.4
33.9221,-117.9393,13004,1.2
39.9059,-86.2625,38422,2.7
41.9479,-70.6873,8646,1.1
40.8184,-74.0175,22096,1.6
40.3139,-74.4842,26740,1.9
32.7536,-117.035,12733,1.2
41.2941,-88.3843,47031,2
40.3625,-74.4797,30797,2.6
33.1321,-80.2626,78444,6.5
44.3221,-73.1975,46104,2
35.9086,-89.8191,4831934,175
41.3374,-89.3015,316484,20
44.2994,-93.2391,17452,1
34.0433,-117.0971,31599,1.3
34.1226,-117.9394,43064,2.5
33.0116,-116.8748,111465,5
44.6262,-69.4402,2468019,110
39.798,-86.2227,192144,8.8
34.5001,-78.6896,90317,5
35.7559,-79.7905,41743,2.6
42.4457,-78.6364,85255,10
30.7079,-96.0732,4230175,210
30.9576,-97.1441,11043086,250
37.8858,-112.8943,2058532,80
34.1315,-118.7012,55226,3
45.0864,-123.4228,74689,2.2
27.0741,-81.839,799886,74.5
35.8753,-76.7102,109708,5
37.8266,-113.1121,4354386,120
32.9671,-115.5327,20475,1
34.665,-118.2868,18210,1.5
38.7573,-75.6021,29159,1.3
30.8782,-85.3998,1444034,74.5
26.788,-80.3511,1536460,74.5
34.7127,-84.9186,117762,5.5
42.3321,-71.9901,75766,5
44.0244,-92.6421,26448,1
35.909,-81.1525,30068,1
35.1999,-81.411,82893,4
35.9222,-77.676,67610,3.9
35.5391,-79.8033,74561,5
35.8065,-77.3003,86260,5
36.0797,-78.8236,92217,5
35.2939,-80.2351,832652,50
40.7887,-75.1049,52232,2
41.4607,-74.504,37060,1.9
43.2023,-78.6452,144150,5
44.4921,-75.2444,63940,5
43.0597,-74.8898,37955,2
44.6802,-74.9726,59211,4.4
44.9706,-122.8033,37224,2.2
39.7651,-79.3021,272622,15
41.6161,-71.6581,268640,24
28.6934,-96.4958,4242628,196.3
29.3286,-95.8354,7958191,430
37.5296,-77.9615,77138,5
38.0067,-76.6079,223072,14
37.5249,-77.2639,373603,20
36.1634,-119.6503,562406,20
37.883,-120.4554,50678,3.6
35.3216,-120.6922,31478,2.2
35.6927,-119.9897,130218,6.4
32.0348,-106.338,544545,10
43.3968,-120.9488,212190,10
45.1039,-123.5155,43574,3
44.8762,-122.9353,25957,1.3
41.7697,-72.0795,24759,1
39.0369,-83.6849,2781367,150
45.8671,-120.24,4477251,150
39.6755,-77.3434,335436,13
39.505,-74.9978,46092,2.3
35.3981,-78.5625,69409,4.9
36.1295,-119.5418,634192,19.8
36.2675,-119.6314,43683,2.6
44.3624,-92.0252,27803,1
35.2601,-81.4184,33040,1.9
36.4644,-78.9583,34156,2
34.917,-78.9324,1878650,78.5
40.2283,-104.7751,34405,1.3
42.2072,-121.8139,46338,2.8
44.0935,-92.7515,30831,1
34.0404,-91.6269,130832,4.9
33.2119,-92.6212,47144,1.8
39.6485,-75.7066,39330,1.6
43.4331,-70.7524,103039,4.9
41.4299,-96.458,32776,2.3
42.2351,-76.3711,109517,4.9
36.6854,-76.7624,50602,3.8
38.0993,-78.9629,40337,2.9
36.2706,-119.5181,48925,2.9
34.8607,-89.6661,105432,4.8
38.7451,-78.6754,74593,3.2
35.9725,-119.3944,23244,1.2
39.1968,-77.1113,38556,2.5
41.904,-72.797,137297,26.4
42.0568,-71.239,31522,2
41.616,-71.0447,27163,1.3
41.61,-70.5985,53706,3
45.2488,-94.111,173223,6
44.5491,-93.0165,51824,2
34.8974,-77.7913,39324,1.9
40.7148,-74.6659,100391,6.2
40.4632,-74.8569,140080,7.5
39.8937,-74.6975,49965,4
41.4919,-71.6238,23880,1.5
41.5188,-71.6865,52767,2
41.9651,-71.5242,124577,9.6
34.1081,-117.7844,20750,3
38.3057,-121.2845,210875,30
42.0322,-72.5045,13273,1
38.9248,-75.4487,197758,12
42.0691,-72.751,66936,5
39.596,-78.9512,265952,19.8
44.3174,-91.9961,26309,0.9
44.3841,-92.5722,25279,0.9
44.1072,-91.9311,19738,0.9
38.9569,-92.2437,204284,10
36.4147,-78.1748,95057,4
42.2564,-75.836,311280,20
39.9163,-77.9975,1473140,70
41.6321,-71.6389,539088,40.7
36.2045,-119.4179,56691,3
38.466,-121.1781,66488,3
30.8076,-83.2288,30639,1
40.1371,-88.2922,27679,1.6
42.0873,-71.5177,55579,3
42.1645,-72.4462,23823,1.9
42.0832,-73.063,106993,3.5
41.7747,-70.7482,43947,3.3
41.6178,-71.0438,30002,1.2
42.6391,-72.5851,24692,2
42.5526,-73.0361,28524,2
41.6848,-71.1074,67906,5
39.2004,-76.0758,18271,1
39.6502,-75.8078,35201,2
45.4653,-94.0909,22585,1
35.7253,-80.6087,157014,6
35.6503,-81.2081,84015,5
35.4262,-80.9964,79740,5
35.5615,-78.5957,32985,2.6
36.0217,-78.0083,36875,1.9
36.0947,-77.9792,47005,1.9
34.436,-77.6413,95934,4.5
36.284,-76.6019,111633,5
35.8705,-79.9279,71001,4.9
34.4678,-79.1543,72163,5.4
36.0576,-78.3073,91816,5
36.034,-77.9246,115211,5
40.4375,-74.1604,45925,3.6
40.1689,-74.6315,111566,7.5
39.5353,-75.1805,35130,2
40.233,-74.0891,44405,3.1
40.5994,-75.1095,58449,3
42.7588,-77.2479,62710,4
44.8693,-74.3069,30082,1.6
42.4411,-78.6316,90848,5
39.0861,-83.8101,3866765,300
40.3902,-84.4017,66195,3
36.8211,-78.7748,1372381,80
33.9475,-117.6397,22786,1
34.8568,-116.8129,431633,20
41.7672,-89.6702,13731,1
40.0815,-85.6419,162565,8.7
42.5701,-71.6244,44997,2.5
41.7993,-70.7427,106214,4.7
42.4463,-72.6226,28764,1.5
42.2208,-71.884,34952,4
42.4475,-72.5983,39628,2
44.9094,-94.0301,22369,0.9
36.314,-78.9704,30396,1
36.0969,-78.1702,33701,2
36.1318,-79.3334,81658,5
34.8345,-78.8434,415150,23.1
35.1812,-78.0986,87876,5
36.3687,-78.6262,36299,5
35.2628,-81.8219,82998,5
36.3218,-77.2204,113153,5
39.4399,-75.0447,74935,3.1
39.9285,-74.8185,27795,1
40.7552,-75.1708,52026,3.3
40.5236,-74.4297,29631,1.2
39.9877,-74.2365,56700,4
44.0169,-75.9219,133485,5
43.5828,-76.1804,88262,3.5
42.5458,-79.1479,93514,5
40.7902,-76.8945,354213,20
41.412,-71.7384,199375,13.9
41.5443,-71.4466,23713,1.9
35.5805,-88.9374,1501463,70
36.4245,-120.3431,469938,20
35.4158,-119.6294,497879,19.5
37.0147,-120.9573,4196046,200
45.1057,-122.662,45300,2
34.0386,-117.5659,45551,3
32.8724,-85.3903,1881926,79.2
41.643,-72.6334,59789,3
28.4764,-81.1805,57293,4.8
28.3888,-82.2222,847262,54.6
30.8567,-83.3419,19804,1.2
32.9994,-85.0343,42681,2.3
34.0949,-83.145,38181,2.2
39.4562,-87.204,112111,4
39.1669,-94.695,19611,1
41.6711,-70.8322,62419,4.2
42.0334,-71.9371,15615,1.9
41.9012,-71.2424,36712,2
42.3876,-72.7131,40160,2.2
41.9494,-70.7602,26966,2
41.8078,-71.1848,46640,2
42.2895,-72.0112,249271,14.7
42.2244,-72.311,103852,4.8
42.3101,-72.1882,50617,2.8
42.1772,-72.7284,59360,3.6
39.602,-75.8381,25240,1.6
39.648,-77.6768,187730,10
39.4369,-76.22,33269,2
45.0976,-93.6453,94363,5
44.1325,-93.2651,22635,1
44.2371,-93.3918,27772,1
45.4897,-92.7994,30633,1
35.7526,-77.8566,155869,10
35.459,-79.1751,85229,5
35.7098,-81.4126,35380,1.9
35.3143,-78.0807,105445,5
35.2882,-77.7949,41070,2
36.4335,-77.7198,35493,2
34.5227,-78.9575,97962,5
35.4155,-79.5739,81089,5
35.2977,-81.8124,38347,2
35.5473,-79.7451,45964,2
34.8404,-77.2221,98025,5
35.4348,-77.9721,93251,5
35.2449,-81.4301,34944,2
35.7562,-78.0136,139891,10
35.818,-78.1347,79804,5
36.3919,-78.4481,99231,5
34.8079,-77.2077,107988,5
35.7492,-79.7871,33643,2
34.8179,-78.6244,851593,50
40.0319,-74.6474,108149,7.5
40.6697,-75.1651,110244,8
43.2025,-76.2091,37134,2
41.7981,-74.7082,33363,2
43.0386,-78.1857,40231,2
43.0231,-78.1824,39709,2
43.0626,-74.1592,41679,2
41.321,-74.5142,38132,1.8
42.5989,-73.8819,26995,1.7
42.8886,-77.2482,26462,1.6
44.657,-75.4923,127297,4.9
40.7021,-81.5903,25887,1.9
32.4662,-80.9613,231387,10
33.7911,-81.2557,292709,10.9
34.0102,-81.7387,102812,3.4
33.9335,-81.0528,27211,1.6
33.9631,-79.5633,52465,2
34.231,-79.3903,48766,1.9
33.9843,-79.5647,43874,2
35.0318,-81.8067,36325,2
34.199,-80.2211,44210,2
37.786,-113.2804,1179160,50.4
37.8801,-78.0493,87916,5
37.3658,-75.9182,507245,20
37.0231,-78.5811,234958,13.8
37.5323,-77.9433,331223,20
34.7272,-118.3139,504272,20
34.6624,-118.0847,43976,1.5
38.3864,-121.9488,91407,6.1
34.6881,-117.9897,61562,3
37.692,-121.7174,43919,3.3
36.9163,-119.9716,103723,3.9
36.7091,-120.3966,1128450,50
35.2137,-119.3951,60114,3
34.8459,-118.5434,84711,20
34.984,-114.5563,74954,4.4
32.2658,-110.1563,1102580,30
39.6406,-104.5554,15386,1.5
21.9026,-159.4507,140706,12
34.8337,-106.7819,234111,10
31.8677,-107.5891,45064,1.9
36.3312,-106.19,29639,1.6
35.8688,-114.9562,3900518,200
35.8999,-114.9265,986176,50
45.0765,-123.3941,35297,2.2
37.7721,-113.2321,2146785,80
46.9835,-118.6146,712104,19.2
36.4158,-90.6396,22579,1
32.1019,-110.8134,22134,1
30.3206,-81.9573,332147,12.6
28.5046,-81.0386,1609686,74.5
27.5881,-82.067,1343195,74.5
41.9549,-88.4806,46551,2
40.5766,-89.7031,57924,2
41.109,-87.7289,73650,2
40.1405,-87.6477,23220,1.6
39.7624,-86.3013,49594,2.8
41.6318,-87.4697,38826,2
40.9469,-87.1361,17652,1
40.7671,-86.0437,53368,3
37.9468,-86.7358,16464,1
39.8038,-84.8754,165830,9
38.6806,-87.2018,166547,9.9
39.8011,-85.5115,24255,1.4
40.0826,-85.6364,151294,7.8
39.4509,-98.1046,37830,2
38.9935,-95.8139,33995,1.6
42.1646,-71.645,46438,1.9
42.66,-71.9941,34830,1.9
41.739,-70.8288,38923,2.7
38.7279,-76.8304,45665,2
38.0977,-75.6098,55567,2.8
47.2354,-68.6181,53412,4
45.4353,-94.044,26662,1.1
45.6333,-95.5285,90353,1
44.4166,-93.22,16509,1
44.273,-92.5527,26298,1
43.7273,-92.1433,74682,3
36.3681,-78.6247,47976,4.9
35.0109,-78.0828,67944,4.9
35.5772,-78.1838,85792,4
34.4973,-79.0498,87051,5
36.1309,-77.737,463634,12
35.4991,-76.8445,48768,3.2
35.5164,-78.7506,72997,5
34.3093,-79.0154,88263,4.8
35.902,-81.1056,120651,5
36.0214,-76.874,91270,5
36.52,-79.707,34258,2
34.9821,-78.3146,95622,5
40.0004,-74.735,39912,2.8
40.5348,-74.5666,62276,5.5
42.4532,-76.1313,105339,5
43.1196,-76.0407,55860,3.7
34.7856,-82.3984,41317,2
35.1323,-88.5894,278410,15.8
29.2342,-98.4291,313859,9.9
37.1213,-109.4113,1951931,72
36.6971,-76.1624,1191563,70
37.359,-76.7559,289149,19.9
37.2577,-77.094,2869079,150
36.8386,-78.9335,913899,64.7
34.7011,-118.1249,16000,1
35.1257,-119.2425,495014,22
34.7019,-118.1248,10176,1
33.7412,-117.0111,363035,20
38.2375,-122.2756,48581,2
38.6985,-120.8307,10325,1.5
33.8001,-117.9209,31502,2.1
35.0228,-114.1624,217559,9
32.3708,-111.2382,638610,20
32.1417,-110.8839,265427,12.5
39.4126,-107.1583,41125,1.5
33.4318,-104.4347,712477,30
45.0877,-122.7731,41256,2.2
45.1436,-122.6079,37983,2
32.2735,-102.879,8428188,250
31.8622,-84.0242,1905220,65
39.6618,-85.9841,415367,10.1
39.9293,-74.8177,53058,3.9
36.1914,-82.7405,107888,4.8
35.5006,-119.111,123305,5.2
35.1004,-119.0863,3344286,200
33.2526,-115.4978,392624,20
35.3299,-118.9932,17202,1
41.4405,-72.8404,144253,16.1
30.4497,-83.1899,3567604,74.9
27.0591,-80.4744,1140402,74.5
27.5712,-82.1902,1568050,74.5
27.3332,-81.7553,1476907,74.5
25.7915,-80.3837,18418,1
32.8831,-82.4103,28088,1
33.8388,-83.638,21365,1
33.7365,-83.6967,47788,2.5
30.8478,-83.6389,3620456,150
32.5016,-83.8807,130997,10.8
37.7506,-89.0852,22662,1.6
38.818,-86.8796,319243,17
39.8394,-84.8279,124642,6.7
40.0568,-86.8882,148717,7.9
39.7943,-85.8135,57987,2.8
40.4212,-86.9401,32842,1.6
42.1894,-72.7152,24301,2
42.4292,-72.5399,15018,1.1
41.777,-70.9653,35896,2
42.0901,-72.0112,73048,1.9
42.0591,-71.0899,39689,2
42.1192,-72.1681,74697,3
42.1209,-72.1716,44922,2
41.6642,-70.8615,31097,1.6
42.028,-71.048,11880,1.7
42.1672,-72.1922,82413,4
42.2572,-72.0683,40984,2
42.2225,-72.1296,31895,1.4
41.7601,-70.7817,12658,3.9
42.8109,-71.1234,53657,4.2
41.7751,-70.696,65331,4
42.5526,-72.2963,43152,3
42.2438,-72.0302,91024,4.7
41.9706,-71.1673,16922,1.4
42.1428,-72.5465,9052,1.4
42.3937,-72.6191,53476,3.6
42.1482,-72.0029,20803,1.4
39.5699,-77.3599,135144,9
38.3789,-75.2731,211941,7.6
38.7697,-76.1434,26595,1.5
38.8795,-76.7735,25983,1.6
38.5873,-76.1394,39051,2
39.1364,-76.4951,17674,1
39.3136,-75.8335,117824,6
39.4379,-76.2256,34280,2
39.4381,-76.2221,34358,2
38.8824,-76.9052,22024,2.5
44.5561,-69.6732,28931,1.5
46.9093,-68.0455,27439,4.1
44.1578,-70.1973,59644,4.6
43.0362,-83.3382,507152,28.6
42.2513,-85.6419,11192,1
42.3779,-83.2001,34202,2
43.101,-83.7818,57096,2
43.0918,-83.7774,52983,2
43.1521,-83.6801,58898,2
43.1511,-83.6904,57790,2
43.5072,-83.9969,57735,2
43.0986,-83.7718,55486,2
43.432,-84.1184,57352,2
44.2669,-92.6694,22384,1
44.801,-93.9116,97996,4.9
44.7262,-93.0228,135514,5
43.9122,-96.1872,106822,5
44.843,-92.871,106238,5
45.183,-93.734,80254,4
44.1253,-93.285,23389,1
44.7956,-95.2008,25930,1
45.4301,-94.0189,57273,3.3
45.2917,-92.8124,55780,2.5
44.9034,-94.0288,22784,1
44.4723,-95.662,1301869,62.3
44.808,-93.8706,71514,3
44.6677,-93.1097,90642,5
44.017,-92.6361,24322,1
44.7471,-94.7052,89234,3
45.3881,-92.6769,20369,1
45.4885,-94.1139,21781,1
43.8672,-91.3259,24168,1
40.1156,-93.6122,52070,2.8
34.7563,-79.4446,43693,1
35.9687,-78.2657,90868,5
35.5441,-78.1765,85726,5
36.0281,-80.3016,86416,5.2
35.305,-81.1388,96591,5
35.7244,-78.6064,83444,5
35.8378,-78.6688,20901,1
35.5612,-82.5884,28866,1.5
35.009,-78.0825,26561,4.9
35.4624,-79.1808,33796,1.9
36.1556,-77.2192,85286,4.7
36.3538,-78.5833,74019,5
34.9694,-80.3898,99412,4.9
35.2189,-78.6691,59751,3.4
35.3102,-81.5919,30455,1.9
35.2323,-81.5636,28341,1.9
35.0347,-77.1979,90057,5
35.5179,-78.8021,78957,5
35.2633,-81.5084,34160,2
36.133,-76.4887,95471,5
36.2458,-80.2562,29042,1.5
36.4373,-78.9716,38241,2
35.3081,-78.7736,93126,5
35.2742,-78.023,42288,2
35.7479,-79.4523,96190,4.9
35.6315,-80.42,87387,3.8
35.046,-77.8483,43168,1.9
34.5476,-78.8186,87862,4.8
36.1139,-76.5079,128907,4.8
35.714,-79.1177,90848,5
35.3577,-79.9106,96843,4.9
34.5181,-78.5245,52643,2
34.4389,-79.0845,44628,2
35.241,-81.4295,42758,2
35.2273,-80.5445,92480,4.9
35.7213,-81.4152,72739,4.9
36.452,-77.1199,407066,19.9
34.8025,-78.007,125759,5
35.0198,-78.3514,81467,5
35.8273,-76.7913,149544,5
36.4792,-76.1532,1875827,60
36.2533,-77.0497,1451178,80
36.2893,-78.6334,89391,5.2
35.11,-78.7532,318872,16
35.2691,-78.0798,89598,5
36.0693,-78.2978,62700,3.7
36.1282,-78.2728,715932,50.2
35.2159,-80.5302,452378,22.6
35.0046,-77.2722,1723218,80
34.8821,-79.6646,81341,5
35.3961,-81.2193,212359,16
35.1894,-81.7568,1064891,50
36.3091,-76.9988,138581,5
42.4315,-96.4081,49323,2.3
42.8114,-71.5005,36246,2.4
40.1806,-74.5378,49654,2.8
40.4431,-74.8762,29884,1.9
40.7596,-74.9354,88410,5
40.4371,-74.3357,41127,3.1
40.2549,-74.3809,19922,1.3
40.6517,-74.907,23107,1.5
40.0959,-74.7836,115061,7.9
40.1337,-74.4224,116739,8.8
39.9766,-74.6234,100146,13
40.7574,-74.9576,130654,7.6
40.5755,-74.3926,7908,1
40.2361,-74.3207,101173,5.3
34.7411,-106.6574,234691,10
40.9202,-72.7655,344863,20
43.1496,-75.3706,35319,1.5
42.8341,-73.6755,20394,1
41.406,-74.3571,29630,1.5
42.4282,-78.1461,39298,2.6
42.5404,-73.8267,37578,1.7
43.0605,-74.7358,73094,1.4
42.0873,-76.712,32875,2
42.5599,-78.1788,83805,3.8
42.5605,-78.1804,25529,2
43.2427,-77.2682,55310,3
42.8091,-78.8536,40439,2
44.8711,-74.3074,20477,1.1
41.9871,-74.0282,45528,2
40.8714,-73.2618,32583,2
42.8174,-77.0406,43736,2
41.396,-83.5813,577053,20
41.0126,-81.7654,105841,6.3
40.8566,-81.7593,57081,2.3
33.9421,-97.1067,68613,3
35.0139,-98.4425,68276,3
39.8969,-77.8151,465328,20
39.8857,-77.7728,377558,20
41.9542,-71.6605,52278,3.3
41.5182,-71.6804,68647,1.3
41.9219,-71.5199,32169,2.4
34.3218,-79.9194,185989,10
33.7945,-81.2614,297242,10.9
32.7274,-81.2528,170299,10.2
33.9527,-79.9369,42112,2
34.236,-79.6557,262816,10
34.3499,-80.0599,155025,8.2
34.0885,-80.115,42712,2
32.0676,-97.5334,251025,9.9
33.6251,-96.8672,150104,5
29.206,-96.0274,219073,10
33.2706,-96.9792,34990,2
29.2134,-95.6564,4211850,200
31.4385,-99.8542,2681135,250
37.8285,-113.1282,2900374,80
38.2574,-77.7715,1108529,20
37.6565,-76.3819,30264,1.5
36.9279,-79.3532,1186537,50
38.2529,-77.7245,1554313,75
44.1374,-72.5144,170728,5
43.0871,-72.4473,87406,1.8
43.1161,-89.5342,69015,5
37.3671,-121.1499,546820,20
34.7266,-118.3024,793259,40
36.9414,-119.9626,1322564,50
33.6243,-114.6992,530112,21
33.5488,-115.9817,1573694,74.8
34.6616,-118.0869,53177,3
38.7695,-123.0207,14943,1
34.5973,-117.9312,76700,3
34.6551,-118.0823,69654,3
34.7477,-117.9731,62822,3.7
35.1278,-119.2493,220387,10
36.2178,-119.9068,49784,2
33.1665,-115.4956,168871,6
34.8258,-118.5821,1024295,20
34.8434,-118.5318,411292,20
38.0251,-122.2745,17144,2.4
37.8469,-121.6173,146625,5
38.3065,-121.2949,200829,5
36.1038,-119.5673,3703,1.1
35.3039,-114.0152,84915,4.4
33.4823,-112.3484,34587,1.8
39.7923,-104.4375,342547,12.8
40.6135,-103.1504,41687,1.7
39.7619,-104.4608,1033880,80
39.6392,-104.5558,23503,1.5
40.2379,-104.7801,31011,1.5
38.6333,-104.662,817086,60
40.2669,-103.6555,37423,2
37.3836,-104.4526,3430960,140
21.4561,-157.981,701803,45.9
43.4383,-116.3274,794752,40
35.5238,-108.7728,130601,8
34.6378,-106.7008,240758,10
35.0124,-106.8611,276627,10.5
33.443,-104.4396,2022772,70
33.4551,-104.4599,1911687,70
34.9859,-103.6256,799694,25
35.0754,-106.8647,238596,10
36.3711,-105.6596,110612,3.1
35.8458,-114.97,447850,25
43.9328,-116.9883,283288,10
44.0615,-121.2368,255434,10
44.5662,-123.2957,27845,1.2
42.1738,-120.3612,228710,8
44.8267,-122.9494,53668,2.2
31.8693,-100.8294,824206,30
32.4571,-102.6876,2734140,100.7
32.0927,-100.1723,4952649,204.4
31.5252,-100.6276,5874369,200
34.3867,-100.1531,4931471,240
32.7521,-101.6203,6097774,225
37.7258,-113.1623,2318353,80
46.9612,-120.4812,109455,5
46.9735,-120.5729,112143,5
41.627,-109.6828,1714691,80
38.1359,-121.1488,46875,1.5
36.585,-119.4701,28185,1.4
35.3259,-90.3149,4409401,180
27.7806,-82.3995,10786,1
29.9645,-82.8246,1772494,74.9
29.8025,-82.6403,1577787,74.9
30.6777,-84.7372,1376605,74.5
29.7163,-82.7115,1539355,74.5
30.4214,-85.4406,1376987,74.5
28.1789,-82.1472,1326093,70
30.3184,-81.8871,73931,3
27.5801,-82.2602,1754952,74.5
27.2537,-80.5753,1325957,74.5
30.5977,-85.8266,1397600,74.5
32.8805,-84.6495,70139,3
32.8995,-84.8941,40352,1.5
33.12,-82.0006,1019373,40
21.4711,-158.0139,52891,5
40.8852,-90.0167,41501,2
41.2059,-89.0328,42500,2
40.0531,-86.8875,53670,3
39.8053,-84.8781,94365,5.3
38.5519,-96.1503,23277,1
37.6252,-97.7159,23274,1
38.9904,-95.426,32857,1.3
32.5913,-91.7784,4351383,200
42.5945,-72.2031,67031,3
42.0448,-71.395,55322,3
41.7683,-70.9876,153453,4.5
42.0601,-72.6626,29599,1.5
42.0469,-71.4002,77677,4
42.6368,-71.4186,63945,4
42.1029,-71.6986,13002,1
42.1034,-71.815,27028,1
42.2015,-72.4918,51848,3.7
42.7528,-71.0923,57260,5
42.4439,-72.6095,19357,1
41.6887,-70.4776,39318,3.1
39.0308,-76.0162,39834,2
44.5268,-69.6979,50745,4.6
44.061,-70.1538,28613,2
41.7534,-83.5236,431276,20
45.0081,-95.2297,22043,1
45.6775,-93.922,26497,1
44.0248,-92.6737,27044,1
44.041,-91.7674,53601,2
44.9483,-94.0761,24480,1
44.8967,-93.8341,20172,1
45.1379,-94.7358,24812,1
44.5424,-94.2228,23707,1
43.8049,-91.7927,23802,1
44.1005,-94.0769,21102,1
32.5546,-90.0047,2155677,100
35.7117,-80.6659,37664,2
34.7492,-77.9882,85583,4.9
35.505,-78.1924,90361,5
36.0079,-77.8102,60637,5
36.4392,-77.7082,473627,19.6
36.1503,-79.3485,52782,3
35.2976,-77.5538,66117,5
36.2758,-78.3771,84814,4.8
36.3744,-76.9398,120991,5
36.2509,-76.5021,86211,5
36.3629,-76.9151,86261,5
34.6134,-77.9298,99670,4.9
35.4895,-78.3067,82555,5
36.0796,-79.1994,91761,5
36.4765,-77.4688,114030,5
35.8589,-77.4989,122255,5
36.411,-78.1315,88333,4.9
36.3121,-80.1525,65332,4
34.8201,-78.9697,105706,5
35.5412,-80.4751,62791,3.5
34.7465,-78.4282,97117,5
35.7971,-77.3789,167549,5
35.2564,-81.8305,1093326,74.8
35.3999,-78.0522,92319,4.9
35.5976,-77.6097,92048,5
35.1617,-78.0911,79711,3.4
35.214,-79.5558,83331,5
35.0596,-77.1871,79719,5
35.6808,-79.1372,95144,4.8
34.7752,-79.559,93605,5
34.9758,-79.9893,85508,5
35.2285,-78.039,48141,3
34.1723,-78.8359,103394,5
35.4168,-78.7736,126434,5
35.5559,-80.6515,110577,5
35.3808,-82.3757,62982,3
36.0091,-79.3688,54112,3
35.2724,-79.7367,122976,5
34.9805,-79.277,83249,5
40.8264,-74.7155,37510,1.4
39.0034,-74.933,21947,1
40.0497,-74.935,36212,2.4
39.4692,-75.2209,32913,1.8
41.472,-74.0798,69644,4
40.8222,-72.8751,26951,1.3
40.8114,-72.8572,17043,1.2
41.5798,-74.1789,38526,2
42.6075,-76.1521,100508,5
43.1968,-76.2071,108342,5
43.165,-75.3098,61462,3.8
42.9237,-75.4229,93310,5
43.0061,-78.7965,35015,1.5
43.1005,-76.2959,54971,3
43.2977,-77.939,112989,5
42.8406,-73.8354,77093,2
44.3694,-75.4586,74687,3.5
44.9222,-74.2648,117502,4.5
43.2027,-76.9726,41567,2
41.8854,-74.1019,67526,2
41.7462,-74.5163,30231,2
42.9447,-76.7919,47971,2
41.681,-74.8768,104483,4.4
42.1921,-76.2598,85975,5
43.0154,-77.7985,71792,4.5
43.1902,-75.1889,69031,3.2
41.867,-73.7038,87195,5
42.5174,-79.2197,116700,5
43.8639,-75.7195,74721,4.3
41.3998,-74.5028,40998,2
42.7717,-74.5514,1396187,50
41.3368,-74.5522,47775,2
42.1304,-76.4389,84163,5
40.5425,-84.1873,238436,13.5
43.5543,-119.6845,272426,10
39.939,-76.7696,264433,20
40.4718,-75.7852,302947,20
41.5558,-71.1882,30635,2.4
34.2476,-81.648,63070,3.5
35.0162,-81.929,33356,2
34.6629,-80.3903,48248,2
35.0258,-85.2082,38555,1.9
36.2942,-82.694,124939,4.8
36.4468,-88.3275,138681,6.8
29.4797,-98.2994,164813,5.5
29.4695,-98.3334,124387,4.4
28.9122,-99.157,3368364,130
30.4253,-97.459,2610243,144
29.2897,-95.2986,1657303,57
37.6391,-113.6466,58663,3
38.0942,-76.7936,39076,2
36.8012,-78.8333,731157,51
36.8828,-79.484,2225865,120
36.5496,-79.0179,1235113,70
44.9105,-72.9796,43898,2.3
44.1387,-73.2036,59617,1.9
43.5786,-72.9569,41403,2.2
39.7068,-79.9495,230463,18.9
39.5392,-80.0992,61457,5.5
36.3873,-119.2552,59643,3.5
36.1013,-119.0385,97096,3.5
36.5544,-120.3391,562087,20
35.2607,-117.9975,898395,45
34.7083,-118.1285,20052,1.5
36.2316,-119.812,282539,13.5
34.5718,-117.576,59404,3
36.6344,-120.1751,132161,3.5
38.2613,-122.7366,37636,2
37.0535,-120.6321,22667,1.5
35.05,-119.1806,11956,1.4
38.2725,-108.7842,21553,1
40.092,-105.1912,128698,8.1
39.902,-104.6651,100325,4.5
40.6158,-103.1565,140743,2
40.267,-103.6538,16262,1
37.3764,-108.6154,127376,5
21.4692,-158.0162,18698,1.5
21.6807,-157.9844,46036,3.5
21.3228,-158.0443,67479,5
39.4078,-101.0416,29801,1.2
32.7131,-108.248,17078,1
35.3114,-106.6384,21876,1
33.3491,-104.5388,44730,1.4
35.89,-114.9583,3835825,255
45.3182,-122.3312,205541,10
45.1208,-122.9373,47632,2.2
43.3186,-121.0022,267625,10
45.1818,-122.592,42355,2
45.4583,-122.2894,37240,2.6
43.5537,-119.6898,278108,10
45.4313,-122.2958,37765,1.9
29.5913,-104.3303,308449,10
31.2593,-102.322,3078115,152.5
37.6444,-113.6056,2743802,80
38.5248,-113.0348,2219938,80
38.2258,-113.105,44686,2
41.5834,-71.9025,11184,1
27.4454,-82.0657,1366478,74.5
31.8663,-84.0034,1049664,60
31.7281,-82.7267,2523814,107
35.8137,-78.7499,51349,2
40.9125,-72.7437,117066,4
40.9105,-72.7548,368270,22.9
41.4041,-74.169,38854,2
42.346,-76.9685,40589,2
41.8421,-71.7132,34629,1.2
34.9936,-81.8765,29128,2
29.4155,-95.7395,5453511,110.9
28.5634,-97.9605,4742918,250
37.8861,-76.5512,1447620,127
40.612,-103.2336,49210,1
34.9751,-78.5176,52640,1.9
35.4445,-77.6492,43093,2
35.5856,-115.4346,4538817,299.5
34.8889,-79.062,122415,5
34.7449,-78.4212,151736,5
34.5226,-79.8471,44945,2
35.8238,-79.08,38868,2
34.6963,-118.0625,21088,1
36.1362,-119.5606,386338,12
35.5907,-119.5761,454172,12
45.7963,-86.5344,21287,1.1
27.7741,-82.239,1350744,74.4
27.6842,-82.4125,1398239,74.5
33.3072,-83.3922,20578,1
40.0505,-86.8828,43466,2.3
38.6617,-85.7855,136636,7.1
35.5408,-79.4484,39743,2
42.5421,-73.8306,21139,1
42.8898,-77.2558,39237,2
33.2373,-81.3508,123367,5.4
33.7788,-81.1087,206411,7.5
35.614,-89.2391,84854,3
44.7882,-73.11,104549,4.9
36.7163,-120.3958,1018771,20
32.3066,-102.8583,9268055,303.6
45.3053,-94.0875,26681,1
44.0231,-92.6147,15064,1
35.7995,-77.0642,128032,5
34.6638,-79.1336,49181,2
35.416,-78.7164,40579,2.8
43.1912,-76.3899,142224,5
32.7469,-115.7121,3347406,147.4
33.1165,-116.0016,583260,20
45.1379,-122.9144,40262,2
37.7311,-113.2194,68792,3
40.3725,-120.2616,175752,7.6
33.6263,-85.9406,39717,7.4
39.9821,-105.0612,41595,1.6
41.5718,-72.1556,39521,2.5
41.5774,-72.1028,22488,1
27.6814,-82.207,988227,61.1
27.8797,-81.9166,630836,37.5
30.3965,-84.3696,1009577,42
27.717,-82.0354,1100446,60
32.2326,-81.3677,89494,3.6
40.286,-88.1339,33925,1
40.1367,-85.6886,160325,8.1
38.02,-97.9754,29415,1
30.466,-91.3172,1300881,50
42.1511,-72.2696,19083,1
42.2021,-72.5499,59326,3
42.1725,-71.4672,25617,1
43.0342,-83.3139,334585,19.6
45.6475,-95.3288,22848,1
44.2159,-92.6592,74451,3.9
44.0427,-92.6908,21653,1
44.2555,-93.5836,50360,2.7
44.0241,-92.6195,21409,1
31.3993,-89.4918,1382537,52
35.2184,-78.6732,92676,5
36.1149,-77.7255,63635,3.4
35.223,-78.0197,95171,5
34.7683,-78.9827,104012,5
36.1606,-76.4884,81839,4.8
35.134,-77.5384,91861,5
36.3312,-76.0569,148328,5
35.1688,-77.1172,119864,5
36.4672,-77.6181,101330,5
35.8441,-76.7982,137695,5
36.4494,-78.1614,67828,4
34.7521,-79.3943,49059,2
36.0569,-77.7564,182763,5
42.2138,-76.5226,303923,16
40.4449,-84.0474,32093,1.6
33.4927,-81.2976,155281,6.1
33.3407,-80.7048,1754146,74.9
33.6107,-80.3369,53114,2
27.4236,-98.8303,279967,10
29.3623,-98.2334,30790,1
33.4778,-96.1415,1866191,82.5
35.8719,-120.3316,3112814,130
35.835,-120.2973,2630566,150
34.8208,-118.4412,481083,20
34.6926,-118.2863,477112,20
33.1656,-115.5493,1014053,50
32.832,-115.5063,58947,3
36.2494,-119.9006,2474556,128
32.6683,-115.5597,6389507,252.3
33.3452,-111.6018,11363,4
39.7656,-104.5906,45954,1.8
40.1811,-104.6902,451193,16
21.6227,-158.0532,849849,48.8
39.5805,-119.5177,219746,10
40.7714,-116.5094,4880445,100
45.1703,-122.4729,34120,2.2
31.0359,-102.4649,5096432,255
38.5107,-113.0344,2881570,99
35.0394,-90.8065,21619,1
35.1591,-91.6623,2114869,95
30.1047,-85.4059,2588702,74.9
44.651,-95.338,22146,1
35.8756,-77.0807,125308,5
35.6016,-79.7856,78135,5
35.76,-77.5123,35174,2
35.2827,-81.6145,338768,19.4
36.2839,-80.8413,98039,5
36.5083,-79.437,95550,3
34.7042,-78.4198,1528326,70.1
34.3235,-78.1987,106411,4.9
40.8612,-74.8219,51329,2.2
40.5146,-74.9768,44493,3
39.4893,-74.9802,49038,2.4
40.6952,-75.1467,193400,9.8
34.1919,-82.1296,58676,2
33.5652,-114.9186,107874,4
34.7946,-118.5113,1379960,66
32.3718,-111.2832,811849,26.5
34.8097,-106.5171,304913,9.1
35.2834,-106.8121,160031,6.1
45.3796,-122.2329,244262,10
40.5766,-112.0846,100735,5
44.8475,-69.4512,58786,4
32.6744,-115.6023,6503831,206.7
30.5575,-97.6901,25366,1.4
36.5925,-79.301,228650,12
35.8155,-119.451,493186,20.2
33.7196,-117.011,12914,1
43.1826,-76.2257,15604,1
38.8982,-76.9551,6972,0.8
39.0211,-76.9287,28006,2
40.6378,-74.126,17346,1
34.3203,-118.4308,21755,2.2
36.5238,-120.1233,363847,20
33.7122,-117.073,22945,1.3
34.579,-117.5793,14360,1.1
36.4149,-119.5536,26233,1.1
36.8119,-119.7417,64841,1
36.799,-119.6378,15853,1
37.717,-121.8854,28710,1.5
35.8009,-114.9765,1229699,10
37.3193,-89.5256,13934,1.2
35.4671,-93.5152,126577,5
38.7177,-75.2884,21304,1.2
31.2184,-83.7805,26573,1.6
41.4829,-88.0636,37845,2
39.7373,-86.2361,20089,1
41.9466,-70.7614,35921,2
43.9808,-95.7677,44650,1
45.4899,-92.8518,27080,1
36.4471,-76.5804,214550,5
34.9347,-78.9618,38721,2
35.8305,-77.6152,93987,3
36.1582,-76.4914,131850,5
35.6979,-77.8768,163483,10
40.7324,-73.3759,127923,9
33.7903,-81.2655,249937,8.2
33.0437,-115.6277,47624,3
33.1864,-115.4289,544812,30
34.0353,-117.5342,20120,1
33.7661,-118.2889,30101,2.9
33.8811,-117.8916,11289,1
37.4574,-105.883,33878,1.5
38.5452,-118.1937,1415667,50
36.0585,-115.2708,21058,1.7
44.1504,-117.001,275558,9
27.9662,-82.534,19265,1.6
42.3731,-89.81,30916,2
41.4555,-86.4879,19016,1.1
42.1167,-71.2666,43450,2.4
42.834,-70.9915,25072,1.5
41.7485,-70.9656,56226,2.6
42.2237,-71.6669,33801,1.3
38.8613,-76.9133,11920,1.2
45.4209,-94.0077,27681,1
44.2328,-93.9626,18880,1
44.0798,-93.5498,21045,1
36.157,-77.2078,541500,21
40.483,-75.0161,131455,8
40.2007,-74.5762,24327,1.5
34.2077,-80.2215,197213,10
33.966,-117.6591,38923,1.5
38.0009,-121.7487,44726,1.5
37.9141,-121.1986,38578,2.6
33.6685,-117.383,12202,1
39.8262,-104.9738,13724,1.2
35.0175,-106.101,1203702,50
36.272,-115.0442,12963,1
45.2697,-122.7718,25882,1.7
34.7025,-118.1294,24331,1
41.8068,-71.5066,48803,4.3
41.9652,-71.5281,23346,9.6
32.1856,-103.1828,293016,9.9
38.2167,-122.5428,13285,0.8
33.4473,-112.2155,18090,1.2
27.7543,-82.1649,1650864,74.5
41.7658,-70.6434,20449,1
42.1149,-71.066,20738,2.2
39.297,-75.9824,24429,1
39.4464,-76.2167,28913,2
39.4453,-76.2191,41894,2
44.4755,-93.2008,47434,2.7
44.8861,-93.0256,15779,1
36.003,-78.847,52202,3.4
35.6011,-78.3684,33798,1.9
36.1,-78.1563,97369,4.9
35.1527,-77.1344,57496,4
35.0467,-78.8109,27241,1
34.3087,-78.6998,116226,5
35.4744,-77.1124,52096,5
34.5656,-79.0345,96711,5
35.2936,-81.7737,434691,22
34.5355,-77.9124,81900,5
36.2733,-77.028,209026,10
39.4601,-74.6816,20136,1.4
43.0763,-77.6676,52567,1.6
39.0837,-83.8817,4187535,200
41.5479,-83.5779,33895,3.1
35.19,-89.7993,18027,1.1
32.6905,-97.022,17096,1.2
38.0216,-77.9776,393741,20
36.1405,-119.5669,44918,2
33.7177,-116.1983,13519,1
33.998,-117.5527,39927,2.4
34.029,-117.5171,32467,2
34.0977,-117.5445,17625,1
33.891,-118.0369,36304,2
38.6009,-121.398,15980,1.1
34.1454,-117.5709,39087,4
34.2776,-118.4292,4106,1.6
36.7654,-119.7974,20631,2.2
34.1003,-117.5525,30928,1.8
34.0798,-117.2038,33680,1.9
32.1471,-110.9901,20858,1.3
39.6402,-104.5584,33356,1.5
38.2821,-104.5175,16510,1.5
36.0693,-115.2809,16050,1
42.5218,-122.8287,233795,10
45.1696,-123.1363,11161,2.2
45.5288,-122.6633,19113,1.4
39.2461,-106.8753,87183,5
38.8478,-76.9744,18258,1.7
27.6268,-80.8031,1417688,74.5
26.0109,-80.3024,14902,1.1
31.1856,-84.1341,291692,16
32.9643,-84.5435,47480,2.4
32.384,-81.685,72624,2.7
33.6349,-83.093,79257,3
34.4489,-83.0947,71406,3
34.7685,-84.8168,80103,3
33.3182,-83.4018,70028,2.7
33.2777,-83.2977,54125,2.9
41.1968,-88.3042,48366,2
39.8209,-90.548,43876,2
39.03,-84.6602,19251,2
42.0585,-71.7312,39302,2
42.2682,-72.292,22243,1.4
42.2238,-71.8744,20547,4.8
42.1063,-71.7035,36731,1
41.7933,-71.1419,869,2.8
39.4179,-76.4052,23289,1.5
39.2261,-76.6881,19099,1.5
44.6501,-70.0807,996246,77
44.2443,-93.2698,18114,1
32.2546,-90.1552,12473,1.2
34.9559,-90.175,1970233,100
35.366,-77.8859,81948,4.8
40.6189,-75.1525,86841,6.7
40.556,-74.4671,20465,1.8
40.8158,-74.4751,5247,1
40.3311,-74.462,14738,0.8
40.1965,-74.5833,23050,1.4
40.3246,-74.6501,11756,1.1
40.3153,-74.6556,20406,1.4
40.5396,-74.5616,24973,2.3
39.8684,-75.0115,36460,4.4
39.8583,-75.0098,25184,2.7
39.886,-75.1102,8704,2.4
41.08,-74.1791,45312,4.2
42.458,-79.344,16917,1.1
42.8747,-77.8746,94582,5
42.6867,-73.8246,16969,1.5
44.4217,-75.3803,48575,3.3
44.3605,-75.4276,59315,4
41.6892,-73.8089,25017,1.6
42.4674,-73.6953,76183,5
44.162,-76.1091,36168,1.3
42.8957,-74.1477,1585919,90
41.0483,-81.5854,35085,3.8
39.9438,-83.3181,50606,4.2
40.8599,-75.8541,208547,10
35.5796,-86.4614,691646,35
29.226,-98.6727,320003,10.6
32.7921,-99.9244,6351344,200
43.6266,-72.9722,31761,1.5
35.5579,-120.6819,49470,1.5
34.9076,-117.9206,28966,3
34.9227,-118.3619,662706,18.4
35.1167,-118.5659,172529,4
34.0272,-117.5209,55346,4.5
33.7832,-118.2853,32798,1.2
34.0394,-117.6055,30924,1.5
34.1051,-117.2338,52446,4.3
38.6825,-121.5744,48760,2.7
33.9924,-117.5533,40836,1.5
34.0781,-117.2747,33934,2
33.8459,-118.3018,41592,2.6
34.1293,-117.4055,40055,2.2
34.1267,-117.4156,50320,4.2
33.8798,-117.299,62369,2.4
33.5251,-112.3825,269322,11.2
32.2429,-111.2586,84473,3
33.4089,-112.4146,27204,3.1
33.6031,-111.9249,14793,1.1
33.6416,-111.9998,17664,1.3
32.937,-111.7386,23671,1.6
21.4135,-158.0159,277620,14.7
35.419,-108.0964,3522777,200
35.6295,-91.2306,23317,1
35.6483,-89.992,4599813,150
41.9974,-70.8465,2799,2.5
40.5245,-74.4338,95937,6.6
33.9107,-118.0444,36895,1.5
32.869,-117.2432,33785,1
40.0144,-74.8534,42441,1.8
40.3233,-74.6462,11542,1.2
38.6155,-121.0576,17624,1
38.6434,-121.5056,14393,1
33.084,-96.8395,52564,7.7
33.7873,-118.1177,39010,4.5
27.7881,-82.3953,9931,1
27.954,-82.4318,18632,1
28.6668,-81.3767,22227,1.5
40.2452,-74.2436,16794,1
32.629,-107.2592,119289,5
34.0139,-117.5371,79239,3
33.8779,-117.9958,9742,1.2
44.9383,-73.6769,104017,4.9
43.0682,-75.4928,81547,4.4
41.9786,-93.6568,26925,1.4
39.7303,-104.7679,110183,1.7
47.31,-68.1647,47816,3.1
45.4479,-90.3282,32121,1.4
39.7274,-104.77,63554,1.7
42.248,-72.6716,30346,2.5
42.7591,-73.574,65853,4
34.8537,-116.6832,40277,1.5
34.094,-117.3191,34843,2.5
41.1081,-88.0645,49885,2
39.621,-77.8602,75341,4.3
36.7848,-91.8721,128015,8
42.4564,-75.9318,318549,20
43.082,-75.7329,84435,4.4
43.2054,-75.3865,75483,5
36.6334,-79.6964,868652,66
35.6343,-117.6516,202780,11.1
41.6726,-71.0046,79161,4.3
44.2626,-94.2899,19229,1
22.0806,-159.3323,12760,1
41.7432,-71.928,542528,49.4
28.067,-82.018,127906,6
29.8716,-82.7249,1675623,74.9
32.9207,-84.3434,16470,1
38.5945,-89.2743,52370,2
41.4932,-87.7845,41254,2
41.5197,-87.4364,38389,2
44.6425,-69.608,21638,1
44.5368,-69.6694,71682,5
44.5965,-69.6036,62582,4.3
44.1049,-70.115,65654,5
45.657,-95.5191,18560,1
44.2905,-92.7274,25633,1
45.4236,-94.0211,27397,1
45.4859,-92.784,28698,1
45.4859,-92.8126,11504,1
44.9518,-95.4973,23192,1
35.0137,-78.049,35740,2
35.0204,-84.0157,11625,0.9
35.7814,-77.8836,102627,5
34.535,-77.9157,48974,4.5
39.6138,-75.3091,304587,18
39.8921,-74.6953,48173,4
44.6561,-75.5018,124119,5
42.2053,-73.7983,72535,3.5
41.3874,-84.093,151173,8.1
40.1197,-75.4881,21260,1.4
33.6546,-80.9562,1926588,72.1
34.6941,-82.5278,41220,2
34.1226,-82.1312,59397,2
33.0102,-99.6134,6122267,106.4
31.5723,-99.1921,7375739,320
44.436,-73.1454,93272,2.2
43.6082,-87.8948,2711209,150
36.6674,-119.4167,60055,1.2
34.6857,-117.345,416868,18.7
35.596,-120.6895,30594,1.6
32.0995,-110.8113,33547,1.2
32.3451,-104.2352,286804,9.9
35.3566,-106.8576,1097161,55
32.0718,-104.1628,484012,20
43.5034,-119.149,242241,9.9
39.5543,-110.7107,1818545,80
40.767,-111.896,22223,1.3
27.7815,-82.3935,484665,45.8
32.0663,-82.1338,74926,3
44.3275,-69.7284,105294,7.2
43.9903,-75.6622,68886,3.3
42.8337,-73.9467,75245,5
34.8301,-118.371,3986939,192
34.9753,-118.9473,47209,1.5
39.7844,-104.5922,71141,1.5
32.6838,-103.3057,75408,10.1
45.4857,-94.1054,20892,1
35.7143,-78.4998,19091,1.1
34.8115,-78.6214,130257,5.2
33.9706,-96.4366,108966,5
40.0269,-77.2349,72877,2.8
29.3198,-100.3861,1490194,39.6
39.1828,-75.6939,20645,1.5
27.9918,-82.0452,104861,3.5
27.9867,-82.0452,59958,2.7
29.495,-82.8332,1606944,74.9
30.4542,-85.2775,1625512,74.5
30.4418,-85.2762,1416474,74.5
34.041,-85.2249,29207,3
30.9754,-84.6204,19385,1
42.2024,-89.6113,40935,1.6
38.048,-89.2165,1030086,50
39.6536,-86.26,192935,8.6
41.4629,-87.2601,36277,1.5
39.8009,-84.8966,21051,1
36.7923,-86.9383,3677936,173
37.7571,-82.4683,1537829,111
42.1427,-71.9721,16689,1
42.2162,-71.89,75084,2.9
42.6078,-71.1745,50657,2.6
42.2621,-71.6054,29822,2.2
42.046,-70.9619,33100,2
42.2029,-72.3234,17374,1.4
42.469,-72.0445,46341,2
42.2388,-73.3616,18418,1
41.6223,-71.0529,49223,5
38.2058,-75.6764,63526,2.1
39.1699,-75.9544,632357,79.6
46.9412,-67.9279,67212,4.1
44.166,-69.1162,36226,2
44.6222,-70.1912,43301,3
44.7816,-69.3642,76472,4.9
44.7012,-67.4623,63375,4.9
46.1904,-84.3446,104017,6.9
44.2993,-93.2409,20071,1
45.4989,-94.1083,40587,1
45.6336,-94.0539,27292,1
45.1911,-92.9572,16976,1
44.6143,-95.5984,23026,1
44.0903,-93.5523,23757,1
46.0053,-92.908,59627,3
45.4064,-93.9705,104661,1
39.7636,-92.4565,46435,2.8
39.1332,-94.4866,166566,10
35.3835,-79.7701,87952,4
34.2871,-77.9806,36073,1.2
35.2131,-78.089,125503,5
35.0425,-78.3344,82076,4.9
34.8237,-79.948,1178725,78.7
34.8019,-79.3291,774954,35
34.6156,-77.9996,697942,33.3
34.524,-79.1055,88236,4
36.121,-77.4046,530217,19.8
36.4242,-77.0746,183685,9
34.9687,-77.7588,49416,2
36.2682,-80.3797,99142,4.9
34.3123,-78.2023,77498,5
35.9054,-76.6418,2113594,80
35.8335,-79.0266,16539,1
34.8292,-77.9737,93065,5
35.1974,-80.0127,59702,3.5
34.1522,-78.8931,98829,5
35.9635,-78.0967,520315,23.4
40.0235,-74.3137,178030,9.6
41.1884,-74.5906,93396,7
40.7514,-74.3519,79478,6.3
42.8377,-78.5729,75752,4.5
41.5833,-73.7277,67520,3.7
43.12,-79.01,56963,3.5
42.9297,-78.5552,100438,5
43.1244,-78.9135,105733,5
43.0392,-74.2466,70435,2.5
42.934,-73.7154,317905,20
41.8904,-74.0928,51422,3
42.8209,-77.7209,126064,5
43.1945,-75.2593,103399,5
40.5421,-84.5925,92361,4
38.9228,-84.0335,1405470,80
41.277,-80.8395,17948,1
41.0846,-84.2898,1232996,49.9
41.109,-84.7163,1242931,49.9
40.8622,-75.8439,118773,10
40.3582,-78.6478,1452431,100
41.7383,-71.2685,47116,3.5
34.6952,-80.1443,1397306,75
33.8887,-81.3981,1395370,75
34.1277,-80.1498,43638,2
28.5858,-99.7344,4657819,200
33.309,-97.3709,3963293,245
39.0697,-78.274,1006648,75
37.0872,-77.4828,85422,5
36.5671,-79.0316,1041019,75
37.6804,-77.1595,234590,13
37.9162,-77.8658,289718,18.6
37.1441,-79.3566,1654819,80
36.6922,-76.5788,421228,20
43.54,-72.9558,38731,2
44.4255,-73.1605,84539,2.2
45.3855,-91.8251,69429,3
43.7472,-87.7645,37254,2.3
43.8636,-90.1558,34074,1.5
32.9833,-115.4819,125986,6
34.1722,-116.1541,323372,12
34.1899,-116.0916,255267,8.5
41.0316,-121.424,80156,3
36.3184,-119.214,61169,4.5
35.6293,-119.5747,419750,14.7
34.1689,-119.054,54443,3.7
36.5473,-119.4313,16233,1
33.2107,-117.1768,12336,1.4
34.6938,-118.2341,86791,2.3
36.9573,-120.0345,35591,1.2
35.8173,-119.063,1163273,55.8
36.1818,-121.0268,48324,4
37.1244,-120.1771,196078,7.6
32.1071,-110.8242,56971,1.9
39.526,-107.696,17419,1
38.4654,-105.2134,33999,1.8
37.4524,-105.8604,41696,1.6
21.4071,-158.1531,85320,5
33.1627,-104.3854,13256,1.7
35.2664,-106.6665,23084,1
35.0969,-107.6141,1196914,49.5
45.1134,-122.7933,45728,2
43.4996,-119.1441,237425,10
30.9919,-102.2718,3404623,110.2
33.2527,-91.6662,2564984,109.2
42.5681,-94.1019,2405355,100
41.8247,-90.1407,56249,2
42.5432,-71.8568,45636,3
36.0894,-77.7248,35077,2.9
34.6275,-98.9771,3102343,120
39.9258,-76.7837,494098,20
40.6172,-80.4677,325157,17.1
38.3148,-104.5733,88454,1
40.6141,-103.2339,10320,2
42.0467,-121.496,1110050,55
42.3553,-89.9352,59488,2
36.094,-119.0375,12553,3
32.7704,-115.784,3584552,148.7
30.6469,-86.9385,1051701,74.5
39.6954,-86.3153,213080,10
36.1495,-80.8188,77034,4.8
35.1661,-78.0859,99754,5
39.8475,-77.9162,386309,20
29.2436,-95.6579,2801730,120
44.2853,-90.9157,66198,2.5
37.3938,-105.907,42564,1.6
38.8988,-86.0269,1991,1.1
34.8688,-118.3601,1864200,151.1
29.7011,-82.3372,23845,1.6
30.9171,-87.3413,1057546,74.5
44.7765,-85.7009,60924,1.8
45.6422,-95.3529,28792,1
35.7385,-81.2113,346237,20
34.775,-79.3392,396826,20
34.773,-77.1862,97876,4.7
36.2171,-80.5518,83685,4.9
40.6915,-80.3242,25781,1.3
32.8689,-111.7718,26164,2
31.5561,-110.3207,309092,17.7
34.7465,-106.6542,151657,8
39.6827,-75.0103,27760,2.6
39.6807,-75.0037,23590,1.8
38.1749,-104.6307,233927,12.3
38.9342,-77.0025,5727,2.8
40.0767,-86.8969,94615,4.8
42.1755,-71.9867,37235,1.9
42.5838,-71.8963,23826,1.5
42.3602,-71.9629,98817,4.7
44.1231,-91.9009,31148,1
36.5108,-77.6783,138519,5
42.437,-76.4311,352859,18
41.4235,-74.1626,38461,2
38.1946,-122.6636,16490,1
42.0393,-72.6578,54417,5
38.5458,-76.8004,101579,5.5
36.4091,-78.5977,79149,2.5
40.676,-74.9122,33307,2
39.9039,-75.1255,67758,7.5
41.4092,-71.8391,75779,6.5
35.2295,-118.1934,124781,8.5
34.4075,-116.863,369464,20
33.5669,-114.918,81974,0.9
34.8644,-116.8271,795053,13.8
31.9016,-81.5922,575838,30
38.1922,-89.5583,2191049,99
40.0117,-86.8585,183269,9.8
30.0112,-90.0236,34378,1.1
42.4375,-73.1152,51884,2
42.5485,-71.1768,33108,2
38.4043,-75.6724,322077,13.6
43.0403,-83.933,1488195,50
44.0685,-93.5704,148028,7.4
44.2208,-93.4585,22632,0.8
36.3928,-79.6484,105979,4.9
35.4559,-77.1358,283715,15
36.373,-77.5719,495039,20.3
36.3959,-77.5928,388977,16.2
36.31,-76.1449,585500,20
41.1658,-74.7022,121616,8.2
43.1733,-77.8424,45944,2.5
40.6637,-83.8149,3172477,150
36.3157,-97.5818,294673,10
34.2767,-79.8734,20532,2
38.3834,-78.6427,37122,0.8
37.4422,-76.4687,378433,19.9
40.4263,-104.6439,32851,1.5
39.5428,-118.5609,422341,21.8
39.3844,-119.7505,74490,5.5
31.8515,-102.8684,2141579,100
41.7685,-111.062,1673132,57.6
33.2507,-91.9222,26836,1
41.8291,-73.0749,32450,2
41.7708,-89.8369,39935,2
42.0558,-72.0457,17585,1
42.0721,-71.6219,66009,4
42.5968,-72.4843,80638,5
43.7984,-70.7505,131917,5
44.1916,-70.0192,119561,5
40.2566,-74.3497,41840,3.5
40.1524,-74.6577,23788,1.9
40.9263,-74.4926,62646,4.1
40.3583,-74.4851,34506,2.5
40.5578,-74.4089,5473,1.3
39.3836,-74.4297,22012,1.8
42.7263,-73.6022,32940,2
43.4593,-76.4645,94819,5
32.4668,-97.0476,1593774,80
34.9035,-118.243,501866,20
35.8012,-119.1109,35025,1
36.0287,-119.0758,109317,5
36.8319,-121.4041,37230,1.5
36.1276,-120.1421,359003,18
37.9206,-121.7558,1561,1.3
36.1864,-119.3778,17068,1.1
35.4235,-119.6293,522003,19.5
34.4978,-117.4723,41336,5
36.659,-119.7328,56718,2.8
44.9782,-69.5368,128132,4.9
33.5685,-114.918,80901,4
39.5602,-119.5085,26217,1
35.3492,-113.9143,1715966,46
39.7238,-75.5455,20520,1.4
29.7575,-81.8968,1235344,74.5
28.0579,-81.2425,62088,3.8
27.9837,-82.0418,77721,3
32.5725,-84.2618,947782,30.5
32.5031,-84.2565,1643782,101.2
32.4213,-82.1056,822835,51
32.6053,-82.3206,56705,2.9
39.725,-86.3153,65894,2.5
38.9097,-86.9476,31142,1.1
40.483,-85.5716,45801,2.5
41.1764,-85.5041,84754,4.3
37.7512,-97.074,23861,1
38.752,-84.611,49864,2.7
38.852,-84.593,38248,2
38.8494,-84.5913,36728,2
42.6313,-71.798,29547,1.8
42.104,-71.697,19439,2
38.5891,-76.8768,235796,10.3
44.8049,-69.8382,88584,4.1
41.984,-83.8892,59941,2
43.4022,-85.4535,57725,2
43.429,-84.1193,57357,2
44.5041,-92.3598,78881,5
44.1827,-93.8754,133856,5
45.4859,-92.7742,27062,1
44.235,-95.6329,19405,2.7
44.7879,-95.3592,17861,1
32.549,-88.5783,85788,5
47.5476,-111.25,89193,3
35.705,-77.9331,171234,10
34.7573,-79.4253,83740,5
36.0923,-77.993,43391,1.9
35.7107,-77.913,50368,3.3
35.1955,-77.8945,40989,2
34.9101,-78.9174,55680,2
36.3629,-76.8605,145697,5
35.8639,-79.4254,91344,6.7
36.4726,-76.1575,1815944,60
34.9713,-80.0315,118388,5
35.8523,-78.2064,86205,5.2
35.698,-77.8817,146834,10
36.108,-76.5291,91981,5
34.4738,-78.6585,89907,5
35.5934,-76.7615,687782,80.6
34.8143,-77.2122,97121,4.9
35.5028,-77.9698,67014,2.4
35.0104,-80.0941,44924,2.2
40.7516,-99.7339,66243,3.6
39.5742,-75.0151,82592,4
39.8172,-75.1968,49623,3.7
40.1353,-74.1739,117597,7
40.6486,-73.5061,33456,1.8
41.7557,-74.9603,38590,2
44.7286,-75.3364,43373,2
41.7116,-74.5421,39403,2
41.001,-81.7508,30542,2.6
42.1644,-120.4101,1106546,47.3
41.6578,-71.6883,26500,1.8
32.8824,-81.1375,548975,20
33.3482,-81.2641,149683,7.2
39.066,-78.1376,235970,10
37.5701,-76.4739,297129,15
37.6706,-77.1686,409722,17
36.6582,-79.3043,166063,6
36.1482,-119.5891,449602,21.2
39.6991,-122.1754,39071,1.5
34.7206,-118.301,234133,20
36.382,-120.1345,497333,20
34.6577,-118.2979,1683704,85
35.1415,-117.9657,63433,3
35.2052,-118.0695,1763686,62
34.6156,-117.9366,68898,2
33.5363,-117.1968,91312,3.9
38.4362,-121.4663,74463,3.5
34.7237,-118.2803,1528490,100
33.6995,-115.223,6101184,125
38.3047,-121.29,112474,5
38.3047,-121.2925,109723,5
38.3095,-121.2923,115684,5
33.3409,-112.9507,3536603,154
33.0539,-111.341,873501,50
33.3313,-112.9234,2211857,100.8
38.7741,-104.7457,78572,2
39.6355,-104.6585,86256,1.5
39.1459,-108.3196,32288,1.5
39.7892,-104.5923,149385,3
43.0181,-116.014,2256488,80
45.7041,-109.5653,59329,2
33.12,-107.2903,40174,1.9
35.7885,-114.9798,2387970,93.6
44.1899,-121.2338,215153,9.9
45.0831,-122.9037,40962,2.2
32.7104,-101.8981,1293838,50
36.1267,-120.2433,44405,2.6
41.6778,-71.8999,12619,1
30.8332,-83.2199,40469,1.5
33.5684,-82.3025,46765,2
32.045,-84.1732,56838,1.8
40.7685,-87.7456,48374,2
41.1161,-88.863,53677,2
41.9528,-88.8319,37175,2
41.6947,-88.6593,54122,2
41.3964,-87.5948,117954,2
41.782,-70.9136,75925,3.5
42.4032,-72.1046,30256,2
41.6889,-71.0889,34300,2
42.0989,-71.4987,43504,2.6
38.9353,-76.7117,42750,2
44.7459,-69.7452,41935,3.2
44.7769,-85.6901,8658,1
45.4606,-92.8997,19776,1
44.2531,-94.2694,16745,1
45.4895,-92.85,21783,1
45.4018,-94.7249,24997,1
38.8925,-91.4239,106772,5.7
36.472,-79.5281,126102,5
35.8866,-76.3793,568675,14
35.9919,-79.5481,90315,4
34.3027,-78.8358,85733,4.8
34.2778,-78.0592,54087,4.8
36.3897,-80.7374,63976,3
34.9843,-78.5242,81616,5
35.0172,-78.102,33683,2
39.9279,-74.8145,108936,5.5
43.2333,-77.1524,38862,2
42.1987,-75.9288,66877,4.9
42.4667,-74.0988,33396,2
41.3637,-74.5008,45556,2
42.2375,-73.7867,75383,5
40.6406,-76.6052,17290,1
34.1999,-79.3858,175868,7
33.4424,-95.3022,10108202,250
36.6808,-78.8858,401271,20
36.6939,-79.6986,506517,20
37.3617,-76.7809,267536,20
43.1978,-90.2146,1146092,50
42.9925,-88.8622,1479672,75
34.5523,-117.4568,33871,1.5
34.1741,-116.1529,60191,2
37.7366,-120.9903,488240,25.8
36.1421,-119.5729,572357,20
36.6789,-119.7975,44540,1.5
38.5613,-121.2592,18548,1
35.8754,-119.4525,536845,20
38.0017,-121.7037,24844,1
34.0423,-117.3618,14491,1
39.2918,-121.67,30713,1.3
36.1261,-120.2478,26824,1.2
36.8256,-120.3184,97215,5
38.5837,-122.8645,32693,3
34.8365,-118.1478,24842,1
33.6898,-115.1977,4640996,100
33.8024,-117.023,88997,4.2
34.0156,-118.1936,42200,5.5
40.6319,-103.1956,46615,1.6
39.7849,-104.5855,39604,1.5
36.3922,-114.9647,539032,20
31.9782,-106.4273,303447,10.4
27.9144,-82.053,1505259,74.5
33.7188,-115.3719,62529,132
39.8992,-104.6655,172647,9
33.3204,-100.9842,6131641,252
34.6811,-118.319,375767,20
31.3317,-85.7295,187820,10.6
34.4401,-91.4417,1312599,81
39.783,-75.5499,17570,1.3
30.5196,-81.684,161445,7.1
27.5711,-80.5702,1226022,74.5
27.5989,-80.5333,1265228,74.5
27.6632,-81.972,1305716,70.3
29.0095,-81.0978,694685,74.5
25.6444,-80.4882,1075657,74.5
30.2325,-82.2513,1148059,74.5
33.0351,-82.1058,1252902,76.5
32.8273,-81.9821,499886,20.2
30.8323,-81.5568,433621,30
31.2742,-81.4468,260651,17.7
31.5591,-84.0845,447980,31.2
31.2787,-84.2225,4285193,171.4
33.4335,-82.1933,36871,1.4
32.4936,-84.8617,37920,1.5
32.8954,-84.8932,83690,2.3
32.183,-84.1486,33864,1.4
32.0576,-82.873,54250,1.9
32.7779,-83.7589,26836,1
32.5937,-83.5,4963766,204
31.1839,-82.3235,100541,3
32.861,-83.3107,61466,2.3
37.8343,-89.0419,47086,2
41.8234,-88.3381,32043,2
39.8386,-84.8196,150829,7.5
40.2778,-86.0759,95007,5.3
39.8538,-85.402,32576,1.1
38.193,-86.9659,24068,1.1
41.6979,-85.6884,31587,1.5
40.1402,-86.2117,15973,0.8
39.5952,-87.474,105180,5.2
37.6551,-98.705,145019,6
42.5822,-72.5172,60455,4.1
42.2521,-73.1072,84362,5
42.4736,-71.5513,63851,4
41.8519,-70.5708,97009,4.5
41.8074,-70.722,102743,4.4
41.8381,-71.0908,59435,3
42.2813,-72.3848,21803,4
42.4933,-71.7714,18417,1.5
42.3314,-71.7714,8592,1.5
42.4193,-72.1141,35970,1
42.0229,-71.5999,24080,1
42.6019,-72.0394,37487,2.5
42.2413,-72.036,84776,4.3
42.2256,-71.8747,38381,2
42.6033,-72.3427,57642,5
38.1705,-75.6937,135446,75
39.4443,-76.5197,18173,1.2
39.5027,-79.3913,21854,1.2
39.6936,-77.3148,43888,1.7
39.0364,-76.0494,30047,1.7
39.4994,-76.1455,23577,1.7
39.4952,-76.1467,41569,2.3
38.9487,-76.3015,47972,2
39.437,-76.2228,33636,2
39.4206,-76.4,39018,2
42.3323,-85.047,58944,2
45.3363,-93.7918,60871,5
45.4775,-94.1216,114848,5
44.0826,-93.2851,155404,5
45.061,-93.9803,119081,5
45.4593,-92.9016,26196,1
45.3169,-92.8004,31210,1
43.9756,-92.0317,47645,2
44.9556,-95.3597,26484,1
44.9463,-92.8106,26198,1
45.8468,-95.1492,24074,1
44.0376,-92.6898,23401,1
45.4816,-92.7827,24024,1
44.5235,-93.4061,100485,5
44.7826,-95.7855,18902,1
44.8048,-95.2067,23900,1
45.4725,-92.8996,24829,1
44.7864,-95.0935,22899,1
44.0351,-93.5116,21593,1
44.1056,-93.5333,20223,1
46.9689,-96.5028,27618,1
37.9866,-91.7165,44568,2.8
37.8049,-92.2528,54012,2.8
39.7884,-93.5362,47974,2.5
38.8269,-90.678,75360,4.5
32.4487,-88.5604,1445295,52.5
34.7235,-77.3503,223713,12.8
35.4801,-77.9757,100745,5
35.3689,-78.8032,90515,5
35.4734,-82.8906,27073,1.5
35.3772,-81.7951,36407,1.9
35.2277,-81.1899,84000,4.3
34.2908,-77.9751,33882,1.6
35.2177,-77.6418,93367,5
36.325,-78.6212,98314,5
35.7012,-78.3268,33879,2
35.0123,-78.3506,104750,4.9
35.3501,-81.8188,73721,3
35.2196,-81.3316,40119,1.9
36.5166,-78.0324,497067,20
35.4793,-78.3367,37752,1.8
36.4416,-77.1357,226071,13.5
35.2574,-81.5056,68313,4.9
34.7048,-79.5259,31344,1
35.8145,-77.4941,2182965,81
35.59,-81.1652,1120031,69.3
35.3211,-81.3438,389878,25
34.7836,-77.4992,97674,4.9
36.2866,-80.6596,462625,22.6
34.7104,-79.3552,140890,5
36.2722,-79.7923,93832,5
36.1776,-77.7154,1463709,74.9
40.6032,-98.4374,41123,0.3
40.352,-74.1893,62109,3
40.487,-74.5195,16003,1
40.7568,-74.3399,69310,4.5
39.7604,-75.0149,18457,1.3
39.9797,-74.7009,119102,8.8
39.9823,-74.6973,107238,8.8
35.8924,-114.936,541154,25
40.9336,-72.8884,418159,24.9
41.8475,-73.625,26539,1.4
43.4307,-76.5197,37565,2
42.3347,-77.3767,37605,2
42.6245,-78.1143,26239,1.2
43.5439,-73.3251,33790,2
42.9481,-74.126,38626,2
41.6816,-73.5743,43438,2
42.333,-73.8477,88189,5
42.7318,-76.6658,41622,2
43.6842,-74.0648,29071,1.9
41.7752,-73.8757,45836,3.9
44.3444,-75.4443,26251,1
40.7595,-83.8403,57056,2.7
41.3194,-82.9833,69112,2.8
41.2299,-82.7119,67715,3.2
35.2657,-97.8453,90642,4
40.4251,-75.924,48064,2.2
40.1969,-77.2191,52299,3
41.799,-71.4362,16554,1.3
41.9656,-71.517,362146,9.6
32.9466,-81.2157,274784,10.2
33.503,-81.2534,1007047,39
33.5789,-80.7051,612106,20
34.7225,-82.5264,26735,1
34.7218,-82.5249,51986,2
33.3494,-81.1422,123350,6
34.1926,-80.2183,41221,2
32.4705,-80.7503,272849,12
34.6854,-79.5399,185711,8.9
34.2403,-79.2521,35731,2
35.2347,-89.9625,40796,1.7
31.1151,-97.8473,427406,15.4
32.7222,-101.9254,2341628,102
27.6568,-99.2318,5971033,200
29.1291,-98.1063,19365,1
29.1285,-98.1068,18525,1
30.9825,-102.2495,6840337,250
29.3513,-95.7375,8379147,227.5
31.1829,-103.1612,8550330,255
36.8164,-78.446,1777563,80
36.6976,-77.6118,2200271,100
38.0037,-78.05,2086780,88.2
37.3417,-77.2869,35633,0.8
36.6944,-76.5637,287521,15
37.18,-76.93,1966395,97.9
43.7404,-90.0129,67310,1.5
36.8768,-120.6677,415699,20
34.7214,-118.3113,239258,20
36.5852,-120.3792,5232355,200
38.5201,-121.7404,213888,13
34.8444,-118.4527,1655610,100
35.8456,-119.057,365047,15
36.3748,-120.1342,498516,20
38.7002,-121.5867,115432,6.8
32.7935,-115.7732,70589,1.9
34.737,-118.304,435161,20
34.7463,-120.5103,383598,20.6
34.7057,-118.3015,56759,3
34.9049,-117.1029,550484,20
34.655,-118.281,1024252,50
34.7421,-118.3025,2173603,105
34.4976,-117.4702,65710,5
34.7236,-118.2916,26576,1.5
34.5126,-117.3874,47573,1.6
34.8303,-118.3924,490247,54
34.8404,-118.3911,1273265,54
32.6614,-115.6063,2536565,100
37.6205,-122.4289,28585,1.9
36.6569,-119.5857,45833,2.4
34.8367,-118.5042,794563,20
32.0427,-110.9591,438244,16
36.7887,-110.2387,1209676,55.3
34.6778,-112.4059,64406,3
32.8445,-111.5587,2274900,100
40.8649,-105.013,611223,32.4
39.1105,-108.6533,32663,1.5
39.7891,-104.5862,77805,1.5
39.6363,-104.6462,35183,1.8
39.9022,-104.6734,38916,1.5
39.6489,-104.5341,34382,1.5
20.885,-156.6565,35420,2.9
34.7809,-106.0559,49469,2
35.1419,-107.8204,107252,4.5
36.4109,-114.9123,3135587,100
39.6652,-117.6822,255236,7.3
39.7524,-118.9597,126778,8
44.0613,-121.2277,226570,9.9
44.6739,-121.1229,246831,10
44.619,-121.2062,276028,10
43.9366,-117.384,185518,6
42.0222,-121.4254,265515,10
42.3803,-121.023,280046,8
42.2071,-121.3516,146590,5.6
45.0678,-123.4711,36732,2.3
42.183,-121.7635,104971,2.9
43.9502,-117.073,80491,3
44.1132,-117.0266,74483,3
44.4668,-118.2054,66706,2.8
44.2525,-120.8833,1036562,40
44.2699,-120.8786,1342765,70
31.2523,-102.2673,4781063,157.5
31.8378,-102.8621,5240022,250
30.9947,-102.2216,3819890,182
31.8307,-106.373,27338,2
37.7518,-113.2521,72034,3
37.6679,-113.191,81217,3
37.6496,-113.2404,80826,3
37.6362,-113.6313,3465714,122
39.1348,-111.0545,2301453,100
38.8392,-112.0117,2252350,80
37.6228,-113.6186,978764,58
34.6186,-117.9395,49148,2
35.1458,-118.8872,345018,12
34.6884,-118.317,667475,20
33.3563,-111.8037,45922,2.5
39.6278,-104.4664,1719302,75
41.9741,-72.5102,347231,19.6
41.891,-72.5176,42950,5
27.638,-81.6599,1599090,74.9
30.7604,-85.0702,1636513,74.5
30.639,-86.9296,1133294,74.5
26.3676,-81.0192,1447489,74.5
26.4234,-81.0494,1383238,74.5
27.6732,-82.4529,737044,55
27.0261,-80.5248,1166629,74.5
27.8535,-80.683,1384539,74.5
27.0424,-81.8022,1409131,74.5
27.9195,-82.0692,1029876,61.2
27.0774,-80.379,1418045,74.5
26.7475,-81.1794,1514442,74.5
30.3146,-82.1786,1527274,74.5
30.9669,-84.6253,537716,19
32.3684,-83.3683,68233,2.6
32.7954,-84.6943,54538,2.1
34.0206,-85.2782,57152,2.2
31.1878,-82.3247,33178,1.9
32.3985,-83.345,44423,1.7
33.0677,-82.0406,55618,2
32.8645,-83.3124,81708,3
33.6987,-84.6788,38263,3
42.3331,-96.3482,78872,4
41.0674,-87.7878,49507,2
42.2613,-88.6252,50245,2
41.8936,-88.7708,40717,2
41.8948,-88.7706,41674,2
39.2717,-87.6154,3069876,165.3
39.9131,-86.2383,23869,1.5
40.7571,-86.106,178901,9.5
41.4628,-86.1637,118949,6.8
30.596,-92.1829,3125879,135
42.2295,-71.8916,18281,1
42.0714,-71.9984,15858,1
42.1147,-73.4051,34635,1.8
42.2777,-72.0519,47835,3
42.6273,-71.7445,39853,3.4
42.0776,-71.7016,52975,3
42.1033,-72.3824,42110,4
42.2206,-71.8818,33140,5
41.709,-70.9054,32164,1.9
42.0434,-71.6172,30871,1.8
38.8375,-76.8011,21735,1.4
38.5349,-77.0966,58234,27.5
44.561,-69.593,115640,7
46.6445,-67.9083,64833,3.3
43.0877,-83.5681,284801,12.5
42.5028,-84.4565,492508,20
42.9682,-84.1565,412699,20
44.7771,-85.6912,15351,1
44.3965,-92.6047,24543,1
44.2344,-95.8819,27261,1
45.461,-92.9017,22739,1.4
44.7871,-95.2001,27830,1
47.5242,-92.1816,92584,5.6
35.4681,-81.51,96625,4
34.9895,-84.1662,6854,0.9
35.5871,-81.2522,348218,20
35.3531,-81.4255,98951,5
34.946,-79.1944,86541,4.8
35.7117,-81.1338,54075,3.5
36.413,-78.4633,87978,5
35.8496,-78.2107,90810,4.9
36.1277,-77.7216,310829,20
35.2059,-77.7127,806114,50
35.6115,-81.2451,91523,5
35.689,-79.4651,96115,4.9
36.0762,-79.6339,44870,3
35.9706,-79.6171,84869,5
35.2116,-77.5003,29827,2
36.1629,-80.6532,964297,60
36.2978,-80.1124,1000206,50
36.1001,-78.2492,1027481,48.7
35.8841,-78.1538,1819799,78.8
35.3124,-81.5925,28270,2
35.8506,-79.555,95382,5
35.9717,-79.6093,77941,4
36.2935,-79.7395,96711,5
40.8537,-99.9937,43911,2
39.5186,-75.0294,50836,2.2
39.3805,-75.1895,194883,10
40.3349,-74.647,168932,4.5
41.2001,-74.4922,25111,3
40.3144,-74.4245,137155,13
39.9755,-74.8887,45624,2.5
39.6571,-74.8091,14614,1.2
36.0319,-114.9278,287916,14.4
41.3452,-74.5233,39602,2
41.812,-74.2058,70295,4
41.2809,-73.8662,43698,3
42.8323,-73.8375,73149,5
42.9981,-78.269,73176,4
42.2785,-73.7089,50463,3.3
43.3135,-77.7865,86446,3.7
42.8705,-73.9031,31764,1.4
43.3719,-76.5683,41544,2.2
41.6028,-73.7836,72592,5
39.7424,-83.8168,38681,1.8
39.4219,-82.9657,1182579,49.9
34.4792,-97.1059,106260,5
39.9648,-75.6577,17707,0.9
40.9671,-78.1817,364625,20
41.8384,-77.2764,14783,1.1
33.7617,-79.4586,241473,10
33.7611,-81.0698,1749390,75
34.9979,-82.0425,34570,2
35.4094,-89.3869,87286,4.2
29.2209,-98.2515,28733,1
26.1128,-97.7967,944091,45
29.1927,-95.7569,4122800,203
29.4431,-96.1006,3588320,230
30.6552,-94.7782,4474994,150
31.8158,-104.087,562139,24.8
29.1805,-96.1549,7590683,350
38.004,-76.7482,473579,19.9
36.7928,-76.6652,319073,15
44.4132,-71.709,44428,2.1
43.0147,-88.7986,18413,1
44.1753,-90.8504,78870,3
42.74,-90.9198,1134836,50
43.6126,-88.4691,2258445,100
42.6488,-89.3775,1134957,50
42.5545,-89.0977,1445558,65
43.4956,-88.7677,1125485,50
36.1767,-120.1153,383759,20
34.1664,-116.2361,484286,18.5
34.669,-118.0612,45524,1.5
38.2821,-121.4655,82056,2.8
34.128,-118.2067,6990,1
36.5279,-120.312,235191,10
33.5986,-114.5717,39818,1.5
38.6134,-121.1632,38449,3
35.6088,-119.8444,389390,20
34.5503,-117.1927,49408,1.5
35.619,-119.5689,518004,20
35.247,-118.0348,678687,36
35.2666,-118.0153,1225168,56
35.2485,-118.0091,1217175,56
34.7791,-118.1911,70076,3
34.7652,-117.3233,46558,1.5
34.7668,-117.3233,46163,1.5
35.6679,-119.8767,410317,16.7
35.5758,-119.7866,31971,1.5
33.2737,-115.5053,366108,20
35.8049,-117.3498,29202,2
36.4681,-121.3708,102735,3.3
33.9728,-117.3346,33415,3
36.8376,-120.3146,90750,5.4
35.7764,-119.8844,60535,3.5
39.7768,-104.5872,35301,1.5
40.1844,-104.6939,144273,6
40.2488,-104.8409,56385,2
39.4659,-107.2297,78503,4.5
36.3865,-114.9522,529728,20
35.4872,-114.934,459291,17.5
36.0886,-115.1775,72708,4.9
43.2349,-120.4878,142362,4.4
45.3738,-122.2645,34237,1.9
43.3945,-120.9543,249556,10
45.1449,-122.7867,44872,3
45.4197,-122.2774,38868,2.5
39.1501,-112.3497,1410895,50
38.2926,-113.0351,58884,3
38.256,-112.7339,43384,2.2
39.1671,-111.8009,30514,1.5
33.3362,-82.0608,54283,2.5
34.018,-85.0293,40921,2.6
43.0306,-83.958,1777833,79
26.096,-97.8025,2830659,135
37.9982,-79.5692,76056,5
38.0174,-77.9522,131498,11.5
36.6583,-119.5846,38654,1.8
36.5046,-120.0918,61653,2.4
32.8347,-111.5927,2790819,100
39.7503,-104.6656,31491,1.5
37.7652,-121.963,20238,1.7
37.6462,-121.8827,14095,1.9
41.9039,-72.66,54103,3.9
30.2687,-83.2888,1345915,74.9
41.0734,-94.372,17063,1.4
39.5286,-89.3198,18570,1.1
42.0402,-88.4228,106116,4.3
41.1409,-87.8381,47060,1.9
41.8535,-90.1183,52184,2.3
42.0178,-87.9295,11509,1.4
41.947,-87.8626,19907,1.2
39.0829,-96.8239,28842,2.1
42.0751,-72.7395,71998,4.7
41.606,-71.0452,43404,3.3
39.2687,-76.5538,14901,1.8
39.6434,-75.81,20358,1.1
40.8059,-75.0914,146750,15.4
40.7713,-74.7404,143186,15.4
42.8645,-78.2555,56058,3.6
42.6483,-79.0123,64535,3.8
42.6793,-78.9545,57500,4.3
42.8774,-78.0536,68998,4.3
43.2273,-78.2272,72716,2.5
43.2016,-78.1985,90265,4.5
42.1769,-76.739,82676,3.5
42.485,-79.1018,98788,4.8
43.066,-76.2209,42906,3.3
40.7806,-73.9013,11747,1.2
41.4693,-71.6261,69344,5.3
34.2135,-119.1394,31095,3.2
38.165,-121.684,37461,2.7
36.1395,-119.5618,37115,3.1
35.2589,-118.8815,23879,1.2
38.0076,-122.0735,25008,1.8
36.7016,-119.8851,277980,17.3
36.4642,-119.2998,64563,4.2
39.3949,-108.0731,252452,11.2
42.1856,-121.6866,22958,1.4
44.9448,-123.3095,52774,2.3
45.2488,-122.557,35693,2.5
42.2817,-121.8122,34497,2.3
45.0612,-123.5532,35488,2.6
30.9261,-86.2263,1580293,74.5
36.3123,-76.1256,124171,5
36.3463,-77.6334,92121,5
34.1323,-118.6995,18662,1
31.0153,-86.5908,2009738,80
45.2109,-93.8827,176789,7.1
35.0217,-118.2896,354355,20
36.7082,-121.769,24227,1
28.3738,-81.5625,48303,4.9
32.586,-84.3015,2714273,146
32.5628,-84.2861,2469402,103
41.7132,-86.4872,105282,5
42.1903,-86.2301,86974,4.6
45.5085,-95.1257,43821,1.8
44.7952,-95.4927,65647,2.7
37.6685,-92.6703,47853,2.5
35.8733,-77.1432,153299,5
35.2991,-77.8223,96503,5
36.4719,-77.5398,2210429,79.9
36.3845,-78.6165,106538,5
40.2774,-74.5567,185513,12
40.1302,-84.2568,272534,12.6
35.3063,-89.1684,376321,15
36.788,-76.0475,288485,17.6
35.2488,-117.9736,2994264,155
33.7959,-115.3732,3949988,80
37.6946,-105.9825,919214,52
39.1614,-112.356,1401358,50
35.9909,-120.1067,186186,6
41.824,-71.0411,61670,2.9
35.9116,-78.8735,37618,3
39.4624,-75.0701,78251,3.7
40.0301,-74.8259,77374,3.5
40.2532,-74.6453,154512,7.5
39.1215,-119.1409,430712,18
41.5106,-74.3561,41704,2
35.623,-119.8543,921006,32
45.4209,-122.3333,78019,4
31.8879,-100.8389,2847928,115
34.6385,-92.5783,19157,1
27.9152,-81.8087,950702,55
27.9295,-81.864,873779,49.6
26.7,-81.1337,1322086,74.5
27.3153,-81.7645,1259992,74.5
32.5761,-84.3164,366298,22
31.4048,-84.8372,317492,20
39.8638,-84.9293,133178,7.1
39.8282,-85.0016,20060,1.1
42.6987,-84.6879,166129,8.1
45.6533,-95.3393,23655,1
43.933,-93.9628,91557,3.5
44.2348,-95.6315,8280,1
33.9272,-88.9977,89275,3.1
35.7134,-80.4092,97104,5
35.6681,-80.523,82325,5
35.7204,-79.5039,98802,5
36.0552,-77.7599,94292,5
35.6024,-77.6365,107380,4.9
34.7606,-79.4431,91319,5
36.494,-77.4811,2454329,74.9
34.7019,-77.9687,76544,5
35.1473,-77.1226,92503,5
35.968,-80.4481,95581,5
35.4443,-80.6638,70040,4.5
35.9512,-80.4121,93281,5
40.8453,-75.0612,67267,4.5
44.7018,-117.7643,280892,15
40.215,-77.2052,25687,1.3
41.9759,-71.5866,33343,2
33.6864,-80.7604,295390,10.2
32.4984,-80.9622,200979,8
33.3167,-80.678,1700599,75
36.3846,-88.9886,2029305,100
33.6271,-95.3867,299721,10
29.7408,-96.1598,36328,1.6
31.7082,-102.6924,3640372,150
29.5389,-95.9735,280186,10
37.8325,-76.7961,549749,20
38.7382,-78.6613,432171,15.7
44.37,-73.2473,59383,2.2
45.5109,-92.0245,50836,2.5
43.7377,-90.8041,26775,2
35.7281,-119.8968,371861,15
36.7163,-120.4143,1121239,40
36.5245,-120.1469,480956,18.5
34.7148,-118.2743,270767,11.4
34.7149,-118.3113,518882,20
34.7165,-118.2823,386327,20
36.2573,-119.7974,42208,1.5
33.1584,-115.5358,1021608,20
33.7702,-116.9042,29716,1.7
34.9104,-118.3918,1833134,111.2
34.8305,-118.3337,2455254,100
34.5112,-117.387,17358,1.6
33.3551,-112.8364,3204926,158
37.5985,-105.952,704702,30
39.7863,-104.5868,60588,1.2
43.4689,-116.2895,695405,20
43.3251,-115.939,616772,20
42.8254,-112.7462,579610,20
32.5698,-107.4683,662560,28.1
36.515,-116.5153,2389885,100
44.1839,-120.9166,1234450,56
30.9633,-103.2974,4189427,157.5
31.0808,-102.8393,4376620,154
31.8202,-106.2152,77202,3
40.5023,-112.3664,24472,1.5
30.4283,-86.8935,1167325,40
42.5244,-71.6643,74042,4.5
39.5592,-77.7276,527952,20
34.3316,-78.529,98114,4.9
36.234,-75.8802,194520,18
35.3184,-77.8418,100709,5
39.4649,-75.0676,52025,4.1
40.1519,-75.866,34496,1.6
40.5564,-75.5931,72532,1.9
32.7774,-101.6295,7560093,302.5
29.5474,-95.9726,5350998,240
38.6752,-77.5876,437261,20
35.9852,-120.1014,510472,20
38.3388,-121.4313,22853,1
39.3734,-121.6844,26069,1
38.4501,-121.1643,29197,1
38.6094,-121.1699,58630,2.7
35.7626,-119.3136,78305,3
32.9216,-112.9698,7356390,280
32.9775,-105.9722,182224,7.5
45.1123,-123.2343,38349,1.6
31.6783,-104.4587,6653270,260
31.7242,-104.4499,4934850,180
31.1549,-103.1074,4184152,203.8
32.9246,-100.9805,7051026,326.6
32.2479,-106.9113,498054,12
42.1478,-120.4202,285803,10
42.1036,-71.5977,33298,1.9
42.3035,-71.3966,19783,1.3
42.1398,-72.5503,28106,1.9
40.4455,-74.1545,76616,5.5
40.2382,-74.3145,44456,3.4
39.3148,-76.9762,41877,2
40.1684,-74.6575,59174,3.6
39.4905,-75.0391,12782,1.1
40.7269,-74.107,13969,1.2
42.5221,-73.703,76932,5
36.5382,-119.4262,26886,1
33.7474,-118.2765,9515,1
38.9877,-84.6092,12764,1.1
39.2396,-77.295,31170,1.4
39.1694,-76.7023,22733,1.5
35.8941,-77.1631,174152,15
35.8359,-77.1079,82725,4.9
40.6197,-74.2152,39055,2.7
40.4512,-74.7169,44394,3
40.0449,-74.6104,128862,8.3
39.8197,-74.8946,32446,2.6
40.3498,-74.5908,25935,2.4
40.4013,-74.5056,34201,2
40.8157,-74.3083,18889,1.7
40.0708,-74.1613,11225,1
41.0818,-73.8222,4798,1.4
40.0947,-75.306,18376,1
38.1323,-122.2315,74211,6.3
35.0152,-117.3235,7422529,92
38.8292,-77.0023,22256,1.2
42.2017,-89.6081,40580,1.6
40.0848,-85.7467,118697,6.8
39.3739,-76.4677,18046,1.1
36.4752,-80.6019,18605,1.2
39.8251,-75.2209,69638,4
40.2997,-74.7198,119709,5.5
40.4999,-74.3535,25917,1.9
40.5261,-74.5589,29587,3
41.7389,-74.3697,120673,5
36.6813,-76.3023,2106215,132
37.0117,-79.033,1592471,80
36.7596,-120.3659,161468,5
35.104,-118.9542,516716,19.6
38.4,-121.9644,13581,0.9
34.5477,-117.4399,119055,10
37.9723,-121.7203,4717,1.1
38.5007,-121.693,37452,2.5
32.7903,-117.0957,11179,1.1
34.0092,-117.845,29024,1.5
38.7625,-122.9727,12212,1.2
38.5126,-122.4774,14614,1.4
33.8971,-117.2786,58235,1.5
39.0811,-83.7713,3734720,65
36.8852,-119.732,14431,1.2
32.6318,-117.0773,12293,1.3
39.76,-104.621,33957,1.6
38.597,-85.7776,22932,1.1
42.1926,-73.4079,31769,1.9
41.7579,-71.0968,69059,2
39.3175,-76.9844,31161,2
39.114,-77.2366,35694,1.9
39.0227,-76.7589,34789,1.3
30.3802,-89.1185,49515,3.5
35.4594,-79.1806,90152,4.9
35.5755,-78.3011,55711,2
35.1219,-78.204,35924,1.5
40.5225,-74.9435,130655,8.8
40.7894,-74.072,20094,1.5
40.7703,-74.0725,19142,1
40.8867,-74.1227,59034,4.2
40.6395,-74.2357,6996,2
43.066,-74.3601,22527,1.5
43.0645,-74.3602,35376,2
32.8796,-81.1353,154147,6.8
32.7654,-81.2465,384873,20.4
34.2378,-79.7921,14895,1
34.3721,-80.0222,45462,2
36.8764,-76.2012,18453,1.3
44.4625,-72.7699,19062,1
42.9076,-87.9387,22203,1.2
34.8297,-118.4795,3067334,75
34.418,-117.4698,29834,1.5
35.8503,-119.026,470454,20
34.6868,-118.3119,137482,5
38.5391,-122.8151,15838,1.5
32.7314,-117.2077,36742,2.9
33.9767,-118.2586,120925,7.4
34.2138,-118.4939,26921,1.3
39.8084,-104.7822,20265,1.3
46.2917,-108.935,65395,3
34.6921,-106.6871,223254,10
36.0877,-115.1745,21183,1.5
37.6535,-113.2186,80875,3
35.9091,-119.4269,214424,20
38.6379,-121.056,38451,1.5
34.4346,-117.3781,31308,1.5
34.0387,-117.3605,32168,2.6
38.9066,-76.9934,11233,1.4
27.45,-82.0791,1292396,74.5
32.0249,-84.7364,2908652,100
39.8054,-90.2243,424653,30
41.8491,-87.6697,28130,1.4
41.817,-87.7354,12948,1
39.8116,-84.9605,75582,4.4
39.1101,-95.7915,26197,1
44.7464,-69.7665,79947,5
45.4208,-94.0102,27560,1
44.215,-93.9662,28088,1
34.5346,-78.816,90805,5
39.8478,-75.2096,89916,6.5
40.6775,-74.0925,21374,1.5
40.8586,-74.5828,40692,2.9
39.4873,-74.601,19818,1.5
40.0563,-74.881,41914,3.7
40.7519,-74.1312,12695,1.4
40.1908,-74.6572,15495,1.5
42.9717,-74.3171,430088,20
42.7648,-73.7486,13141,1
40.7729,-73.8752,13452,1
42.7913,-73.9565,40158,2.8
40.0442,-76.7351,43854,2.6
41.6518,-71.7111,32794,1.9
33.0942,-81.4349,1697772,70
35.256,-89.0195,81805,3.3
26.8886,-98.2341,252678,9.5
42.809,-89.1059,1116242,50
35.8992,-119.4395,1684438,50
36.142,-119.5817,385978,19.8
34.4134,-117.4696,29744,1.5
33.8277,-117.5114,19629,1.5
33.8818,-118.0175,22739,1.1
34.0737,-118.1951,47428,1.3
35.5941,-119.404,32017,2.3
34.0395,-117.3851,34553,2.6
33.719,-118.2752,7253,1
34.2437,-118.5851,17979,1.5
34.2263,-118.4989,21513,3.2
39.7502,-104.6677,32215,1.5
21.3158,-158.1054,14337,1
32.8661,-106.0002,113817,4.9
35.9657,-115.1516,13075,1
38.3477,-121.4106,204304,5
39.7668,-86.3004,39387,2.7
42.2932,-71.0341,10996,1.1
39.3197,-76.9245,30412,1.9
33.9485,-81.5744,1739422,74.9
38.3477,-121.415,192333,5
38.5398,-121.7777,23048,1.3
32.7388,-117.1842,19015,1.9
33.7279,-118.28,13139,1.1
32.8194,-117.007,13355,1.4
33.2435,-111.8813,89702,4.2
28.3917,-81.6149,799189,52
30.2859,-81.8351,68206,4.2
29.6077,-81.8348,1544130,74.5
29.1865,-81.0755,4014,1.6
30.2377,-81.5166,23501,1.4
31.5116,-84.0436,2924901,120
42.4917,-90.7918,67394,3.4
41.1561,-91.1746,2365314,100
42.831,-112.7427,574352,20
41.56,-87.1569,33868,1.5
39.1345,-87.4153,119017,5.2
37.9912,-87.533,42705,2
38.7095,-86.4681,20376,1.1
39.5181,-86.0696,1649,1.1
41.9049,-70.811,36230,2
42.5819,-71.2457,65222,2.9
42.143,-71.8519,57925,2.8
42.0756,-71.4211,24456,2
42.5444,-71.5993,44782,2.5
41.9762,-70.7217,63473,3.5
41.8728,-70.8438,18770,1
39.6784,-77.7221,45198,1.1
39.2498,-76.7362,27604,1.6
39.2704,-76.5484,21611,1.1
39.2678,-76.5469,32352,1.4
39.3197,-76.9261,26288,1.9
41.8342,-85.0076,53979,2
41.9602,-84.6724,58519,2
45.3857,-92.7962,47178,3
44.3675,-92.0198,61977,3
45.0609,-93.9033,116395,5
45.626,-94.0459,21199,1
37.8584,-94.0033,49051,2.5
35.2171,-78.6898,85857,4.9
35.6131,-80.5329,49513,2
35.4013,-80.4185,86670,5
35.1345,-79.4201,26465,2
36.2081,-77.6232,430645,20
35.2983,-78.0775,139431,5
35.8497,-81.5393,16384,1.1
36.2687,-80.815,780437,50
40.0386,-74.7768,111034,6.8
39.9077,-74.1801,3035,0.2
39.9413,-75.0232,36010,1.2
40.4753,-74.3213,17714,1.8
40.8114,-74.2963,59206,1.2
40.895,-74.7303,22463,1.8
40.5826,-74.2554,36451,1.9
40.5956,-74.2251,86802,5.3
40.071,-74.1808,13802,1
40.7762,-74.4262,20077,2
39.3847,-119.7695,61802,2
43.9691,-75.9664,32158,2
40.2156,-75.2832,16553,1.5
33.6755,-81.7482,1800408,74.9
33.5677,-80.6979,122075,4.1
34.0699,-80.0788,46929,2
35.0628,-89.3694,280154,15
33.4106,-96.0716,2564034,123.6
29.5665,-98.3381,18630,1.7
31.3436,-97.068,2325004,100
37.9263,-75.4684,54556,4.3
37.1544,-76.9012,3187658,142.4
38.232,-77.7809,5517788,240
43.8328,-73.1918,43127,2
34.78,-118.4274,5544555,241.5
38.3648,-121.4128,404740,18
36.6167,-120.1043,69287,3
37.2869,-121.8146,21370,2.2
34.8369,-118.5501,687079,20
36.2684,-117.983,28875,1
33.9133,-118.0544,23657,1.2
37.9191,-122.343,31407,2.2
37.4118,-122.1488,16021,1.3
33.85,-118.3075,16215,1.2
35.5151,-119.0917,28455,1
33.8363,-118.2317,13794,1
40.0834,-104.7479,392592,13
37.7696,-106.2125,64374,2.7
38.8153,-106.1105,56303,2
39.9009,-104.6599,32755,1.5
39.8831,-104.9798,11017,4.6
21.4571,-158.1904,562732,27.6
43.1473,-115.7219,648010,20
46.6964,-112.0658,83896,3
46.8078,-112.2513,95400,3
35.5618,-106.0847,227729,9.5
36.9662,-105.4381,37409,1.3
35.8432,-114.9514,793328,50
36.0053,-115.1137,12302,1.4
44.8599,-123.0082,38751,2.2
31.0038,-102.282,2975117,120
41.0969,-111.9803,25391,1.3
34.6656,-118.2881,37444,1.5
34.0578,-118.2289,20342,1.2
34.2363,-118.5654,13077,0.9
36.8901,-119.7381,18634,1
37.4789,-121.9316,19098,1.4
35.6899,-91.161,4747142,180
32.1705,-110.897,270570,12.6
32.8914,-111.7132,22675,1.4
41.5828,-71.9034,11283,1
41.5492,-72.7073,15137,1
41.5493,-72.7061,15227,1
41.643,-72.0492,376819,20
41.2722,-73.1221,18031,1.6
38.8199,-77.021,12180,3.5
38.9919,-75.4399,26365,1.2
28.4897,-81.1817,102175,5.5
30.4694,-87.3408,1192936,50
30.573,-85.0436,1302320,74.5
30.3971,-85.2809,1361920,74.5
29.8822,-81.678,1264736,74.5
30.6783,-86.7855,1369903,74.5
29.623,-82.3805,26588,1.2
30.7624,-87.4369,1377061,74.5
29.7418,-81.6988,1606466,74.9
32.0369,-82.1407,72996,1.1
42.2462,-88.5842,55661,2
41.3808,-88.2723,23149,0.9
41.6724,-88.1156,29904,1.9
41.424,-87.7728,32593,1.9
39.9947,-85.7622,38580,2
41.7319,-86.1065,464341,20
40.0659,-85.5346,22269,1.4
39.9091,-86.2444,40718,3.4
40.7536,-86.1074,54124,2.9
38.2171,-85.3861,30389,2.1
29.9847,-90.03,13216,1.5
30.8021,-92.9703,2795570,142.8
41.8173,-71.171,39079,2
41.8541,-71.0654,44172,2.2
42.0247,-71.8582,21458,1
42.2168,-72.1219,29230,1.4
42.3007,-71.3838,36705,2.2
41.8715,-70.907,14513,1
41.9832,-71.2147,26284,3.3
42.2115,-71.4125,15390,1.5
41.8921,-71.3145,81119,5
41.6764,-70.9936,121611,6.3
39.146,-76.2327,23066,1
39.174,-76.8369,28389,1.9
38.9064,-76.8668,18174,2
38.8386,-76.9757,17333,1.7
44.2411,-69.7573,56545,5
44.3317,-69.8452,61244,4.5
46.9096,-67.8383,48741,2.5
41.9386,-84.0324,430186,20
41.9459,-85.1246,469261,20
44.8816,-92.9663,58702,3
44.9035,-94.0314,20264,1
44.7884,-94.0523,27387,1
46.3973,-94.1475,102832,5.8
45.4803,-94.3453,22488,1
38.636,-90.258,10384,1.6
31.9807,-88.8822,1620696,78.5
33.5096,-90.6563,1995125,99
35.3128,-78.1562,86673,5
36.4484,-76.8037,132856,5
35.4325,-78.4129,89246,5
36.2714,-78.3496,103718,4.9
36.2718,-76.3087,606569,20
34.8802,-79.6718,88093,4.5
35.3955,-80.1242,44379,2
35.2453,-80.9963,24636,1.9
36.0917,-79.2332,84619,5
40.7911,-99.7695,21222,1
39.421,-74.64,60354,2.4
40.5569,-74.5753,38998,2.3
40.3207,-74.5012,39355,2.8
39.4971,-75.0177,31291,2.3
40.3875,-74.4552,45241,3
39.4374,-74.6917,16439,1.3
40.5772,-74.6449,15002,2.7
40.7397,-74.3637,22478,2.7
40.6886,-74.0906,7327,1
40.4811,-74.48,11821,1.1
39.8333,-75.0011,58462,6
39.922,-75.0929,29293,3.2
39.9539,-75.1027,10897,1.1
40.3247,-74.1308,37712,3.7
40.8562,-74.4133,12972,1.5
40.546,-74.4732,12704,1.3
42.7317,-73.9679,71279,3.9
41.6354,-73.8743,29073,1.8
42.4451,-74.0117,86693,5
41.9025,-74.0244,37864,2
43.0098,-74.6855,60704,2
42.3474,-73.8306,95440,5
42.9636,-77.6877,80355,5
40.8227,-73.2241,34329,2
39.8937,-83.8059,26532,1.5
39.1417,-84.5112,39703,1.4
39.9034,-75.1657,29724,2.9
40.7404,-75.2788,47093,3
41.8614,-71.5955,22717,1.8
34.6013,-82.7402,76635,3
32.8437,-94.7328,46380,3
32.8783,-96.9511,21805,2.9
31.7071,-96.8208,8672919,400
29.8251,-95.2467,17018,1.9
37.0189,-77.1481,1769555,118
44.4854,-73.137,41982,2.2
34.9041,-118.2512,491624,20
38.1214,-121.1413,34393,1
33.9087,-116.5602,85218,4
34.7288,-118.2964,199780,6.5
34.6982,-118.3376,429006,20
34.5834,-117.3415,39717,2
34.4741,-117.5634,29896,1.5
37.1207,-121.0388,1376162,105.1
33.23,-117.0031,45645,2.5
38.3092,-121.29,101355,5
34.4714,-117.562,20769,1
38.5973,-121.4312,20499,1.3
34.0267,-118.2238,18513,1
34.1855,-118.5824,32581,1.9
34.0755,-118.3608,24788,1.6
37.3329,-122.0093,121134,14.4
34.0491,-118.1731,15843,1.9
32.5924,-116.9239,40024,2.9
37.725,-121.5296,54511,3
33.9287,-117.0023,49376,3.8
34.0735,-117.2808,31860,2.5
32.9101,-117.1234,17536,1
34.2692,-116.8184,15125,1.9
33.7224,-118.2738,14866,1.8
36.8163,-119.6811,13319,1
35.322,-120.7307,15300,1.2
33.8528,-118.296,20621,1.4
33.8221,-118.2463,26959,1.8
34.6903,-112.4045,277805,10.4
31.4964,-111.0069,92813,6
33.3045,-112.8333,3315504,129
32.8542,-111.5027,2389088,100
32.3429,-111.0283,18534,1.3
32.1286,-110.8392,30407,2.6
33.3482,-111.6021,22632,4.6
40.4562,-104.5795,41573,1.6
39.8382,-104.6728,39824,1.9
39.7459,-104.7243,18185,1.2
20.7658,-156.9228,43621,1.2
36.0914,-106.0414,47167,2.4
35.6247,-115.352,1197330,52
36.5279,-114.7592,3918802,250
39.5385,-119.4394,111551,6.7
45.4717,-123.1397,36465,2.2
31.1014,-102.3453,2166420,108
32.4947,-101.2742,205217,10
42.0299,-72.5033,19055,1
41.7681,-72.0796,16402,2
40.7237,-86.8356,3975113,200
39.1132,-96.8152,6206,1.3
38.8503,-76.9568,12974,1.7
45.399,-92.7011,21717,1
39.0193,-90.8482,160484,150
35.4135,-78.5555,90902,5
40.7161,-74.1327,33147,1.5
40.619,-74.1883,69939,4.9
29.0952,-96.2717,17938429,500
38.2836,-121.4616,25596,0.9
38.6453,-121.1687,11305,1
37.7349,-121.5069,36785,1
33.8115,-115.3788,5442990,313.7
36.2272,-107.285,1125372,50
34.649,-118.083,575854,20
25.7701,-80.3662,10908,1.2
40.8197,-74.7174,101626,4.1
32.3959,-106.476,155303,4.6
27.9862,-81.6907,20696,1.4
33.7552,-84.3987,4717,1
40.0971,-74.8261,28732,1.4
40.3762,-74.5284,23270,1.5
40.4838,-74.6506,19451,1.5
37.4699,-121.1665,44246,2.5
40.2313,-104.7875,44352,1.5
36.1073,-79.9708,24056,1.3
39.3639,-74.4392,30107,2
40.2818,-74.7934,10465,1.3
40.5501,-74.483,15357,1.4
40.7822,-73.2401,12702,1
38.4886,-121.3918,16831,1
33.9215,-118.1233,12520,1.1
33.0416,-111.4522,1122685,45
35.0188,-118.1755,1135055,10
31.8786,-82.3319,601269,25
41.2548,-88.2179,35324,2
43.9109,-93.9255,24979,1
34.3382,-78.7485,98325,5
40.1392,-75.1916,9349,1
34.7166,-118.2918,108960,5
36.8624,-121.4289,52361,1.5
35.8744,-119.4622,518319,20
33.7395,-115.3182,1359186,200
36.3536,-119.4007,21156,1
40.9351,-89.2864,742541,35
37.9327,-87.7646,3630074,191
41.8685,-70.8395,18743,1
38.6117,-75.8362,197835,20
44.8141,-69.4488,214595,9.9
39.4209,-74.9736,97715,3.7
40.5717,-74.665,10715,1.5
42.9552,-74.3137,357099,20
38.2319,-122.0927,28633,0.9
38.6581,-121.7336,37266,1
35.0489,-118.1639,4603,5
35.416,-119.6383,497758,20
38.301,-121.9652,25896,1
32.6831,-115.6469,5104085,170
38.3882,-121.9365,22688,1.5
32.2899,-111.033,21613,0.9
39.0676,-108.5093,32529,1.6
40.2923,-86.059,36541,2.7
41.7518,-70.9668,31444,1.9
39.314,-76.9738,45307,2
33.3812,-113.1845,439241,15
37.8904,-120.5258,44261,1.5
32.8852,-115.5372,54423,3
35.3,-93.737,28354,1.5
33.159,-111.4816,408286,20
38.1701,-104.5228,6745891,200
41.956,-72.4523,142845,5
30.8669,-83.6522,3480613,150
30.9099,-84.5452,42954,3
40.5533,-90.8538,80042,4
41.1722,-89.0262,41098,2
41.1934,-86.9838,5019349,265
42.5223,-72.0688,61421,3
47.2769,-68.5712,67649,5
44.9798,-70.5427,89480,4.9
44.6181,-69.5247,109978,4.5
42.3089,-85.0345,2072950,100
34.7932,-78.0152,91964,4.9
36.4191,-79.9062,88914,5
40.2301,-74.2255,123762,8
43.0782,-73.5349,84941,5
41.4618,-74.5047,61854,1.9
41.5162,-81.5976,18661,0.9
40.5121,-80.3138,219433,20
29.3052,-98.4022,348871,13.9
34.5943,-117.1949,29356,0.9
34.5122,-117.4783,449618,17.5
38.5211,-121.9948,60769,2
32.8033,-115.5451,416174,20
37.088,-120.151,59617,2.3
32.9107,-115.5123,46493,3
36.8756,-121.6037,59016,4.4
35.6298,-119.391,36537,2.3
35.2416,-114.0046,26485,1
33.8231,-112.2409,75098,6
37.6864,-105.887,605150,19
42.2602,-121.7858,23868,2
45.1415,-122.6495,42028,3
35.7344,-119.7323,133457,5
42.233,-72.0301,17777,1
39.3151,-76.9802,96639,2
41.5787,-71.2735,84528,3
34.7089,-118.1297,23011,1
42.0438,-71.9916,63953,3
42.1405,-71.9901,110211,3.9
39.4845,-77.377,236939,15
44.0564,-92.7624,86774,5
33.3928,-88.6036,4215622,250
42.169,-73.7687,65749,5
39.9591,-79.6418,193926,14
42.622,-88.7564,5301847,250
37.6337,-122.1397,43424,1.6
40.5912,-105.1463,37465,1.9
32.6817,-103.3014,222845,10.1
34.9635,-106.5097,158498,10
34.3983,-116.8697,166077,10
35.0204,-118.2784,569869,20
35.1578,-90.3176,3974771,180
41.8909,-72.5196,47350,4.7
41.5981,-72.7179,14479,1.5
41.8822,-72.5578,1350889,120
27.8098,-81.9562,1144409,74.5
27.5975,-82.2438,1580813,74.5
30.8982,-86.2486,1396035,74.5
30.5008,-85.1754,1466928,74.5
27.4091,-82.1153,1430567,74.5
27.0574,-80.3789,1284254,74.5
27.8423,-80.6862,1287145,74.5
25.5421,-80.5475,1049860,74.5
30.5412,-81.8931,1174110,74.5
27.0241,-81.7753,1270582,74.5
33.9651,-82.8212,2931685,140
42.544,-92.3554,53513,3
41.5743,-91.5432,57922,3
40.9202,-90.9485,34590,1.4
39.6136,-90.2238,40207,2
38.0779,-88.3085,3526000,149
40.13,-88.3562,37154,2
40.1821,-89.7138,1247802,50
39.0438,-87.1359,97681,5.4
41.1972,-86.5862,6270438,400
41.0576,-86.5763,51339,3.3
40.1109,-87.2412,20572,1.4
39.6221,-85.6604,3755138,199
30.0147,-89.918,271061,20
42.0272,-71.598,34105,2
42.1645,-71.7962,64751,3
42.2782,-72.0071,19851,1
42.0817,-72.0097,55507,3.7
41.7061,-70.8862,29420,1
41.8343,-71.1666,64235,3.8
42.0992,-70.7122,13843,1.9
42.8475,-70.8941,101524,4.8
38.4124,-75.6898,32432,2
38.7789,-76.9201,21711,1.3
38.7834,-76.5714,26788,1.5
38.8388,-76.6829,40817,2
42.2746,-84.1358,273682,15
44.1255,-93.2827,25014,1
45.485,-92.8136,13653,1
44.7685,-95.3425,23082,0.9
44.7866,-95.3658,27767,1
45.4666,-94.3975,24345,1
39.1562,-91.8502,1005606,50
33.5232,-90.0741,2329007,100
35.6727,-78.5253,64413,2.5
36.0993,-79.4942,37153,2
35.6956,-81.1517,302693,17.5
35.5016,-76.8524,231555,12.5
35.1688,-78.0188,44635,2
36.1392,-79.5406,73108,4
35.9087,-77.639,1999292,80
36.3018,-76.6044,112698,5
35.3399,-79.7368,1574800,70.2
36.5314,-77.5493,354772,20
41.8893,-103.651,72360,4.4
39.4145,-75.2353,18171,1.5
40.1191,-74.7149,21395,2.2
40.1936,-74.5675,9594,2.2
43.2494,-75.1788,18841,1
42.9868,-78.2939,41396,2
43.0585,-77.3459,40236,2
42.7653,-73.9542,19891,1.1
43.3283,-76.3585,77599,5
42.2773,-75.5407,60971,3.3
43.0857,-75.7312,54905,2.9
41.717,-74.7939,45711,3
42.2407,-75.5344,63488,5
42.0688,-77.8076,32408,1.5
42.4675,-77.6946,58932,3
44.0068,-76.0072,79884,5
41.9497,-73.7504,21804,1.4
42.4313,-79.3018,52942,5
39.8487,-83.3256,4515950,196
40.6376,-83.7776,2351236,150
33.9712,-96.4337,105719,5
34.6719,-98.9612,2397543,100
40.1059,-76.0593,20204,1
39.8811,-77.2195,1525737,80
40.1836,-77.7372,1567227,100.1
41.7168,-71.2318,41889,3.8
35.0884,-81.6244,64098,5
34.6452,-80.7153,64638,3
35.0439,-82.1133,43281,2
34.3985,-79.3975,209867,10
34.7304,-82.0516,328860,20
34.704,-81.6609,154975,12.8
35.051,-86.3512,3803460,150
30.2385,-97.5086,914765,30
32.1929,-97.0597,2874190,157.5
28.453,-97.9836,1175738,50.7
31.4599,-99.8843,3655921,110
28.9389,-99.111,4216574,200
36.6623,-76.3375,549469,20
36.8098,-78.5191,934638,60
39.0991,-78.236,2563631,130
37.2269,-77.2392,210986,18
43.7092,-87.7554,13845,1
45.848,-91.863,49640,2
36.1774,-120.1084,373343,20
33.9233,-116.5945,51433,2.4
35.3175,-119.9257,4540802,250
33.2916,-116.3538,514184,26
33.5653,-114.9039,18014,0.9
34.6123,-117.9396,309763,10
34.7255,-118.3088,198609,10
34.6136,-117.9362,70344,2
34.4964,-117.1442,40550,1.5
35.1489,-118.8853,299602,8
35.2519,-118.0251,968727,50
36.9277,-120.8072,554705,20
37.0578,-120.649,50397,1.5
33.8638,-117.214,65341,2.4
38.6289,-120.9826,25311,1.3
35.1574,-117.9834,49408,1.9
33.1015,-116.0003,1502086,75
34.8297,-118.4412,5326092,279.5
36.4705,-121.3719,73677,1.6
35.67,-120.5653,12487,1.1
35.8314,-119.0664,2765878,540
37.1249,-120.4575,66969,3
34.8679,-118.3224,2752620,262
33.4982,-112.8133,364331,14.8
32.2572,-110.1576,1159163,55
33.4177,-112.576,8869,3.3
33.1124,-112.6712,481796,15
40.2282,-104.7778,42829,2
36.2371,-114.8752,937644,30
39.5823,-119.07,310047,10.6
36.1347,-115.0353,60945,3.3
35.7727,-114.9816,4084373,250
33.3492,-101.0014,5966973,200
31.3636,-100.4289,2420563,172.8
38.5007,-112.9868,1937970,80
39.3251,-110.9949,928214,40
41.9042,-112.1851,1953212,80
39.2925,-76.9614,56233,2
27.4408,-80.802,1383872,74.5
27.0872,-81.8506,666744,74.5
26.7753,-80.4055,1310575,74.5
32.8341,-82.4145,5158852,260
39.3005,-76.9595,23879,2
39.3,-76.9571,24743,2
46.8739,-92.0519,23689,1.6
36.5059,-76.198,2468123,100
43.2287,-78.29,211594,5
41.0979,-84.1029,3099219,150
42.0166,-80.3031,451320,20
31.8819,-96.4728,4772361,250
28.438,-97.4584,5856823,300
30.9889,-97.0177,4188591,200
39.2556,-77.8318,1200461,96
38.5162,-121.4757,49506,2
35.5012,-119.7487,121538,5
36.6588,-119.5863,23257,1.6
38.4671,-121.185,314958,50
34.6649,-118.0901,30443,1.5
34.6651,-118.0874,38394,1.5
36.4311,-119.9911,34571,1
33.7588,-115.3318,1257441,250
32.0309,-110.9586,760619,29
39.6506,-104.5332,33360,1.5
39.384,-119.7664,73350,3
40.3771,-119.4072,142935,5.5
45.1345,-120.882,5209046,151.7
40.8651,-112.7013,1755783,80
34.7086,-118.2741,42700,1.5
37.5725,-77.9112,341035,18
36.6298,-120.8913,3272892,140
33.923,-116.5301,50681,2.2
27.3215,-81.802,654766,25
42.3141,-89.5988,57864,2
36.7274,-120.4147,1819693,62.5
32.5715,-107.4868,1780533,52.2
36.0177,-106.9456,38516,2.5
42.2539,-84.8128,3081759,125
35.1598,-77.1332,45490,4.5
41.153,-74.7417,28504,2.2
41.0609,-75.5154,61305,3
36.8728,-80.836,1428573,75
35.187,-118.0301,6049209,350
19.9343,-155.6755,657965,60
40.5611,-116.6206,155968,35
41.7943,-73.1652,199689,19.8
30.9925,-84.6363,2168026,81.1
45.3949,-92.7837,19999,1
35.2543,-81.5961,25878,1
35.6601,-82.6036,62945,5
35.9859,-80.5436,124185,7.5
44.8968,-73.8442,25531,1.1
41.4764,-84.5866,44458,1.8
39.3207,-83.3596,2517325,120
33.7215,-80.1898,50150,2
29.9017,-97.2714,4387961,200
29.7982,-97.0772,4053713,240
33.083,-115.4687,1312735,155.1
37.7508,-122.4835,47445,4.5
35.8222,-119.0398,688147,20
33.1656,-115.5319,530209,20
34.9345,-118.447,923412,44
33.3216,-112.8176,4069216,150
39.7522,-104.6677,31606,1.5
21.4172,-158.0307,492301,104
45.1084,-123.2782,28592,1
33.825,-115.3982,6552771,249.7
42.4478,-89.9101,2074044,100
33.649,-95.7157,9614048,471
43.9938,-93.499,23679,1
42.5923,-71.1775,41943,2.8
42.2272,-71.2487,18046,1
30.5268,-81.8943,1606148,74.5
45.2561,-92.8955,92489,5
45.4903,-92.7943,27618,1
43.0352,-78.244,66345,4
36.2478,-86.7462,30025,1.4
42.0405,-74.0735,32618,1.9
27.5429,-80.5709,1269972,74.5
42.8405,-73.9322,75674,4.3
41.984,-71.5873,171709,12.7
39.887,-87.6846,59652,2
45.4,-92.6779,100158,5
45.0712,-93.6434,125034,5
45.6253,-94.0782,121588,5
44.6745,-94.0085,17810,1
45.5075,-95.1274,24356,1
44.2923,-92.7228,18944,1
45.5202,-94.1323,28974,1
44.1251,-93.2802,19035,1
45.0713,-94.3039,21581,1
45.8406,-95.148,29311,1
44.7189,-94.4928,20393,1
45.4904,-92.8128,29714,1
45.4976,-95.1633,24499,1
42.0791,-72.0031,42354,2.5
43.9744,-93.4901,27202,0.9
42.1029,-71.697,15354,1.9
45.6652,-94.2245,55523,3
42.68,-71.8353,39621,1.8
44.5417,-92.9727,93358,5
44.5278,-92.9719,93795,5
44.4438,-93.1985,127386,5
45.4593,-92.8996,27999,1
43.0153,-78.4588,71124,5
38.7881,-76.7989,28126,2
44.2259,-95.6854,24330,1
42.543,-75.0843,61366,2
39.4758,-76.8518,33653,2
45.5565,-94.1173,68081,4
45.4608,-94.5131,111985,5
44.9327,-73.6727,45738,2
44.4848,-93.2123,27840,1
45.6459,-95.5322,18170,5
41.694,-71.0873,31554,4.5
40.3174,-104.7719,97071,4.8
44.2347,-93.2756,106787,4
44.4153,-93.1523,65696,5
44.5267,-92.9763,17994,1
44.7881,-94.0575,106838,4
44.1007,-91.7627,19629,1
40.2883,-104.785,40947,1.5
41.6482,-88.6723,83760,2
45.3235,-123.1754,40274,2.5
44.2069,-93.98,111667,4.5
42.4004,-72.6214,34615,1.9
38.8176,-89.9961,31436,2
42.3395,-89.6395,38457,2
41.1256,-87.8235,38132,2
42.2661,-71.6882,39575,3
45.6245,-94.0613,27674,1
45.4477,-92.9232,24585,1
44.2838,-92.6853,28381,1
39.3494,-76.8015,26956,2
45.2578,-93.789,92600,5
44.1837,-93.8655,19188,1
43.2198,-78.3592,81805,5
43.2253,-78.3578,57486,3.5
42.2156,-88.9245,57641,2
44.3968,-92.6123,20974,1
42.0739,-78.3828,142638,5
28.5349,-80.6773,895166,74.5
26.7757,-80.3481,1399060,74.5
41.9022,-70.7161,17823,1
38.1964,-75.3649,38326,2
45.4356,-92.9453,27535,1
45.0725,-94.3059,18936,1
44.04,-92.69,97998,5
44.5929,-93.8481,23009,1
41.7387,-74.5002,38699,2
42.8895,-76.989,117305,2
42.8969,-73.7084,49646,2
41.2709,-74.318,2381,2
44.4146,-94.9084,70883,2.7
43.9263,-93.4856,18642,1
43.9039,-96.1367,43031,1.8
35.3268,-118.9788,111509,5.3
45.4757,-92.8904,114914,4.5
44.9349,-94.857,45807,1.8
44.6716,-93.0818,109788,4.5
43.0166,-78.4565,72595,5
45.1374,-122.8011,41677,2.5
45.128,-122.8285,42213,1.9
31.8321,-82.6032,1202918,40
37.1279,-94.4323,48462,2.3
43.8239,-72.3286,101369,5
34.4801,-117.2578,26560,1
41.8662,-71.6192,61738,3
43.0036,-89.5764,51996,1.8
44.4517,-72.9797,27277,2
42.4428,-71.548,34787,2
38.6752,-121.7113,15461,1
41.4915,-73.9802,35490,2
44.1797,-93.9705,41297,1
36.3742,-93.5889,18207,1
39.5217,-107.8156,30367,2
32.5829,-116.9256,42344,2
39.2825,-76.089,24771,1
42.341,-73.3964,34477,2
31.1363,-85.031,37174,1.5
40.5096,-74.3279,25455,2
37.3512,-120.5074,41711,1.5
35.8761,-106.3109,22346,1
42.2691,-72.6032,72581,5
42.8374,-70.9384,44388,3.3
42.7418,-90.6731,4251947,200
41.1999,-73.7375,23928,1
42.3845,-72.7078,34582,5
41.5914,-71.0965,70377,5
43.5112,-76.1197,32536,2
36.0561,-115.7924,3917469,93.8
34.6112,-86.6243,194595,10
39.4374,-77.4489,208053,15.7
34.8315,-77.7713,27174,2
30.7418,-84.6724,2049519,213
42.3577,-72.4775,40723,2.5
27.2995,-81.7877,1343603,74.5
33.6737,-114.7381,2902531,109.8
42.7531,-71.047,33460,2.8
35.94,-114.8923,3466255,160
34.6195,-117.4643,3329091,150
36.4478,-105.6318,364883,15
42.9365,-87.8887,35850,2.3
42.0684,-71.4615,60483,2.9
35.8542,-77.1067,100549,4.9
42.3615,-72.1097,30560,1.5
42.2072,-70.998,19628,1
42.0991,-78.4411,26562,1.6
35.7778,-119.3073,150131,4
41.1557,-73.211,39996,2.2
42.093,-72.5973,33462,1.8
41.9597,-71.1504,46676,1.5
35.1795,-78.0993,35368,2
43.24,-75.5404,44241,2
42.1862,-76.8463,32148,1.7
40.2211,-84.4973,32821,1.8
45.0143,-122.8072,43551,2.2
39.537,-89.8889,8138887,592.8
41.655,-70.9566,30271,1.5
36.1984,-80.6966,63139,3
43.4767,-76.3393,79060,5
41.6298,-70.478,28365,1.5
42.2602,-71.5014,13185,2.3
42.8302,-70.9602,89981,4.5
35.2899,-81.5686,41391,2
35.3942,-77.6208,86697,4.9
40.1937,-74.1552,25778,1.5
42.091,-78.4431,112079,4
40.8183,-73.1821,32123,1.5
43.0169,-77.2617,33413,2.3
43.0151,-77.2592,35801,2.3
41.4981,-71.533,53411,3.1
44.4255,-73.0061,38147,1.9
42.5728,-72.6135,40875,2
42.3642,-71.386,22585,1.3
42.1581,-72.5959,31956,1.6
42.3562,-71.2445,29591,1.7
35.8483,-80.553,94772,5
41.6469,-73.7245,30963,1.7
41.1477,-80.8838,30329,1.7
36.3782,-120.124,271465,15
38.7229,-104.7817,31332,1.5
42.7436,-71.1761,24538,1.3
40.2158,-85.7742,16916,1
34.8205,-79.5149,109563,5
31.9338,-97.6506,119579,5
42.8127,-78.8519,60901,2
33.7829,-84.2673,9526,1
40.5668,-74.2416,18144,1.8
39.9228,-75.1275,25798,1.5
43.0446,-76.0425,43714,2
39.7874,-75.3491,23007,1.2
41.4594,-94.2805,409207,25
42.1777,-71.0786,94051,3.8
42.421,-72.5324,48457,3.6
42.1504,-72.5523,35922,2
43.205,-78.948,63406,4
42.5862,-72.5634,55198,4
42.1517,-72.4992,39088,2.3
42.0414,-71.2922,123692,4.9
41.9341,-84.9977,20781,1.3
41.0886,-73.9531,41602,2
40.7796,-73.0807,43227,2
40.7999,-73.0364,21139,1.2
33.6178,-96.8674,151001,5
38.0195,-121.8644,313232,19.2
36.2076,-115.0464,264952,15.5
42.3014,-71.0471,17758,1.3
41.9186,-70.8192,53127,5
39.6207,-77.8249,35153,2
39.672,-77.8233,33474,2
36.498,-77.6074,21178,1.3
40.2627,-74.084,279545,15.9
40.6027,-74.2451,46613,4
42.8581,-78.8401,23840,2
36.2585,-115.0534,487297,12
36.2613,-77.078,77195,5
33.1659,-96.1741,281973,10
38.2531,-121.279,63138,2.9
40.4815,-80.2549,35834,3
42.627,-71.3539,23655,1.3
34.7841,-79.4746,107660,5
43.0533,-74.3081,92242,5
31.2932,-97.2654,286736,10
40.664,-74.1009,15712,0.9
33.883,-117.8862,15358,4.3
40.4987,-74.3879,14105,1.2
33.1535,-107.2496,12776,1
40.7274,-74.3784,7623,1.7
40.106,-74.813,12635,2.1
41.7969,-71.5449,25936,1.2
42.4287,-71.4345,21749,1
39.6186,-77.8234,34401,2
39.1877,-77.1221,16258,2
41.7738,-71.3403,113419,3
38.2379,-121.3381,63992,2.9
34.9309,-118.3338,2210755,110
42.2193,-71.7903,96597,6.5
42.4288,-73.331,20208,1
42.1607,-71.8737,248868,11.9
42.0564,-71.2265,17809,1.2
41.9638,-72.3088,36153,2
42.111,-71.2629,71346,3.5
42.4515,-71.6414,44981,2
43.5439,-73.323,30881,2
42.2867,-72.7017,46140,1.9
41.4276,-70.606,8020,1
42.5109,-73.8303,349013,20
41.272,-72.7915,19936,1.1
28.4846,-81.1746,48460,4.1
42.6692,-73.0923,43540,2.2
41.9268,-71.0645,35192,2.3
42.5808,-71.2604,76993,4.5
42.4689,-71.2543,24497,1.6
44.3194,-92.6678,21661,1
45.1768,-93.6851,14912,1
39.1165,-94.288,53222,3
43.1778,-77.6765,27631,1.8
45.1723,-122.9124,37800,2.2
41.4705,-71.4941,65583,3.8
41.9415,-71.6619,40649,2.5
33.679,-80.2404,38237,2
35.3152,-118.9883,33762,1.4
33.9744,-117.4081,86215,7.5
41.6911,-72.979,47209,3
41.6136,-73.151,33011,2
28.1639,-81.1109,1416851,74.5
42.4527,-73.2403,26374,1.8
35.5575,-78.7359,87512,5
36.3253,-78.344,84320,5
39.3754,-75.0325,20539,1.3
38.4109,-121.9264,52646,2
38.7749,-123.0179,28302,1.5
35.1123,-119.3267,527772,20
38.0421,-120.9361,91922,3.5
21.3767,-157.9683,18094,1
45.1314,-122.6194,47661,2.2
38.9723,-104.2528,869319,39.5
41.5387,-72.1196,29077,1.5
42.1798,-70.7393,48915,2.5
42.2369,-73.3552,42678,2.5
42.3747,-71.2824,29287,1.8
42.0688,-70.9904,49800,3.7
42.6712,-71.4474,56195,2.6
42.4948,-73.2069,9113,1.2
38.9924,-76.5733,168877,12
38.7723,-76.9718,80278,5
39.0176,-76.909,25800,1.6
39.1268,-77.2152,60360,4
44.8966,-95.6928,139104,5
45.3356,-92.816,45570,2
44.0456,-92.8801,21440,1
44.9051,-94.0004,32110,1
44.8753,-93.8152,20016,1
34.9855,-78.0371,36046,1.9
35.8311,-77.0228,105116,5.2
36.0737,-79.348,58126,5
34.7721,-78.983,74496,4.9
34.9529,-80.4832,80777,5.3
40.1102,-74.1316,76601,5
40.7003,-74.5819,42971,2.6
39.409,-74.5323,110528,3.1
40.38,-74.6257,29086,2.5
40.403,-74.5683,160101,10
40.4875,-74.3588,83258,7.7
43.1823,-75.4733,91803,2
41.9614,-73.9816,28154,1.4
44.9355,-73.6773,75367,4.1
42.8374,-73.834,28343,5
32.6416,-80.9893,1636809,71.4
34.3814,-80.1345,38157,2
30.8732,-99.5355,214612,7.5
30.266,-97.6853,39424,2.6
32.4751,-95.714,1129721,59.8
37.335,-79.4811,54088,3
38.2547,-77.7537,274614,165
43.4228,-72.6641,309817,19.6
44.9094,-72.2189,39479,2.2
43.4764,-72.9833,65347,2.2
38.3849,-112.9839,85056,3
34.6544,-117.9711,31867,1.3
34.0749,-91.8292,22602,1
30.1547,-85.5001,1703687,74.9
42.4449,-71.3341,21002,1.5
41.9218,-70.6456,78664,4.3
42.4728,-71.4302,22601,1.6
42.5998,-71.9438,50726,2.9
41.443,-70.6153,20066,1.1
42.1811,-72.511,39964,2.6
42.2034,-72.3223,20077,1.4
45.6715,-95.5116,25700,1
34.5201,-79.1278,67197,3
35.3707,-77.6075,40370,2
36.2865,-78.3863,59480,3
35.492,-80.2936,1505524,74.4
40.822,-74.0959,16486,1.2
39.4162,-74.5452,146948,8.5
39.7937,-75.1066,118989,8.6
41.786,-74.2897,67921,4
42.9933,-78.7906,16687,5
38.0736,-76.7893,378789,20
44.7264,-72.1838,32581,1.9
43.047,-89.2408,312963,17.3
36.7836,-119.7132,12623,1.2
34.4035,-118.9046,44763,2.9
39.5229,-107.8134,35845,1.3
21.9013,-159.5829,72924,5.8
45.2551,-122.8033,45470,2
40.728,-112.6551,1743989,75
27.0858,-81.8354,1305541,74.5
35.0136,-118.1817,432557,15
38.6084,-78.6801,535469,31.4
30.3795,-84.3579,367917,20
39.9816,-74.7653,171770,10
34.7633,-87.9197,5766348,227
42.2793,-71.261,49743,3
42.1761,-72.7556,37232,2
41.7295,-70.9903,84282,1.9
36.0707,-78.0379,101974,5
39.8379,-75.053,52058,2.8
41.4433,-81.7514,60839,3.7
32.5653,-80.7317,1422294,72.5
34.8241,-118.4412,480485,20
40.4199,-104.8944,139934,4
40.5769,-104.8961,55863,4
31.1955,-84.1388,1421628,57.5
39.7204,-86.1919,66432,3.8
41.6871,-70.0105,28469,1.5
41.6954,-70.0972,78239,4
42.0894,-70.8925,34408,2
44.9443,-95.3496,30868,1
35.8008,-77.8483,113496,5
40.495,-74.3969,25032,1.7
40.2317,-74.754,19186,1
41.6275,-83.5745,50067,1.7
33.5915,-114.7451,555075,21
34.6898,-118.3285,656136,19.7
35.2189,-119.0811,595953,19.6
42.0556,-72.5204,22430,2
40.4456,-74.2841,25275,2
41.4066,-84.1157,83263,3.5
34.2398,-118.5855,16893,1.8
33.9225,-118.24,11266,1.7
34.5886,-113.1739,382216,15
28.0479,-82.6854,18018,1.9
40.9265,-74.6751,13683,1.2
39.911,-75.1208,28121,2.2
38.5494,-121.4477,30417,2.4
36.3067,-119.24,65067,3
34.2138,-119.1318,71604,4.8
38.821,-77.0034,24826,2
42.128,-71.3375,22954,1.2
35.0696,-78.1154,33429,2
40.0642,-74.3505,44321,2.9
40.9321,-74.623,24878,1.6
40.6594,-74.1699,16029,2.3
40.6065,-74.4376,17585,1.3
40.1487,-74.7772,50158,3
29.2178,-99.7068,3024882,95
42.7099,-87.8817,22190,1.3
32.3651,-112.8308,100250,4.5
44.1075,-69.8018,34935,1.8
42.699,-73.672,46899,2
38.6644,-75.4016,75006,3.9
40.4778,-85.5593,30946,1.8
42.5513,-71.9503,170354,5
36.9632,-81.0474,342951,20
41.6945,-70.1441,110733,5
36.417,-78.2622,50268,3.5
40.8661,-72.8506,677106,31.5
41.6982,-71.7223,65428,3
29.2416,-98.418,309090,9.9
30.7872,-85.0868,1559316,74.5
29.7685,-81.7771,1338276,74.5
30.3472,-83.1526,1749527,74.9
42.0168,-71.2053,24738,1.5
39.3699,-77.3539,34196,2
44.914,-69.6705,55460,2.9
35.652,-78.7581,17085,1.5
40.1272,-74.7113,124118,7.8
40.0481,-74.9347,19974,1.3
39.9645,-75.0783,106861,12
42.9237,-77.7747,32123,2
41.6144,-83.5571,28432,1.4
41.8698,-71.4764,34981,2
32.2465,-111.2579,121066,1
43.8972,-69.948,75991,4.9
39.7529,-79.8371,178969,14
37.8584,-120.8954,40364,1.3
41.675,-87.651,133770,8.3
33.2652,-116.328,162688,6.3
36.4685,-104.6351,912545,30.6
41.7454,-70.1031,20428,1
40.9038,-74.2486,14316,1.5
42.5626,-73.2845,35682,1.7
42.4496,-71.4207,65489,4.5
39.7772,-75.1229,36250,2.3
39.186,-75.5075,210196,10
42.4059,-73.2444,24456,1.5
42.1481,-72.748,31064,1.5
39.8359,-75.2224,93383,5.1
44.0587,-89.3068,2272376,99
42.2181,-72.3134,86992,4
42.5424,-71.6763,19975,1
35.5256,-78.2892,33909,1.8
35.0959,-77.8117,199757,5
43.1517,-76.4141,38698,2
34.7236,-118.2925,25466,1.5
35.8358,-114.9782,2045406,100
21.3181,-158.0866,103672,5
41.6799,-71.033,39560,2
35.7874,-78.1411,102005,5
36.2233,-76.4656,97314,5
36.524,-78.2808,362754,35
40.2759,-74.0928,308470,20
41.7273,-71.4492,71248,4.7
38.5852,-121.4672,12178,1.5
35.3741,-106.8554,1011163,50
37.9452,-122.3785,166053,10.5
34.8338,-87.8384,1735134,75
32.3039,-84.9904,472484,30
41.7965,-71.2206,30548,1.6
42.0515,-70.8009,38753,2.4
45.6175,-94.4822,27165,1
36.1012,-79.7251,58755,3.4
34.7871,-79.4976,94970,4.9
40.4434,-74.2426,97338,8.8
40.5738,-74.6473,23113,2.4
40.7597,-74.0649,45544,2.5
43.092,-73.7454,35789,2
42.9997,-78.8868,41472,2
32.7087,-80.9111,200991,10
42.5788,-89.0329,38441,2.1
34.7275,-118.3224,371794,15
34.6776,-118.3039,399589,20
34.7202,-118.3222,118157,5
38.3627,-121.3854,145997,5
40.5005,-105.1321,27570,1.5
42.4366,-90.1811,32604,1.2
42.0121,-71.0932,32639,1.9
42.7502,-71.0361,52712,3.2
42.1134,-70.7094,57957,3
42.4042,-71.5405,47698,5
41.8412,-71.0157,47031,3
35.567,-79.0327,66241,3
39.977,-74.621,107469,11.4
40.016,-74.9843,124862,10
39.7915,-75.1045,40657,3.8
43.2746,-77.9589,117771,5
42.0991,-73.9571,48139,3.5
41.6782,-71.2517,80666,5
35.831,-119.0496,280869,14
45.1715,-122.6235,39762,2.2
38.4631,-121.1801,70069,3
36.2182,-119.8042,2005790,102
39.7016,-74.985,23940,2.3
39.254,-86.6573,23647,1.1
44.9482,-95.3865,15396,1
37.3806,-77.1875,3109626,175
34.9016,-119.5909,951940,40
42.7809,-71.0927,16003,0.8
31.8031,-106.6704,681807,20.2
36.0609,-77.6292,137415,5
40.6152,-75.1571,69495,7.5
42.1846,-72.5825,59384,3
40.5731,-74.3975,45916,1.6
40.6606,-74.173,14967,1.7
40.4246,-74.4875,79761,4.7
39.9871,-75.0374,82179,3.9
40.5335,-74.2703,35481,2.5
35.2996,-118.8488,1703174,60
40.5209,-74.3473,52556,5.4
32.5867,-117.0089,11801,1.1
27.5819,-80.6522,1241726,74.5
40.1122,-87.6516,30577,2
34.7696,-79.5566,91231,4.9
40.5152,-74.3375,28129,1.9
42.5019,-71.7378,39815,2.5
42.3253,-83.4519,16789,1
35.1873,-81.4408,109156,5
40.726,-74.1163,37587,2.9
39.9385,-75.1031,35531,3.7
40.8714,-73.2602,38091,2
43.3422,-76.3477,36876,2
41.6439,-83.5367,27037,2.1
35.2235,-89.3519,37854,2.3
34.666,-118.3043,429854,20
38.6918,-121.1585,18444,1.3
41.7324,-72.936,49663,3.5
33.6635,-84.3356,43512,1
33.3704,-82.679,1445885,80
39.7375,-86.2184,140037,7.9
42.5875,-72.0328,37753,2
42.5116,-71.1392,15611,1.3
44.9371,-94.9044,23572,1
36.4221,-78.131,101815,5
34.7254,-77.9843,65783,5
40.8319,-75.0162,20978,1
40.2908,-74.6808,4065,1.1
40.5641,-74.2211,61701,4.2
40.56,-74.5552,11465,1
40.5504,-74.5437,4676,1.5
39.3577,-74.4358,15293,1.4
43.0498,-78.7461,61492,5
40.7629,-73.1949,21370,2.5
41.6042,-71.4782,63435,2
43.5894,-72.9828,37374,1.8
38.6441,-121.1724,24358,1
33.1905,-117.2553,16140,1.8
34.0081,-117.3884,35353,2.5
35.6119,-115.3425,6468342,250
42.2313,-71.1346,46138,3
29.6336,-96.0793,203232,10
40.6656,-74.1753,41873,3.2
32.6861,-114.496,66914,5.7
41.5787,-71.0011,25489,1.3
42.1905,-72.6841,56525,2.7
44.6196,-68.5075,30432,7
43.2452,-77.1734,27858,1.2
43.0433,-74.3761,28510,2
36.3067,-119.6303,53796,3
42.3545,-89.8362,54582,2
44.9854,-122.8127,42087,2.2
38.4853,-90.0157,125452,9.9
40.3786,-88.8461,58457,2
42.2068,-71.7369,48744,3.4
42.5847,-71.251,28020,5
45.6313,-94.6157,22108,1
35.6022,-78.372,47533,2
40.4006,-74.6694,61103,1.5
41.5633,-73.9345,35872,2
42.9947,-78.9119,75358,5
41.8051,-73.966,44940,2.4
39.8831,-75.8304,24535,1
40.1278,-111.6329,54838,4
38.5154,-121.401,69878,3
35.2517,-117.9566,2329550,105
34.5644,-117.6927,50943,1.2
32.714,-115.5405,220619,10
39.9029,-104.6594,83625,3.4
35.0484,-106.5293,39930,2
36.3987,-104.5939,21919,0.9
36.7167,-105.6069,52530,1
42.4082,-121.0431,141802,5
45.269,-122.8218,34863,2.2
41.4027,-79.3954,487974,20
42.1458,-71.1326,50317,5
46.3244,-94.3831,291631,15.2
37.0515,-79.3043,54704,3.2
40.7508,-74.1099,48695,2.5
45.7979,-86.5341,28636,1.4
37.6891,-105.8762,246044,6.9
32.9758,-113.4949,7321254,290
37.8568,-88.4247,2070793,150
41.9764,-70.7851,28730,2
39.3504,-76.8627,36011,2
39.1496,-76.9314,43562,2
44.7958,-95.1003,28100,1
42.9696,-89.3928,98599,6
35.7186,-79.9084,30386,2
43.9777,-95.7674,15207,1.7
38.647,-121.1657,69327,5.2
42.5923,-76.5655,84153,5
42.3208,-72.7496,75559,5
42.27,-73.7507,84353,5
28.0061,-97.3989,2937805,150
44.692,-92.8169,17166,1
42.1427,-76.2848,68633,5
29.1332,-98.1934,20552,1
46.9563,-120.5048,90430,5
29.128,-98.1074,19156,1
42.9907,-89.381,102083,6
29.1343,-98.1927,18971,1
44.6216,-93.134,92027,5
38.1017,-78.9234,100104,5
44.951,-94.056,80077,3
42.9349,-74.3812,117756,5
35.6128,-78.3613,52784,2
34.6939,-79.8202,18805,2
45.4346,-94.0403,130755,5
45.3992,-94.7169,22207,1
45.8513,-95.1479,132075,5
35.4192,-78.7163,83419,5
45.2588,-93.7951,24074,1
44.2053,-93.9791,25102,1
36.8748,-78.748,1698923,83
44.3045,-92.6694,16103,1
44.9842,-122.9602,8241,2
43.0539,-74.858,35420,2
41.6201,-71.269,87960,5
41.6556,-72.1622,13789,1
41.6544,-72.1624,13782,1
41.6574,-72.1609,14865,1
44.8155,-93.7855,26750,1
34.6704,-79.2003,28010,5
42.9387,-74.3776,103503,5
37.9651,-78.2316,135855,5
40.8128,-106.2893,21593,1
42.5386,-114.4114,23937,2
42.1976,-71.6694,10609,1.5
40.3877,-104.551,62551,1
47.0219,-96.4803,24698,1
40.7706,-73.2934,47695,1
41.8215,-72.5075,16504,1
44.2626,-94.288,27266,1
44.2538,-76.0085,101863,5
33.7049,-115.2821,3159861,200
36.1742,-119.9146,6131404,250
43.6185,-72.9518,78667,2
42.5931,-72.0234,68596,5
42.3209,-72.5304,26574,3.4
32.8757,-111.5485,545831,20
33.0812,-116.0861,1049288,50
35.0223,-117.566,1217825,48
36.4492,-114.7619,18802490,690
42.0588,-72.6916,64966,3.6
36.1599,-119.8918,2973176,150.6
41.7881,-70.7445,33807,2.2
41.5804,-74.2144,78939,5
47.206,-93.5205,51041,1
42.1201,-71.9346,45511,2
40.0802,-119.9683,1549409,100
37.763,-121.9589,8073,1.1
33.6729,-117.9125,28747,3.1
32.8362,-117.1299,31296,1.7
42.5182,-71.7128,154123,5
42.3584,-72.5442,20862,3.9
44.2273,-93.3957,54134,2
41.5965,-91.0352,37200,1.8
44.1147,-91.7914,89591,4.8
37.0563,-120.1673,41495,1.5
43.0126,-84.5279,424548,20
38.0284,-84.2535,138892,8.5
45.6818,-94.213,22627,1
44.2907,-92.7237,28388,1
42.1881,-76.8946,62819,4
43.5961,-90.323,24178,1
35.0791,-106.865,238517,10
42.0605,-88.5401,43729,2
44.6322,-69.5996,88048,5
44.5442,-94.2231,15950,1
45.3995,-94.7231,24706,1
34.9837,-78.5288,44851,2
42.3524,-76.9346,85316,3.7
22.1295,-159.307,156038,12
37.451,-77.9521,91000,5
41.8323,-70.6129,81335,4
42.0155,-72.7759,85262,3.3
39.4356,-76.2184,36501,2
45.6699,-94.7082,94441,3
42.4447,-76.2356,40882,2
31.4713,-97.1357,138428,5
44.4664,-73.0982,86080,4.7
43.631,-72.4167,96870,5
34.715,-118.2588,372911,17
44.1581,-117.4437,70061,3
42.0222,-89.3612,54091,2
44,-93.4988,19558,1
40.0885,-83.4794,4325035,180
39.8001,-77.8116,242792,15
44.5163,-72.6235,35415,2.2
32.1172,-110.8197,81941,4.5
45.5242,-94.2832,56336,3
39.5598,-87.9758,4636776,200
44.2841,-93.9542,20446,1
36.6007,-77.6513,1202904,59.6
35.8344,-77.1242,328048,20
41.8021,-71.1477,100331,3.1
44.2996,-92.7412,19467,1
36.348,-77.2218,95726,5.2
34.9323,-80.6331,988697,60
35.1408,-88.5515,367504,16
44.2532,-94.2118,51196,1
33.9693,-117.3324,35699,4
35.4187,-119.1491,11247,1.4
35.3672,-119.1311,10997,1.5
36.7234,-119.7743,10179,2
42.9966,-89.4571,434317,20
42.0035,-93.6172,26781,2
40.9258,-89.6319,52614,2
45.6608,-93.9374,32455,1
44.1502,-70.4786,127038,9.2
32.2346,-96.7071,2837114,134.7
38.3154,-113.0538,91533,2.9
42.193,-72.1114,49841,3.4
34.6805,-79.1851,64318,4.1
40.8237,-96.8173,92996,4
42.4159,-78.2347,75918,5
41.3029,-82.2285,40930,2
41.7357,-71.4593,35251,3.1
43.1551,-103.3397,1613699,80
34.6032,-117.9366,125497,5
42.2258,-71.663,40574,2.7
36.6133,-120.3835,607642,19
42.5544,-71.6228,62578,2
45.6275,-94.5926,24859,1
34.6305,-79.0919,53505,2
43.0199,-78.1555,39564,2
33.2494,-117.0218,57927,2.3
33.2694,-117.0577,87943,3
38.6018,-104.6939,266215,10
40.9421,-72.8903,185510,9.5
36.2444,-119.828,639527,20
33.045,-84.7153,17158,1
32.5814,-82.926,99026,4.1
32.091,-84.6783,11490,1
31.0698,-84.9434,47084,1.6
42.3511,-72.5559,35865,1.9
42.4191,-72.1814,43677,1.9
45.4939,-92.8444,30112,1
44.7199,-93.7856,27269,1
47.0002,-96.4986,24640,1
36.222,-76.4556,224749,16.2
34.4107,-103.2527,54651,2
42.0603,-75.8223,69545,4
34.5114,-117.9167,167691,9.5
40.6662,-103.1317,31919,1.5
35.633,-105.1765,221698,10
35.6357,-105.1755,219939,10
42.6106,-71.7643,122171,5
45.7177,-95.2644,15272,1
44.4555,-93.1233,25044,1
44.047,-92.7606,15313,1
43.0747,-73.9032,161369,5
40.2912,-104.8053,43181,1.8
45.1843,-123.1038,42891,2.3
37.4637,-77.9839,105917,5
35.0233,-118.1724,399686,45
44.4757,-93.1977,70844,4.5
45.3016,-92.801,64904,2.7
44.0027,-96.2692,102434,4.5
38.1607,-122.2139,57332,3
40.5802,-104.8953,116167,2
44.2954,-92.7348,23161,1.1
44.0507,-92.9614,19230,1
44.2023,-93.5833,25510,1
44.2169,-93.5826,24182,1
34.8409,-78.8783,1298887,71
43.15,-77.8615,36793,2
34.986,-106.7304,257335,10
35.642,-77.3152,96202,5
41.0927,-73.9825,36124,2
32.9372,-117.2343,8412,1.1
40.7825,-74.0727,14688,1
37.4317,-122.1821,28195,3.4
39.1894,-76.743,13201,1
40.769,-74.502,67654,2.4
34.4197,-119.8572,51962,1.8
42.6035,-71.7961,62917,4
43.0227,-75.9583,78186,5
39.8564,-91.3892,22034,1.5
43.824,-93.4426,23365,1
26.4848,-81.4289,1256322,74.5
39.3489,-89.7948,47088,2.7
37.5881,-84.5795,1183103,57.6
44.5453,-72.6126,34881,2.1
43.1598,-89.3276,191747,9
35.2579,-91.3512,2102636,122
40.1502,-120.1235,65811,2.4
45.6411,-94.6012,277393,10
30.7776,-90.2155,1316264,50
45.621,-94.1845,93807,5
36.5295,-78.1114,1267067,65
45.3653,-91.0472,24027,1
42.792,-70.8856,29295,2
45.4585,-93.2724,123941,6.6
45.5909,-94.1391,22326,1
44.8027,-92.9964,24793,1
44.2593,-94.2877,124481,5
45.2506,-92.8715,152726,5
45.618,-94.4852,18857,1
45.1752,-93.6828,17514,1
45.1751,-93.6794,20517,1
45.1769,-93.6792,20557,1
43.8653,-91.3292,17554,1
44.7183,-94.491,15030,1
35.7406,-80.7126,80544,5
35.8146,-78.3121,88888,5
34.5352,-78.8082,85291,4.5
35.7825,-77.9896,143296,10
34.8961,-98.2271,112305,5
40.817,-77.8433,24199,1.5
41.9169,-71.4858,106067,3
33.0228,-81.2936,214555,8.2
43.4931,-90.9072,31286,1.1
44.8883,-91.3522,23505,1
38.7044,-121.479,211374,13.7
39.8597,-105.1513,30455,1.2
37.5448,-101.8024,521799,20
42.2365,-121.5774,213189,8
38.0971,-122.1409,118969,5
32.4668,-81.8044,45687,3
34.0551,-82.7173,901932,40
37.727,-88.8479,49021,1.7
40.0707,-88.2431,203919,10
44.2983,-92.7406,19457,1
44.2943,-92.734,26471,1
43.778,-91.951,59595,3
45.4164,-93.393,161677,7.3
44.4733,-94.925,24459,1
44.1638,-93.9074,18994,1
35.6092,-88.9165,73156,1
44.1273,-72.6513,24222,1.2
44.5083,-72.3403,35402,2.1
40.1227,-105.1298,18000,1
45.1021,-123.4197,90820,4
42.0091,-72.6506,36401,2
30.4966,-81.6005,87990,5
31.8202,-82.6023,1391249,52.5
30.9911,-84.0653,39637,1.4
39.513,-89.0374,26138,1.5
40.95,-87.1481,76957,4
42.1327,-72.5544,48966,4
42.671,-72.4773,40029,2
45.2886,-92.8823,22581,1
44.9367,-93.833,118429,5
44.6544,-93.1112,101094,5
44.1981,-93.5683,112347,5
45.2349,-93.4837,57782,3.4
44.5583,-93.3765,37253,1.8
44.5317,-93.3483,27267,1
44.2965,-93.0632,62648,3
45.327,-92.9347,99119,5
45.388,-92.6799,106700,5
45.5186,-94.1239,58051,3
44.5929,-93.8466,22323,1
44.7686,-94.9071,24440,1
45.627,-94.0412,31306,1
44.9031,-94.136,10946,1
39.0022,-93.7275,47422,2.5
35.9957,-77.9362,88863,4.9
35.3446,-79.765,354507,20
39.9873,-74.8017,15930,1
41.1,-74.732,47311,2.9
40.0529,-74.556,67150,4.5
35.8505,-114.9737,2103596,100
42.8161,-77.0401,69781,4
43.259,-76.7244,36774,2
42.4543,-76.5944,52236,1.8
40.0786,-82.5136,40118,1.9
40.1382,-77.608,362729,13.5
29.6805,-99.7641,36634,1.5
37.9402,-75.5869,2095058,80
36.809,-78.4881,791294,49.9
44.3685,-73.061,25960,1.3
43.9722,-90.0711,40912,1.5
39.6868,-104.0136,1446089,50
35.2419,-107.9519,62932,2.4
42.4008,-122.8303,145980,9.9
45.0329,-123.0964,38384,2.2
45.0528,-123.6095,36039,2.2
44.9851,-122.9399,43057,2.2
38.2429,-104.426,43409,2
38.937,-76.968,20301,1.5
30.6904,-83.1658,63432,2.3
33.2647,-82.1739,1342329,70
42.4206,-88.8482,48486,2
42.218,-88.4991,56118,2
41.0933,-87.8718,54245,2
41.5301,-87.3082,21647,1
41.4339,-85.0429,26079,1
41.503,-87.1613,22806,1
37.9859,-96.8608,23211,1
42.1169,-72.2225,26200,1.9
38.3722,-75.5324,22512,1
45.649,-94.5595,30840,1
44.0904,-93.5559,19582,1
44.0427,-92.6891,16628,1
45.7219,-95.2651,26222,1
46.6191,-92.3934,30001,1
44.0523,-92.5509,268352,10
33.7555,-90.5279,2541275,100
34.8212,-77.9723,36270,2
34.2768,-78.061,66644,5
40.0695,-74.5849,38352,5.2
42.9898,-74.3103,140180,7.7
42.1137,-76.1778,67204,5
40.9502,-76.892,23709,1.4
37.667,-77.1998,506939,25
44.2743,-87.5554,1654777,100
45.6084,-89.4423,168762,7.5
36.3935,-120.24,1633012,60
32.193,-110.8838,121456,3
38.2009,-104.5982,5254422,240
21.3669,-157.9854,161780,10.2
45.2325,-112.7465,1719421,80
41.64,-112.4567,1941616,80
31.4808,-96.8316,14118207,238.8
45.5125,-95.1143,25172,1
35.4157,-78.4091,37853,2
33.9685,-81.7834,156771,6.8
44.8139,-91.8844,26584,1
44.959,-92.52,54199,2.2
45.6523,-94.7541,30797,1
33.7711,-113.6545,740256,32.5
38.3255,-121.9827,23533,1.1
44.5471,-92.5103,100961,4.9
44.2792,-92.4033,83010,3.6
35.4695,-79.1354,82762,5
35.3802,-77.4043,737577,52.1
35.428,-79.1296,82421,5
36.1948,-80.8028,85206,3
35.065,-77.185,86782,5
34.1722,-78.8309,93464,5
42.8627,-77.0329,41352,2
35.4941,-98.38,68204,3
35.5771,-89.0498,441853,16
35.3523,-89.8554,1235444,53
36.8915,-76.6141,414080,19.7
44.5966,-69.3553,65073,5
44.4734,-93.2022,26969,1
35.8157,-77.291,34875,2
42.7188,-84.4882,93612,10.5
34.3531,-78.7882,29457,1
33.7642,-118.2857,24993,2.2
38.6334,-90.2448,18870,1
42.3915,-72.5342,22434,4
45.8394,-95.1482,19643,1
45.2522,-92.7678,67293,2.7
38.6494,-121.0733,22920,1.5
42.4017,-88.5051,42403,2
45.5262,-94.2959,120097,5
46.2789,-96.0361,253546,49.9
42.559,-71.6261,91124,2
45.5258,-91.7567,85873,3.8
44.2667,-92.6672,28026,1
33.3322,-80.6323,1725580,75
38.1926,-104.5991,3030210,120
41.3769,-72.8371,21082,1.6
25.5423,-80.555,1104234,74.5
31.3949,-82.6145,1855801,80
43.2718,-92.7929,37222,1.5
39.0105,-88.8446,29037,1.8
39.2935,-76.9571,43595,1.2
45.0863,-94.2118,24447,1
45.4065,-94.6977,26934,1
42.4993,-76.4615,31322,1.8
42.3087,-77.0403,76131,5
42.8731,-73.6221,167825,5
36.3458,-82.5953,177331,9
44.113,-72.6059,43745,2
61.5874,-149.7894,172005,6
40.76,-86.388,236851,16
36.9427,-120.1589,38593,1
35.3302,-78.6111,48485,2
42.8762,-72.5666,46510,2
41.1463,-88.754,503367,20
45.46,-94.3884,25009,0.9
35.3722,-120.0558,12480866,585.9
33.1092,-116.003,813391,30
37.2477,-121.1118,668157,40
42.7066,-84.6987,332153,15.9
45.4995,-94.1125,147966,5
42.1161,-76.1855,97501,5
37.3716,-104.4743,862554,30
42.7706,-73.6239,81731,5
43.0543,-83.9489,2206195,110
44.527,-93.3664,30524,1
43.8126,-93.3912,24484,1
41.7544,-74.9574,17973,2
44.3841,-69.8087,70091,2.5
29.665,-82.0619,1219633,74.5
42.6785,-91.5451,34688,1.3
42.0095,-72.783,84936,4
44.2743,-93.3105,145797,5.5
45.3937,-94.7251,275281,10
45.4862,-92.8902,3112889,100
45.6357,-94.0537,27364,1
45.1957,-93.8122,219735,7.5
45.1411,-94.7694,113224,4
44.2051,-92.664,117887,4
44.8393,-93.8824,28621,1
45.2333,-92.8949,28784,1
44.9625,-95.7452,29796,1
44.9361,-95.252,24583,1
36.3535,-78.3808,83069,5
35.6285,-79.8726,19523,1.3
35.5329,-78.6388,19831,1.6
36.4125,-78.1756,84619,4.9
36.0141,-77.681,987257,100
33.6115,-105.7489,73526,3
40.7965,-76.8828,52945,3
40.4319,-76.5554,62867,3
37.33,-78.7683,283041,15.7
44.9615,-73.2742,20893,1
44.2656,-87.5386,3000993,150
32.0667,-109.9213,418579,20.5
36.8104,-105.5896,42775,1.6
42.2112,-120.3715,272534,10
30.4576,-103.4825,1184488,50
32.3791,-83.7626,1741190,68
42.3706,-89.7959,47410,2
41.7202,-89.8018,53937,2
41.3884,-87.5905,43599,2
42.2856,-89.0994,30542,2
44.725,-94.4939,20792,1
42.8489,-76.6843,97266,5
41.9531,-71.5202,30288,9.6
35.6033,-119.6973,741030,29
41.4195,-71.8328,359916,15
41.6441,-72.7395,57717,1
31.4079,-84.8269,2307145,102.5
31.0419,-83.3864,52522,1
43.2749,-93.6287,46106,3
42.1326,-71.2716,28944,2
42.5966,-72.0346,86669,5
44.0925,-93.5314,284130,10
44.1546,-93.9166,144697,5.5
44.0265,-92.8812,176951,6.5
45.4524,-92.9019,177544,6.5
45.4731,-92.8926,26514,1
44.9454,-94.0724,26215,1
44.7592,-92.8249,126760,4.5
45.4025,-92.694,100922,3.5
45.4926,-92.9051,31039,1
45.3946,-92.7812,27508,1
44.8464,-93.8477,28999,1
45.5002,-95.1375,30310,1
45.1417,-94.743,28734,1
44.4282,-94.9301,24820,1
44.4498,-94.9236,25627,1
46.9888,-96.4982,23776,1
44.5929,-93.8451,23513,1
44.4223,-94.9232,25306,1.4
44.4115,-95.008,22204,1
45.6207,-94.0905,11810,1.8
44.2963,-92.6979,40228,1
44.2361,-92.6692,16779,1
44.2691,-94.2091,25707,1
45.6256,-94.5954,27979,1
35.7512,-79.7821,77020,5
35.9075,-78.1903,82615,4.9
43.3138,-75.6954,36743,1.8
42.731,-76.6625,41504,2
33.3398,-81.2609,564908,20
33.7865,-81.269,201237,8.2
33.2777,-81.3481,97646,3.6
33.2464,-81.3839,129516,4.8
34.3024,-79.925,46520,2
34.0926,-80.1074,51899,2
33.5529,-97.1784,1221238,59.8
42.943,-90.3611,4241982,150
45.1646,-90.3727,46747,2
42.9759,-90.8302,30136,1
34.8291,-118.5686,892210,45
32.6867,-115.6675,2713736,100
36.212,-119.9102,455201,19.9
39.9599,-105.8469,21977,1
36.4255,-114.9232,2262844,100
31.6023,-81.9341,69389,2.6
30.8593,-81.991,54101,2.1
31.7128,-82.7134,2674138,107
39.1676,-89.0496,2327733,99
40.0658,-85.115,2264858,100
42.3566,-72.5432,31257,2
43.3798,-70.71,324421,49.4
41.7659,-85.4248,306366,15
42.514,-84.5882,490175,20
46.0911,-94.3402,204207,10.8
45.6569,-95.5287,15407,1
45.55,-93.5984,63099,3.3
45.6823,-93.9269,23215,1
44.5376,-94.8985,23619,1
44.535,-94.9049,22739,1
42.8477,-76.6792,90703,5
40.8959,-82.673,40334,1.9
41.0497,-78.6474,406127,20
33.7323,-79.0913,1094976,55
37.1842,-78.8158,83289,5
44.435,-71.9704,47074,2.2
44.5233,-72.37,28268,1.7
44.1997,-91.8093,77080,3
34.7094,-118.3048,606208,20
40.5788,-104.8967,23770,1.1
42.2009,-114.631,3143306,120
45.5363,-120.1754,4340147,162
45.4733,-94.4063,66452,3
44.7649,-93.857,110228,5
37.9665,-86.7354,58548,3.2
44.7965,-93.4368,21979,1.3
44.2443,-91.4594,101945,5
34.95,-86.8674,390405,15.9
44.7933,-93.9011,216546,8.5
44.8649,-93.8606,61530,3
44.9008,-94.0297,113545,4.5
45.6404,-95.3438,113342,4.5
45.4131,-92.6828,66123,3.6
36.4435,-77.1613,130582,5
41.3191,-74.5149,44492,2.8
44.3887,-100.3071,26012,1
36.6265,-76.191,565396,32
37.4729,-76.8442,290256,20
37.5037,-78.3734,294525,19.8
36.9434,-77.4155,424164,20
37.1732,-77.3372,288328,19.7
33.2684,-111.6134,482002,19
31.705,-82.7387,1881668,86
43.6671,-93.2976,34737,1.5
44.7222,-93.0222,122314,4.5
44.0509,-92.9898,85533,3.6
43.9087,-93.9257,74207,2.7
44.9468,-95.6936,87366,3.6
45.4028,-94.7154,117445,4.5
45.5881,-94.4019,91634,2.7
42.0949,-76.6767,43861,2
36.2487,-82.5221,106271,4.4
31.0149,-102.2639,1193841,50
37.2789,-79.1133,284420,15
43.5848,-72.9526,53156,2.3
43.882,-90.1357,55574,2.5
42.971,-90.6621,72407,3
38.344,-121.1178,201447,10.9
36.6206,-119.668,30334,2.5
32.6604,-115.6299,4075716,153.5
32.9787,-103.3713,142418,5
42.0088,-73.3379,21023,2.5
32.0691,-96.5726,3123020,127
35.3233,-118.8204,292174,15
35.3218,-118.8122,536022,16.7
35.3279,-118.8154,689462,26.7
36.1923,-119.9038,6116823,250
42.175,-89.0894,58868,2.6
39.7896,-85.4135,3134289,152.5
39.49,-74.5354,17011,1.3
40.773,-74.0774,19789,1.6
45.4446,-92.5553,34705,1
38.565,-121.3428,39328,2.7
38.4587,-122.7203,15188,1.2
42.29,-88.4066,46140,2
40.762,-73.1924,37818,4
33.6125,-95.5142,4778998,240
36.0589,-119.9455,684930,20
35.3196,-120.691,62128,4.5
39.4457,-76.3244,26039,1.8
43.9781,-95.8508,26290,1
45.3155,-93.7703,30283,1
44.5307,-93.3949,28704,1
40.7221,-99.04,122144,5.8
40.6976,-74.2123,11184,1
40.6681,-74.4073,16568,1.4
36.6087,-119.4585,28852,2.6
38.9772,-77.0315,7005,0.9
41.9622,-88.6616,48862,2
41.9176,-87.8574,22432,1.9
39.3827,-77.4058,27847,1.6
44.9648,-95.2294,26385,1
40.8271,-73.2312,17593,1.5
42.1574,-75.045,34069,2.3
34.1673,-119.1567,16734,1.5
37.8948,-121.2648,14418,1
32.3764,-110.9739,17088,4.4
33.766,-118.2854,38327,3
34.2401,-118.3727,32076,1.9
32.2701,-110.9736,11969,1
42.206,-89.0746,35578,1.8
44.5996,-93.1353,48366,3
36.7218,-120.4301,134148,5
44.3868,-90.8202,40501,1.5
43.1379,-75.3548,84260,5
38.3479,-121.1119,1739195,160
32.1395,-81.6962,50698,1.9
31.4698,-84.7538,1839745,80
40.0313,-88.0387,40317,2
38.7504,-88.5065,31240,2
41.7272,-86.4526,3282136,150
32.8659,-93.8482,1698032,72.5
41.671,-70.5332,60069,3.5
42.1785,-72.5154,21595,2
44.1692,-69.1263,35916,3.5
44.7945,-95.0996,26643,1
44.04,-92.6927,25926,1
35.8157,-81.3711,158658,11
33.4097,-95.3254,13709144,198.5
36.5484,-120.3457,239655,9
35.7271,-119.9056,260252,20
34.4339,-118.5107,64706,3.5
38.1552,-122.5663,37218,3
37.3623,-120.4146,32943,1
32.1458,-110.8796,274954,9
40.2301,-104.7993,99859,4
44.9745,-122.7751,37129,3
32.8397,-111.5771,3295586,100
32.0031,-102.627,439329,16.8
30.6533,-91.424,5163518,300
45.079,-123.403,42852,3
42.0827,-72.6138,27190,1.5
36.2403,-119.9152,2965683,100
40.4736,-86.1465,102700,5.4
45.3347,-93.7918,61579,5
40.1217,-88.1783,34931,1.9
44.7913,-92.8697,86914,4.9
45.4301,-94.4269,122364,5
44.8743,-93.8147,21761,1
35.3071,-81.8448,56524,3.6
40.1681,-74.0324,22561,2.3
43.0415,-75.7013,37000,1.8
34.9494,-81.9891,29795,2
40.8154,-74.0211,14735,1
40.7948,-74.0336,24804,1.5
42.4499,-71.6437,99233,4.9
42.0375,-72.5296,74854,5
38.5918,-90.1832,20181,1.8
41.6608,-70.3959,59534,4
42.6895,-72.0856,33032,2
42.2935,-72.7127,46985,2.4
42.5405,-78.1607,95743,5
34.7435,-117.9729,74404,3
40.1215,-88.1807,33997,1.9
40.883,-74.7133,209113,19.8
42.8805,-74.0906,477446,20
35.1822,-78.0885,84455,6.7
36.2127,-119.8938,4353573,150
39.9887,-74.2409,303978,21.3
34.9853,-90.8003,22610,1
42.442,-71.7225,48613,2
41.8338,-71.3697,25095,2
35.0976,-85.1285,153038,7.6
42.459,-72.6124,32610,2.3
36.222,-119.9104,612370,19.4
43.1357,-77.3784,96193,5
45.0558,-93.9231,95908,3.5
46.9759,-96.4995,24428,1
42.3851,-76.6011,124340,6
42.2647,-71.6955,48680,2.5
44.3204,-93.9041,125098,4.5
42.8182,-78.855,38852,2
39.6516,-121.65,21320,3.6
41.9611,-70.7712,17355,4
41.7916,-72.6514,20032,1
31.8673,-84.3591,1973625,74
45.4284,-94.8231,25937,1
40.5713,-74.6567,23272,2
38.7203,-88.1301,45361,2
45.8761,-108.6552,1645649,80